mu_1,P_1,t01,ecos1,esin1,mu_2,P_2,t02,ecos2,esin2,mu_3,P_3,t03,ecos3,esin3,mu_4,P_4,t04,ecos4,esin4,lprob
2.083282237875517e-6,224.699602626098,3503.7924391330594,0.01282251770617045,-0.005748126868318126,3.103860714616228e-6,365.2653325741988,3623.586514000659,0.023901449353057484,-0.002810059187234506,1.78968065734493e-8,547.8749999999998,268.98456619311366,0.007686726953388951,0.008252838329445783,-0.002577389573537299,83921.3494232482,106367.20550267262,82.88277820227333,-38.96919889621771,-241.02136152517826
2.1884902753320694e-6,224.70076855093802,3503.765641516916,0.013442609292223028,-0.012939617814218868,3.0803514534721444e-6,365.2537908369834,3624.4379727022,0.02424523835681626,-0.007191938837789719,2.7189593895463234e-8,549.1984929951317,475.8633817468179,0.02564517768603269,0.10901991980410455,0.0007933108145095596,4260.836676571245,573.6782402260988,0.017202956169965512,-0.04275253649959712,-176.28978850841082
2.1812181473397198e-6,224.70076856006702,3503.7656412662454,0.013482738432761042,-0.012587769003650844,3.08255896230087e-6,365.25577801933275,3624.4114326158087,0.024286471528413716,-0.006919412357609164,2.2176445469352688e-8,550.5251831314147,400.64865220071545,-0.04983720788767736,0.014493263101045267,0.0007965098913484016,4262.668704696996,568.5437515981387,0.01777613909940897,-0.042601062899811616,-176.23386605520284
2.172824011184287e-6,224.70076854889578,3503.765641606703,0.013547917301116933,-0.01235033343986764,3.0838505637481827e-6,365.25614736264953,3624.40648745663,0.02435418737568479,-0.006737608976640598,2.8419563737120832e-8,551.8550781321317,358.2435644892123,-0.01742782205657761,-0.018241829105253286,0.0007995819301200097,4264.996889331491,562.7269471161584,0.018289991515355063,-0.042449329219371806,-176.12747017092383
2.1632333513666245e-6,224.7007685374566,3503.765642004651,0.013580212670094759,-0.012008529680091421,3.084746492811298e-6,365.25627925139605,3624.404716311322,0.02439746708616205,-0.006464885715285063,3.506139408347568e-8,553.1881857392243,322.37638549027673,0.004026535029525041,-0.026191309455930376,0.0008030457415300398,4267.4355641294205,556.0076845982408,0.018845790260997395,-0.04229170347722375,-175.97977979692365
2.1562089681432724e-6,224.70076852550642,3503.765642442596,0.013666563201454193,-0.01146148998077006,3.0861601895937363e-6,365.2563417998261,3624.403874082395,0.024491111229028438,-0.00602202298320946,4.611512169414327e-8,554.5245137133344,283.32514539098753,0.0229744495810017,-0.025372488984097455,0.0008056382865172284,4270.420119837611,546.7397909583063,0.019300661587368293,-0.042226635380993534,-175.7456889172679
2.1546406042070746e-6,224.70076849991932,3503.7656432283184,0.013913718132195581,-0.010954636644908844,3.089242096800407e-6,365.2563766254784,3624.403403689105,0.024737856145162773,-0.00561654752322129,6.78839625451317e-8,555.8640698338519,249.2443051408172,0.03198104230015347,-0.017588618463528632,0.0008053026265369089,4274.368865609374,535.5777576358547,0.019234467139771862,-0.04217837827863563,-175.34659199091223
2.1499300260091406e-6,224.70076846849068,3503.7656442355733,0.014037707348634245,-0.010683085832943431,3.0920488449896766e-6,365.25639844663453,3624.403105808264,0.024908974877601447,-0.00539772845266724,9.226884776369337e-8,557.2068618989591,224.770128253736,0.0333369212113022,-0.013820460599627498,0.0008060488994751897,4278.405172874999,526.0937569070456,0.019020642521631048,-0.041781610051798194,-174.77154423444782
2.140298276550221e-6,224.70076843799373,3503.7656453005766,0.013851930370478039,-0.010584987688878437,3.093107427201087e-6,365.25641351262163,3624.402895903831,0.02484602190428164,-0.005306255968252369,1.1436779248533824e-7,558.5528977256763,202.84957692863156,0.03385359183164417,-0.012570800879552155,0.0008107190020241875,4282.122182257584,518.9861041045325,0.018957354082250775,-0.04091520782763562,-174.05223943440808
2.126506469291184e-6,224.700768414754,3503.7656462272494,0.013234717278305852,-0.0105860306007602,3.0913307830233967e-6,365.2564247765889,3624.4027338969768,0.024442096588961817,-0.005275444608443465,1.3283933856203497e-7,559.9021851499067,180.9663601744898,0.03435008284322784,-0.012441026814138797,0.0008212659611396782,4285.329806969424,514.4398681755835,0.01917309706329742,-0.039532055533347314,-173.20628562071624
2.108753981822874e-6,224.70076840865786,3503.765646697961,0.012008059623926627,-0.010544700969269903,3.0852685355841146e-6,365.25643371757417,3624.40259961651,0.023544293248632168,-0.005183958218025355,1.4759463626147592e-7,561.2547320264844,158.34349403504524,0.034760581650074285,-0.012986079655845658,0.0008415317465294141,4288.06916887052,511.77743881851706,0.019944071520840576,-0.03764973439588858,-172.21051936707576
2.0864999628399665e-6,224.70076843116533,3503.7656462787,0.009951265033819651,-0.010326286628697811,3.073212039042348e-6,365.25644111453886,3624.402483250865,0.02196365481921237,-0.004912943362873264,1.5974220622609555e-7,562.6105462292161,134.54285068283485,0.03502693702850743,-0.014055660267736397,0.0008774357793624095,4290.467614303628,509.880902572573,0.02157580446585305,-0.035433039478066024,-170.9860386419159
2.0588877677532974e-6,224.70076849626682,3503.765644370757,0.006912014567347509,-0.009903566481395574,3.0538928017218603e-6,365.2564473931798,3624.4023816364356,0.01956430632261974,-0.004423936444440706,1.7190902057739666e-7,563.9696356509304,673.1129424294535,0.03542227936643064,-0.015523952371335567,0.0009348992556658564,4292.158104329486,508.60890159890494,0.024046175619478666,-0.03321799784921761,-169.41034157666363
2.1668475134234123e-6,224.7007688519147,3503.7656337267213,0.0010974322048925014,-0.009059592819355313,3.010269344830068e-6,365.25645465230053,3624.4022543447422,0.015064655464681938,-0.003484073585499164,2.062111900475121e-7,565.3320082035219,358.0181830198573,0.01324214687102807,0.0062169593484850145,0.0010308909882962506,4276.905583868001,525.3315445259622,0.02970926046888327,-0.0335630965927205,-167.35422955590755
2.1520180627525384e-6,224.70076908357436,3503.765626137675,-0.003572757858630994,-0.008819002904725056,2.9773012639343196e-6,365.2564593865849,3624.4021822171035,0.011287626003334295,-0.0029518230757231796,2.267701141987321e-7,566.6976718179982,335.40307389481075,0.0072070073099182105,0.009224255402723546,0.0011494100505463495,4270.176544427006,540.1466815549841,0.03255505601523939,-0.03178522011626064,-164.38358774856715
2.1380667903902365e-6,224.70076946052552,3503.7656146706236,-0.008530457724181924,-0.00856463172563819,2.94154949308635e-6,365.25646240349835,3624.402142143854,0.007254526970715589,-0.0023257997127599447,2.482369788368563e-7,568.066634444525,313.17474383124744,-0.0008491891384987863,0.012596859234908525,0.0013056036175380758,4254.912417171691,571.0409165446962,0.03531457273354914,-0.029722396621153294,-161.3691725209282
2.1349212872085504e-6,224.7007700246649,3503.765599330986,-0.012977894457077857,-0.008402636166503047,2.9089641345646137e-6,365.25646257820677,3624.402146953605,0.003602396030387032,-0.0017979188072558983,2.800755054320171e-7,569.4389040524748,290.5583926202766,-0.009219737439968019,0.014857552028490052,0.0014860859175105838,4226.816646784366,627.3334533525544,0.037971633984023735,-0.027559472617067305,-159.53334822146005
2.1518863132311404e-6,224.70077069678075,3503.7655835818978,-0.01612895693825028,-0.008446747716184963,2.887540124464359e-6,365.2564593033651,3624.402201157106,0.0009473860233480674,-0.0017383707116392637,3.355573074295634e-7,570.8144886304698,267.63660337661804,-0.013988898525037832,0.014820005627097434,0.0016551516420827818,4186.308099051251,712.1706857333506,0.040830702566729,-0.025608554154749833,-160.76435205128973
1.6869110720531084e-6,224.70077070909116,3503.765591674278,-0.015464841140070087,-0.008919108478163193,2.9034661621844813e-6,365.25645146006974,3624.402317661338,0.0006204523991942329,-0.0026349131648552957,4.864019747321665e-7,572.193396186431,-44.123106518194824,0.04059070190838985,-0.015103999024170655,0.0017740117189854036,4144.685812106743,845.7445518856798,0.04690113547871042,-0.018733429985862547,-166.52771475841493
1.735123873360204e-6,224.70076995596344,3503.7656151706947,-0.009487489445087118,-0.008571849813534227,2.9417665350349983e-6,365.2564440593724,3624.402419891363,0.005402946100097254,-0.0032451185310214403,4.7462423591642957e-7,573.5756347476237,-66.96608578663971,0.033706213377406403,-0.008386015814345938,0.0014826575887102195,4152.806685367921,825.2003418671669,0.052805990205106706,-0.02087980212262858,-173.88854191926845
1.949625993401895e-6,224.700768660171,3503.7656505143673,0.008138100934657605,-0.008347135202261149,3.0404139071781466e-6,365.25644490721294,3624.4024222143457,0.019511882336437674,-0.0033075699211840594,3.0539868641134664e-7,574.9612123607048,493.003945623807,0.016128331005536362,0.006790101115992986,0.0009358224070804196,4225.320307853463,654.0003131793168,0.05509673402474188,-0.031189929046026403,-173.8784496876273
2.3043758064324684e-6,224.70076875055835,3503.765647626198,0.0047677076216872194,-0.009656284089604526,3.0089282027798524e-6,365.256448246163,3624.402377836671,0.01705165107182288,-0.004242033871370821,2.928854495450761e-7,576.3501370917687,184.78694132024606,0.054063673163998696,-0.019154637650304698,0.0009242326884113121,4216.704708645027,650.325810235488,0.05460137441809713,-0.03497539298454251,-172.04238533550713
2.2993488478726057e-6,224.70076883483506,3503.765645534147,0.0023156610283614266,-0.008849822350252319,2.9886939465433434e-6,365.2564469797482,3624.402408953801,0.014957341756204076,-0.0033487231270935025,2.887167327570926e-7,577.7424170263967,167.50720862707084,0.049961601537738966,-0.022268525280419598,0.0009935042442122451,4221.5662831717245,644.5951457530164,0.05400910562028876,-0.031675207496723985,-171.37889372968098
2.2816478063723543e-6,224.7007689180852,3503.7656429223352,0.001337119444723823,-0.007999559014945385,2.980095788934637e-6,365.2564443150877,3624.4024595845926,0.014077124642930254,-0.002448965076968693,2.5514954947259315e-7,579.1380602697003,149.12285562037363,0.04679686760658067,-0.02796607929865432,0.0010252287110013416,4230.496387556195,628.1997916992295,0.05073713158771656,-0.029644603619901035,-171.90497859466797
1.9471136293099846e-6,224.70076910649004,3503.765636886289,0.0004871540069328476,-0.004119534861719674,2.98665391422354e-6,365.25644092339036,3624.4025116760436,0.01338209919768241,0.0010930229775362222,1.1415213378963104e-7,580.5370749463715,396.2267259062883,-0.037447920227463384,0.02076244483957952,0.001040546674927533,4241.54584130081,572.4888970503068,0.0481911830475898,-0.03126646358356305,-172.68430325346512
1.9934384798286335e-6,224.70076911341374,3503.765633660456,0.0014677597613171854,-0.005461550244121999,2.989695961233393e-6,365.2564400341351,3624.402525469133,0.014251214918486656,0.00031536988670703107,3.263615612613183e-8,581.9394692007286,400.6149935368745,-0.2299926151676179,0.12909667976375996,0.0009613695085102663,4239.57839318297,569.7540700767179,0.0384639802022323,-0.0355450623161066,-172.90690172745806
2.0082296362899475e-6,224.70076906657178,3503.7656327441046,0.0015931228972869025,-0.006240933902496869,2.989313100093468e-6,365.25643803881684,3624.4025500988696,0.014399115133973786,-0.0001815755139402533,4.4832655341047234e-9,583.3452511967635,694.1113310290277,-1.648614750635893,1.7674003058939154,0.0009454801447571627,4243.841066517364,556.2009755192497,0.033656966261982134,-0.037713560581701534,-173.8751511695239
2.0112460320274066e-6,224.7007695236684,3503.7656143153695,0.0025410110638426665,-0.0014979822614284925,3.0141433078895787e-6,365.25643907457544,3624.402515754436,0.016235024059446893,0.003740346475303776,2.014709856437614e-7,584.7544291181914,216.66557292678291,0.06450905459968405,0.004562872725898362,0.0008407357776523542,4222.19118118916,527.3800256327889,0.023778258400565303,-0.05132694011857,-174.83151777809888
2.0110166856594416e-6,224.70076962231562,3503.7656100615336,0.003934071525968689,-0.0006085673954709818,3.030418461453746e-6,365.2564411876879,3624.4024761105925,0.017676894517948467,0.0043613400589023275,2.643657299475925e-7,586.1670111684954,193.7306547025034,0.05576121957624836,0.0046385036108574414,0.0007998459385622667,4209.372087026882,545.1129845332354,0.020319406472587266,-0.05475059937233549,-174.7803657762583
2.025058887020848e-6,224.70076960309908,3503.7656100054564,0.0064732570321866245,-0.0011122455183534541,3.0522735257461187e-6,365.2564431599294,3624.402441802999,0.019864878602572633,0.0036962154952265296,2.9229807860973996e-7,587.5830055709757,171.38182376788183,0.052063404210335486,0.003626857715319884,0.0007706781873335905,4201.273487052139,575.1620561309895,0.01766466519198649,-0.054627670925639055,-175.13235083492845
2.056051926835884e-6,224.7007696704379,3503.7656085618028,0.009178052853929657,-0.0033257498590843677,3.073951217322936e-6,365.25644574432323,3624.40240259501,0.021999809309294457,0.001484023386376609,2.9246416808941247e-7,589.0024205687977,146.52563446197908,0.045342358519401015,-0.0016790482893385135,0.0007395645714035318,4182.60918787858,640.6728696189708,0.013707353173445885,-0.05330192005056204,-175.86252603007102
2.097850309595246e-6,224.70077000484588,3503.7656011014524,0.008857886637572742,-0.006828541027249732,3.0705813272463464e-6,365.2564480484101,3624.4023774022526,0.021465057461238533,-0.0016897207952631503,2.6747705495699325e-7,590.4252644250396,112.98338784159932,0.03301938110613639,-0.018661911003112153,0.0007247100145998721,4146.653505430234,743.1800140384889,0.008348517838494047,-0.051763960596075596,-175.70289443742135
2.110636547085199e-6,224.70077029171287,3503.7655960876777,0.004907910682142408,-0.007968070191874945,3.0397500940263572e-6,365.25644786347203,3624.402392803676,0.01796268631069752,-0.0026063825874540047,2.3406175129965963e-7,591.8515454227401,667.5307369585192,0.03125847027458938,-0.04165137782429658,0.0007639707720469235,4131.467688347924,788.5868981098008,0.008783134579055543,-0.04730730419716481,-173.9652774013755
2.092654545616447e-6,224.70077042676294,3503.7655959439335,0.00039344251609527506,-0.007494282839036377,3.0094040269011676e-6,365.25644861958665,3624.4023895805117,0.014204764207335721,-0.0021537229036361016,1.9447803317568172e-7,593.2812718649485,636.0546229863717,0.028159105573418764,-0.06656962367565612,0.0008090591264871213,4133.6827136218035,784.8376531641703,0.012436007032575499,-0.042521276404097655,-171.67366559176074
2.0500800293615505e-6,224.7007704719326,3503.765598352288,-0.00438279431827891,-0.007871909569374079,2.979447937528793e-6,365.2564517168974,3624.4023494294365,0.010332394315402721,-0.0023625920446577885,1.6171114404034225e-7,594.7144520747705,605.3681220833436,0.013625062722940603,-0.10726016727267977,0.000824583584607294,4137.728031030429,765.1611046282304,0.014472373273911904,-0.04105999124724635,-168.53661482131562
2.0018970115520483e-6,224.70077025885865,3503.7656052041293,-0.008721995903393944,-0.009841625234546323,2.950648636582541e-6,365.25645350134306,3624.402322048521,0.0067515431225636715,-0.0038108889414367594,1.5774618453066002e-7,596.1510943954178,582.4329400961782,-0.014324667428733631,-0.137344661109738,0.0008139580803830571,4155.861350026996,719.3236218507948,0.013764086970569718,-0.043498855119791055,-165.03930468061222
1.9818393891426745e-6,224.70076979099503,3503.765616631834,-0.010966560121156566,-0.012247374146490927,2.933360122683177e-6,365.2564495213135,3624.4023675818794,0.004792498207775042,-0.005739034169132551,1.8396211067973665e-7,597.591207190257,566.9111552319056,-0.03343716565977179,-0.13365762779666376,0.0007800550061134014,4195.0096024620525,636.2011958398834,0.010411437116331343,-0.047610993522524674,-163.39572241437466
2.024018388469377e-6,224.70076919379918,3503.7656303344347,-0.007089130330024832,-0.01364727153159116,2.9524243654826335e-6,365.256437985048,3624.4025299724995,0.007724158255233475,-0.007157034554725543,2.0246236701865578e-7,599.034798842858,-50.682326251823866,-0.02951556359692712,-0.1215657727402266,0.0007442305926697173,4239.465919838684,532.3313476811345,0.008907803495361495,-0.052679425781101914,-165.82114749176608
2.0869295970168996e-6,224.7007687601718,3503.765639972887,-0.0006384587840302093,-0.013241165298774475,2.9904063422412135e-6,365.2564229141523,3624.4027512479547,0.012807142230035167,-0.007178467514933675,1.7795264394118633e-7,600.4818777570417,519.9512277939051,0.0019987895680833737,-0.12628883117411152,0.0007473319760961524,4269.71092024106,487.5138089389892,0.01076112760774058,-0.05160953615648361,-170.27963635761236
2.175284737694654e-6,224.700768630549,3503.765640942357,0.005899933945763594,-0.014796009446630478,3.025264196046737e-6,365.2564076662265,3624.4029525145643,0.01782343072466027,-0.00861968791997769,8.233736623231924e-10,601.9324523569323,443.4810685918297,24.751690757427998,1.0152390170618406,0.0007503034286132614,4254.134414358251,486.649159607551,0.014677973390827532,-0.05741194621296778,-173.85974891547394
2.1249567604242088e-6,224.70076869494108,3503.765640531549,0.005427054850480346,-0.010978058258764174,3.034459920606821e-6,365.25640409059935,3624.402980891153,0.01785975718429411,-0.005639545598146787,1.1764470131879756e-7,603.3865310870021,466.14515936786415,0.0937049020856306,-0.09413656703325939,0.0008179191779196178,4277.427448128821,526.9110177197655,0.018029750606732915,-0.04195653405448495,-176.64387497102427
2.134790385206658e-6,224.70076893816292,3503.7656332757256,0.006862696465934786,-0.009733955049882293,3.04504380917116e-6,365.25641462925773,3624.4027620798656,0.019115416710947963,-0.00460644640369756,1.1017636679965262e-7,604.8441224121229,443.8614065193893,0.086094301789638,-0.03578613226062411,0.0008420192108868952,4251.654354573903,576.8580306078787,0.020582924231563843,-0.040610114124798494,-178.22688730488315
2.120955103378923e-6,224.70076942750492,3503.7656192347486,0.010451613143969446,-0.009477406360305437,3.068917081260336e-6,365.25641954594204,3624.4025020250206,0.022039207888784475,-0.004267965008719745,2.6849509746121084e-9,606.3052348176153,-259.9419296443719,0.3962706877451109,-3.026681896825833,0.0007979077658312837,4198.185234111174,704.3501430896547,0.013800592169600855,-0.03894684959026825,-178.73736379278995
2.157949710040471e-6,224.70076958196654,3503.765616064035,0.011523757107390445,-0.009940371152992377,3.072951352399763e-6,365.2565550802679,3624.3987092384104,0.022846901491734743,-0.004727071769136206,2.648647998347509e-7,607.7698768092977,239.41454115307468,0.11697056863323066,-0.0483077094655399,0.0007409379259579259,4188.200328504155,735.4557904259084,0.0035341024496011652,-0.03954744756626415,-178.51208661769985
2.2508046807368002e-6,224.70077012403436,3503.7656015575462,0.019930732213755565,-0.013904911972374086,3.123210107811745e-6,365.2570479910822,3624.3857503658624,0.029643355646638045,-0.007469249162462346,1.5836457174921044e-6,609.2380569135348,569.3681960437552,0.1039484156912554,0.02678523176726819,0.0008068498973256004,4181.36443646924,720.9464710158327,0.0165131489683593,-0.04172789812154047,-175.991834521799
2.198631555372182e-6,224.7007694587266,3503.7656176574815,0.012838103403765544,-0.011009732174304844,3.074406008442068e-6,365.2564988846821,3624.401159564532,0.023830048654355354,-0.005354414871867405,3.088875303056205e-7,610.7097836772908,530.1032931303114,0.03544427517843753,0.04462016764027289,0.0008119475632930953,4183.973821209194,690.4977634184742,0.017131043309761437,-0.04412701135235439,-178.53623297796864
2.1607917869772416e-6,224.70076895200023,3503.765632417671,0.008316515691494239,-0.008363139077839128,3.0548406542622434e-6,365.2563953992741,3624.4030260544655,0.02042467310645807,-0.003456465516136907,1.375993050449029e-9,612.1850656681745,-1553.2502698587261,-1.1146766160317838,-9.972330684941811,0.0008953302325156408,4254.794802933156,568.8781480648175,0.02781877727435558,-0.03819242546176649,-178.00694146568168
2.178647851211461e-6,224.70076883242763,3503.7656350043662,0.009623782419965997,-0.00791499618901063,3.0626398182337306e-6,365.25639437184157,3624.4031258620403,0.021521734458355934,-0.003043962749194867,4.750570155843238e-10,613.663911474492,-6942.732044794187,-7.2551356178383655,-37.42892224996439,0.0009056206439833145,4263.004769029426,548.9779362504308,0.03022290328140442,-0.038276438659630554,-176.6180006649659
2.187748227774213e-6,224.70076877026793,3503.7656358263725,0.010658534888494912,-0.00788208080925544,3.0679647350008227e-6,365.2564076530131,3624.402965978404,0.022377821780893748,-0.002903974830605318,1.1068806418825816e-8,615.146329705296,5.986106036928928,-0.27804686159092046,-1.740207146207417,0.0008869477248001028,4261.433976624377,548.133814531796,0.028793208198590815,-0.03929168026202561,-175.42632086974564
2.1771749813053802e-6,224.70076875520874,3503.765636275967,0.008966861430204625,-0.00844991331519023,3.0573848768984575e-6,365.25642048589884,3624.402790503291,0.021019588730269847,-0.003309787587157962,1.4799473211349326e-7,616.6323289904353,287.58365601446394,0.07717047015665814,-0.1303011301739011,0.0008296289528311602,4273.462510305929,527.2600432167255,0.020663403947736785,-0.04072312936367716,-174.19484286336555
2.0350926857136154e-6,224.70076829741805,3503.7656476385373,0.009944518324555715,-0.01661105370463454,3.0594631000123583e-6,365.2564310142231,3624.4026384795357,0.02185588412069491,-0.009548735728840385,1.2487620892114671e-7,618.1219179806077,32.69104278074283,0.19906878604278685,0.09884040278947948,0.0007972009908334627,4262.145452394427,574.2330798349087,0.013126149455907642,-0.03949583449658351,-172.20398663797954
2.0107144865090146e-6,224.70076836381483,3503.7656456735936,0.005441731545760011,-0.017600696467074427,3.02639999095666e-6,365.25644208812946,3624.402459617322,0.01829608880167692,-0.009984141246867204,2.4706194133928793e-7,619.6151053474064,620.048611604598,0.12814003887401934,0.056606553137114275,0.000747956452593326,4255.610520007223,559.1681181661662,0.0026274055818775845,-0.044608526185473105,-169.50174411933514
1.9588226299484906e-6,224.70076877063838,3503.7656352559384,-0.0036357971148466032,-0.018561658304894927,2.96379615658194e-6,365.256451453238,3624.402307451693,0.011009352988075777,-0.010176367128954308,3.978273969902123e-7,621.111899783373,594.1588174623456,0.0960667049241755,0.041647563036050925,0.0007038727965614055,4228.780869782339,566.6147753968942,-0.009897604710785097,-0.0541504752499532,-166.08574391150202
1.9012805251725153e-6,224.7007696225879,3503.7656153880116,-0.013275645070510735,-0.018413673205971245,2.9001700198659874e-6,365.2564575383056,3624.402223529997,0.003256595467171463,-0.009432376737520135,5.095917530663082e-7,622.6123100020476,572.4432227320237,0.08203607983104438,0.03606490399137237,0.0006867172561929785,4172.278350281709,613.5235529509988,-0.015229881578993427,-0.0662114860034577,-163.1622177482049
1.8793715596191637e-6,224.70077049150902,3503.7655953984618,-0.01745274886619392,-0.01557276536212456,2.873589858595161e-6,365.2564586047707,3624.4022216776057,2.697235178488255e-6,-0.006827699795408429,5.183739291714132e-7,624.1163447380195,552.652837175078,0.08165347749965873,0.04034421167890146,0.0006905277523934377,4114.983921099863,683.8708709143675,-0.01371469261106386,-0.07242191764624974,-162.74446980316353
1.8745564541086936e-6,224.70077123005828,3503.765577362316,-0.019552744641436113,-0.012032202577039347,2.862461385542609e-6,365.25645615384605,3624.4022716595878,-0.0016457719768122152,-0.0040401547764299045,5.071077874790737e-7,625.6240127469773,529.7266065679386,0.0777109209587296,0.04780717936103956,0.0006701041522204409,4069.8021140969563,754.139993063251,-0.016019912239968376,-0.0784077800516237,-164.68311538903458
1.883475499718782e-6,224.7007717089461,3503.7655640527382,-0.018972053901576365,-0.010652729907188484,2.8712164285226634e-6,365.25645258264785,3624.402335932997,-0.0011729856503501605,-0.00344756453796398,5.257624626046535e-7,627.1353228057625,501.2776415792804,0.06446488453038078,0.04782235913362801,0.0005910701952664514,4039.916811263912,821.5158093418945,-0.03182109872949346,-0.08834822389213594,-167.41342552192526
1.9761286924086196e-6,224.70077192918137,3503.765558335178,-0.010147726072321847,-0.014179526501684445,2.9293403138964133e-6,365.25645121759663,3624.402358724824,0.005725784473804851,-0.007131910722167412,5.411665976921504e-7,628.6502837124167,474.31916378512045,0.0544233575138913,0.03518743579985043,0.0004670234413717955,4027.3500921099503,903.6210476389548,-0.07300535289915358,-0.09183460691267441,-170.4451520683548
2.037667832720415e-6,224.70076986190386,3503.765619123841,-0.002481850079082126,-0.009762457605837284,2.9927594748674343e-6,365.25644645558003,3624.402433297643,0.011365879679557753,-0.004497206005153304,3.648078977312851e-7,630.1689042862357,146.53171148082828,0.056178672389592885,0.03048754816703014,0.0007918708657956664,4146.766834748467,762.6618970412085,0.022968642380091712,-0.04135171122611141,-172.82378806762463
2.0311444714806437e-6,224.70076911983082,3503.7656423361855,-0.003937321628252135,-0.008601034144563216,2.9827519562352234e-6,365.25644427986794,3624.402465084997,0.009831198262431472,-0.0033408573394304846,2.225551920826891e-7,631.6911933678196,764.6751124066767,0.12280974160827145,0.12589083432492723,0.0010147979167454766,4178.801475545183,746.4711753048625,0.04435599622826196,-0.026843327710760444,-171.39068381833047
1.9878316263017788e-6,224.70076894289394,3503.765646700121,-0.00548480361116543,-0.009109747838134528,2.9732795551773357e-6,365.256444842195,3624.402455092333,0.008588522613231607,-0.0036477258097746784,2.31775039779622e-7,633.2171598191247,111.04921931005605,0.09000952865285623,0.17104138111221426,0.0010598875276897847,4163.883164116902,786.711957010323,0.04627845373733344,-0.02483349472418927,-169.37391942911736
1.9682868206635905e-6,224.7007689435249,3503.7656442114626,-0.0059803592980809455,-0.01008106782110918,2.9722861307501415e-6,365.25644660936484,3624.4024209141157,0.008455475383263364,-0.0044698535867307865,2.740977815231051e-7,634.7468125235146,84.75102063204305,0.06361080072636602,0.15466814470524037,0.0010339112573333159,4141.547381814845,832.7338048092408,0.043693320248106175,-0.02600890231821934,-168.52451929403912
1.9818780607183844e-6,224.70076903828436,3503.7656388987007,-0.005185381555155714,-0.010602490123231624,2.9792743543734983e-6,365.25644846862957,3624.4023828822465,0.009388317052431896,-0.005058517689168842,3.1845054927922783e-7,636.2801603858138,695.8898236704657,0.035879911023929914,0.13830270757924265,0.0009882739087082408,4125.784547112115,861.6638771223649,0.03971995945001386,-0.027925732981198888,-169.27572588123263
2.0302276829625495e-6,224.70076923620684,3503.7656308789665,-0.0019549988535793807,-0.012111355265205693,2.9990031865084463e-6,365.25645032491,3624.402345121696,0.012096974926256707,-0.0065346419004672866,3.3501262030596345e-7,637.8172123323563,671.8978916882648,0.01355204621752363,0.12594753826568209,0.0008996968076278507,4123.872193736456,873.8441345655334,0.030514593182714843,-0.029953760994509665,-171.64259679522831
2.0729059359679686e-6,224.70076938396699,3503.7656199251837,0.001727427878141646,-0.015060876678194904,3.0203335913980357e-6,365.25644742361624,3624.402379352131,0.015284696118739362,-0.00889565272043538,4.670502694729813e-8,639.3579773110403,517.375576065083,-0.8656711780964703,-0.1082536821318245,0.0008671570988207669,4159.541047018766,828.0378322186531,0.025325577404764883,-0.027677821516189662,-174.452517048319
2.0527779825185015e-6,224.7007696453497,3503.765611080588,0.0002701588825153337,-0.011858555002317138,3.01043361726828e-6,365.2564447472924,3624.4024219932467,0.01426592779112382,-0.006144841701295578,8.795810303690041e-8,640.9024642913786,454.07628596370125,-0.4353760961477505,-0.2534213530564869,0.000897246653478602,4166.061430823709,780.8529652753039,0.0283565867214317,-0.03040637840460116,-173.75475077005194
2.0439400078380785e-6,224.7007699053306,3503.7656052002185,-0.0006090168615634594,-0.009002407106279626,3.0020278825842494e-6,365.2564418518742,3624.402465819452,0.013529453537155725,-0.0036379795477754365,1.0417239395032403e-7,642.4506822645513,416.0045602278742,-0.24524671811691798,-0.3014238033829982,0.0009214846480937783,4182.884563637058,715.6193149353749,0.030026998362376222,-0.03349485197244309,-174.1754259867591
2.032275090285192e-6,224.7007700732803,3503.7656032018426,-0.0005361477256728914,-0.007330535075983024,2.999081613423092e-6,365.2564393199898,3624.4025047451573,0.01341498969488618,-0.0021159077203591063,1.366151190250381e-7,644.0026402434605,405.224284818369,-0.10368782973365126,-0.23332646251956596,0.0009385518011793419,4206.544839727798,652.6958499173107,0.030733577428421692,-0.03518084501946621,-175.12569511078775
2.010164177344763e-6,224.70077002892813,3503.765606901555,5.866878503582897e-5,-0.0063092356175728425,2.9987702206686825e-6,365.2564373692634,3624.4025381709553,0.013636525290764515,-0.001101668474964266,1.9274454432380964e-7,645.5583472627782,403.2513041180602,-0.04059403522738917,-0.13858129935273142,0.0009608883253350521,4232.412681176082,592.4354095797369,0.03237232904714883,-0.03596619166589039,-175.9619424446754
1.992185687215898e-6,224.70076978314052,3503.765614868001,0.00030938979732769126,-0.005585026285728657,2.9955392266934707e-6,365.25643616960093,3624.402562535651,0.013654831024663668,-0.0002494562501107241,2.4936851292704036e-7,647.1178123790022,390.0938379745296,-0.009077881463068895,-0.0790949262257181,0.0009851938410267876,4250.262688170529,544.526202069587,0.034914201797349866,-0.03686959455335462,-176.21896918150938
1.991959878843262e-6,224.7007693877314,3503.765625433436,0.0001438992617363128,-0.0049745449321149365,2.9905818065238662e-6,365.25643634709184,3624.4025645891056,0.013503306561596458,0.0005180049794199988,2.9424908677739164e-7,648.6810446705078,370.5613297434696,-0.009598016282395504,-0.040460556299562266,0.000993498290632883,4251.478105304487,526.3802524517068,0.03689475270816239,-0.038278711024914314,-175.7085996030072
2.0063713955432586e-6,224.70076905644248,3503.765634695718,-5.088790187692866e-5,-0.004537080768074802,2.987298102297498e-6,365.25643753672676,3624.402550352717,0.013429932425577598,0.0010890148464299545,3.3029921672395726e-7,650.2480532376012,347.4609420975889,-0.022511270641254084,-0.024238063723402044,0.0009833064392953301,4243.948129450281,532.5913753900958,0.037408158339606666,-0.03924212602551732,-174.5720605770461
2.027668106125739e-6,224.70076892459207,3503.765639915045,0.00019732679787107238,-0.004446349708920399,2.9883071932003055e-6,365.2564389434849,3624.4025335276087,0.013731537772893168,0.001298387054838843,3.608104780011312e-7,651.8188472025709,322.7077109848698,-0.02993140564884663,-0.021971187550724403,0.0009617108792771952,4238.576435215633,546.6566000568843,0.03650859082364588,-0.039179683266228844,-173.24321676882434
2.0537521043635186e-6,224.70076896490733,3503.7656409293986,0.0011873261248495153,-0.004736689180884267,2.995111983020503e-6,365.25644034774785,3624.4025167099326,0.014631101664955246,0.0011058388619095158,3.863361430231988e-7,653.3934357097442,297.32377675099326,-0.031014246265892016,-0.024075042935348928,0.0009313016477352826,4236.938871419448,561.7947329648988,0.0345922485902612,-0.038573112372776,-172.07201799462288
2.0820131997949974e-6,224.70076914326745,3503.7656380076087,0.002896746318332493,-0.005321576263875777,3.007446288918204e-6,365.25644168963396,3624.4024998695922,0.01610989860052636,0.00057251996979489,4.089469096363972e-7,654.971827925536,271.7440879341183,-0.02921482190030587,-0.027594689042045907,0.0008961289930407365,4238.44980209621,573.6953519274812,0.03231030288046391,-0.03801550542239224,-171.2137689372463
2.1080773803144376e-6,224.70076942865055,3503.7656318304516,0.005222883761727768,-0.006164466429393518,3.024455514243531e-6,365.2564428842957,3624.4024840565585,0.018067329563909183,-0.0002657129484137201,4.296657449733651e-7,656.5540330385056,246.32929599619615,-0.025095538024073976,-0.03285805479230219,0.0008593538725201164,4243.0946976051055,579.1821321540721,0.030066797236202644,-0.0378701837653381,-170.74308723718667
2.129291917898856e-6,224.7007696800085,3503.765624837318,0.008057949010841418,-0.007315160523414347,3.0447984742979187e-6,365.25644390637177,3624.402468988448,0.020391672130260153,-0.0014080477614018545,4.4498372997638815e-7,658.1400602594083,221.4517738325779,-0.017362170113845873,-0.03926415684742075,0.0008207389403182488,4248.237640449672,581.0045331042263,0.02785305667175653,-0.038499765627011115,-170.71431872084239
2.1489488848583313e-6,224.70076963986054,3503.765621111646,0.011392552540951178,-0.008860870776843685,3.0676853325784846e-6,365.2564447821676,3624.4024533482648,0.023069063088059477,-0.002874164333548666,4.51768086936702e-7,659.72991882125,197.10538971422585,-0.005511253116129473,-0.04505757518021661,0.0007765064925466934,4249.469741813697,585.5200130519404,0.025121406211145867,-0.04038647401926054,-171.1112496760259
2.1756718684088596e-6,224.70076910775336,3503.7656236610487,0.015475290392716699,-0.010871538592042719,3.0945888763667562e-6,365.25644558177436,3624.4024364565776,0.026313788276997336,-0.004706291466791445,4.5364123964864346e-7,661.3236179793398,172.70318693625154,0.010092924389508,-0.048244727957809215,0.0007228690064598179,4245.221195272784,595.1458065640652,0.021069730219918755,-0.04402286922419912,-171.83748008865814
2.214408372951591e-6,224.7007681679803,3503.7656300037843,0.020399058794177728,-0.013132377391432927,3.126584308804683e-6,365.2564463522745,3624.402419471105,0.030218491122523155,-0.006748179915340398,4.5969076562929824e-7,662.921167011347,147.59929120326296,0.02716449722450658,-0.04663638461412587,0.000664463082828146,4238.507174435529,604.2094572261914,0.015936115295972355,-0.04964761967439405,-172.78819209839688
2.255471764043893e-6,224.7007674594934,3503.7656250118985,0.02530668785590322,-0.015091730245716146,3.1585818687609253e-6,365.2564468706077,3624.4024073572723,0.03410158894817862,-0.008567521843132123,4.753746432717649e-7,664.5225752173505,121.50808841530878,0.039383157835219965,-0.04093219528347877,0.0006154740640520943,4234.199446486271,604.0473128314504,0.011493653985828533,-0.05667989577335503,-173.91481507043812
2.279213808099856e-6,224.70076813267266,3503.7655788778798,0.0289336338814422,-0.016723954531920642,3.181907362219098e-6,365.2564467177981,3624.402406253756,0.03692263303088092,-0.010128210525009427,4.926085108764145e-7,666.1278519198961,759.8624262675958,0.04270898580774209,-0.038261574198105566,0.0005824843717152103,4233.383872171374,594.9789966534578,0.007947159537546353,-0.06444468272631469,-175.18771522120264
2.2717479980688604e-6,224.7007712695831,3503.7654539379864,0.030634617553719753,-0.018891828355182553,3.190805752153498e-6,365.2564457542581,3624.402417062144,0.038112933338394876,-0.012067237450810618,4.854251802012321e-7,667.7370064640498,730.465320111787,0.04270870450869358,-0.04770625147240173,0.0005578491130180735,4230.367900262931,588.6494053429135,0.0018967878583606567,-0.0739222559920242,-176.46596530530064
2.2019300751992615e-6,224.70077744066913,3503.765220485962,0.027424480913625756,-0.021498122958355518,3.164756179026342e-6,365.25644423395113,3624.402436136815,0.03527209336637968,-0.014181115828823069,3.9681852744123495e-7,669.3500482174526,695.153483728406,0.049716503505090756,-0.0805158205907847,0.0005535612616421576,4217.745976040633,602.8835364078122,-0.007179822955422777,-0.08268111878246644,-177.44791247315473
1.8466021381020469e-6,224.70079119828733,3503.7649875283946,0.0024699200499287994,-0.01725784670261365,3.006339792260262e-6,365.25644255733874,3624.402458842762,0.015085969585658924,-0.010186217652121328,1.4177995295415186e-7,670.9669865703736,624.2639128097735,-0.09545021976835197,-0.332474022303477,0.0007621580915788457,4192.599208061256,700.6686911282901,0.004425800218117427,-0.05502787111901475,-177.36530952302448
1.4508885334779063e-6,224.7008132697745,3503.765342010341,-0.01704919695637598,-0.01277145401511196,2.888448018662095e-6,365.2564457236823,3624.402416153137,-0.000973590052648634,-0.005640101905360623,2.230744681811733e-8,672.5878309357684,-531.1233688342408,-3.2839804686713565,-2.5286166627058924,0.001033132652121401,4152.639220112761,839.5112827551076,0.011545622803049903,-0.030721454414843433,-173.69348343071084
1.3956038220811575e-6,224.70081578672043,3503.7464847061665,-0.0186649888910636,-0.009878536400254278,2.877772801409272e-6,365.2564487665385,3624.4023745100903,-0.002239906057877227,-0.002890298554550536,1.5747293151983462e-8,674.2125907493289,165.64516966750767,-6.029161818934023,-2.340071032073682,0.0011253717302859372,4155.198405803149,827.195391967743,0.01638820840702394,-0.025526865996518718,-169.3412301855478
1.498208530923947e-6,224.70080858892993,3503.763445216998,-0.015721285679902948,-0.00742846014850503,2.8973046301884295e-6,365.25645285298464,3624.4023153554444,0.0004144248908523915,-0.000985471625340697,6.056204819258796e-10,675.8412754695414,539.8579384625974,-152.03194294062268,-0.5452702675175451,0.0011277723896024289,4163.205117244595,778.1970740000155,0.01963148275883466,-0.025219595782335964,-167.03684080718557
2.072126151810201e-6,224.70075909435272,3503.76499340625,-0.011811649535895374,-0.006416841114876673,2.9160506212172396e-6,365.2564546811626,3624.4022732634444,0.004566805796601126,0.0001811237383768163,6.184158532337503e-7,677.4738945777412,475.9340502786282,0.09762890082251391,-0.03127536368658081,0.0016962021668163903,4291.5106387524565,488.59921797488437,0.03428431755880196,-0.028372553750641266,-165.32235431356753
2.070606548751908e-6,224.70075945215024,3503.76530023868,-0.01119769411810073,-0.006337184158936317,2.917149937417261e-6,365.25645593501974,3624.4022440889053,0.005067785031589547,0.00033768266746072537,5.43100518316156e-7,679.1104575781665,455.9461411999659,0.11622176859517362,-0.04534264582822519,0.001690860531737678,4320.467286340892,426.0239919797463,0.03569432479728268,-0.02974706977069111,-161.4179801989507
2.059336255346451e-6,224.7007606705926,3503.7654895480964,-0.009935922088407604,-0.0061225909620470104,2.9248769072076056e-6,365.25645597421595,3624.4022363453787,0.006067233035312556,0.00044576454738064723,4.35400875433146e-7,680.7509739980168,434.4333228947717,0.13755768308868735,-0.060106035709697206,0.001601643278276617,4336.066760751787,387.9192171286337,0.03626668063545454,-0.031127217773070117,-159.55825955966114
2.0403514419861313e-6,224.70076237826572,3503.7655883200327,-0.00821606534814994,-0.005886945684952886,2.9367219458401987e-6,365.2564551301184,3624.402246904566,0.007418975666931529,0.0004962689355828727,3.124877125816059e-7,682.3954533875045,411.4043434443827,0.18465270828143124,-0.06528482046496879,0.0014832108318639326,4341.260049402063,371.715145193547,0.03636325371886494,-0.03221004092831425,-159.2755393744484
2.0323577787398784e-6,224.70076360343236,3503.7656466948965,-0.006296102054184373,-0.005603543854562649,2.949684057463616e-6,365.2564533736004,3624.4022761454635,0.008920561940860714,0.0005810429821412618,1.8979452148869327e-7,684.0439053199129,385.9372958708613,0.29787871574815594,-0.0753778045062049,0.0013719865285237865,4340.530948253981,367.22280263068853,0.03651191252257143,-0.0332348574364288,-159.82764650806863
2.026600892246625e-6,224.7007646937551,3503.765678755225,-0.004176314203251057,-0.005462634117427468,2.9641221581088978e-6,365.2564518790565,3624.402306951111,0.010536227873573884,0.00050719490734252,8.71679021636166e-8,685.6963393916511,334.0734779758723,0.5872508922675866,-0.24396882321799288,0.0012665259722091508,4334.145514941104,377.2646394588019,0.03627549396597901,-0.03384326425654552,-160.80522611769538
2.020533206469457e-6,224.70076574362437,3503.765691417587,-0.0019045719393458744,-0.005636496662350107,2.9800842192149284e-6,365.25645071460957,3624.402337442228,0.012266410078152762,0.0001464097513870852,2.9227000501405916e-9,687.3527652223104,-1460.5845313624961,15.705530715273014,-8.369757734275044,0.0011759353414070542,4326.267920698709,395.6691911180095,0.03571434673070035,-0.03370552564568777,-162.08123438169628
2.022964924605477e-6,224.70076665623588,3503.7656919529554,0.0006805936441957026,-0.006345821694956472,2.9996546496431407e-6,365.25645011658645,3624.402355612457,0.014285195452246081,-0.0007270329881323463,3.884807919079737e-10,689.0131924547189,-14993.447130379356,89.07360773399496,-69.98562416550578,0.0010985503072176584,4319.122154532282,421.15987948373635,0.03451909258609557,-0.03287074932131474,-163.9422634443838
2.035611071301599e-6,224.70076735832134,3503.765684803752,0.0033972809350354886,-0.007160684912467459,3.0195917771382125e-6,365.2564484176531,3624.402385198172,0.016436104671455908,-0.0016661716930303112,5.030506428754473e-10,690.6776307550015,-10997.938229444317,52.07903688426636,-51.563355375424045,0.0010293662480738194,4311.530582741319,447.37545529498163,0.03310618215962418,-0.03239126007987385,-166.18436363840718
2.0550701463009325e-6,224.70076789343804,3503.765674413364,0.006044096507239095,-0.007983509335628804,3.0384059162750077e-6,365.2564459243327,3624.4024225001963,0.018546054603784626,-0.002578888497482504,1.955187767377119e-9,692.3460898126306,-2307.4631996850485,10.319782863117782,-11.91846742279595,0.0009688947380968277,4304.158964906569,471.00853656783715,0.03139944986791717,-0.032422276275568825,-168.42409855854288
2.0773109047610788e-6,224.70076827865512,3503.7656640385107,0.008444912246356543,-0.008750769904455988,3.0549741960707183e-6,365.25644283486866,3624.4024667715994,0.02046499003898859,-0.00340722174353055,4.334425030982899e-9,694.0185793404863,-760.4368079829429,3.5496802996467043,-4.800366984680524,0.0009177401958960427,4297.184289589033,491.0393225072163,0.029423904363913223,-0.03290642199952023,-170.4629307202185
2.0987372724598093e-6,224.70076853660575,3503.7656551425603,0.0104755222357146,-0.009459503860785803,3.068632662926753e-6,365.25643927639925,3624.402517616478,0.022088489647254073,-0.0041451948451488654,1.6042063182126413e-8,695.6951090749121,17.883675003918334,0.6412660872130302,-1.1987536877964606,0.0008756118770618303,4290.309889981585,508.50871534033854,0.027167875472871073,-0.03373633924646582,-172.22719617200383
2.124225660534855e-6,224.7007687353293,3503.7656461874576,0.01263200813993531,-0.01005692919305425,3.0824423460081527e-6,365.2564357422276,3624.4025664260935,0.023816582631538446,-0.004748353154258233,8.255818620500812e-8,697.3756887757712,217.28077498423275,0.05974776928018072,-0.21717298328624052,0.0008321187556210262,4282.880722436263,522.2985930745648,0.024246680054289208,-0.03618317009456352,-173.6576442623113
2.150090089741399e-6,224.70076811299376,3503.7656522978555,0.008996011349346137,-0.010618925966151296,3.0578692468056156e-6,365.25643030615714,3624.402647111919,0.02102855112369449,-0.005212611467583941,4.151292850118282e-9,699.0603282265029,1342.0431568099502,-0.8904156305863895,4.103421974069451,0.0008773061657125324,4269.270051820411,539.4366735038113,0.02280438868029123,-0.04162919072767081,-173.9842425568062
2.1383908051338208e-6,224.70076873069715,3503.7656329295764,0.006559411035166469,-0.00823843716854834,3.0446006125830388e-6,365.2564259178773,3624.402712868199,0.01909364568462712,-0.0031259640856740635,6.387919195122845e-7,700.7490372341823,169.45535774657338,-0.01494298807048647,-0.015952811539133558,0.0009266072057505976,4270.633285181409,522.8270381152261,0.026246153842269696,-0.04099616009834047,-173.72710215184046
2.119909231791243e-6,224.70076862363902,3503.765635207902,0.0034380002296156044,-0.008771196143097366,3.024070486933153e-6,365.2564235670479,3624.402748189631,0.016603178242342864,-0.00338749044239466,8.02700906701149e-7,702.4418256295734,149.67306035524146,-0.023639002172656014,-0.01552840964625647,0.0009865535010120242,4270.135550907334,529.8045246542604,0.028878039701658566,-0.04013749161166453,-172.99116051995512
2.106742082791333e-6,224.70076857215076,3503.765638586297,0.0019029343970203647,-0.009120001029949806,3.013566761025905e-6,365.2564231726624,3624.402748588141,0.015361968250553843,-0.003574482985736404,8.715646085510412e-7,704.1387032671886,127.25305611275654,-0.025052497911034893,-0.015011478436967639,0.0010194519003592294,4270.935694571903,535.462046849807,0.030956018060690735,-0.038537979929995914,-172.68524892494875
2.0988531800960814e-6,224.70076858793942,3503.7656405451535,0.0015830656522296343,-0.009795486925539535,3.0108851543689404e-6,365.2564238147468,3624.4027278519043,0.015093850820607428,-0.0041134222673777565,8.806295316829558e-7,705.8396800253457,103.19258193862484,-0.0223993413085193,-0.015817989997842494,0.001021587524281084,4270.2846299242265,546.2582705798472,0.031784219991769995,-0.03703623140607281,-172.96267897641525
2.142881661232962e-6,224.7007687016943,3503.7656389689732,0.005467453147946485,-0.010394441838824382,3.038449772348691e-6,365.25641139794294,3624.4029068328664,0.018256983167501642,-0.004913913493559347,5.595669193352101e-7,707.5447658062259,618.8605255992276,-0.0317574793326251,-0.005982639718982972,0.0009506369091757037,4285.125044049103,523.596099662913,0.027197227442698084,-0.03671088865900811,-173.27585422282309
2.146535280019078e-6,224.70076855524903,3503.7656427552674,0.0054916467843019266,-0.01076676366271391,3.040167929979003e-6,365.25640624345425,3624.402964198494,0.01828220810072956,-0.0052456388031010244,6.69706933530758e-7,709.2539705359295,596.2937435756475,-0.021919799805490466,-0.008623411219037938,0.0009505977652646983,4285.792425071709,526.0677846383936,0.02844804591093228,-0.03632196727699902,-173.59732102234483
2.1476809550197327e-6,224.70076843210546,3503.7656455878573,0.005822883509110195,-0.011419727402836352,3.0439122076043628e-6,365.2563968661385,3624.4030740848834,0.018536826747171165,-0.005812555514111232,7.775882179169018e-7,710.9673041645378,573.8920852540814,-0.013573373595374898,-0.011084426477570169,0.0009435971215363122,4285.749837042546,531.3880267059269,0.029052477175174174,-0.036076971079460035,-174.05531936580198
2.1499602247413028e-6,224.70076837869615,3503.765646631964,0.0064879435832540956,-0.01150011442638526,3.0492505155626517e-6,365.2563781944212,3624.403306913286,0.019034470194702165,-0.005906683659115735,8.549295209294442e-7,712.684776666166,554.5134650394454,-0.0065505506349221605,-0.011209327778143027,0.0009334222644863644,4285.127170691573,532.1626939914354,0.029719300126935397,-0.03649235779212563,-174.5706802986251
2.2353149399825376e-6,224.7007688174045,3503.765631800254,0.02031562869468667,-0.020033867586027855,3.134894263951842e-6,365.25642373419447,3624.4025864056343,0.0296558380160225,-0.013100680971611572,1.2650480782476295e-6,714.4063980390245,111.88736185368037,0.0359847350603285,-0.03514692800184413,0.0007080162511979201,4260.844259683014,600.1355981820852,0.0004405100745925074,-0.04522274854380132,-174.82575255657326
2.216063962819093e-6,224.70076893404863,3503.765630439157,0.017242322395145466,-0.019119495255335957,3.116063166956047e-6,365.2564136431461,3624.402654285692,0.027284420925267495,-0.01234339051028415,1.3807215958059248e-6,716.1321783054759,90.18011206059327,0.034611480587021716,-0.03300058746185242,0.0007495196835255832,4265.038007863072,594.1808954220821,0.008108925185518983,-0.043045039160812856,-174.80119768104294
2.2050748703355296e-6,224.70076897896658,3503.765630564442,0.015179334276129691,-0.017154100594069945,3.102184898754095e-6,365.25637689719497,3624.4030770697955,0.025681631503278797,-0.010743826365247622,1.3868863574686656e-6,717.8621275120931,786.0627310177963,0.03426540604499861,-0.02972118001240081,0.0007823802265688934,4267.995168784435,581.4396518473854,0.014101231509407019,-0.042193446302861884,-174.95008223502862
2.1991908968505274e-6,224.70076897442127,3503.765631414184,0.013949417415944848,-0.015044052315010834,3.0928156456751227e-6,365.25630821566534,3624.403873781507,0.024698886208921175,-0.009025856323436436,1.3450224572357147e-6,719.5962557297208,766.9363300972672,0.034779672190560156,-0.026753618126034943,0.0008043218181854623,4269.456610187656,568.1218494981711,0.018070761817906518,-0.04214872497207344,-175.1590013346504
2.198925269539931e-6,224.70076894435795,3503.7656322625303,0.013523700150394115,-0.01341159133959584,3.0887286093934236e-6,365.25618871463905,3624.405173364357,0.024319127543104193,-0.007706546067323593,1.3383581036173076e-6,721.334573053529,750.7969965461458,0.035975696477173434,-0.024920652828184228,0.0008127968036966835,4269.548918421483,558.3728638371997,0.019847781993980313,-0.0426299776388576,-175.33334214279466
2.203604991395014e-6,224.70076888585083,3503.765633024076,0.01378330168962666,-0.012369436230817325,3.0898991275467904e-6,365.2559537837793,3624.407630219152,0.024458903021257042,-0.00687986573703417,1.4289038265947625e-6,723.0770896030755,738.5145406804547,0.037370845938271544,-0.023992002387555167,0.0008087464836726035,4268.266930718716,553.5258523823095,0.01973158135607847,-0.043465705444792176,-175.40800246829477
2.211011141243155e-6,224.70076879106009,3503.765634029929,0.014470013842238241,-0.011748962727444379,3.094965085352705e-6,365.25544784141556,3624.4130706249816,0.02493432432921731,-0.006393831424357789,1.6267795355825675e-6,724.8238155223637,727.7339649000013,0.038868233652357705,-0.023513320744348757,0.0007970048525461574,4265.932452489936,552.5830661076172,0.018432963520731878,-0.044423436813915175,-175.35419664338326
2.225128748631601e-6,224.70076858142295,3503.765639319088,0.014305664360025174,-0.009190718779272763,3.095803705402179e-6,365.254192404391,3624.436656077897,0.024888120428750826,-0.004364533509736402,1.6354295524883135e-6,726.5747609799017,433.8585161490784,0.041580278514064865,0.005977301417805205,0.0008035359641039933,4268.957346616696,529.7883558995869,0.020419408953858915,-0.04510548477562633,-175.0958826412827
2.2282263964770178e-6,224.70076832774225,3503.765644789087,0.014988658736881513,-0.009830000428115241,3.102675217884744e-6,365.2487647559669,3624.513890347836,0.025359348845932356,-0.004898289248127687,2.0099784053231686e-6,728.3299361687607,411.87257603803874,0.037803694711821365,0.013267517270962556,0.0007915808611016508,4267.3424649329945,536.6918954909901,0.018430353365929558,-0.04536323707190349,-174.77491240603322
2.16210652477065e-6,224.70076860973202,3503.7656391408823,0.009236067838431871,-0.011435366240940369,3.0629853654886418e-6,365.18136331151214,3624.986990379751,0.02079232273050544,-0.0060179507204672624,2.090420925646997e-6,730.0893513066375,391.4241431892294,0.025396414504379464,0.015813016735318156,0.0008184088201195447,4218.9344122534785,657.0512740957817,0.016191044433185628,-0.0403563705054079,-176.55593706727205
2.203775257353261e-6,224.70076847812962,3503.765638867615,0.012843641532921913,-0.009941287647572556,3.06372896338127e-6,365.2392521747555,3624.6598988079254,0.023620590529502307,-0.004525765889781236,7.08343669464539e-7,731.8530166359092,672.4019219068426,0.20611860460217105,0.06379231992452612,0.0008216875077990949,4256.490492562464,561.233548419823,0.02183868343968478,-0.04306707187816391,-175.1110324875466
2.2166417782670596e-6,224.70076832346552,3503.765645760209,0.01366621090179788,-0.011066051127228643,3.0762853664724662e-6,365.25257504649363,3624.464711125164,0.024407584626954498,-0.005639877595173033,7.331769827965236e-7,733.6209424236961,639.3232436543227,0.14405266839243314,0.024285890159955897,0.0008078591157868529,4263.67320170076,554.4285700285358,0.019735253224468004,-0.04291036041486804,-175.12747115702476
2.2182490534522493e-6,224.700768251897,3503.765648880873,0.013998974659340361,-0.011933949245073678,3.080853105925173e-6,365.254911658443,3624.4279994091153,0.02474516754499113,-0.006443704450201684,5.735565023719897e-7,735.3931389619207,607.1101141004667,0.13099218725616243,0.021158789435406715,0.0007972776791161826,4264.772916797559,557.1874793862622,0.01794681129368382,-0.04292448517930024,-175.36152493077458
2.2148705647949808e-6,224.70076829447203,3503.765647470998,0.014093952986190948,-0.011037613559075454,3.083473869567896e-6,365.255858873519,3624.4085402442843,0.02476319099027642,-0.005752660940206498,4.94463021378622e-7,737.1696165673675,330.98144132603096,0.10099051138521867,-0.048961254187593256,0.0008002685143000613,4263.851919817652,553.0135393483725,0.018410834768036993,-0.04387953355517432,-175.4319245369791
2.2116384939882426e-6,224.70076828849594,3503.765648236826,0.013963448346728247,-0.011293950793706136,3.084233390636641e-6,365.2561648010028,3624.4048718729355,0.024656098877384652,-0.005921764266996256,6.051523886962218e-7,738.9503855817422,311.4605798064681,0.10170332293757434,-0.029802591520684433,0.0008057203109234055,4266.373103886158,550.7085955437419,0.01882125981745537,-0.04342205001254422,-175.2663416521198
2.2032005030645873e-6,224.7007683171427,3503.765648310523,0.013349489727611474,-0.011626605287401068,3.082149971828418e-6,365.25633636027567,3624.4028928245143,0.02417619186865473,-0.0061313885343104065,7.168316857333053e-7,740.7354563717354,292.68405268120944,0.10072653164390064,-0.018907996987116694,0.0008180306083771968,4268.877845164244,549.8867353867095,0.01974143179788266,-0.042533827724577686,-175.0468078433119
2.197582095251969e-6,224.70076838263523,3503.7656426011645,0.01297771943513634,-0.014246919456656208,3.077127374802358e-6,365.2565155318719,3624.4007411944212,0.02397854952731878,-0.00829553951814944,1.1363246472175282e-6,742.5248393290775,468.41033600113843,0.08918672693674953,-0.03168556959318015,0.0008225010576415629,4271.648406399601,565.6327269370278,0.017469917356219788,-0.04033064803134785,-174.475743528068
2.1922673242882633e-6,224.70076846429288,3503.7656396979787,0.012010576284793009,-0.015325499516399294,3.0721149704963665e-6,365.2566137370313,3624.399467409547,0.023253916697391023,-0.009068980612903082,1.4309577646681053e-6,744.3185448706033,449.5333167220674,0.09087228241714952,-0.038914279070932804,0.0008436685927487995,4274.221572429999,572.5985953911044,0.01705357509844826,-0.038108174289273065,-173.12667793239538
2.187090189133135e-6,224.7007686162335,3503.765635621958,0.010880583558056458,-0.016029450985778522,3.0668621873473665e-6,365.2566498417726,3624.399112779595,0.02243318361380132,-0.009509640183849132,1.6488785033091016e-6,746.1165834383113,430.4294723215528,0.09250902416455319,-0.04214108632112792,0.0008662865400888387,4275.441725700946,579.9869432523919,0.016041727300929075,-0.03569321995480892,-171.43178637656155
2.184289869633424e-6,224.7007687759484,3503.7656319802227,0.009851629180993431,-0.01578685360637292,3.062234042179979e-6,365.25662292090516,3624.3996310579937,0.021695644851671036,-0.00919413338502618,1.70107468810523e-6,747.9189654994244,410.02136322125114,0.09481761173331871,-0.040634381991732145,0.000888814197292017,4276.3388916212225,580.8172318387349,0.01528845657149194,-0.03395068898863423,-169.83963281842676
2.180807924315426e-6,224.70076888233746,3503.765630007948,0.008811562102254146,-0.014625330951621256,3.0568293562236958e-6,365.25656746572724,3624.400518838515,0.02092093946649798,-0.008161634628264244,1.6198640989535246e-6,749.7257015464504,388.4329887107488,0.09727631479417598,-0.03521172790623576,0.0009140961644556923,4277.585956042528,573.3799943723757,0.01576323532784519,-0.033234325242738796,-168.70192946895122
2.174108353638083e-6,224.7007689256059,3503.7656295539155,0.00764711623044698,-0.013160497739813093,3.0498313039570873e-6,365.2565157272574,3624.4013225586286,0.0200096999247597,-0.006903960528517345,1.5006624208548127e-6,751.5368020972459,366.05227428455703,0.09917340352009393,-0.02802260966298142,0.0009421653583044095,4279.079134537847,561.994060898301,0.01716701184236909,-0.033254641358620475,-168.0029969363269
2.1648108100108687e-6,224.7007689205341,3503.7656299984187,0.006483596076657031,-0.011930664138365188,3.0422465887087174e-6,365.25647820739687,3624.4019022143193,0.019065592056897535,-0.005852569607874358,1.4021559488548851e-6,753.352277695073,343.1339612184627,0.10050870425981721,-0.020957953962288587,0.0009688891047177215,4280.437039219502,551.1017797920441,0.01853899778382099,-0.0337293681498091,-167.58427192188117
2.1540695026548026e-6,224.7007688818251,3503.7656308701016,0.005485177657405438,-0.011144876882802378,3.035351604497806e-6,365.25645361325786,3624.4022837671187,0.018226774050107846,-0.005179261888723651,1.342550493522382e-6,755.1721389086638,319.7892589153025,0.10159668855029061,-0.014997084125396503,0.0009901032986992303,4281.280777137564,542.851429683945,0.019240590315287503,-0.03461955119222074,-167.35914794837797
2.142495754470649e-6,224.70076882202207,3503.7656318346053,0.004780009172033593,-0.010818694598409928,3.0301713311196316e-6,365.2564383490696,3624.4025230445045,0.01760404987512652,-0.004903785421619451,1.3190921769693176e-6,756.9963963322813,296.07489902434844,0.10279240460924542,-0.010532431007722413,0.0010020598130155314,4281.061358689093,538.2237401472125,0.019017573683999818,-0.03603477541922228,-167.36666293295315
2.130554575458206e-6,224.70076875853718,3503.7656325669095,0.004501587839259527,-0.0108840800993969,3.0278686259283475e-6,365.2564296480788,3624.402661437318,0.017319208192821817,-0.004983948044524294,1.3110545250498192e-6,758.8250605857796,272.1594330409894,0.10450820676087741,-0.00759896600644554,0.0009999309482439057,4278.78072078292,538.4264729420479,0.017836446855778152,-0.03804308934981639,-167.78959378948474
2.11914470448731e-6,224.70076871830778,3503.765632880271,0.004793518627002038,-0.011167543794908431,3.029948169990328e-6,365.2564258824651,3624.402721676002,0.017517719557900855,-0.005298354024787122,1.2630603826804719e-6,760.65814231467,248.61070574542066,0.10713879459476651,-0.005589934637090292,0.0009788194335005975,4273.283808644413,545.1161560369752,0.0160695896038924,-0.04020208761903685,-168.9326216379518
2.1106527103873263e-6,224.70076870509905,3503.7656337077774,0.005722605361311745,-0.011359847038338165,3.0373937266841932e-6,365.25642581937956,3624.4027202903753,0.018290042389015024,-0.005606758745449734,1.0793239898816402e-6,762.4956521901772,226.640851992462,0.11055633834295116,-0.0024233873765318373,0.000941791467325801,4266.360892145168,555.9920351949527,0.015101782891433112,-0.04089429301618725,-170.90734194423678
2.1108231187709846e-6,224.70076864948285,3503.765637401522,0.007259520021467501,-0.011090096671739134,3.049155716809694e-6,365.2564279658235,3624.4026824480866,0.019597239226229836,-0.0055615966614008085,7.113534775155597e-7,764.3376009093051,208.042392458847,0.11295415090793727,0.007890107716526719,0.0009062079497101745,4266.286903502833,556.3391742181501,0.017083029270377525,-0.03867746320787996,-172.998631675335
2.160413450255199e-6,224.7007683846482,3503.7656486816313,0.018180455711120567,-0.01005165293123229,3.115568008170015e-6,365.2564371104754,3624.402547590806,0.028144817527283195,-0.004861831099694507,4.7174798957434587e-7,766.1839991948984,679.3900553633246,0.1861436111020908,-0.008663342792163865,0.0007487578785335567,4274.098627621387,520.3341844302297,0.023523262344009328,-0.04635465163912417,-172.83934546448825
2.0966117384090906e-6,224.70076849666748,3503.765648681886,0.015490819516546897,-0.008664647552468461,3.0985946769117205e-6,365.25644144748827,3624.4024868520287,0.02591515398301177,-0.0035199525661729373,6.212353692874987e-7,768.0348577957044,650.6403840654468,0.17535049365124097,-0.0012006421880283282,0.0007865746270764097,4277.493619067608,519.068320857654,0.02808673601764056,-0.040019390810949344,-171.38219731279364
2.040462194456029e-6,224.7007685983166,3503.765646892477,0.01112866166231599,-0.00790097973436223,3.0694555029179463e-6,365.2564437550255,3624.402457126726,0.022372021898933767,-0.0026334307718952617,6.746019413684401e-7,769.8901874864355,625.4042522388842,0.16948221739190342,0.004135122944730116,0.0008540619024030688,4282.300457791991,512.3241278521095,0.03166356210012581,-0.03536252403015059,-169.96929976803065
2.0018196654310577e-6,224.70076865469224,3503.7656451784264,0.007231873536444374,-0.007619666452493525,3.042544773869913e-6,365.2564452074826,3624.4024389362844,0.019208037994542872,-0.0021600977174164155,6.848030094093411e-7,771.7499990678347,600.7696544690406,0.16786885334825286,0.009388270548497375,0.0009249480178996357,4288.606543824503,499.97044077905883,0.033929960879623536,-0.032523771825751537,-168.74032445746587
1.9796125996017074e-6,224.7007686645834,3503.765643944976,0.004198028663836426,-0.007627106850110386,3.0207168469883444e-6,365.2564465383598,3624.402419409136,0.016744386772308377,-0.0019638888697862088,6.851896779522727e-7,773.6143033667338,576.6621244966833,0.1698416936514906,0.014378944955393188,0.0009892766718127442,4295.422651259762,484.7303685480556,0.035137063576612344,-0.031135968368599765,-167.67137583297955
1.9729269817576656e-6,224.70076863976925,3503.76564301429,0.0018356899706571904,-0.007711559321937992,3.003176590080723e-6,365.2564479919342,3624.402393452009,0.014851327509775839,-0.0018767005579674873,6.731915713215425e-7,775.4831112361195,553.4574529142134,0.1760321082265051,0.019100576931806244,0.0010473059009132597,4302.090779237675,468.67827469685284,0.035678532030535115,-0.030734319583151086,-166.77987146991762
2.0204794940231087e-6,224.70076861856083,3503.7656427651423,0.0023760588012128937,-0.0065514596610910525,3.0113944459804336e-6,365.2564492180783,3624.402377733904,0.015530210475806286,-0.0007911572601201821,1.2607395218126465e-6,777.3564335551961,731.7224346162894,0.10080905026600816,-0.010404196102883971,0.0010404034425715882,4312.7440145698765,439.3287166456536,0.03155860717745834,-0.032380790374971644,-165.93866418048583
2.0104698111087653e-6,224.70076855197948,3503.7656425627333,0.0006351256071217645,-0.006366869692603788,2.9996323131589947e-6,365.25645038353036,3624.4023499871378,0.014179417797443757,-0.0005600907484140222,1.3788348710484249e-6,779.2342812294485,-67.57812213572798,0.09593500945331113,-0.008296572352327584,0.0010934480287161685,4319.204387666318,425.1266320334162,0.03129225874707353,-0.03214288025761084,-165.02971842044494
2.0087241273730514e-6,224.70076849075346,3503.765641708957,-0.0009943342231311467,-0.006371351017862802,2.989244312776438e-6,365.25645159782465,3624.402321164852,0.01296204029765668,-0.0005277179969836469,1.476020275775932e-6,781.1166651907049,-88.40293882333734,0.08992927325678678,-0.005893910700946936,0.001152018246771563,4323.774546697759,418.28322338781294,0.031068008792700677,-0.03165095207568207,-164.52682755806157
2.0123743874034887e-6,224.7007684573139,3503.765639986031,-0.0025398634328645015,-0.006522075810959939,2.9796842318394064e-6,365.25645287616004,3624.402295099982,0.011830332492239998,-0.000642117246873893,1.5625464544394606e-6,783.003596397204,674.3085311370861,0.08326000555376026,-0.0036187485124573424,0.0012149849230791126,4325.405448730611,419.77745178685745,0.030964443024437575,-0.030847152921137603,-164.37248506376775
2.017206561854201e-6,224.70076848124464,3503.7656369766146,-0.004007846548116181,-0.00675853090494153,2.9707116416361548e-6,365.25645417546053,3624.4022736900365,0.010754440340616083,-0.0008412673914747225,1.637344917175071e-6,784.8950858336535,655.8614452957739,0.07612137363863157,-0.0018484581545762373,0.0012776434492199533,4322.737884300049,430.91890249829424,0.03088205173251484,-0.029841820394365125,-164.55735686091614
2.1403276332725636e-6,224.7007688253621,3503.765624314366,-0.008122192967760183,-0.00617972871571849,2.936885506670071e-6,365.2564557158606,3624.402247087266,0.007605867801249873,-0.00019834501704499917,8.109067769255211e-8,786.7911445112977,545.4660508766187,1.351640959027053,0.5482067328727032,0.0014183318897255314,4310.313693806093,446.6785597321391,0.03595896495658885,-0.03085156217011336,-164.98797152204443
2.0588859988191894e-6,224.7007696634412,3503.76560979336,-0.009148833563603319,-0.005623274915976939,2.9423179077892204e-6,365.25645888631544,3624.4022218064965,0.006741609302232813,-0.00025008452891946,3.4703584622978504e-7,788.6917834679804,205.49087361522282,-0.18322358923023216,-0.042741853888330794,0.0013080643933892624,4253.929857324745,558.4279601633796,0.031767029436779344,-0.028612702959427475,-164.86283125332278
2.0592839842823447e-6,224.70077002765106,3503.765601212857,-0.011218171620771907,-0.005348172715970365,2.9284085824870577e-6,365.2564579660257,3624.4022402792116,0.0050567972284352395,-1.6627272145973575e-5,2.04538015497434e-7,790.5970137682085,135.7373414961252,-0.4283870501201403,-0.19190972077250637,0.0013159283108748622,4235.264472257342,589.2447965871658,0.02995446453772178,-0.02845955271083287,-164.4785316124304
2.0871449759963336e-6,224.7007704668143,3503.76558995236,-0.013281717460750153,-0.004743305783943839,2.913788284676299e-6,365.2564561949258,3624.402265894116,0.003336857637596957,0.0004413589218030382,8.844940626320991e-9,792.50684650322,408.66181899439295,-14.380297597383263,0.880849018830025,0.0012937090342541838,4213.794329178087,627.1405707027927,0.026674773515850077,-0.02991910288086529,-164.8115990133782
2.1167308459269886e-6,224.70077086585223,3503.76557899783,-0.015158011794258297,-0.00431994319994361,2.900680927833034e-6,365.2564539378374,3624.4022972469415,0.0018002002311470308,0.0008227132841603376,2.882998267602755e-9,794.4212927910431,4176.225918016886,-46.69993362685712,15.80444008233821,0.0012880079904058733,4198.1385307580595,657.0815124980444,0.02340351947212813,-0.03125300969957676,-166.23488949047584
2.1416249298084397e-6,224.7007712478874,3503.765569377248,-0.015993299909853466,-0.003891071566642135,2.895840855928814e-6,365.25645171756497,3624.402327961391,0.001097266552995155,0.0010786986428240042,2.366449581582396e-9,796.3403637765646,7799.442403580184,-55.44338570065498,30.107691763076872,0.0012439655799680119,4179.44800505649,693.112271379935,0.01936931503030392,-0.03300050932751584,-169.07919000823819
2.1442879227709037e-6,224.70077141012212,3503.7655661476247,-0.014658724789297119,-0.003884322640752135,2.9057604141441963e-6,365.2564495076004,3624.402358417441,0.002081634955883236,0.0008357881168770571,1.0715243440169929e-8,798.2640706315937,1988.6538169159376,-10.669244768378451,7.23389545359076,0.0011448819113527861,4162.003666429012,726.2914651458553,0.014808203867232146,-0.035892443625511236,-173.10605012657413
2.09629651078386e-6,224.70077087712556,3503.7655809810926,-0.006995534773874002,-0.004506532428989271,2.9536868326705916e-6,365.2564461599346,3624.4024047545763,0.00791548475453545,-0.00019202887842003236,6.372584422373984e-7,800.1924245549272,221.10361796836543,0.15455730477116553,0.1209937824471872,0.0009233065428670411,4162.572698679611,729.6847135109216,0.00847274459286861,-0.042102381865422,-176.97727013284745
2.099527310390769e-6,224.70076958929738,3503.7656159541057,0.008285579353371724,-0.006770645020845809,3.04920213220618e-6,365.25644288500143,3624.4024534936448,0.019976731880642817,-0.0022696498244527395,4.545206241424263e-7,802.1254367724141,178.58274818776695,0.19576418355488884,-0.031127939234085467,0.0007384830531243136,4205.084059690843,641.2829557104236,0.010655818431890923,-0.048561085434636574,-178.92715536613784
2.114054323624716e-6,224.7007682956996,3503.7656492803603,0.024518832712425234,-0.0159188468604923,3.1549029873742806e-6,365.25644314740543,3624.402454124941,0.03270737712626518,-0.009513177489426946,6.130854609385286e-7,804.0631185370236,355.8978333441382,0.1386427576354353,0.08493926556099339,0.000594986746828699,4243.161049418442,591.8664719148288,0.008342982381688423,-0.05790274655090828,-178.33057759979545
2.1593000451975894e-6,224.7007681379759,3503.765654538101,0.0274244731569201,-0.014439373876157827,3.1736091912002436e-6,365.25644490965874,3624.4024334169435,0.035156068901813164,-0.008333960029563922,5.588221455758858e-7,806.0054811289061,333.65983476765126,0.10035871570969639,0.12456436215850372,0.0005920935715275636,4257.2876640752265,560.9629572322493,0.015369039829562493,-0.05719738356903815,-177.21002843852
2.1897561962442764e-6,224.700768151739,3503.765654441368,0.02640060289399723,-0.013330531738352039,3.1665701563116806e-6,365.25644615155613,3624.4024189533243,0.03450865712071656,-0.007352152327850138,5.280871196790638e-7,807.9525358554624,299.95252649586183,0.05424213414270247,0.12509659923382374,0.000613970034551859,4258.583030638575,557.9852183902033,0.019609174633039336,-0.05461829395440809,-176.10092273453694
2.2031997474102934e-6,224.70076825865374,3503.7656519381717,0.023440919181676435,-0.012096198591347659,3.1465338685149845e-6,365.2564466703161,3624.402414063328,0.032301992084948335,-0.006187873969868066,5.480784329768428e-7,809.9042940514081,254.5715057514694,0.02532079803626395,0.09166009733829444,0.0006490792847607447,4253.318052895045,568.2982662032363,0.02300806689670492,-0.050697447823023004,-175.10387376511537
2.188016552740668e-6,224.7007683653373,3503.7656498400565,0.019711758447538988,-0.010807404215027162,3.121782387111215e-6,365.25644643983344,3624.402420771985,0.029398349834835764,-0.0049553018712524995,5.916985606728415e-7,811.86076707884,225.07279732632566,0.027686905739516637,0.08160743789985224,0.0006915072839287447,4251.741997333065,573.2984945082169,0.02594896771025932,-0.04630599811312076,-174.22138382959895
2.1636109550902102e-6,224.70076844351001,3503.765648491611,0.016144932231657732,-0.009746173590498753,3.098338610097528e-6,365.25644575955783,3624.4024347706177,0.02658158499194694,-0.0039182132912209955,6.296687603656772e-7,813.8219663273014,210.2252876766841,0.04076572222023456,0.09493804815341125,0.000736116101604943,4254.248474839886,571.2336298503834,0.02842547829373425,-0.04247175182472103,-173.43755511618173
2.1434836805754123e-6,224.7007685197518,3503.7656469703384,0.013128685099003435,-0.008844603315695103,3.078330202858075e-6,365.2564449695668,3624.4024505382686,0.02420204947169688,-0.003019611315789316,6.71197806271446e-7,815.7879032138516,200.19558603714714,0.06056509234095957,0.11274743922278335,0.0007775555925938457,4257.382044112208,566.9542396310819,0.03030723499276157,-0.039618897657842864,-172.70547739937894
2.1311176940815047e-6,224.7007686232852,3503.7656444251434,0.010652791180903218,-0.008045314875959749,3.0612070791551603e-6,365.2564442486624,3624.402464390524,0.022262063333063076,-0.0021943672858208084,7.196663975492236e-7,817.7585891831272,1006.4060805394225,0.08185087613395814,0.12504633516709657,0.0008115147213174329,4257.474288104786,565.5822858282702,0.031415581547181645,-0.037909395901511794,-172.0198716592326
2.123370366927844e-6,224.70076876552875,3503.7656406122674,0.00849082617857482,-0.007287246906919658,3.045317064616888e-6,365.2564436317357,3624.4024749398386,0.02057293585744615,-0.001382189043063896,7.587368437133583e-7,819.7340357074125,993.0729285707549,0.09677217149724983,0.13227221017330415,0.0008376971154533493,4253.11976529362,568.7899318224738,0.03192589228842413,-0.03725447728385489,-171.4628623180878
2.114834927167777e-6,224.70076893132497,3503.7656360669744,0.006474226483876213,-0.006576215117894418,3.029932978049947e-6,365.25644305239763,3624.4024829960867,0.018986016086870786,-0.0006035239792506028,7.685157017940922e-7,821.7142542867051,976.3968490698975,0.10188013560503817,0.13880413178402284,0.0008589153740101123,4245.7136560508025,574.6952056025935,0.03219362388943564,-0.037346348536465505,-171.17369799842018
2.101634551949028e-6,224.70076908676518,3503.765631783235,0.004638993859102968,-0.005988635776036287,3.015975664898238e-6,365.2564423962739,3624.4024908068086,0.017518793583826384,4.2617072509383936e-5,7.446586511151847e-7,823.6992564487831,956.5217287706984,0.09664049893609593,0.14616896800643644,0.0008776337205015369,4238.2516817003425,579.7128880519579,0.032407406840947936,-0.037796699275994675,-171.25011778506257
2.0826075243045722e-6,224.70076919854952,3503.765628659314,0.0031121669295903396,-0.005543986432698526,3.0048457341061105e-6,365.2564415401671,3624.402501140055,0.016269447880528674,0.0005043438163553531,7.0389996677816e-7,825.6890537492711,106.52185845082843,0.08124127715044958,0.15126449690756139,0.0008955585765088732,4233.851813108393,579.528429929973,0.032661168464606496,-0.03830343951958012,-171.68016185531954
2.05878997377722e-6,224.70076924765843,3503.7656272113154,0.0019227254119034813,-0.005156984681012129,2.996888209783944e-6,365.25644037575864,3624.402516456669,0.015259344469651092,0.0008367161985137769,6.73835602984187e-7,827.6836577717111,73.52921103728569,0.05823588960314139,0.1470266819964263,0.0009160952038305636,4234.5872963678385,570.1145041154922,0.033292245901256276,-0.03868756520665012,-172.3660338196444
2.0336380305552796e-6,224.70076922819416,3503.765627660846,0.001035360393324248,-0.004823860053568205,2.9915877267328483e-6,365.25643887803955,3624.4025373941054,0.014451397984427562,0.001057969022424342,6.755743968761564e-7,829.6830801276243,862.456164412307,0.035425242630097976,0.1277171201361808,0.0009429024101612841,4240.569712473766,551.4305584798718,0.03463204495902988,-0.03877271201076761,-173.18979816366743
2.0123318373937195e-6,224.70076914310096,3503.7656299944874,0.000543985752450364,-0.00477857038634226,2.9891036274202097e-6,365.25643723730286,3624.402560693885,0.013912231955110496,0.0010108122821929568,7.283353030106144e-7,831.6873324565832,817.0975764020691,0.02507758745622931,0.09306210558498236,0.0009724787294303365,4249.613929385876,531.0160631347026,0.036146948229104255,-0.038348964504020415,-174.03751803199273
1.9989537092125383e-6,224.70076903630155,3503.765632908312,0.0005489368441364828,-0.005067848495385428,2.990509199072509e-6,365.2564359220326,3624.4025783284665,0.013790936682526577,0.0006700433749005361,8.597215199221003e-7,833.6964264262774,778.590482229437,0.04336216010196494,0.06380677266808556,0.0009930982593396702,4257.658238916194,518.4726317641218,0.03679128408097316,-0.037660718931776735,-174.7823220323871
1.99363254985723e-6,224.7007689569018,3503.7656350584202,0.0007879366588254273,-0.005408080984497432,2.994949357536063e-6,365.2564351510296,3624.4025865421277,0.01394691067933231,0.0002557901313282213,1.0327438131360255e-6,835.7103737325813,752.2247363814192,0.07276087640089567,0.050469973688606166,0.0010043968172565717,4262.811266347125,514.094422282754,0.036881419806627014,-0.03700141103909475,-175.32145084789076
1.99906058919858e-6,224.7007689378361,3503.765635556022,0.0011569329985408124,-0.005782824627278329,3.0014233645067652e-6,365.2564351749678,3624.4025812498917,0.014294215498007875,-0.00021271359617918914,1.1815545085323153e-6,837.729186099625,731.0207516565231,0.09909241023110876,0.04301446455212317,0.0010028591283358917,4262.096728723823,521.3125655838445,0.03632505155082839,-0.03669130166343186,-175.6108412630637
2.0163224265442596e-6,224.7007690013283,3503.765633757708,0.001637051910725772,-0.006242500175125818,3.009011361895466e-6,365.25643621179404,3624.4025594602444,0.014798024928438399,-0.0007717108957965697,1.2480859645082611e-6,839.7528752798586,712.0690345137515,0.12160815228960462,0.037340348467776154,0.000984934633528532,4253.030024534078,543.5902036620937,0.03488330675053362,-0.03700275421800887,-175.70454121834473
2.0408804798709733e-6,224.7007691323355,3503.7656301787297,0.0021478648153582607,-0.006829510327871427,3.0163880724228803e-6,365.25643813817493,3624.402524424556,0.01535037762420632,-0.0014483860965496202,1.2204934230048088e-6,841.7814530541223,694.2195004950073,0.14320674762906863,0.03188048850589174,0.0009561650362135919,4236.974638216871,578.9418798608824,0.03286003911334312,-0.03772913568321753,-175.68942348987406
2.065985710210046e-6,224.7007692961782,3503.7656259409428,0.0025659782784238313,-0.00754708805145201,3.022260342001751e-6,365.2564406047764,3624.402482757789,0.015808294670856336,-0.0022330430170077035,1.1273464613206353e-6,843.8149312317158,676.7741356849144,0.16720699465406752,0.02557322412198202,0.000925893333503593,4217.391006090463,622.2960226700438,0.030854327428969253,-0.03839496530109236,-175.59415251833235
2.0868293101353015e-6,224.70076946678242,3503.7656218798106,0.00275761489650534,-0.008358321086025326,3.0256311455263248e-6,365.2564432734754,3624.4024400439935,0.01604208278100044,-0.0030835841286648846,1.0053360162392996e-6,845.8533216504663,659.2564905354528,0.19692355155801056,0.01695272606949977,0.0009007501237049693,4196.877846056642,669.6956557588907,0.029370091638522975,-0.03860990357172136,-175.3839744982821
2.100979397133547e-6,224.70076962968977,3503.765618450413,0.0025792952531049863,-0.009204683043657303,3.0256890421380905e-6,365.2564458661919,3624.402400297065,0.01593747354346174,-0.003942077052518206,8.888781761585776e-7,847.8966361767962,641.3609110727327,0.23483513208101328,0.002640093254788498,0.0008847686809421521,4176.730882912026,718.9279656417177,0.02878630361047847,-0.03812938363281269,-174.9985530860887
2.1071784864780264e-6,224.70076976742632,3503.765616176715,0.0019216653616337196,-0.010153827613228982,3.021917465910926e-6,365.2564481474092,3624.402366570279,0.015416653223014795,-0.004856562622597026,8.232571495719295e-7,849.9448867057962,622.8529403574009,0.2770697863867266,-0.0250807414399824,0.0008803727080540819,4157.71238917611,769.9763941569515,0.02926725919034077,-0.03663998430550745,-174.38076277561478
2.1034882666705094e-6,224.70076987140416,3503.7656156399453,0.0005459369116226685,-0.011515286722693936,3.0124407681219556e-6,365.2564502174217,3624.402336533381,0.014260834087266553,-0.006074863566115912,8.45690703793065e-7,851.9980851612893,-249.6948280735799,0.3078689038459903,-0.06896402198070119,0.0008908433309721571,4138.629710781725,830.8011611937806,0.031026532870428853,-0.03341105046422786,-173.49898478816286
2.0900230062754845e-6,224.70076996924857,3503.7656163720726,-0.0018075688267944806,-0.012544131121344362,2.9946641526026088e-6,365.25645220336844,3624.402307770402,0.012216999130800668,-0.006981035658671045,8.690800675175257e-7,854.0562434959035,577.3935767186305,0.3313303201639462,-0.11038549299994733,0.0009276127587584128,4118.470756895992,898.264793025531,0.03549635565328081,-0.028947421429666057,-172.47960958672914
2.077570268604191e-6,224.70077005059443,3503.765617211092,-0.003964031694934385,-0.01221286771035726,2.9760558249035263e-6,365.256453186536,3624.402294522023,0.010278803660807308,-0.006751319571362898,8.052567330862737e-7,856.1193736911405,548.0874008764038,0.36825803170833393,-0.14116372528215002,0.000979120266677991,4104.978610575618,938.3312138763335,0.04105022519785595,-0.025971198797748566,-171.6221537715466
2.069092759798575e-6,224.70077011836716,3503.7656167266828,-0.0051718101140495795,-0.010579488663908338,2.963101934173629e-6,365.25645261260695,3624.40230575188,0.009147686039340831,-0.005467271140312466,6.821742977144127e-7,858.1874877574456,516.4265011577644,0.43224910182470766,-0.15062435222087725,0.001025363567893075,4103.361203257356,931.5779833629505,0.04547011844717506,-0.02576485272946187,-171.09974602775074
2.054508606912138e-6,224.7007701604234,3503.765615802366,-0.0060975412052752505,-0.008262286362556208,2.953094793392606e-6,365.2564507220576,3624.402337904502,0.008303569743657388,-0.003667413401282507,6.369873590927499e-7,860.2605977342768,491.8583480192585,0.48066777578206676,-0.11367983107908952,0.0010776121795925194,4111.586824946512,890.865276213226,0.04975739419151179,-0.026834179143637702,-170.92206664826725
2.036156873620841e-6,224.7007701358191,3503.765616328322,-0.0068973572850881204,-0.006615522895085241,2.9440483090556957e-6,365.25644808373727,3624.402381463548,0.007551419609732663,-0.0024298013634113705,6.45289766917837e-7,862.3387156901778,469.22557170448835,0.49034982339514604,-0.09290990101839378,0.001127722409146661,4126.666121533398,842.8161380257104,0.0528807608003289,-0.02727788349046591,-171.25104664471849
2.0234111397651255e-6,224.70077007472761,3503.7656172705106,-0.007190331583223567,-0.0057928511190376755,2.939581115066913e-6,365.25644535597297,3624.402426817779,0.0072404718352183815,-0.0018413387221833167,5.422352925423205e-7,864.421853722844,-426.75944088805306,0.550429511270737,-0.12806901216896854,0.0011446576027569935,4144.790934217837,794.4076048122147,0.05313217577556343,-0.02796673498190243,-172.20733450200095
2.05814463708597e-6,224.70077013452277,3503.7656120697307,-0.0019793241975069407,-0.010823649823001047,2.9691610125234713e-6,365.25644627706833,3624.402424541539,0.01124897512639847,-0.0055749557129012445,1.9380499355428044e-6,866.5100239591956,185.60857590965233,0.08728402616997266,-0.041248077552770185,0.0008345056828503194,4135.701183911594,839.8858870583352,0.02291111325623658,-0.0333431837458867,-172.92277546353657
2.200981652946781e-6,224.70077160155412,3503.765566948829,0.02115570931328544,-0.028550366165486982,3.1318367956908574e-6,365.2564523731585,3624.402350190718,0.030075396096158228,-0.019249160627403776,1.7323920994387584e-6,868.6032385554475,234.83674021530408,0.06662805733780096,0.047357752682191535,0.0002774888218760574,4036.8654674030104,973.7469595224388,-0.19524136136949538,-0.08997595959433384,-172.21437737459732
2.123022028340494e-6,224.70077171986688,3503.7655636025033,0.015639922840237023,-0.031186274928974755,3.1059085685243684e-6,365.256452188922,3624.402350005737,0.026091115329992733,-0.02085102926078933,1.9035613535990121e-6,870.7015096971807,226.27924319167187,0.07246076953221232,0.06654907481240656,0.0002535167105140692,4027.9127526176667,959.5150480322056,-0.22898344497914372,-0.10600386097919967,-170.55796009263724
2.021567740012587e-6,224.70077164478087,3503.7655664696376,0.005494891691526975,-0.03048013434302403,3.0485167993858394e-6,365.2564512509978,3624.4023591682453,0.018317413601969566,-0.019951949616764213,2.039450060138392e-6,872.8048495994111,206.83490158695898,0.05938042502493872,0.07400434753109399,0.0002848140961666627,4032.0637672206517,945.3070752195854,-0.19070571232261047,-0.1021353253864819,-169.12331055872247
1.9297628821363397e-6,224.7007714894095,3503.76557236271,-0.004622465642969782,-0.02721444069334364,2.9903538976400437e-6,365.2564503781594,3624.40236833272,0.010481220173744686,-0.017141182027725733,2.152132619360954e-6,874.9132705066654,180.32551896156744,0.03406387357110884,0.07773243717423306,0.0003509834086273102,4041.0041932676727,914.0005351180894,-0.12863915931019693,-0.09412872680261936,-168.0248750972735
1.8676001586776872e-6,224.70077131980352,3503.765578603491,-0.01172116169296821,-0.02366436570613701,2.948627497878812e-6,365.25644988138333,3624.4023725751854,0.0049555077656530545,-0.014142734598987893,2.2754710238933374e-6,877.0267846930465,1026.6316027068906,0.00837101310727968,0.07709932839264158,0.00042793016878891674,4050.138128899826,856.9415225504259,-0.07747409364766719,-0.09160932975902832,-167.2243160836747
1.8391794143871146e-6,224.70077116803904,3503.7655836595814,-0.015454845641857754,-0.022339384614346917,2.924792333249141e-6,365.25644967265924,3624.402371732883,0.001993114762732843,-0.012929805776163131,2.425626506482309e-6,879.1454044623082,120.67778264567694,-0.006078517800125746,0.07444285992507332,0.0004861232584314843,4057.6468023518973,801.7205493874852,-0.04772618638993432,-0.09213300118919172,-166.80140302722867
1.8377640717076433e-6,224.70077101303661,3503.7655883624725,-0.016822653867389063,-0.02264777618236217,2.913303577889719e-6,365.25644956788665,3624.4023687529016,0.0008126732271937379,-0.013088253108537937,2.5702840990342436e-6,881.2691421479268,975.302474755398,-0.012569268580575601,0.07232124850142542,0.0005260205977414652,4064.588832016686,758.6254153870468,-0.030403930476671483,-0.09277366642383503,-166.93508104177275
1.8604840280316669e-6,224.7007708405612,3503.7655932826774,-0.016343414662247976,-0.023292462203284785,2.911551269764188e-6,365.2564494779306,3624.4023655961305,0.0010204692792325208,-0.013633397992112864,2.6667588882890855e-6,883.398010113171,950.7834397687044,-0.016911284093795505,0.0704021845135654,0.00055882285139969,4072.1543281264503,722.8963637579162,-0.017825618864048026,-0.09257896708633812,-167.81534896177124
1.9096155440845635e-6,224.70077064419394,3503.7655983537156,-0.01402514957409037,-0.02322070531575404,2.9199528713332793e-6,365.25644925134276,3624.402364641712,0.002629030255761286,-0.013759771847660505,2.645549300862564e-6,885.5320207511783,924.8874976945003,-0.022017598080771972,0.06864849835722517,0.0005903840003989282,4082.425004360994,692.2410536753505,-0.007681861327904235,-0.09058897960523815,-169.60790333492872
1.9877157144831655e-6,224.70077034971212,3503.765604385699,-0.00942137490424201,-0.020922285100978103,2.942139127103096e-6,365.25644816207694,3624.402375761713,0.006058870832585629,-0.012254038861608831,2.3131537979576836e-6,887.6711864850212,898.0760724849262,-0.0319356524712952,0.07137903288584263,0.0006294633523656945,4105.527762012531,662.4468149250126,0.00010476351195745694,-0.08347173599359684,-172.2694381191605
2.0708095476613952e-6,224.70076980885008,3503.7656144044327,-0.002563913476843318,-0.015393202495014847,2.981400747623245e-6,365.2564447871115,3624.402420872092,0.0114844742832955,-0.008188739741168044,1.4611785378343953e-6,889.8155197677834,884.396171481665,-0.04699253643697526,0.10253165709006214,0.0006953315135996762,4156.953154497409,634.1896739671312,0.005890282688665149,-0.06553872188021513,-175.01942821298354
2.1063874746131006e-6,224.7007694239459,3503.7656225374476,0.0021714144743469623,-0.011367064348789884,3.012204704527907e-6,365.2564418765474,3624.4024643838598,0.015363976600347863,-0.0052239516269877795,9.516049491563247e-7,891.9650330826313,901.259219897543,0.021021258509030014,0.15477299803860894,0.0007624594073789545,4196.223307183438,625.9072740606947,0.011989450388959834,-0.05034487503420605,-176.80783056745076
2.1212856116335924e-6,224.70076925981968,3503.765626381376,0.0047477941323678195,-0.009462508216346846,3.0296047061310065e-6,365.2564406323323,3624.4024847438695,0.017485545352439014,-0.00387194209338041,7.444366451500275e-7,894.1197389428868,897.7366419627657,0.10819956345167878,0.14297149261159067,0.0008128270210906509,4212.653746314828,622.5958740514592,0.017940475690313925,-0.04347199272959777,-177.82549876111347
2.128967278621289e-6,224.70076919529617,3503.7656277987894,0.006337678785462992,-0.00850498751808068,3.0403330642262887e-6,365.2564402401436,3624.402492193663,0.018796694685598466,-0.0032196858302155538,5.830650729201704e-7,896.2796498920989,881.6855319807322,0.17832206504972067,0.1042568698012788,0.0008449404967083601,4218.170535662163,622.8112216986166,0.021956153786302418,-0.040506001006909084,-178.41923807909296
2.1320338053256933e-6,224.700769182162,3503.765627846424,0.007435311557829947,-0.00802325076784741,3.0476604230407454e-6,365.2564402817369,3624.402492751063,0.019701353219206588,-0.0029074227501086096,4.3703304571065606e-7,898.4447785041207,857.7154086551639,0.24994769353376392,0.03963783420950298,0.0008626204099066105,4218.268175605719,626.4894863540119,0.024268818124762555,-0.039296527154298294,-178.7617750908784
2.131799996975308e-6,224.70076919798294,3503.765627131774,0.008220071622553409,-0.007820060821725318,3.0528318479954914e-6,365.25644055450084,3624.402489550327,0.020345752887884393,-0.002789970651185469,3.065701800914458e-7,900.6151373831771,818.2795523052374,0.32995807577758385,-0.08661215666779153,0.0008698755276450668,4215.677638702444,632.5620058282415,0.025336476055848683,-0.03894721318178844,-178.95059669247578
2.1286960144578897e-6,224.70076922898448,3503.7656260689027,0.008765231369056175,-0.007798435817399206,3.0564132240771225e-6,365.25644095678433,3624.4024843436964,0.02079060189226817,-0.00280062641731904,1.8594993657119516e-7,902.7907391639417,732.6257757579153,0.39091297428055266,-0.392347436822163,0.0008697924292135262,4212.116934615779,639.7865123547745,0.025491136178856105,-0.0390106963143967,-179.050839981033
2.103898593218527e-6,224.70076929887196,3503.7656235613285,0.009998796654401653,-0.008174540876073695,3.063214706518607e-6,365.2564424218213,3624.4024622083766,0.021793550718234658,-0.003094231558558102,3.193435572813272e-7,904.9715965116094,1039.1750962469055,-0.17745023231183585,0.21089564253463258,0.0008562474224669764,4200.198952724009,673.1434956489937,0.02359445577873263,-0.038445465575049395,-179.0793994225799
2.1656487692921224e-6,224.7007693525594,3503.7656202645676,0.01227714383581171,-0.010959518791413452,3.077896383834824e-6,365.25644293228703,3624.402453873794,0.023490659231319527,-0.005349880114917207,1.1068041203976702e-6,907.1577221219702,477.41977950838026,0.06436027894463965,-0.0775315760787403,0.0008025402711127258,4182.819465132881,697.7853873516988,0.016712317452159585,-0.04244212835912992,-179.0461003427044
2.161335368922659e-6,224.7007694149294,3503.765618470805,0.012278831193970883,-0.01127789474116903,3.0784468878002792e-6,365.2564433482071,3624.4024472608817,0.02343712574560239,-0.005601776848724606,1.2304825433820136e-6,909.3491287214823,449.87830431667106,0.029234799710540688,-0.1292717798186541,0.0007862455489685897,4176.893395768729,703.4804449363313,0.014681813351334094,-0.044140563495747936,-178.98208112557202
2.165212921174093e-6,224.7007694973746,3503.7656144801704,0.009797112627753034,-0.011436486621583513,3.075965763289203e-6,365.25644384791644,3624.402424164674,0.021446754529962624,-0.005827134666586066,3.467747717289619e-6,911.5458290673499,642.1086133924256,0.1095795934516858,0.08825128039782344,0.0007569662762272174,4176.632396978784,695.4228002643397,0.010027854324323428,-0.046998100541412936,-178.44648906441964
2.1523675711408774e-6,224.7007693004498,3503.765619155537,0.01004042428795785,-0.008330917537072855,3.0753127500111913e-6,365.2564421408411,3624.402466426524,0.02189201230471712,-0.0033007906489392206,5.485457749779387e-6,913.7478359475914,604.00621768983,0.12456907761422963,-0.013110899276037442,0.0008131902880180122,4185.4250627784995,705.4954331541531,0.017125653242041787,-0.039495987635366325,-177.65810293072713
2.1426000876905004e-6,224.70076918837032,3503.7656236562316,0.01017199364580756,-0.006446681102559188,3.0716207078971474e-6,365.25644085661395,3624.4024940596864,0.02215729804876788,-0.0017157050892857193,3.938647038173502e-6,915.9551621811183,579.3572228313486,0.12638583218710636,-0.03348436275593565,0.000896474708071841,4194.28910418814,692.4952071317205,0.027853739700369088,-0.03531954016653672,-177.85912515771906
2.1373559953346786e-6,224.70076918159887,3503.765625201889,0.010040851760910746,-0.006529443725141663,3.068644871296281e-6,365.2564405414229,3624.402498090073,0.02204823348143224,-0.0018027092403781772,2.364441061179947e-6,918.1678206178085,558.7483424702752,0.12888842875941361,-0.03887971390323009,0.0009098257858648872,4202.6614776948,678.5611946355098,0.029309833070206667,-0.03460188531347783,-178.4192296537545
2.135225245292508e-6,224.7007691676497,3503.765626350901,0.009762446147221313,-0.006917431172505885,3.0657258806947457e-6,365.25644036479804,3624.4024986256345,0.021790950955710743,-0.002155516187965734,1.5162969472625847e-6,920.3858241385809,540.1055646250355,0.126589731244762,-0.04389992270951017,0.0009049588714059433,4211.00834916537,663.4334126028791,0.028632048216658816,-0.03472886948195666,-178.82544582893
2.1311865532896957e-6,224.70076915122607,3503.7656273953603,0.009126429541174562,-0.007293740789651561,3.061105910656859e-6,365.2564401961061,3624.402499001832,0.02124511881270026,-0.0024936715859142193,1.0526604586502958e-6,922.60918565547,526.7033004796451,0.11244924126598041,-0.04473643118515616,0.0008968785049909643,4219.751018628507,647.5903633552365,0.02749400488016186,-0.03494545871939037,-179.08307460601532
2.124740367476354e-6,224.70076915066826,3503.765627999354,0.00802442512233919,-0.007701907293528056,3.0535460564835434e-6,365.2564401159073,3624.402498228626,0.020314146586013524,-0.0028387161561560198,7.836954397107831e-7,924.8379181117042,526.3761818287472,0.0798628462271734,-0.030391087646893633,0.0008842099808976733,4227.5155145558665,632.6186750279854,0.02576646250609582,-0.035445781102423746,-179.1819809691518
2.148670829752256e-6,224.70076980597625,3503.7656124147134,0.007142459246322737,-0.013198190492068346,3.0385816306695512e-6,365.25644588890765,3624.4023932564833,0.018817741795542953,-0.007273956141639061,1.2678367427378933e-8,927.0720344817763,-4530.314991769212,3.693322773599335,-15.713168746876796,0.0006890343312178491,4159.066326135201,653.5726409352701,0.00451468611729393,-0.06276974309514677,-178.8984635677183
1.8132299466667943e-6,224.70077177791444,3503.7655843966295,-0.02308523705395888,-0.03038231985813808,2.8662018886873823e-6,365.25645950640967,3624.4022194702966,-0.005931096151901651,-0.020399936196178556,4.343860985295232e-6,929.3115477715218,299.66547024853,0.16366051576254062,-0.05133675726278742,0.0005575590408050195,3932.3934057757083,797.6963773314561,0.020331048796562466,-0.12537170462001576,-175.29629235748519
1.7710367825012613e-6,224.70077178443015,3503.7655840157418,-0.02916759582699762,-0.029092047517568175,2.832985135942516e-6,365.2564567072538,3624.4022675441756,-0.010732904997436586,-0.019127523404039226,3.9372828963376165e-6,931.5564710181944,273.6477034523539,0.17477720422175896,-0.06042765215790065,0.0005409771550902803,3957.9482042570903,805.2953004044457,0.0036641500211317484,-0.11865410906014054,-171.8234717768608
1.7550170394706373e-6,224.70077169817333,3503.7655848720938,-0.03230374362157401,-0.02492243836980581,2.8163977422608717e-6,365.2564530902096,3624.4023246956726,-0.013133142627361758,-0.015594842934740658,3.4076155834715992e-6,933.806817290541,247.97712706257943,0.19514614436362823,-0.05886107132210525,0.000543044571025305,4002.147735114387,827.0227472514641,-0.014278719973435603,-0.09902023282080978,-168.70999730652477
1.7782845914748635e-6,224.70077142749818,3503.7655890409765,-0.029965304188415275,-0.020297646472781202,2.8290723663088723e-6,365.2564498613595,3624.402377357778,-0.011037331854876294,-0.011823062212761876,2.796348119317533e-6,936.0625996888808,222.87173191318774,0.2260160960300018,-0.06023785458606822,0.0005756473915740719,4044.526351271529,847.4520239122954,-0.018496371196477585,-0.07590195946634988,-166.63056836029648
1.8293987055794634e-6,224.70077119277366,3503.7655917561806,-0.023657456228195074,-0.016802793448173987,2.8643418312977122e-6,365.2564483541567,3624.4024056563417,-0.005754933145167498,-0.009152243826655186,2.2716891141440666e-6,938.3238313451768,1136.923210844964,0.25298381865379355,-0.0673886471772975,0.0006034799649847874,4066.1265148794473,858.2730317717692,-0.015947419976456552,-0.06319524574904258,-166.26283289119252
1.8904403416293519e-6,224.70077103826114,3503.765592625643,-0.01638345591443945,-0.014311503963890986,2.906251980595114e-6,365.2564479936433,3624.402414772816,0.0002471615967884704,-0.007409371647524603,1.8429495131539289e-6,940.5905254231155,173.89615873951942,0.2723193663819488,-0.07972586548337836,0.0006174188150930672,4076.5220679919694,871.2859792899909,-0.014169829403311986,-0.05573042726833759,-167.27145174094613
1.95163968101787e-6,224.7007709001245,3503.765593323832,-0.009521644642758635,-0.012733985869467739,2.946328336572488e-6,365.2564479804078,3624.402415495186,0.005880547122133247,-0.0064300784031667176,1.4617924214529772e-6,942.8626951181827,146.62817196980686,0.2899559819251841,-0.1052282976055601,0.0006269440830067837,4085.371931499293,880.0516660311678,-0.01265464325626592,-0.050354909262327954,-168.89556763594786
2.005842201444621e-6,224.7007707454172,3503.765594718416,-0.003703808500747706,-0.01177677322527894,2.980336080434541e-6,365.2564479934971,3624.4024128625124,0.010667630291164428,-0.005913091589609564,1.092341703825648e-6,945.1403536577402,112.93167702214691,0.31145829413578036,-0.16070450246719165,0.0006396729202052285,4095.751828411156,878.8467624190116,-0.01006483074901492,-0.04644244855155912,-170.6123134460504
2.048554475970423e-6,224.7007705783739,3503.7655967613223,0.0008326396933600812,-0.011152223209666762,3.0066099529386097e-6,365.2564480010156,3624.402408101148,0.01443355764554767,-0.005593308376639932,7.203090754202878e-7,947.4235143011023,61.18836815962703,0.33353929073287436,-0.2931134070825917,0.0006562176630891748,4107.088763336427,867.9312492513518,-0.006467280760349619,-0.04399108426300774,-172.16641699537567
2.066503914983318e-6,224.70077030579458,3503.765601189741,0.0038378153180273983,-0.00857571747337502,3.028023622343454e-6,365.25644684613366,3624.4024144200757,0.017041980358444703,-0.003313032960342752,1.3879279497129435e-6,949.7121903396161,390.2627843381039,0.08651497708268716,0.14730998452393068,0.0007186373323028731,4125.182938087101,817.2667296252177,0.006755672430764924,-0.04372207406076561,-173.23854587188714
2.0739407406900648e-6,224.7007702159534,3503.765602040376,0.005976200212987163,-0.008198857222960718,3.0403034145159462e-6,365.25644731647895,3624.402402232212,0.01885987830523718,-0.003000978040232916,1.430671180316953e-6,952.0063950967337,350.2106976969856,0.04952596130709083,0.12792869778140023,0.000725261149225279,4131.8803810029585,802.4969080613658,0.008184476279059974,-0.04380114429776491,-173.9822867457322
2.0827208782477183e-6,224.70077015280512,3503.765602375504,0.007673956865138396,-0.00790359028825283,3.049045851007844e-6,365.25644772160416,3624.402390805799,0.0202929151987827,-0.0027164433164433345,1.5329498414531038e-6,954.3061419280937,311.870531978679,0.03156700249367144,0.1006959893340025,0.0007250001239975741,4137.371218480592,786.5441788691122,0.008321275645601535,-0.04478905554403043,-174.6667055550751
2.0936955041778377e-6,224.70077010350116,3503.7656024703524,0.009052823787251056,-0.0076537571548147875,3.0552246804736673e-6,365.2564479095714,3624.4023828657364,0.021442184732209744,-0.0024321746275684335,1.6466707472082474e-6,956.611444221597,276.9618601889336,0.024747992968060094,0.07512795305908929,0.0007193939246133781,4142.649052381525,768.6228495387469,0.007342606465403299,-0.04641573067843027,-175.32756942718683
2.10599506517102e-6,224.7007700552758,3503.76560262251,0.010099606689522396,-0.007378217488566571,3.0589218592297656e-6,365.2564477123746,3624.4023811367006,0.022306579154966658,-0.0020901513581824275,1.7441804044824077e-6,958.9223153974863,243.6900673007002,0.02243429127482724,0.05173925637175149,0.0007113601674942385,4148.892564127706,747.1773322077952,0.005619360489546875,-0.04840893902343814,-175.96670621303502
2.1164178829321204e-6,224.70076999664363,3503.765603127264,0.010680318762804465,-0.006972436119059455,3.0595349270686857e-6,365.25644697577565,3624.4023881168564,0.02279073762282819,-0.001606815837831315,1.81525297373826e-6,961.2387689084215,209.70588465500387,0.022877138061996934,0.028842392059902897,0.0007049298441656032,4157.173493991763,720.4118868941582,0.00380655353649771,-0.05049034164408001,-176.53448177969847
2.119477393890555e-6,224.70076991838866,3503.765604272903,0.010561497249055717,-0.0063123923415346036,3.055947501287584e-6,365.2564456244939,3624.4024052538384,0.02271696256330172,-0.0008871993553475542,1.8678502235488637e-6,963.5608182395637,173.51222238691741,0.02833814935581857,0.006178796310687695,0.000705647641071753,4168.233000111827,686.8323490357348,0.003037398094918323,-0.05231724901679482,-176.93023393261745
2.1085898943594575e-6,224.70076981850002,3503.765606254113,0.009485200406511537,-0.005310880440915671,3.047009514148674e-6,365.2564437558452,3624.4024316799855,0.02187381120103626,0.00012573339705383027,1.9236052124507557e-6,965.8884769086463,1101.7787575795396,0.042538763881698215,-0.01218101150727249,0.0007204485765833063,4182.154665906929,646.3203909919243,0.004837048157519721,-0.053412584885170776,-177.03348746441168
2.0795232632130347e-6,224.70076970530494,3503.765609094495,0.007352106099885367,-0.0040205087706280535,3.032517403674002e-6,365.2564416581243,3624.402463958628,0.020152348117187815,0.0013693635099641809,1.9949494544245653e-6,968.2217584660585,1068.3395043436005,0.06484051921657767,-0.018590156887721365,0.0007562867020780152,4198.249793080655,601.007489395963,0.010401643262804858,-0.05319788980218522,-176.76269299936928
2.034773192669007e-6,224.70076959530957,3503.7656125742697,0.004467476037541113,-0.0026861984891928615,3.01452981156956e-6,365.25643969851234,3624.4024974239737,0.017762144309597563,0.002621339214188658,2.0655301296499613e-6,970.560676494923,68.77409268661913,0.08809919233972414,-0.009005780619211529,0.0008160633281626931,4215.139505683677,555.510286540827,0.019368417819404342,-0.05132105822192281,-176.1283887626552
1.9878936710663634e-6,224.70076950815655,3503.7656161364353,0.0016881049503478965,-0.0017036762638941243,2.9979871437266314e-6,365.2564382655292,3624.4025261388556,0.015387446028088036,0.003537276061837745,2.1028433888063515e-6,972.9052446111748,1014.8249923015047,0.10473919517975706,0.011644871982973384,0.0008883135373684066,4229.887225382373,518.770796634898,0.028944820863182983,-0.04825721314328376,-175.257350539694
1.958077022151996e-6,224.70076944705127,3503.7656193480343,-0.00011463416600350069,-0.0012794229356517524,2.9873646575870057e-6,365.2564376450239,3624.4025441693993,0.013769491204157264,0.003945478760418046,2.072475079802293e-6,975.2554764636402,993.4090866371325,0.11473116403962527,0.03196335821365044,0.0009477895020026331,4239.246282911129,499.4492318601424,0.03600253249941887,-0.045119404690538996,-174.37344960493417
1.9533470787798043e-6,224.70076938666887,3503.765622548374,-0.0007317852598611541,-0.0013509953070462916,2.983668253512459e-6,365.2564377773552,3624.402550262901,0.01311900742207613,0.0039015028708899078,1.9391627752033122e-6,977.611385734119,973.6796132007822,0.12560225027159932,0.04593619682265665,0.000980308627750863,4243.495209087922,497.4559277635957,0.03989080141711031,-0.042395429946937166,-173.69052282502483
1.971762125282106e-6,224.7007692927887,3503.76562649104,-0.0002796448394768587,-0.001974157931544491,2.9864269026944072e-6,365.2564384302294,3624.4025464215847,0.013349215439554562,0.0033633132239147515,1.6698779782583055e-6,979.9729861374598,955.2748192176454,0.1474252508235033,0.05419464468355715,0.0009863855632015468,4244.981596728927,509.08517452780046,0.04121105591387167,-0.039917163042958004,-173.2920224800849
2.0096162527150304e-6,224.70076914546232,3503.7656315941153,0.0011325349666049436,-0.003325137825146499,2.994871556885687e-6,365.256439455413,3624.4025342415266,0.014360013082044983,0.0021987236991423825,1.2663742998586965e-6,982.3402914216422,938.0296808833356,0.1980099854421862,0.054076073863341505,0.0009690373485940295,4245.388029461725,531.3421184396635,0.04044224842385359,-0.03757861901521841,-173.11426586782255
2.292929582312055e-6,224.7007687098553,3503.765646834507,0.002463977981911658,-0.008481855722095102,2.9768877614234705e-6,365.2564410487531,3624.402507853451,0.014730681579181214,-0.0021457863351569,2.252610796626062e-6,984.7133153678568,227.29925505282586,0.06658588504389025,0.09409620719910478,0.0010006092070267707,4250.425187831631,597.2250855379798,0.04296053022694341,-0.029218599050702516,-172.92022528528923
2.331203825875932e-6,224.7007686760721,3503.7656486080054,0.0028047568440705355,-0.008615299169038845,2.9782460295500748e-6,365.25644293767067,3624.4024766906778,0.015032835347738563,-0.0024521996849485037,2.7091744360947028e-6,987.0920717905846,201.1450114943759,0.06397610856252597,0.07606506813709603,0.0010108239457851627,4246.929790459825,610.0455290289298,0.04675569374476023,-0.028505575570374184,-172.44752807834465
2.3473261738961735e-6,224.70076865293956,3503.7656494661405,0.0037204078194419793,-0.008752834768078902,2.985836139206718e-6,365.25644477405444,3624.4024452814397,0.015863595921148364,-0.0027702246253969434,2.9652706750971253e-6,989.4765745376802,179.33135903106793,0.06772622336681607,0.0656741509115227,0.0010000077271635763,4242.320734365,620.641752313853,0.049149017000381386,-0.028939079404411833,-172.16514664464862
2.3518596132709457e-6,224.70076863073527,3503.76564990575,0.005092978373109663,-0.008950717527990985,2.9976015041170712e-6,365.2564463402946,3624.402417302259,0.017088468233565912,-0.0031483509377052896,3.0987081071800847e-6,991.8668374904481,159.45750258482315,0.07409094804551632,0.05748688658098906,0.000975486217543748,4237.447262157725,629.0379181625897,0.05064548961128427,-0.03014582869815803,-172.1378643040379
2.3517298348565276e-6,224.70076860819808,3503.765650100718,0.0067946029847101444,-0.00926592137126809,3.011890344354691e-6,365.25644745752976,3624.402395523001,0.018580895709966766,-0.0036313985602946996,3.1626970482631584e-6,994.2628745637262,140.31423858532455,0.08103849270402863,0.04922799456884254,0.0009428343252826239,4232.496849575673,636.1807374191933,0.0514205927912988,-0.03188831520337582,-172.42097645895046
1.9673107004221558e-6,224.70076872054187,3503.7656504513943,0.0052849018855118685,-0.00694015392080301,3.051980109945188e-6,365.25644535731215,3624.4024252238964,0.017350860360467894,-0.001953325905285962,1.8298268014079204e-6,996.6646997059663,561.9895490556191,-0.07132516220309468,-0.0990796276972817,0.001020740257990368,4233.147228335466,629.3887521492419,0.058149777439848165,-0.028829120572263008,-173.0453222038199
1.9728763084957076e-6,224.7007686899425,3503.7656507770826,0.00658983347812902,-0.007845657286648787,3.062828170591229e-6,365.2564454584715,3624.4024179159715,0.018431886034931955,-0.002839433342084282,1.9917427479043844e-6,999.0723268993154,553.6304291074699,-0.07245365754384407,-0.07722623463085915,0.0009885615312400576,4227.515097769413,644.584521607973,0.057417173479148445,-0.030146438950056382,-173.66241829978628
1.963623780211843e-6,224.7007687369315,3503.76564851507,0.0063832964963911176,-0.008883284823954153,3.06413453060954e-6,365.25644461273447,3624.4024240974736,0.01831534318287618,-0.003789763029090871,2.242215360682282e-6,1001.4857701596956,552.3224316908717,-0.06061796808620343,-0.043346508084663664,0.0009796849442480886,4219.2080402862475,665.8657781110279,0.054992795095343903,-0.031103121089173666,-174.60841864318635
1.908827186813899e-6,224.70076899362667,3503.765640132141,0.0020561751532238086,-0.009944783880929819,3.040919167931501e-6,365.2564431648457,3624.4024389997307,0.014902912912491316,-0.004628136808477146,2.881600207115071e-6,1003.9050435368904,554.8377033191625,-0.016941563375453945,-0.004054332590105757,0.0010459744927217114,4202.478972623198,709.5821442538356,0.05022620354126797,-0.03000112229935623,-175.48752052660592
2.2049898497889896e-6,224.70077041149182,3503.765599123246,-0.012751133399383312,-0.009220247733669125,2.897862383347547e-6,365.2564471506027,3624.402371665564,0.003410624941132039,-0.00388657664823207,3.350931862073453e-6,1006.3301611146201,1006.9386639537204,-0.06095918205618101,-0.06484894093959538,0.0013997564965734098,4137.843027716097,829.6453254951915,0.04415795997378276,-0.027197807148297667,-174.34174735574317
2.1678548641274477e-6,224.70077088796438,3503.765584877597,-0.017048822017448482,-0.008474957739971046,2.8674601098674783e-6,365.2564509731295,3624.4023196460853,-0.00010594367694853293,-0.0026496427733910355,3.243259923394039e-6,1008.7611370106276,962.0292089446413,-0.10009502510676765,-0.11802996929859533,0.0016441724534696496,4138.8803806471005,819.1662249512225,0.04423029551862272,-0.025135298613584135,-169.938524256895
2.141274585852292e-6,224.7007708335701,3503.7655824651993,-0.017794827103679904,-0.008334420134974272,2.859819985520783e-6,365.2564547239973,3624.402267502616,-0.000676749848085932,-0.0019561567289882835,2.927430457157928e-6,1011.1979853767602,-93.63958577175832,-0.10575567987279454,-0.1669960827100558,0.001728543808716349,4162.38128057814,763.3349134370575,0.04319095387265755,-0.025044803153838485,-165.1186510811648
2.125482243556135e-6,224.70077053176064,3503.7655868676347,-0.017121485104165782,-0.008329784587384583,2.86301389731744e-6,365.2564581527219,3624.402217829314,-4.654447460607048e-5,-0.0016166371258168233,2.7095590368171817e-6,1013.6407203990511,876.2314502966525,-0.07899510504962523,-0.20042834655693323,0.0017154419764435463,4191.000094296416,701.0249577839905,0.041719331461851875,-0.02547252267833825,-161.29764506166623
2.117909407245977e-6,224.70077016114152,3503.765594605036,-0.015602341141620757,-0.008282300516554693,2.8736906093298357e-6,365.2564609060904,3624.402175892828,0.0012851433836089559,-0.001501771322536877,2.5581076354756365e-6,1016.0893562978017,847.9345801341685,-0.054154158840961135,-0.20617476810235477,0.00164406273378067,4216.826324389176,646.823109761789,0.04035622919945444,-0.026149367783752982,-159.15605363013458
2.1165433533216366e-6,224.70076981512344,3503.765603164552,-0.013463524673093034,-0.008244914975091028,2.889916352017467e-6,365.2564625766729,3624.4021482581134,0.003109569773114634,-0.001586322891299168,2.41696318564007e-6,1018.5439073276684,830.1285779581698,-0.045297731246460415,-0.19529088234510766,0.0015398263027484535,4236.920877818031,605.7314295081014,0.03902679829342461,-0.02707959427225531,-158.69486310755624
2.120317977265454e-6,224.70076952600053,3503.7656111208435,-0.010893938563939375,-0.008283744430419012,2.909541022788473e-6,365.2564630105763,3624.4021380521913,0.0052587807026466815,-0.0018328542473230879,2.2931916762469527e-6,1021.0043877777391,817.5928693983506,-0.044671724826871116,-0.17697935746258975,0.0014245175705385686,4251.459971204647,576.6043951165718,0.03753570805211063,-0.02823952180933087,-159.45291942429864
2.127671959305909e-6,224.70076929581455,3503.7656179379865,-0.008080427187501446,-0.008404031715327023,2.930717442566278e-6,365.2564623425852,3624.402144166895,0.007579771927005163,-0.0021772789855290784,2.1896535916110986e-6,1023.4708119716205,806.6070265852659,-0.04534568898888868,-0.15671311044471514,0.001313169780600453,4261.683289939993,556.2996389676467,0.03581120716675023,-0.02952825403762401,-160.8987890185715
2.136658154832277e-6,224.7007691156761,3503.76562357222,-0.005182680882207161,-0.008579090777336856,2.9522073791467375e-6,365.2564608242572,3624.4021637123096,0.009949126584168666,-0.002560882354832705,2.094026457071908e-6,1025.9431942675208,795.045827274265,-0.045346329881833285,-0.1379878425701372,0.0012131757019493601,4268.811662198632,542.0759209441945,0.033876791314616225,-0.030824181385667532,-162.64171209890196
2.145718735700707e-6,224.70076897514275,3503.765628154088,-0.002324924172361379,-0.008781024669278931,2.973190070001165e-6,365.25645869309625,3624.402193897565,0.01227200131568802,-0.0029448052701102115,1.993545919298056e-6,1028.4215490583322,782.1195878156011,-0.04514059056035919,-0.12220860818688344,0.001126939256468459,4273.7160774378235,532.136314840318,0.031810541444620095,-0.03204525024181502,-164.444212795849
2.15390721559506e-6,224.70076886543492,3503.7656318342742,0.000395356730635687,-0.008991955277366992,2.9930394359568063e-6,365.2564561248962,3624.4022326513254,0.014472003962519492,-0.003308601311363949,1.8818969672889221e-6,1030.905890771718,767.7431020169864,-0.04552492323791304,-0.10944452374441221,0.0010544998963952156,4276.950415013514,525.4021752694555,0.029718045035037652,-0.0331681839671729,-166.17085749210136
2.1607945337301213e-6,224.70076877988438,3503.765634737881,0.002897538719577482,-0.00920664002972942,3.0112094219269453e-6,365.256453233178,3624.402278495023,0.016483640196203478,-0.0036465172460921637,1.7596022783471237e-6,1033.3962338701924,752.04374557236,-0.04693596927661642,-0.09928794501121363,0.0009950071502065813,4278.862117214947,521.2469089573605,0.027711599566463935,-0.03421518658455367,-167.7455087125566
2.0464925509840203e-6,224.70076857909905,3503.765641650061,0.006438834496852545,-0.009257569403581864,3.053818070879275e-6,365.2564485617452,3624.402361869822,0.019250978999575317,-0.0038620756687727828,2.2427770412294057e-6,1035.892592851206,276.6844176465142,0.07376796241374949,0.05155050804689626,0.0009446307712284981,4292.852535821804,502.16793149830323,0.024329287490797696,-0.033605392413015224,-169.0920017886568
2.063353130916887e-6,224.7007685384148,3503.7656429289227,0.00824950595679653,-0.009478869388260001,3.064353743378858e-6,365.2564453319665,3624.40241381885,0.02068597293154573,-0.004142743127177613,2.1061113507232526e-6,1038.3949822472318,251.11962731642888,0.07081952021234347,0.05122910732639772,0.0009084315085253962,4292.078716163772,502.0928552899789,0.023007512337994494,-0.03484080229128685,-170.14197823382244
2.0778849566433157e-6,224.70076850876958,3503.765643796879,0.009748363376337728,-0.00970141058305421,3.072755356586918e-6,365.25644181097874,3624.4024707038093,0.021857094453853497,-0.004402892831181304,1.990685740576655e-6,1040.903416625848,225.80578124965265,0.0687898648491756,0.050828973496635496,0.000880160501791845,4290.748522264444,503.43370187479803,0.02190254067228199,-0.036035550337502276,-171.0578120640973
2.090572925822834e-6,224.70076848792726,3503.7656443387714,0.010944592253645618,-0.009921733545725231,3.0790943150870615e-6,365.2564379860599,3624.4025318736453,0.022773809670604453,-0.0046423744013959125,1.8869949248527645e-6,1043.4179105898227,201.0542695375121,0.06774463609145712,0.050753585687200356,0.000858633399400301,4289.066670056453,505.85117972605656,0.02102589911791136,-0.037165506060741295,-171.84823903317502
2.101797305842743e-6,224.70076847415203,3503.7656446333717,0.011868922474616773,-0.010133001135841774,3.0836035697544575e-6,365.25643382164947,3624.4025970757716,0.023463949426610085,-0.004858625402679707,1.7878596577529826e-6,1045.9384787772026,177.12831487315006,0.06775846549789472,0.05125825060456992,0.000842566254095067,4287.198776474146,509.0231142904661,0.020360412748649602,-0.038199593882943264,-172.52947559797727
2.1117183191778643e-6,224.70076846606298,3503.7656447493855,0.012560514055584353,-0.010328808694321755,3.0865887566560254e-6,365.25642925495345,3624.4026666830973,0.023962715740027167,-0.005049402344485204,1.6893826583503443e-6,1048.4651358613924,154.1722288605361,0.06890593235811228,0.05249378612202126,0.0008307842548596515,4285.266623435227,512.6751162719249,0.019878039196335715,-0.03910777896691844,-173.11921585753183
2.120349454673015e-6,224.70076846239346,3503.765644743794,0.01305864339917282,-0.010512192720538277,3.0883548399862726e-6,365.2564241944706,3624.4027417341695,0.0243051973184074,-0.00521970299973927,1.5904245036867494e-6,1050.9978965512441,1183.267549888508,0.07137392737840965,0.05448379063813691,0.0008222901551385803,4283.327273504695,516.6869004371093,0.019545115248178726,-0.0398683187475796,-173.63261157491905
2.127719659925807e-6,224.70076846232337,3503.7656446514,0.013402794663053845,-0.010681151221643287,3.0891940404471084e-6,365.2564185060054,3624.402824050229,0.024525649655081742,-0.005370450141280581,1.4920373139831691e-6,1053.5367755911418,111.41741738384977,0.07539137656176288,0.057249040430202354,0.0008162477943188546,4281.413809631731,520.9048355219859,0.01932598452318494,-0.04048409371356593,-174.0809927366903
2.1338270132050703e-6,224.70076846497795,3503.7656445016446,0.013622319228464998,-0.01083628182226504,3.0893182411291236e-6,365.25641199926014,3624.402916316228,0.024649540970580815,-0.00550402739935889,1.39596235821317e-6,1056.081787761087,1147.658357784855,0.08128397542367834,0.060825883521331336,0.000812120723898589,4279.5513679545775,525.2119580110966,0.01920379579152443,-0.04096344565388697,-174.47243207152997
2.1387371632799086e-6,224.70076846975746,3503.7656443115116,0.013741299696039388,-0.010980304240584679,3.08889081767022e-6,365.2564044114638,3624.4030222125803,0.024697386601078467,-0.0056242504794464555,1.30424912161484e-6,1058.6329478767843,1131.314614721053,0.08946146230858204,0.06529102264605201,0.0008094828096112529,4277.739913901885,529.5590091813548,0.019160681881238362,-0.04132136533493943,-174.81290816973137
2.142604674025631e-6,224.7007684761167,3503.7656440927817,0.013780140293488799,-0.01111394366256136,3.0880363131779064e-6,365.2563953727616,3624.4031468506487,0.024686172551992604,-0.00573296412637088,1.218833389786936e-6,1061.1902707897311,1115.8543280927381,0.10047082230911551,0.07076232811700724,0.0008080062187794979,4275.987248781629,533.8680392535593,0.019181958231119907,-0.0415792176659976,-175.1073069308272
2.145637497937121e-6,224.7007684837782,3503.7656438491103,0.013756459465373275,-0.011239961398186789,3.0868523282090807e-6,365.2563843648207,3624.4032972865875,0.024630284758189878,-0.005833362769500413,1.1409340649419045e-6,1063.7537713872987,1101.2410087770943,0.11511053797754636,0.07740878914079825,0.0008073902250082023,4274.277244606927,538.1428112641198,0.019248154888456118,-0.041755943725665226,-175.36004588230935
2.148110870571486e-6,224.70076849242747,3503.7656435832278,0.013687479012534814,-0.011358875669093677,3.0854207016359745e-6,365.2563706379862,3624.40348363665,0.02454347570699848,-0.005926534067562083,1.0724803068595924e-6,1066.3234645928223,1087.4395144777227,0.1344067892595634,0.08537058593423906,0.0008073547577123732,4272.610232465528,542.3270696536646,0.019338800134477512,-0.04187525490121637,-175.57540997418732
2.150268410785154e-6,224.7007685019088,3503.765643293845,0.013586956715919292,-0.011472900656502576,3.083795992990732e-6,365.25635308741994,3624.4037207121596,0.024436734649458707,-0.006014703724604171,1.016146506057997e-6,1068.8993653656871,1074.4133312768488,0.15979599681592768,0.09445652186648676,0.0008076336974461939,4270.97293523497,546.4336311146951,0.01942851787894783,-0.04195384212886707,-175.7577910908223
2.152384725566266e-6,224.7007685122419,3503.7656429740728,0.013467853115570423,-0.01157858495655808,3.0820108729898765e-6,365.256330023404,3624.40403108149,0.02432031472493885,-0.006095302667516878,9.768634552524578e-7,1071.4814887014159,1061.9566193745477,0.19275974656307016,0.10394024936885782,0.0008079827955668951,4269.36053437694,550.4111496222068,0.019493970806196755,-0.04201191036239507,-175.91205807550426
2.17309626906835e-6,224.70076849045032,3503.765643289512,0.012677743060970881,-0.013319910229541463,3.0761083285000567e-6,365.2562972278232,3624.4044611742097,0.023695729411001072,-0.00750511964557661,1.1077540579382553e-6,1074.0698496317546,673.6482505960547,0.22029256440594522,-0.07694708974346415,0.0008101559558285309,4265.079482806451,568.3598466866395,0.019227052159229603,-0.041511720648226294,-176.0076708004525
2.1724958138517767e-6,224.7007684952378,3503.765643154034,0.012491639133024536,-0.01361552171269262,3.073481779284758e-6,365.2562516862262,3624.4050681657836,0.023538399064302846,-0.007735155240993713,1.4591179851961502e-6,1076.664463224764,656.4573847516666,0.20813139469888825,-0.06401561127422328,0.0008108087424314714,4263.84846897545,573.0416257788839,0.019193641887887653,-0.041367629205586225,-176.06552470418916
2.1707942957478104e-6,224.70076850490685,3503.7656429178232,0.012211954710874832,-0.01392489681891057,3.069727653062121e-6,365.25618504272273,3624.405951847767,0.02330823257651405,-0.007972279567358485,1.9567427770253812e-6,1079.2653445849014,638.4253754801671,0.1999990197519099,-0.05390863381961338,0.0008123739664661684,4262.273092646243,578.7407429791429,0.019222314566173463,-0.041126252011675135,-176.124381499698
2.167451492241945e-6,224.70076852596995,3503.765642426785,0.011776370420329725,-0.014269790629288523,3.064079090566842e-6,365.25608381244245,3624.407281927756,0.0229551514655626,-0.008231171834678941,2.7183395968103644e-6,1081.8725088531137,619.9313877076362,0.19309115504586408,-0.045687857004620996,0.000815200084055248,4259.868683189287,586.7384579915486,0.019313439619000537,-0.04073397547466459,-176.20221830614918
2.161726739731459e-6,224.70076857481004,3503.7656412824176,0.011078193677359254,-0.014678158795737641,3.055262797265782e-6,365.2559263235672,3624.409311582158,0.02239490997903732,-0.008529804924886024,3.969708084826359e-6,1084.4859712069222,601.1721275649137,0.18466978826209374,-0.039072729622971675,0.0008195559358417687,4255.5564459217285,599.6701647739372,0.01940140404649508,-0.04010492047855616,-176.3405082358358
2.1528736291012455e-6,224.70076869077332,3503.7656385232967,0.009948998342612599,-0.015086429400062704,3.041590178641823e-6,365.25568976873143,3624.4122057088653,0.021498531514857165,-0.008810354280686496,6.074988807197753e-6,1087.105746860512,582.1832172314782,0.1722484942075595,-0.0339954641998946,0.0008256218653935558,4247.221300489279,621.8001021540284,0.01933809555142774,-0.03914528203694501,-176.6371701892081
2.1704827674235254e-6,224.7007692438229,3503.7656238330924,0.009703855232052538,-0.011218579525746817,3.054413011969885e-6,365.25622089980345,3624.403584261786,0.021252546153958697,-0.0056432656006570265,5.813053173005227e-9,1089.7318510648242,1936.725736297887,-51.841583630483065,0.335254939902431,0.0007927941554381532,4213.102906891017,664.2762982546118,0.013402718870221412,-0.04146364455728795,-178.45371995798178
2.1679164568164085e-6,224.7007693063686,3503.765622198168,0.009276364166116038,-0.011285117683129743,3.052379482580174e-6,365.25618684770825,3624.399210346447,0.02094135535041385,-0.0056886302365377,2.082317866940087e-7,1092.3642991076376,1399.632453970393,0.5514212305734882,1.6970140844780177,0.0007958743772071798,4209.885368569174,671.3181755884362,0.013339071576215935,-0.041230588126280485,-178.61362069492017
2.1991180338804043e-6,224.70076948805448,3503.765618261616,0.012034922369288723,-0.0112785180322224,3.1220892467366454e-6,365.2581971077328,3624.2320432522442,0.023114047534746933,-0.005872237260419501,8.444448400041235e-6,1095.003106313663,738.2441058332331,0.2882650501600039,0.06486493123685183,0.0007552141391775443,4206.412193158359,675.1418430180737,0.007296167153924066,-0.043456583810108806,-178.00149432021166
2.1813506828301563e-6,224.70076938184084,3503.765621127174,0.011622925761192253,-0.010963054044232689,3.1032260930301407e-6,365.25773196122753,3624.364062189622,0.022760199866439467,-0.005506380108784309,6.483349997713217e-6,1097.6482880446304,675.6598416308024,0.2726740920355927,-0.0293787003880968,0.0007571655591422019,4204.365059021168,677.1429795654444,0.007596662137485062,-0.042922902227566895,-178.5405176469875
2.172884678555861e-6,224.70076925090655,3503.7656234050037,0.009649126167561677,-0.01145740934234185,3.0462307532128744e-6,365.2559243629174,3624.405968508793,0.021208981134566835,-0.005840734198321812,2.7213755272388414e-6,1100.2998596993793,-227.74019702977725,0.2581911637299398,0.07087270929609689,0.0007948147855235715,4214.018480644619,663.1944705790615,0.013731733148072094,-0.04151445394963887,-178.44845121843886
2.163557759264471e-6,224.7007689972298,3503.765629995033,0.010682914716876738,-0.01059062601434039,3.0487954125930004e-6,365.2557612354948,3624.410973342554,0.0220617426566784,-0.0051628499164002835,3.891311248729209e-6,1102.9578367139468,466.02453258603543,0.24916002423395706,-0.03791022435851901,0.0008083411748957662,4235.418412442647,615.4373286995809,0.017529189168158765,-0.04166441310398073,-177.87392525144426
2.1818939439059326e-6,224.70076883684004,3503.7656339874616,0.012008524708163675,-0.012470242378122352,3.062004196771978e-6,365.2558862943313,3624.409709208721,0.023113158716253128,-0.006757928893274778,2.350170756637778e-6,1105.6222345616616,830.4272086904957,0.34264623976599,0.06612042096372249,0.0007953695119775822,4246.062033466493,602.3241650683573,0.016332201612284845,-0.04224587169283913,-177.00605062304132
2.172075597694819e-6,224.70076870990263,3503.765637563073,0.012681616129958804,-0.012477194354134108,3.070990078523095e-6,365.256031678769,3624.407953675319,0.023657582968309634,-0.006789849848552791,1.311722014633173e-6,1108.293068753228,832.3932855056702,0.45685239685644574,0.14653924669602286,0.0007985487385436764,4256.053570482008,582.8327156276664,0.017360537257397845,-0.04210048469270957,-176.61139719993906
2.172459985349218e-6,224.7007685722041,3503.765640630232,0.012556144388409404,-0.012565612050022068,3.070597191191902e-6,365.25613382909484,3624.4066449434185,0.02357400268593889,-0.0068662889707852715,7.601206960169499e-7,1110.9703548368202,339.3527410733783,0.598804067525093,-0.27185314904899555,0.000808648801369892,4261.124842320051,572.6582776890673,0.019125423606178277,-0.041816364379424986,-176.3626721066595
2.1737206650351353e-6,224.70076853299545,3503.765641650313,0.012827977750611027,-0.012826156657539533,3.074253046929217e-6,365.2562109816632,3624.405621461994,0.023802239757400326,-0.007094967260340964,4.6489465589694137e-7,1113.6541083981724,253.55466641151548,0.7085287688860616,-0.48692964605821426,0.0008071396832750992,4263.729154919965,568.1639865890585,0.01901621597435249,-0.04188490512313916,-176.16033183348887
2.1736373273175258e-6,224.70076851156375,3503.7656422438545,0.013043380331393807,-0.012915848922073675,3.077017004100943e-6,365.2562653504083,3624.404895546028,0.023984565011681707,-0.007180092545972793,3.551062682873309e-7,1116.344345060668,178.3402019979311,0.6373352407831401,-0.6774491327746949,0.0008058023861647943,4265.575361741618,564.4649538188747,0.018887492119040294,-0.041931944586692596,-176.00952201753077
2.171488414326681e-6,224.70076849897487,3503.7656426383996,0.01321073275133194,-0.012918961677516086,3.079167074045674e-6,365.2563045648518,3624.4043696157732,0.02412610612510308,-0.007190235493156285,3.3429728497295436e-7,1119.0410804854314,150.4607007347282,0.39227817271732235,-0.7436173607399079,0.0008048250680841042,4266.992299124773,561.4659721064028,0.018763189603935693,-0.04191210095461855,-175.8797270715969
2.1286189917391114e-6,224.70076838267,3503.765646487346,0.013695547457607428,-0.014031262983890003,3.08698690704798e-6,365.2563322700833,3624.4039970522795,0.024493769495943545,-0.008068269567886038,2.1949048455014723e-6,1121.7443303714224,1080.4851327567667,0.12159137595832581,-0.024740564165918896,0.0008065084548469502,4272.298895789916,560.9904051136015,0.018277459476838072,-0.04054594867752763,-175.72616027181243
2.125645220060546e-6,224.70076837005684,3503.765646865871,0.013661108556640513,-0.014115359850121682,3.0875128613282893e-6,365.2563535009702,3624.4037105382054,0.024478127254930215,-0.008137388943769632,2.071807057438255e-6,1124.454110455521,-61.54611189041945,0.11635480887081918,-0.026222964247296785,0.000807771688777284,4273.0136842934135,560.00826540322,0.018369325051341416,-0.04036987425370164,-175.56455187217318
2.1225735774071132e-6,224.70076836001923,3503.765647178492,0.013597529850487471,-0.014162093988335029,3.087744563845348e-6,365.25636999300445,3624.4034874935196,0.024442279875237272,-0.00817582181255359,1.973769211981352e-6,1127.1704365126236,1045.0340031181056,0.11270153201389983,-0.027344197780566754,0.0008093697056007144,4273.67773417449,558.9508073260996,0.018483989277778588,-0.040162463867820505,-175.40421339498505
2.1194027965966385e-6,224.70076835288336,3503.765647422057,0.013499625935256915,-0.014159604235828275,3.0876847560209394e-6,365.25638314075087,3624.4033091116225,0.024382092368128817,-0.008173689837310913,1.8913306691777714e-6,1129.8933243557344,1026.761850867942,0.11060507755349744,-0.028087779098323513,0.0008114261733913436,4274.314262457119,557.7348238608291,0.018636817321579072,-0.039916840879637504,-175.24397129328003
2.116158155100251e-6,224.70076834936674,3503.7656475820922,0.013360726806385628,-0.01409530954893225,3.087311489524325e-6,365.2563938710121,3624.4031628305597,0.02429220858268437,-0.008120520092088942,1.8169944633315089e-6,1132.6227898360557,1008.0107221008216,0.1101041561004863,-0.0284881675975274,0.0008140638273763122,4274.926191056496,556.3022084107747,0.01884067326958049,-0.039628264884134706,-175.082659434802
2.1128144714588665e-6,224.70076834971232,3503.765647657595,0.013167459159492169,-0.01395755089235496,3.0865556283950314e-6,365.2564028014037,3624.403040242728,0.024162200042321714,-0.008006354594032506,1.7464304932267163e-6,1135.3588488430812,988.7490644082761,0.11120491977723332,-0.02868132548275689,0.000817568707087387,4275.554210010016,554.5355329508311,0.019126516283167035,-0.03928600689929027,-174.9185569203482
2.1094696416351347e-6,224.70076835466406,3503.765647631099,0.012909649294294915,-0.013732721690607167,3.0853560547981733e-6,365.2564103685434,3624.402935354659,0.023984051016967815,-0.007819832901399875,1.6746472012655131e-6,1138.1015173046917,968.9190396153865,0.1141139755099423,-0.02873054264510662,0.0008221444103720219,4276.211899864154,552.3402924729617,0.019511109339547715,-0.038887394978330984,-174.74891511956662
2.106257720302281e-6,224.700768364441,3503.7656474976466,0.012570220966017249,-0.013414918717749738,3.0836068091656238e-6,365.2564168809533,3624.4028438896903,0.023744547537777428,-0.00755561877615182,1.5985829826975582e-6,1140.850811187241,948.5133147913648,0.11905044956085852,-0.028900984588935932,0.0008281297563888762,4276.936901820408,549.6295417460102,0.020019204764786015,-0.03842377470173062,-174.5694438680617
2.1034767627913677e-6,224.70076837953332,3503.7656472404883,0.012132895276986584,-0.012994166655980691,3.081194337016467e-6,365.2564225646618,3624.402762679809,0.023430938831638652,-0.00720506901991031,1.513843168698969e-6,1143.6067464956543,927.472989829214,0.1265777454786235,-0.029497329960429846,0.0008358826188070112,4277.768947232962,546.2584303700062,0.02067160338387399,-0.03789682866786909,-174.3736725088538
2.101572122113405e-6,224.70076840007312,3503.7656468458285,0.01157913201241729,-0.01247011678142921,3.077985541180144e-6,365.25642758791673,3624.402689361261,0.02302864251763334,-0.006767222244768365,1.416615948908877e-6,1146.369339273519,905.7219074223984,0.13758430935845745,-0.031164850195615653,0.0008458217157518921,4278.75099254104,542.1266608132555,0.021481332264007717,-0.03731106105072853,-174.15217850214609
2.10114549929176e-6,224.70076842629132,3503.7656462886157,0.010887884706890049,-0.011838984130103297,3.073816059973029e-6,365.25643207757986,3624.402622199667,0.02252067877839118,-0.006238043352415975,1.3012199475654898e-6,1149.1386056031777,883.035922544844,0.1538889131591677,-0.0348374102913677,0.0008584891212364039,4279.942512513805,537.0333439634521,0.022462883138775678,-0.036685718991564434,-173.891827942313
2.1028787463883727e-6,224.7007684584353,3503.765645533731,0.010037769926925165,-0.011109240282459678,3.0685133901222955e-6,365.2564361339771,3624.4025599446295,0.021889313297350648,-0.005623167877236704,1.1620671033319474e-6,1151.914561605827,858.953671561534,0.1788440576335641,-0.042359347875227576,0.0008744694911081538,4281.358474912795,530.9221059211593,0.023615251592309584,-0.03604638221169462,-173.57540678825063
2.0912048835414633e-6,224.70076854402737,3503.7656436934544,0.008979512319138046,-0.008881206659009622,3.0612133303248027e-6,365.25644011256253,3624.402496364254,0.020980054409902946,-0.003722400413617426,1.2238802030392266e-6,1154.697223441603,65.17560422153542,0.16689342659294668,-0.07757003074707233,0.0008983713714620146,4283.262056933218,516.1821853089195,0.02588476990966697,-0.035621615491112334,-173.14519996268402
2.114189922966392e-6,224.70076858897363,3503.7656424844245,0.0077718139664870204,-0.008036466042724365,3.0538015413686883e-6,365.2564434567665,3624.4024434803655,0.020072736134911423,-0.003009875116629062,1.3848054984971593e-6,1157.486607309681,1198.5386956452166,0.17718778072669508,-0.0019579872828262034,0.0009233268735554513,4285.836029760626,506.30438160441156,0.027305186009940315,-0.035120863168393676,-172.57581009677847
2.131992141684225e-6,224.70076863662905,3503.765641056215,0.006422595300461352,-0.007235260450415199,3.045424231995668e-6,365.2564465280678,3624.402395252878,0.019043738791002306,-0.002319361338380118,1.6737278062549112e-6,1160.2827294483682,1175.4792495130619,0.15675033067571736,0.039859710865431455,0.0009528288668851002,4288.562339454145,496.56389915481566,0.028676410768024033,-0.034565876949317086,-171.8758386358336
2.14604315406771e-6,224.70076869095013,3503.765639294973,0.004905069254879338,-0.006484851645293975,3.035861753124903e-6,365.2564493625047,3624.4023515124654,0.017872300816702304,-0.001653665843476119,2.054012223376362e-6,1163.085606135199,1150.8449633817231,0.13571530473417082,0.05705333987727065,0.0009874170655571797,4291.1309929967,487.37734596319643,0.029982277776472558,-0.033980890461128795,-171.04743063710018
2.154864683726062e-6,224.70076875342073,3503.765637168914,0.0032129255989871504,-0.005832052869048732,3.0250900621842498e-6,365.25645195248933,3624.402312553382,0.016552422632313754,-0.0010465870310463405,2.492583673545175e-6,1165.8952536870274,1127.165553494417,0.1221615775891804,0.06179435054020897,0.0010275800100394534,4293.254585450809,479.59114764244794,0.031177829683831856,-0.03332552044400329,-170.1034740194631
2.1565377700094436e-6,224.70076882555804,3503.765634651974,0.001347090320498891,-0.005317074485194143,3.013131438676982e-6,365.2564542625637,3624.4022788563757,0.01508391928809326,-0.0005265640924504954,2.9626521162341872e-6,1168.7116884601278,1105.4532486516912,0.1159573164689586,0.060924046962981544,0.0010739606964920787,4294.687943899434,473.98584892621,0.032229508031305976,-0.03255216692247725,-169.06942666959768
2.150150594941704e-6,224.70076890982185,3503.7656316864386,-0.0006805715202430213,-0.004958576032199133,3.000045613204401e-6,365.2564562327041,3624.4022511029707,0.013476111074089414,-0.00010571180227731566,3.451670151243416e-6,1171.534926850282,1085.5276295232204,0.11513552663713277,0.057326118278784234,0.0011272129547685243,4295.215736269596,471.1074552776213,0.033110771155037494,-0.03164344195527475,-167.9835771148074
2.136467094445582e-6,224.70076901018876,3503.765628159618,-0.0028419394593212992,-0.0047511487422454,2.985940715404845e-6,365.2564577762488,3624.4022303139677,0.0117516090986904,0.00022127221708385415,3.959309102201721e-6,1174.3649852928806,1066.7416716652458,0.1177770655344594,0.05226164499719667,0.0011876872947613052,4294.6233789987355,471.20124830902046,0.03379157647454382,-0.030639271605539736,-166.90010143405834
2.117393538092912e-6,224.7007691323868,3503.7656239066173,-0.005083590393779059,-0.004676924293251602,2.9710468031306557e-6,365.2564587766431,3624.402217959067,0.009952185037548175,0.00046668443606993464,4.491138493765642e-6,1177.2018802630166,1048.435336209272,0.12242811269930837,0.04635217359437714,0.0012548344005613521,4292.578098393212,474.55898106459045,0.034227181222326916,-0.029631884742831738,-165.89824266199042
2.0956629362777895e-6,224.70076928396497,3503.7656187275147,-0.007318283620677686,-0.004711173368377561,2.9557950065844515e-6,365.2564590870472,3624.4022159846677,0.008144996411492422,0.0006433515059969066,5.048733632884963e-6,1180.045628275582,1030.0917965253602,0.12802937616455282,0.04014877075209695,0.001326239008351374,4288.556612395972,481.69328903274635,0.034355007383433105,-0.02876656587481013,-165.09763800940516
1.8979978004126687e-6,224.70076945452487,3503.7656133971104,-0.009406811963250526,-0.007063245859195216,2.940444404683999e-6,365.25646014765834,3624.402196950504,0.006357137922227676,-0.0008204246127620639,3.67842375264258e-7,1182.8962458853619,-397.4533100482815,1.1787248785012163,-1.8169685267569844,0.0013809881509657391,4276.598868908299,534.1501023130477,0.031480727183071114,-0.026133470910457552,-164.5059373670669
1.8769982886126159e-6,224.70076969201236,3503.765606030519,-0.011400088256805236,-0.007210221119864353,2.9267351939261415e-6,365.2564589506982,3624.402218056074,0.0047160610422684966,-0.0007534763739325814,5.338240965178291e-7,1185.753749687136,-221.84092929547023,1.1594980096957728,-1.2616117939970126,0.0014508175252102434,4266.826444258062,554.8849491214135,0.030965803736916746,-0.025463839441969775,-164.4494255838552
1.8658549595237067e-6,224.7007699696448,3503.765597826155,-0.012927726483248367,-0.0074195522350308405,2.9161916818770344e-6,365.25645668733716,3624.4022544352088,0.0034373048285914866,-0.0008126103560253178,7.210581440689652e-7,1188.618156315769,-123.76588671975935,1.0768509672536282,-0.9207458489724658,0.0014987567472573302,4253.046506784103,582.957323196765,0.029955884995820848,-0.025402640884494863,-165.28555386554572
1.8663978303766281e-6,224.70077025621256,3503.765589850145,-0.013726767911183118,-0.007725962227743195,2.911097076527771e-6,365.25645354161935,3624.402302909647,0.0027419671517592385,-0.001084384566451294,8.441725524010864e-7,1191.4894824463106,-93.01446829508724,1.0373534971926865,-0.7656512727696855,0.0015026042910508497,4235.2346839682805,618.9685781044328,0.028209275163192157,-0.02618185613090699,-167.23943506563387
1.881320636499562e-6,224.70077048441502,3503.7655840594957,-0.013434851113569098,-0.008186944208027435,2.914083657670792e-6,365.25645002476404,3624.402355370736,0.002935888456428774,-0.0016656168301733886,7.781020699036426e-7,1194.3677447940927,-133.05370264382321,1.123310723827208,-0.8050397003982428,0.0014390208297425295,4214.615804496693,660.8908391663304,0.025393995270040978,-0.02809422658559589,-170.24099497700178
2.0606462183708424e-6,224.70077049835942,3503.765584489019,-0.009738544658198692,-0.006328142531121227,2.9380906994345424e-6,365.25644507893577,3624.4024264317836,0.006035666724703667,-0.0008376723099506855,6.5488083806497744e-6,1197.2529601148253,907.0522919742169,0.12416191560619268,0.014784402881403255,0.0012248579062423934,4195.3399796483645,657.2344444386771,0.021050080258485787,-0.03631137231302828,-173.5390919973779
2.108174000750759e-6,224.70077022305912,3503.7655930742426,-0.0044194627338712735,-0.006718781016461634,2.9720857729804363e-6,365.25644256892616,3624.4024602676236,0.010320960034227385,-0.0016194546395986882,5.718849467026243e-6,1200.145145204695,880.0933434636097,0.09692892737273057,0.012207271793754804,0.001040237899755648,4187.35671757937,670.6200009810121,0.016865903963378108,-0.041394950683411515,-176.08269673500826
2.1829330514782437e-6,224.70076957302365,3503.765611933984,0.005035354761110355,-0.006486193973974643,3.0305381363751567e-6,365.2564410116428,3624.4024815401326,0.017890639984538957,-0.0018322926717665039,4.507098555284927e-6,1203.0443169004648,842.2157946145458,0.043575267655109017,-0.00652257375041057,0.000858177860555239,4200.904439864438,634.4246210889992,0.01706375678635882,-0.0476699187031578,-177.4138871937027
2.2400946393607595e-6,224.70076899309385,3503.7656295020543,0.013715954521986656,-0.005874457378881999,3.085040903827168e-6,365.2564414304394,3624.402477237643,0.024825489569920707,-0.0014992715571622067,3.5123619182172146e-6,1205.9504920795678,791.5300124041901,-0.01931763421274919,-0.05612656132051819,0.0007545536354787778,4222.137581034779,586.1248797548316,0.022622153785730483,-0.050985503363127474,-177.30599423976744
2.2551792347853036e-6,224.70076872243237,3503.765638489875,0.017320520771698527,-0.005632008077866061,3.1081157732411493e-6,365.25644279615136,3624.402460364345,0.027706770118807792,-0.0012653147948676184,2.9777088670501236e-6,1208.8636876602077,741.0738949785124,-0.06085139896921605,-0.11168411612462747,0.0007234698701452684,4234.415234809734,563.20055095234,0.027966362044233112,-0.050567346173848574,-176.4599744106699
2.2624896538729784e-6,224.70076844911875,3503.765646645723,0.023965964527004606,-0.008345132753693064,3.1497964780775734e-6,365.2564464945832,3624.402411497952,0.032868991133065746,-0.0033001281574186895,9.281515015809642e-7,1211.7839206014582,1154.8304900162584,-0.18893735177351223,0.6421048367458541,0.0006500155182895174,4242.229624328328,563.0877781220322,0.028074553211591316,-0.05315975722880102,-175.29481716884194
2.2462277163384608e-6,224.70076849589822,3503.7656459762297,0.021466218868654706,-0.008021085004647235,3.1326037571619585e-6,365.25644697898986,3624.4024073158876,0.03089604053264166,-0.0028609436585686245,8.096424934936875e-7,1214.7112079033589,1197.4545356009435,-0.1454012829670523,0.7891158171392334,0.0006742351587504901,4242.408603701614,565.5445416531646,0.02962728309156061,-0.05028555828769555,-174.23348173840387
2.215480421964939e-6,224.7007685769125,3503.7656446362976,0.017875014820835148,-0.007392032121622553,3.108417295970005e-6,365.25644665829304,3624.402415115882,0.028032005985987544,-0.002155234877281516,7.570646992843279e-7,1217.6455666070199,1200.3558777431494,-0.1373025210085135,0.8493558067447659,0.0007135469563957583,4242.77093022386,566.827736114773,0.031503041137802515,-0.04652413466151151,-173.4302545671671
2.1820500840314804e-6,224.70076866483498,3503.7656430971924,0.014230872104960768,-0.006698978678704761,3.0836877194205953e-6,365.25644586725105,3624.402429975005,0.025100693382208102,-0.0013927846773755489,7.276953747415961e-7,1220.5870137947138,1187.0125736116663,-0.14668097317642367,0.8735298311279064,0.0007583300190291825,4243.499012735587,565.4221893801597,0.033439257422936866,-0.04316424998522589,-172.84009752117754
2.151186715804548e-6,224.70076874678736,3503.7656415677184,0.011017161456602618,-0.006124499429880758,3.0614175133249696e-6,365.2564448355182,3624.402448362946,0.02248828569502566,-0.0007318619861526492,7.026199283065557e-7,1223.5355665899797,1171.7951674183955,-0.15934874506426686,0.8939776115813426,0.0008018493977517865,4244.376030033345,562.1926344138393,0.03506058502320007,-0.040615031886217706,-172.40970428455066
2.123633879681396e-6,224.7007688174478,3503.7656401603485,0.008326978346171904,-0.0057281226768241735,3.04222818700409e-6,365.2564436792729,3624.4024684225496,0.02027285642638468,-0.00022679854664106022,6.983046853477753e-7,1226.4912421577214,1148.5453158341895,-0.16614659190507483,0.8936655878257594,0.0008411238062103355,4245.313350333728,557.9899398456585,0.03623646284201326,-0.03882712937846222,-172.1009924679167
2.099553113469258e-6,224.70076887482028,3503.765638911118,0.006154393050453761,-0.0055333136119872185,3.0261337995623537e-6,365.25644248980694,3624.4024885628514,0.018455605668652373,9.940978331413386e-5,6.924626884286609e-7,1229.4540577043085,1129.453258574629,-0.16916438878867415,0.9028873212069574,0.0008743486560566717,4246.190248116602,553.6701062831104,0.036912472610494435,-0.03769846771377827,-171.89371100798243
2.0767785414189558e-6,224.7007689476632,3503.765636785416,0.0033386085256116044,-0.005109238200486703,3.008192276864286e-6,365.25644133190315,3624.402501992043,0.016223543099747,0.0005882423500113267,4.450917011706329e-6,1232.4240304776738,473.9092415203253,0.09814133640050546,-0.09972769289147394,0.0009114652765498581,4245.906286365226,550.7236671307613,0.03787035406068313,-0.03717839890669359,-171.7482160141989
2.0538518310566405e-6,224.70076899471962,3503.7656355030817,0.0020940871255942578,-0.00534697537207455,2.9983219983879162e-6,365.2564403747347,3624.4025161871095,0.015140770666165697,0.0005238032435842574,4.668617177637384e-6,1235.4011777674193,451.8969927041045,0.0935970936679033,-0.0956679473749914,0.0009290484537421872,4244.9644879175785,552.4509518199944,0.037391988371940264,-0.03680716609429883,-171.6895584742475
2.0331902778043434e-6,224.7007690326099,3503.765634348706,0.0011619330818192501,-0.005696915742593162,2.990704125709029e-6,365.2564395242945,3624.4025277504547,0.014314097686987144,0.0003393548219301998,4.854733181663377e-6,1238.3855169049104,429.81146724651006,0.08962647879887078,-0.09295427522079772,0.000941433755633413,4243.723914529303,555.3892301571741,0.036637825277040556,-0.03668957080653509,-171.76580776245368
2.015471492195807e-6,224.7007690634831,3503.7656332760776,0.0005248564101793365,-0.006132341121296684,2.985409877137183e-6,365.2564388301123,3624.402535792698,0.013738345021172382,5.136522662599622e-5,5.003581121024626e-6,1241.3770652633798,407.78236126099785,0.08637001201951097,-0.0907345249522908,0.0009487240704123582,4242.104490165115,559.8105987141192,0.03563850602229904,-0.0367635076987332,-171.99483797045048
2.001596539416896e-6,224.70076908989057,3503.765632233438,0.0001713018817204348,-0.00662222122317284,2.982547791412227e-6,365.2564383306545,3624.4025396781835,0.013412699882872591,-0.00032069820065812023,5.114318121752061e-6,1244.375840258029,386.06966222204414,0.08355386263780833,-0.08825510281951299,0.000951191468404594,4240.043035070636,565.8967269623744,0.034432412535022834,-0.0369647861942266,-172.38926489316304
1.9924751489461884e-6,224.70076911487612,3503.765631167233,9.250618634086335e-5,-0.007141379149152268,2.982221132893509e-6,365.25643806320505,3624.4025389524704,0.01333681829205931,-0.0007618773454256294,5.191377516565106e-6,1247.3818593461292,364.9820788533017,0.08070736929056169,-0.0847352149882376,0.0009491816544683933,4237.424148694414,573.997081175713,0.03305941341739289,-0.037216827120075874,-172.94729697335814
1.988794650158025e-6,224.70076914096913,3503.76563004721,0.0002772519103221185,-0.007667209291472994,2.984429379024405e-6,365.25643805422106,3624.4025335527713,0.01350380251076819,-0.0012574574479334015,5.243502503791511e-6,1250.3951400271212,344.8042047424507,0.07719360926578331,-0.07950419787993188,0.0009432251362322786,4234.191999794123,584.2843302505785,0.031574457271387156,-0.03744385269623277,-173.64438837821416
1.9906995477498757e-6,224.70076917005724,3503.7656288680114,0.0007051510035865497,-0.008184664411114423,2.988981090498523e-6,365.2564383228254,3624.402523751838,0.013892606686125998,-0.0017955900751635665,5.279493648458722e-6,1253.4156998427231,325.61815206765203,0.0724007335329211,-0.0721570296381252,0.0009339797984419366,4230.3214041006295,596.7904435145458,0.030043238992504447,-0.03758520730057192,-174.4302674730056
1.9976833741439655e-6,224.70076920391006,3503.7656276262787,0.0013393422946636052,-0.008680949589992434,2.9954418577631914e-6,365.25643888172954,3624.402510017662,0.014462738682392088,-0.002362083066866536,5.305507206251757e-6,1256.4435563770242,307.24685548175967,0.06575183165578238,-0.06268971120879131,0.0009221805400493659,4225.775821825166,611.3674410512261,0.028542315274187935,-0.03762197897635775,-175.23443148910428
2.0085963478390494e-6,224.70076924554954,3503.765626280393,0.00212097620036678,-0.009149433192171695,3.0031618747059815e-6,365.2564397454972,3624.4024927204428,0.015153197879813658,-0.002944059244863186,5.3224393713989515e-6,1259.4787272565927,289.3104452821864,0.056601340514095884,-0.051588407453073824,0.0009084360864755279,4220.357488065676,628.0654356560461,0.027134546134463342,-0.03757985910075379,-175.97785623773638
2.0219069766819682e-6,224.7007692999923,3503.765624727959,0.002968718112426162,-0.0095847590311867,3.0113433245121126e-6,365.2564409242362,3624.4024721025626,0.015886428845173453,-0.003526663760292242,5.326763907022531e-6,1262.5212301505771,271.3823683484129,0.044200203820920755,-0.039688791649876536,0.0008931681473122595,4213.674149597072,647.2700329728679,0.025853991997287062,-0.03751641643430493,-176.58467395425203
2.0359781283727054e-6,224.70076937427405,3503.7656228093383,0.0037794174715769994,-0.009971887033931547,3.0190909269773726e-6,365.2564424077732,3624.4024485016043,0.016571333632856466,-0.0040848669752808165,5.312107805955971e-6,1265.5710827708092,253.12771751396315,0.027798801469102262,-0.027959457325887983,0.0008766723598257225,4205.216604241592,669.5711792555345,0.024700541830650357,-0.03750143738947189,-176.98961110084753
2.0492332337935834e-6,224.70076947404044,3503.765620397896,0.004438651259075686,-0.010289302586012619,3.0255080145650592e-6,365.2564441330874,3624.4024228859007,0.017113919272636106,-0.004585291537402584,5.2725088801598384e-6,1268.6283028719051,1503.145828742661,0.006925070558972219,-0.017175968791788402,0.000859434584811582,4194.630872175286,695.3507037136214,0.023661395880008033,-0.03757565497353536,-177.14230475035887
2.0603070465881343e-6,224.70076960022652,3503.765617484984,0.004837254247416485,-0.010503034843031235,3.0298123977600094e-6,365.25644596138505,3624.402397263868,0.017429928726386743,-0.004981682540366955,5.202650513439036e-6,1271.692908251375,216.064403624467,-0.018278222173543728,-0.007430209895354021,0.000842315261607715,4182.022734633995,724.1130444303254,0.022732911753503424,-0.03774059383708825,-177.01248094553276
2.0679933466836083e-6,224.70076974595702,3503.7656142533483,0.0048905416288456014,-0.010592305245810691,3.0314796877076526e-6,365.2564476928708,3624.402374473494,0.017458876294970727,-0.005236960171232817,5.101293108057059e-6,1274.7649167497177,199.6252499640488,-0.04671886141646215,0.0028946261904219625,0.0008265325967038291,4168.107143274329,754.3389585302237,0.02192961520064381,-0.037944398558223125,-176.59749570446087
2.071274262791994e-6,224.70076989873803,3503.765611015621,0.004557679433862916,-0.01057208978258546,3.030375842132439e-6,365.25644914864995,3624.4023569835576,0.017175530815332535,-0.005346546823336468,4.980797188614274e-6,1277.844346250531,190.82070188169064,-0.07536790498164442,0.020125164550500875,0.0008130666921232374,4153.923580649766,784.1209147481292,0.021253958320811762,-0.038110591845944106,-175.92653096717478
2.069301106411222e-6,224.70077004938423,3503.7656080093575,0.0038647311967080805,-0.010538552281368569,3.0269420135893943e-6,365.2564503270426,3624.402344836574,0.01660044491065398,-0.005383421949946717,4.933607365323094e-6,1280.9312146806137,207.95252215080578,-0.08853108696987963,0.06464005711702313,0.0008005889422612561,4139.844330486532,813.3554034165576,0.020485250364957106,-0.03820794757639206,-175.047535551104
2.0623510393192775e-6,224.7007701957865,3503.7656053761953,0.002706310871283326,-0.010487045935128801,3.0206304177862978e-6,365.25645124160684,3624.4023376962014,0.01564871705096912,-0.005346048772024396,5.318393499801775e-6,1284.0255400100682,1529.4177518693748,-0.0472373390704209,0.1229698118210633,0.0007901169359966084,4125.8573336183645,841.7873366710323,0.019774422924473508,-0.03821892863722224,-173.98811034886114
2.050961699236598e-6,224.70077031927227,3503.765603526553,0.0009254501838671151,-0.010173372611120196,3.0100033465947434e-6,365.2564515720444,3624.402338750897,0.014213830661197848,-0.005025756268250085,5.919853942760292e-6,1287.1273402524114,1538.2900590434576,-0.005668056346944227,0.14154833470492592,0.0007906806264594122,4114.708696230772,861.9705244381938,0.0202848059623966,-0.03803315088697647,-172.80627502963176
2.0363728915487093e-6,224.7007704188951,3503.7656023921927,-0.0012127560381599636,-0.009814166056163082,2.996844617648313e-6,365.2564515060167,3624.402345060392,0.01249842425640291,-0.0046208158101609595,6.523481456824677e-6,1290.236633464671,1532.4987336615027,0.0226008963203624,0.1451747490013479,0.0007973107299583531,4106.065502503725,875.7500064483089,0.021371669994062203,-0.037774918697576376,-171.58302994058295
2.0202802672995194e-6,224.70077049900942,3503.7656018064467,-0.003521969856987658,-0.009560499978617356,2.9823873815369116e-6,365.2564511993174,3624.40235422401,0.010643760275903533,-0.004274779014670441,7.08010138264097e-6,1293.3534377474966,1520.9792428477751,0.04278613670911475,0.1446709451175757,0.0008056416813144249,4099.333723578327,884.9592144942707,0.022476085607437045,-0.03759526844590169,-170.36996634374555
2.003771814941084e-6,224.70077056341134,3503.7656016337287,-0.005904736038198439,-0.009492389547541434,2.96728355639369e-6,365.25645075399467,3624.402364610001,0.008723666076513077,-0.004067253684853755,7.569964696515789e-6,1296.4777712452628,210.50983969062193,0.0585078195696638,0.1436376212982645,0.0008129034327252477,4094.1180975163056,890.5816051443705,0.023283178583098554,-0.03761782792328259,-169.19766023694154
1.987303459916583e-6,224.7007706149582,3503.765601782259,-0.008331779189389132,-0.009649872928754693,2.951771819903352e-6,365.25645024240663,3624.4023750529104,0.0067594089848190065,-0.004040275922840917,7.990302378905687e-6,1299.609652146175,1491.9632672584594,0.072102978431058,0.14334390002736394,0.0008174869279805526,4090.1461257161686,893.08380280742,0.023651091358777746,-0.03793805997262861,-168.08390837484626
1.9709321093120244e-6,224.70077065604337,3503.765602187962,-0.01081555631964833,-0.010062512626212595,2.935842199357421e-6,365.2564497170878,3624.402384700414,0.004739466472171536,-0.004223738995589492,8.351538803579244e-6,1302.749098682375,1476.650034635634,0.08524739920625522,0.14404570079632945,0.0008183669074197795,4087.2147807870706,892.6820923752448,0.02350895311168233,-0.03863522413677426,-167.04095403034282
1.9545074926000493e-6,224.70077068847402,3503.7656028129804,-0.013395103798502221,-0.010761056689146061,2.9193244416599663e-6,365.25644921557824,3624.4023929167606,0.0026310084493103374,-0.004645818425386112,8.674578944476796e-6,1305.8961291300511,155.5108690718043,0.09913211356648752,0.14542246750762683,0.0008149669735308113,4085.1897514633847,889.4083868933935,0.022827319194878404,-0.03977841365630322,-166.0834991187531
1.9378916041540572e-6,224.7007707142286,3503.7656036221874,-0.016119832115218138,-0.011782491818131045,2.9019851864841324e-6,365.25644876807365,3624.402399154728,0.0003923164887130488,-0.005338582353551126,8.991290377511132e-6,1309.050761809537,137.266135452392,0.11457205359265595,0.14661728507782268,0.0008068910340343239,4083.958802154085,883.2664107627728,0.021577835229254046,-0.04143254632576074,-165.2385487902871
1.9210870483116096e-6,224.7007707365561,3503.765604560201,-0.019039824017444675,-0.013170735197642532,2.8836022517803266e-6,365.2564484099292,3624.4024027906858,-0.0020192822937772628,-0.006340091753560372,9.341910788172643e-6,1312.213015085425,118.99697665728108,0.13193174665439658,0.14627540763732427,0.0007937360031940371,4083.3005956896823,874.6214443445272,0.01970365408430089,-0.04364807636546243,-164.55821984287203
1.9045768532793296e-6,224.7007707615026,3503.7656055025136,-0.02217664170086979,-0.01494672841288131,2.8641439369044943e-6,365.25644819814556,3624.4024029085153,-0.004623636829831998,-0.007672562951359797,9.766991436706827e-6,1315.3829073666689,100.27738238071062,0.15067882653899528,0.14288491944128653,0.000775076028506223,4082.7231596076376,864.3821461640249,0.01712930544296112,-0.04647783452342593,-164.13646929905914
1.8895788563380577e-6,224.70077079990517,3503.7656062056712,-0.025475513839558855,-0.01707845502313741,2.844074746420837e-6,365.2564482409009,3624.4023979730573,-0.007377976296115566,-0.009320873406292184,1.0284960124598341e-5,1318.5604571066933,80.64456496109324,0.16934471051969882,0.1354923525618073,0.0007503950386115793,4081.092939710768,854.70305841136,0.01376002057244809,-0.04998172675514644,-164.12710720911164
1.8786940688068128e-6,224.70077086563205,3503.7656062900105,-0.028683758511725586,-0.019457868695674986,2.8250129143427223e-6,365.25644870530385,3624.4023858826504,-0.010077196352235033,-0.01121692656767272,1.0846833346943468e-5,1321.7456828035,59.85369460498551,0.18620297755359913,0.12467522301163668,0.000719285937942559,4076.562476084747,848.0588256610564,0.009576579993485528,-0.05439512728900418,-164.74562342616437
1.8773547856407167e-6,224.70077096347316,3503.7656053683536,-0.03104444118284719,-0.022072817587855887,2.8112214819981447e-6,365.2564497728592,3624.402364838033,-0.012108243695020187,-0.013378232647282605,1.1247464530229494e-5,1324.9386029997788,1362.9380444832022,0.20243892321642865,0.11255663320166319,0.0006816537822248225,4067.132708824603,841.8164543990167,0.005010177207186284,-0.06089043644969392,-166.21215317687495
1.8975781356342803e-6,224.70077108241904,3503.7656029230884,-0.030353774958983042,-0.025855790652953212,2.8143444854971497e-6,365.25645169277476,3624.4023331021367,-0.01170485626728673,-0.016593550966297287,1.0993015057045286e-5,1328.1392362830095,1342.570365075042,0.2337555896853548,0.09565006695445115,0.0006333793622978276,4048.935954288966,811.7057009164643,0.0023173672820363173,-0.07542396275692159,-168.59773971624148
1.918602577915023e-6,224.70077148332547,3503.765593611924,-0.02200366286166433,-0.037865836368448355,2.8602847710922134e-6,365.25645680187677,3624.4022681479832,-0.005025477878631024,-0.026333506911738434,1.1538339016669813e-5,1331.3476012855747,1293.2120163954191,0.3011764718969722,-0.080522281930768,0.0005231819365907483,3960.5747684608386,684.8313381645256,0.021692754978010306,-0.13656555173407509,-171.11723928000058
2.1244773017513223e-6,224.70076955824064,3503.765624558459,-0.00655705347500581,-0.014781828864664209,2.950847654229646e-6,365.2564445716694,3624.402417334458,0.007893107385653617,-0.008313032103649014,8.705212918787043e-6,1334.5637166848667,1253.034558928238,0.08401840340327553,0.12552292017562888,0.0008676479906821663,4175.782773893298,654.6508320175162,0.030074559367475023,-0.04820550158325403,-174.7774002946613
2.1393590874035372e-6,224.70076927753323,3503.765628876827,-0.0020514707129575425,-0.011052995233518367,2.9828829297926493e-6,365.2564422121132,3624.402455102914,0.011867324693286229,-0.005352607132867857,8.080653693312243e-6,1337.7876012033953,1175.2495153192715,0.013082657983362996,0.07938291588660089,0.0009634591883496291,4199.673745274418,648.7850337506853,0.037013978544041606,-0.038808772477424355,-175.84993539875956
2.1366342653359147e-6,224.700769220752,3503.7656296004766,-0.00016772814276176228,-0.009473283600146949,2.997423947464755e-6,365.2564416253782,3624.4024668555876,0.013554548892148969,-0.004097782476685227,8.357562618144366e-6,1341.019273608902,1112.6033831624588,0.003514608649617668,0.03441025694716629,0.0010131809314469055,4203.265224449257,660.8924560540769,0.04043546156997132,-0.03462610126750331,-176.30104990733986
2.1313817400451565e-6,224.70076922402345,3503.7656293134983,0.0008315437288126144,-0.008679651878503386,3.005310005319866e-6,365.25644161820946,3624.402469045699,0.014448683017087724,-0.0034589097010243905,8.83741618704833e-6,1344.2587527144613,1070.371727696289,0.014392352157762077,0.009418661040831205,0.0010425732526135477,4200.646436455402,675.9206532152537,0.042479793110626635,-0.03244047053431333,-176.49266617596015
2.1251324746504722e-6,224.7007692541114,3503.7656285187286,0.0014303006578192917,-0.008240170640853754,3.010022720026713e-6,365.2564418531301,3624.402466850002,0.01497885478988192,-0.0030950154044228494,9.238878810747701e-6,1347.5060573785952,1038.2668165976734,0.026948031289973584,-0.004274619061218584,0.0010587263351984882,4195.678991099794,691.352033045285,0.043590868871517495,-0.031227180177120457,-176.57361280209713
2.118439464104918e-6,224.70076929844248,3503.7656274358965,0.0018189781624170012,-0.00802525736926563,3.012981457738034e-6,365.25644219955103,3624.402462285286,0.015312221203111166,-0.0029083554233014595,9.476341788334643e-6,1350.761206505382,1011.1244089608442,0.03773744931454137,-0.01244794085094796,0.0010636660001784874,4190.047628696885,705.9155614805394,0.04388265228537216,-0.03062006522557949,-176.6219779928817
2.112008323771279e-6,224.70076934913791,3503.765626214001,0.002100775512548758,-0.00798163425701766,3.014954624017386e-6,365.25644258228255,3624.4024565453296,0.015538633697339906,-0.0028613244464592725,9.521470086879736e-6,1354.0242190445665,986.7313158151286,0.046499680618130625,-0.017820052320339067,0.001058748688667938,4184.726621128625,718.6143742109427,0.043426467796402135,-0.030453191329106327,-176.6846707263472
2.1064659773870096e-6,224.70076940039849,3503.765624968756,0.00233535916327415,-0.008073389736141065,3.016406710886441e-6,365.25644295027325,3624.4024505108946,0.015711246568664544,-0.002928884823568473,9.375067875236214e-6,1357.2951139916688,963.9938617640273,0.05347492899474309,-0.0217708383763917,0.001045660611217988,4180.326215295667,728.7499393736873,0.04230879153596755,-0.030620157883341066,-176.7886660900267
2.1021964772798836e-6,224.70076944707924,3503.76562381168,0.002553734886365161,-0.008263831443251001,3.0176103730410243e-6,365.2564432630177,3624.4024449425065,0.015859851898091415,-0.0030838847774274964,9.05616980038887e-6,1360.5739103881,942.2740541284344,0.0588195913866296,-0.025077922640889698,0.0010265784877845122,4177.282427740387,735.7461013464725,0.040651310826202505,-0.031033959929878698,-176.9460550354059
2.099287916905202e-6,224.70076948412049,3503.765622861066,0.0027667859889893586,-0.008512593439674197,3.0187073643739744e-6,365.25644348619153,3624.402440527409,0.015998039704935765,-0.0032947243783348944,8.593307469862488e-6,1363.8606273212652,921.1467651863859,0.062497909258052195,-0.028158115471340322,0.0010040616721712341,4175.926035680033,739.0659542536597,0.038621000749364275,-0.03161575274925206,-177.1576212997084
2.097565164442583e-6,224.70076950660214,3503.7656222390756,0.002975948856662413,-0.008776525882915573,3.019774850712216e-6,365.2564435908696,3624.4024378728977,0.01613163793941461,-0.003526221504768434,8.0195812542008e-6,1367.1552839246801,900.2914162977362,0.06427826137512982,-0.0312102452599048,0.0009808470156480872,4176.478611425929,738.2842716623762,0.03643554608045068,-0.0322877045733409,-177.41566591753403
2.0966749808490113e-6,224.70076951070465,3503.7656220427666,0.003180487865349309,-0.00901394551183262,3.0208711106599e-6,365.25644355633256,3624.4024374530695,0.016264446426302127,-0.003743175458197793,7.365054915691734e-6,1370.4578993780806,879.4280429250384,0.06377844738166809,-0.034276767533498745,0.0009594281373055332,4179.02743071635,733.1717004574683,0.034332677661683415,-0.03297774929094972,-177.70612762652215
2.0961645836507694e-6,224.7007694946372,3503.76562232255,0.0033779385632860016,-0.009184093658877967,3.022029290562404e-6,365.25644337474665,3624.402439522821,0.016398076601389932,-0.003909495887599724,6.658568059831385e-6,1373.7684929075356,858.2510188644588,0.06051124211503978,-0.037230625249873445,0.0009419804025716871,4183.453500109735,723.8320472372299,0.032565442862631036,-0.033623384871563536,-178.01043014532277
2.0956581586359097e-6,224.70076946058458,3503.7656230264465,0.003574968695787551,-0.009263093152375852,3.0233248886305635e-6,365.25644306386573,3624.4024439129325,0.01654016389795828,-0.004002083113388557,5.925663892287008e-6,1377.0870837855555,-540.7960167954614,0.05412607170802346,-0.03986147433624567,0.0009295968214875959,4189.299805052308,711.0900999013783,0.031296628434147565,-0.03418501006238766,-178.30776290425223
2.094834701764474e-6,224.7007694145681,3503.7656240003953,0.0037791214697213416,-0.009233484110754357,3.024833790646762e-6,365.25644266688613,3624.402450015128,0.01669746120723498,-0.004002741146584519,5.194869163310414e-6,1380.4136913312125,812.4263646409972,0.044623019685913964,-0.04178726034636742,0.0009223354834761798,4195.840637220268,696.2413751814842,0.03058155506143285,-0.034663794793876615,-178.57796139434464
2.0932581633812338e-6,224.70076936421847,3503.7656250406635,0.00398607319441729,-0.009083741580749967,3.0265882835902946e-6,365.25644224158566,3624.4024569456265,0.016866959729171436,-0.0038987303046242087,4.503195400578095e-6,1383.7483349102424,783.5560649628133,0.032833286171615586,-0.04276812217526025,0.0009195810914439872,4202.279103330227,680.689088723875,0.030389660783582823,-0.03509393066426302,-178.80373968856816
2.0898793685125225e-6,224.70076931434258,3503.765625997071,0.004151111211880104,-0.008753945864530476,3.028499596211954e-6,365.2564418237542,3624.402464162639,0.017016819091308706,-0.0036392548102022917,3.934752590293204e-6,1387.0910339351644,740.0668344966327,0.021781887948286123,-0.043623021923335434,0.0009217940891529665,4208.233206448178,664.5787433759659,0.03081452264323627,-0.03552992143054852,-178.968922252425
2.1103655868311024e-6,224.7007690636487,3503.765631100308,0.006721710369116034,-0.009642155920757109,3.0440419338836103e-6,365.25644039030686,3624.4024920174547,0.0191734750267068,-0.004352015062988721,9.273268694983739e-8,1390.441807865392,1976.3410765196427,3.722178481714516,4.403354822155462,0.0008910940146537571,4232.3845614341,626.0871034325114,0.026637220295417242,-0.03527451250968221,-179.03459688705212
2.1119097027328236e-6,224.70076904860872,3503.7656315905074,0.006699101983991846,-0.009686601788946049,3.0434777032595663e-6,365.2564401137434,3624.4024973627393,0.019168883566826625,-0.004355521759026588,1.0650151756119577e-7,1393.8006762073467,3401.663326431346,3.2012077255208946,4.542172403786955,0.000898811928165121,4232.206065735013,627.9945607072538,0.027452225629487,-0.03475449847557618,-178.88493568619745
2.113084754166616e-6,224.70076903966995,3503.765631877118,0.0067153135314606035,-0.009771173890711497,3.0431517561192278e-6,365.256439866027,3624.402502249857,0.019198110045798057,-0.004383130403390783,1.4250763150525876e-7,1397.1676585145694,1670.502823101788,2.4475686939606236,3.843071024380577,0.0009040297628719076,4231.008875221374,632.0996349682828,0.027961358702905153,-0.034319747801713485,-178.7156800011111
2.113730996995931e-6,224.70076903717379,3503.76563196882,0.0067457209555435126,-0.009891921352425665,3.042869133141449e-6,365.2564396577408,3624.402506455682,0.019242284502643325,-0.0044322707101694565,1.7642166449434332e-7,1400.5427743878415,1483.3408374750315,2.0244855667990858,3.4821497296318036,0.0009072064685123623,4229.020983580184,638.0197956090201,0.028223315315401686,-0.03393726599350414,-178.5246901542679
2.113254514173687e-6,224.70076904192413,3503.7656318699624,0.006724605410895133,-0.009970324899677686,3.042213023157655e-6,365.2564394855956,3624.4025099488254,0.019251307055693806,-0.004437846594392569,1.82673424213464e-7,1403.9260434752882,173.02307557658494,2.009427293111471,3.7492879837021302,0.0009100900463943301,4226.471205915051,644.7176806535497,0.028462281381656622,-0.03360389849671439,-178.31301784204553
2.112023966531473e-6,224.70076905212338,3503.765631579893,0.006728411905913083,-0.010081045511037,3.0416666176684474e-6,365.25643937360735,3624.402512257851,0.019287068332744628,-0.004460346633188424,2.4139121057973086e-7,1407.3174854725007,2684.358751864281,1.6124043514963091,3.133239164719382,0.0009103395911900721,4223.336690655813,652.6052511719756,0.028403462565961497,-0.0333588210290039,-178.0844741570743
2.1107359565727484e-6,224.70076906699848,3503.765631055696,0.006856710902883797,-0.010299466865872502,3.0418389374553123e-6,365.25643934814144,3624.4025128492826,0.019429563928231367,-0.004560753990054733,4.520955924111089e-7,1410.717120122648,2075.611196226933,0.9744930071129593,1.8190915436401272,0.0009050252687231836,4219.4898164467295,662.2008621595716,0.027709402329521356,-0.03327147370037587,-177.8389882651289
2.1085521796230917e-6,224.70076908802272,3503.7656303373246,0.0069811331245717345,-0.010528844923915582,3.041923881296197e-6,365.2564393898718,3624.402511949,0.01957837495403147,-0.004663289383564875,6.5885657862447e-7,1414.1249672165914,1847.6821876824986,0.7569546243676765,1.3562314596946359,0.0008978625754554209,4215.183868710083,672.4160248623731,0.02680882280305203,-0.03328341153526571,-177.57905046644572
2.105272632545888e-6,224.7007691148143,3503.765629456423,0.007067442828339617,-0.01073532071547843,3.0416997926041396e-6,365.2564394942461,3624.402509572289,0.01970727151467617,-0.004741474233360143,8.187400953331887e-7,1417.5410465930045,1752.5904924302845,0.6798276006387534,1.1902721444207105,0.0008899235010608979,4210.59010657708,682.6607775666852,0.025827480161041784,-0.03338754401454824,-177.31046654100632
2.101167466606738e-6,224.70076914598175,3503.765628449534,0.007129704284158417,-0.010944889878032655,3.0412355493607262e-6,365.25643966749743,3624.4025055778793,0.019827631273448883,-0.004818423997055187,9.103979036126507e-7,1420.9653781384807,1725.8552976035605,0.6643538335016135,1.177926962425482,0.0008809180515126191,4205.79583514953,692.9339053364712,0.02471795977604125,-0.03357907038966139,-177.03949949731282
2.0965699289559277e-6,224.7007691815051,3503.7656273044818,0.00719475702856346,-0.011156256484752877,3.0406723664818757e-6,365.2564399174339,3624.402499798415,0.019961121107680738,-0.004893976268206675,9.388849043303388e-7,1424.3979817876545,1744.884399254898,0.6821238683321166,1.2683943616359885,0.0008702858199946166,4200.867887754145,703.011260301769,0.02340819536598836,-0.033888052784887504,-176.77276462138053
2.0916350022183707e-6,224.70076922038163,3503.7656260336803,0.007279473030284537,-0.01139449025493222,3.040100049517273e-6,365.25644025491283,3624.4024920060965,0.020122557200247262,-0.004989398414993397,9.062051171680297e-7,1427.838877523317,1814.7535347149353,0.7257053987732799,1.4724136157440768,0.0008574910503883206,4195.889470951172,712.8491842872422,0.021803252742745496,-0.03432596428051603,-176.51749849481044
2.086717369777623e-6,224.7007692637746,3503.7656245806766,0.0074190458980075875,-0.01163679357255391,3.0397083889270736e-6,365.2564406847891,3624.40248207699,0.02034056564943182,-0.005086522015405706,8.29640727440498e-7,1431.28808537653,1945.7953985818517,0.7918739879299345,1.811175550579387,0.0008418209876544942,4190.902564153644,721.9931330452062,0.01979806064419178,-0.03496880433420645,-176.2821866699354
2.082142622193884e-6,224.70076931220265,3503.7656229037416,0.00766174515809983,-0.011893572608509794,3.03981264220071e-6,365.2564412139501,3624.4024698763437,0.02065406455969783,-0.005196204816936266,7.272631931211517e-7,1434.7456254267436,2158.7278655589025,0.8849248290214345,2.3279796797225045,0.0008223228893069678,4185.914664435452,730.2708979093514,0.017221319099910638,-0.03589077228990713,-176.07752709838812
2.078486880065047e-6,224.70076936619787,3503.7656209503384,0.008059146887913001,-0.012151618487897307,3.040736658606456e-6,365.25644184097206,3624.402455433934,0.021104045758932894,-0.0053106184205588365,6.396141782347951e-7,1438.2115178019176,2431.692449704337,0.9728670280945352,2.9731702599264636,0.0007981364750814207,4181.051090309275,737.0410642086015,0.013871402507930956,-0.03720835459468599,-175.91741990410952
2.0766428012767107e-6,224.700769426292,3503.765618651527,0.008683102545084729,-0.012388362688134067,3.0429672487889296e-6,365.25644257288684,3624.4024386562496,0.02174870216886776,-0.005422851328991223,6.396312006874707e-7,1441.68578267863,2569.225601371723,0.9108670421439947,3.3213291103401015,0.0007682305899507189,4176.565948605694,741.351629758466,0.009452311556071019,-0.03908090279544593,-175.81945732564728
2.0770410424770365e-6,224.70076949097296,3503.765616015892,0.009578614072940427,-0.012541163039861357,3.0469256488780694e-6,365.25644338808513,3624.4024199797323,0.022623649546728193,-0.005499997213842966,7.768886459163366e-7,1445.168440282201,2411.693086466651,0.6533558471544781,3.029284094189157,0.000733162140832879,4172.815760567888,741.8386811096581,0.0038436498940095216,-0.04167765935794793,-175.80441194015506
2.0793653347487053e-6,224.700769554982,3503.765613187658,0.010704036809412081,-0.01251425455687508,3.052547642528931e-6,365.2564442234656,3624.402400560645,0.023696555068781648,-0.0054920251381756465,1.0427658449192029e-6,1448.6595108868082,2129.0641749940223,0.3176172960065553,2.475417018921729,0.000695611498479836,4170.38913538263,736.8194937167285,-0.0027331457199611603,-0.04508701154260131,-175.89284445376026
2.0823728970914567e-6,224.70076960833848,3503.7656104684165,0.011832002111933844,-0.012097772405908523,3.0588766259191166e-6,365.2564449325971,3624.402383315244,0.024790525018394967,-0.005285729304618392,1.6463040365034328e-6,1452.1590148156056,1723.4877250797415,-0.015935631199361002,1.6740871340130683,0.0006618130883885105,4170.373284455568,723.7340093754252,-0.009150788152980576,-0.04916697685330596,-176.0985720918682
2.082253598890534e-6,224.70076906985554,3503.7656248148814,0.006043649528244607,-0.014571329293344431,3.0091411737867355e-6,365.2564455097548,3624.4024070164846,0.02098738769771064,-0.008970880163649407,1.958944614995603e-5,1455.66697244084,786.734086797974,-0.24480605585508716,0.05139465940291471,0.0007462113937085992,4202.369819283382,731.4436123318196,0.00373117543196025,-0.03430940743927921,-175.47648916703562
2.0434825131104014e-6,224.70076897487505,3503.7656249831784,0.0027607472383376656,-0.012499892753376735,2.9719242628846603e-6,365.2564440582789,3624.4024286140784,0.01973773125681155,-0.008039394943627834,3.153797817285025e-5,1459.1834041839754,756.9137616059325,-0.2488109048772321,0.04472248945739781,0.0007794129799109948,4204.566473150154,713.819573850718,0.008975086211046564,-0.03492678745264596,-174.1325200290042
2.0722593369814485e-6,224.70076932667348,3503.765613644119,0.005474645899460594,-0.008466655067573985,2.9891592528185435e-6,365.2564423951296,3624.4024472849273,0.02169560563636058,-0.004634907475764092,2.7921133890646497e-5,1462.7083305158033,719.5926076570925,-0.2731989279263068,0.022532695671042876,0.0007277128425111617,4184.854028922749,682.8443722435424,0.0032654070909161636,-0.04721953889285626,-174.84672350322865
2.1428199238976843e-6,224.70076958202594,3503.7656083671363,0.010911244471269399,-0.008599578809824005,3.0396172690354864e-6,365.25644230425394,3624.402444903541,0.024490838194343653,-0.004027938028502209,1.5059678022725652e-5,1466.2417719565674,693.0213280253693,-0.29583510925775586,0.004924403431105456,0.0006657318068788794,4171.755878961582,685.0818853590742,-0.0069493354313686,-0.05475298991020023,-176.94778056773114
2.176203654779736e-6,224.7007696140993,3503.7656141993657,0.009276725030300463,-0.010192134483914924,3.0625408577437692e-6,365.2564405754412,3624.402490397803,0.02060033147957286,-0.005575042987620972,1.27089947624309e-5,1469.7837490760826,973.9225400158409,-0.19885268256382765,-0.051971119822293306,0.0007958927804887053,4186.901351990762,714.6214542071116,0.01369576727891353,-0.03912033854651277,-177.65738662291028
2.1541616190029484e-6,224.70076951753725,3503.7656192670347,0.005730954332287104,-0.009419390205774508,3.0410266805196267e-6,365.2564393560104,3624.402510581385,0.017661590810670952,-0.004980145787245991,1.0542507849628861e-5,1473.3342824938527,953.8282442017831,-0.27543188640510013,-0.05491809572627442,0.000899450739027557,4189.298759395704,718.8602841253776,0.027103256232919766,-0.03412089679902578,-177.06949960500003
2.1399538158093473e-6,224.7007694123053,3503.7656246290853,0.0029927987321192516,-0.00915374949024178,3.0226881712477803e-6,365.2564385260713,3624.4025225942155,0.015380108213473857,-0.004751704528423315,7.580370890846784e-6,1476.8933928791917,966.8683832060037,-0.41596596403989344,-0.008564136776607242,0.00099367118205461,4190.1637691498245,727.4648975790609,0.036856355950552,-0.030110114445559385,-176.54817394694766
2.1320288268242328e-6,224.70076928831827,3503.7656309891,-0.00013875073570584896,-0.007894013235558564,2.9977244111532103e-6,365.2564370938549,3624.4025350311945,0.012867762136307722,-0.003835482421393395,3.6310670710701423e-6,1480.4611009513471,1218.7989882472202,-0.8071987059697575,0.466238704464667,0.0011286033352288745,4194.070978529331,721.0545212505168,0.048261117803734384,-0.02666580877911908,-175.99493245862328
2.132551762351545e-6,224.70076927325792,3503.76563239174,-0.0009926931034439654,-0.007686014668233671,2.9907976421113877e-6,365.2564369945979,3624.402534180345,0.012221497491071454,-0.0035678052355443833,1.8285611756430035e-6,1484.0374274796143,1469.5912798378142,-1.5217356247634086,1.0248295311276365,0.0011624877328163794,4190.355174572677,726.9910243777321,0.05092358421692863,-0.02608824543728632,-175.44853180590695
2.13230254930244e-6,224.70076926353926,3503.765633463184,-0.001534672548259469,-0.007894049246015672,2.9869766429636615e-6,365.25643726278804,3624.4025295968727,0.011795882205348544,-0.0036188617596889018,2.599126015198272e-7,1487.6223932834614,4153.507006010966,-10.899494879663814,6.742088075843207,0.0011785699072282662,4185.676742745846,738.1186140762331,0.052209407364721,-0.025626159284060254,-174.96201921164445
2.1369717472888655e-6,224.70076925594233,3503.76563380954,-0.0014807523890841016,-0.008650516334660022,2.9862365865601398e-6,365.25643801170975,3624.4025177112617,0.011877886643632573,-0.00406449359632145,4.974730719526511e-8,1491.2160192326505,18113.748422947025,-53.77555559974997,36.17656020131652,0.0011578552482234457,4179.399496432235,755.4295983205069,0.05085794640150178,-0.025621602248433496,-174.5511559594878
2.1111451889391796e-6,224.70076911540437,3503.76564070596,-0.004142327482630101,-0.00856307100027661,2.964649080305505e-6,365.25643865038336,3624.402494794243,0.009822714365368725,-0.0038646759117287387,8.95639300165099e-6,1494.8183262473567,1182.4859764029281,0.3109756409627692,0.2396559529713147,0.0012699032945146518,4180.524599657815,762.4982204067664,0.05794087189479663,-0.02294644685773268,-174.15484937326866
2.1044782058290114e-6,224.70076913957794,3503.7656403753763,-0.00447251708230135,-0.008904290981601523,2.963308411573637e-6,365.2564395400269,3624.402481197657,0.009618751722940109,-0.0040259692621281915,9.323778586637045e-6,1498.4293352982957,1150.7248374447283,0.32606108970890274,0.19937307196871393,0.0012644579176252497,4174.4360292463325,776.1027791523662,0.05788262047824589,-0.02301954265903528,-173.72129960562197
2.1008486080260878e-6,224.7007691697852,3503.7656395206477,-0.004570435520771953,-0.00933691048364716,2.963353170456356e-6,365.2564404973307,3624.402467146677,0.009616264219862993,-0.004263422108202198,9.424494466551185e-6,1502.0490674068376,1123.279995043094,0.33641196893091396,0.17356948008580567,0.0012449522608924915,4169.036056157425,788.1773370506121,0.056949888366892354,-0.02332846932504211,-173.38896490630611
2.0994705756184955e-6,224.7007692034087,3503.7656382421565,-0.004456254291581819,-0.009836737900033454,2.964678770860146e-6,365.25644145925656,3624.4024534046407,0.009794356985953026,-0.0045608478318406856,9.351441733026225e-6,1505.6775436451353,1098.1367657306623,0.3439570625313937,0.1562517355685197,0.001214528156818215,4164.791789186826,797.6825509447723,0.05524976881762412,-0.023841652080857343,-173.16845559993197
2.0999314144162424e-6,224.70076923740578,3503.7656366324786,-0.004121206238448177,-0.01038216880970849,2.967333817927871e-6,365.25644235940604,3624.402440843543,0.010155546758524342,-0.004903766714312493,9.159649783719291e-6,1509.3147851362448,1074.458570330549,0.34896566932342526,0.1449164383530828,0.0011755036570871413,4162.073267701243,803.6645984672512,0.05282048952229566,-0.0245582726193023,-173.0607187187609
2.101942009993776e-6,224.70076926873674,3503.765634798949,-0.0035534047673980943,-0.010940203083404581,2.9713806812412737e-6,365.2564431374434,3624.402430276779,0.01070455516035862,-0.0052681984538111145,8.900600173899058e-6,1512.9608130542497,1051.768555396584,0.35088770148501386,0.13816188931475637,0.0011303500886945264,4161.104085412569,805.3587556050426,0.04971044016031403,-0.02548846745532691,-173.0574577017825
2.105248214852176e-6,224.70076929437803,3503.7656328789694,-0.0027514457425915797,-0.011471604854353716,2.9768259482828304e-6,365.2564437497777,3624.4024222931616,0.01143766923586557,-0.005624719076355782,8.627357197646552e-6,1516.6156486243806,1029.6815275520648,0.3488923134393962,0.1348848786742851,0.0010818582326501277,4161.889626974415,802.4734094125731,0.04601441572723104,-0.0266360021368545,-173.14227400206485
2.1095698886471227e-6,224.70076931272828,3503.765631004489,-0.0017392298576265547,-0.011928015625367413,2.9835366822268284e-6,365.2564441806497,3624.402417089089,0.012331709773800908,-0.005935811081422175,8.392536692269348e-6,1520.2793131231472,1007.7731237965147,0.34234922093097175,0.1338017144596826,0.0010330557507095728,4164.178617470608,795.2929680360373,0.0419023338068701,-0.027989917014807398,-173.29388484780884
2.114496015963579e-6,224.70076932411774,3503.765629266439,-0.0005685406729891121,-0.012263282301899797,2.991231026405133e-6,365.25644444210167,3624.402414470262,0.01334336168160074,-0.006164382923648099,8.241800969069549e-6,1523.9518278784517,985.5872023555924,0.33105239103185985,0.1334523514481587,0.0009866366533211456,4167.538624173104,784.6167751919246,0.03759346377424358,-0.02951945258222906,-173.4907481973385
2.119639561941494e-6,224.70076933031982,3503.765627702981,0.0006959638855221672,-0.01244340574699688,2.9995469227958565e-6,365.2564445617843,3624.4024140309093,0.014420682735655587,-0.006282091933055461,8.198740719121946e-6,1527.633214269719,962.8132583339657,0.31568968382705226,0.1326169683819435,0.0009444560706224705,4171.496442685461,771.4901287290265,0.03330791206810832,-0.0311792044610688,-173.71507707111326
2.124608727206676e-6,224.70076933332703,3503.7656263222425,0.0019849558810300597,-0.012458475018141884,3.008085013986481e-6,365.25644457136315,3624.402415311176,0.015509208257082581,-0.006279156654542951,8.26673814125387e-6,1531.3234937280204,939.3551605164538,0.2976066934363741,0.13056512451507774,0.0009075322345821008,4175.654842500862,756.9984762490728,0.029234078716301612,-0.032906594972705226,-173.95475362234555
2.129084869288188e-6,224.700769334964,3503.7656251124736,0.003236591079466264,-0.01231710849781001,3.016473053908006e-6,365.2564444995496,3624.4024178961185,0.016560617493855904,-0.0061602558034522005,8.431505773052032e-6,1535.0226877361972,915.3703563361966,0.2783331931827415,0.12727246794992608,0.0008761878384402216,4179.721620601718,742.1113271271145,0.02551126588855379,-0.03463083002830376,-174.2031832077981
2.1328845920520933e-6,224.70076933610926,3503.7656240656147,0.004407698907106466,-0.012041837870203577,3.024430499627388e-6,365.25644436455286,3624.4024215168442,0.01754085583970844,-0.005941251539047023,8.664926148809134e-6,1538.7308178289857,891.1405285043578,0.2592036712147517,0.12322492710673937,0.0008502555526895623,4183.549746231015,727.5155985140548,0.022223725986697612,-0.03628432200831904,-174.4580104906251
2.13587553102749e-6,224.70076933726887,3503.765623174292,0.005466721967571505,-0.011665938073042744,3.0317416253042786e-6,365.2564441816258,3624.402425935333,0.01842466195870051,-0.005646979516050921,8.936042145657829e-6,1542.4479055931477,866.9229349210588,0.24107299866701964,0.1189988367543804,0.0008293465611821692,4187.046093992511,713.7839696037438,0.01941416192804756,-0.03780332385325607,-174.71954545026912
2.1380271344051927e-6,224.70076933862285,3503.7656224316847,0.0063983246372535515,-0.01121980170193202,3.0382803888975786e-6,365.25644396010136,3624.4024309888932,0.019198971533871286,-0.005300289102822863,9.210385698191318e-6,1546.173972667587,842.8949056086244,0.2244086564271699,0.11511151900738306,0.0008129646752302914,4190.186081702296,701.2330945680427,0.01709595000757387,-0.03914298580119872,-174.98933655007548
2.1392533856715034e-6,224.70076934011473,3503.7656218347483,0.007194544424152568,-0.010737710142850566,3.0439779549880147e-6,365.25644370856014,3624.40243651062,0.019856858363908627,-0.00492750730270922,9.462061250268302e-6,1549.9090407434817,819.0851847742609,0.2092530897552097,0.11176764611379757,0.0008006290180914248,4192.95915803355,690.1369567819793,0.015263091758088071,-0.040264735559349105,-175.26903400445698
2.1395408688340196e-6,224.7007693418381,3503.7656213725472,0.007855817897707982,-0.010242488239867434,3.048816206280655e-6,365.2564434335056,3624.402442356007,0.020398002012624605,-0.00454607118940807,9.66909151387355e-6,1553.653131564409,795.4487045245888,0.19553301515375762,0.10898205105340214,0.0007918765476062987,4195.390263200723,680.5349731765136,0.013899511189784655,-0.04115632687132157,-175.55957428674665
2.138882815290015e-6,224.7007693437269,3503.765621037485,0.008385139330223092,-0.00975455026629001,3.0527987515573172e-6,365.2564431416184,3624.4024483736193,0.020824573016375948,-0.00417169786861496,9.815424255612022e-6,1557.406266926472,771.9016770116921,0.18309073153328137,0.10663259086570395,0.0007862931736531033,4197.515552072076,672.4021343932662,0.012980119661011844,-0.04181550733953602,-175.86068872007235
2.1373030203804645e-6,224.70076934597026,3503.765620813129,0.008790414797920813,-0.009293388038838822,3.0559662783965727e-6,365.25644284307185,3624.4024543567307,0.021143169848391916,-0.0038195756021012456,9.892918384285745e-6,1561.1684686784242,748.3259214216612,0.1717373295639188,0.10447103858753563,0.0007834448649295717,4199.351281630625,665.7221800570142,0.012465409500687166,-0.04225235009776401,-176.1707186626692
2.134842234157764e-6,224.70076934870656,3503.765620684457,0.009076461343545365,-0.008869610077144591,3.058342867980016e-6,365.2564425470765,3624.4024601205724,0.02135856467395028,-0.0034977478054509,9.898300236208664e-6,1564.939758721804,724.6089712083523,0.16135404566021308,0.10217220416078057,0.0007830083068689274,4200.937436534937,660.3693305134734,0.012322825712800954,-0.04248381890364229,-176.48668405187937
2.1316899963221376e-6,224.70076935210517,3503.765620631252,0.009256899074803253,-0.008488917600414297,3.0600040517494513e-6,365.2564422636893,3624.402465476476,0.02148270245651807,-0.003210541192781162,9.832631423910596e-6,1568.720159011052,700.6718420377679,0.15185499857322374,0.09941968075272067,0.0007845511223557216,4202.313815018959,656.1484045743377,0.01249822939464955,-0.04254522034909359,-176.80452605848518
2.1280521038416636e-6,224.70076935620932,3503.765620637503,0.009342867374436868,-0.008159291072648811,3.0610136705527735e-6,365.2564420040644,3624.4024702319875,0.02152601397840569,-0.0029640980019649196,9.698051679248049e-6,1572.5096915536453,676.4801066651384,0.14323239447387962,0.09594458833401362,0.0007876763611853803,4203.511884168331,652.929551173229,0.012933485599453638,-0.04246548326005814,-177.11944104148603
2.1241940225187823e-6,224.70076936091675,3503.7656206899624,0.009348199999395996,-0.007886412550436135,3.0614519166164146e-6,365.25644177859965,3624.4024742171664,0.021501076074822666,-0.0027627014350592887,9.496720572681074e-6,1576.3083784102243,652.0303775354768,0.1354017521267497,0.09156913806738175,0.0007919681297988708,4204.556455444443,650.5831657446851,0.013564595968102135,-0.0422768598514524,-177.42624520216145
2.1204295357264766e-6,224.70076936610366,3503.765620775304,0.009292403252389073,-0.0076793723814822055,3.061437906953671e-6,365.25644159796656,3624.402477273463,0.021424968710914444,-0.0026136267693839936,9.230595432127664e-6,1580.1162416947195,627.4005665546317,0.1283164305771055,0.08622353037720125,0.0007969045999268152,4205.448167589199,649.07499111144,0.014308374682112292,-0.04200868216034185,-177.71973794245142
2.117056004002952e-6,224.70076937134345,3503.7656208869334,0.009195530749954725,-0.007540573397136539,3.0610964692024773e-6,365.25644146617105,3624.4024793537296,0.02131515072247026,-0.0025188145617254837,8.901626215933742e-6,1583.933303574486,602.6708230291754,0.12183941129554603,0.07985007827516513,0.000802018284129784,4206.222991747502,648.2557596405501,0.015091791948774259,-0.041692934842928825,-177.99504426340786
2.157540798702253e-6,224.7007693092438,3503.7656231631713,0.011562147101593622,-0.009103009095250079,3.0747757515235265e-6,365.25644088353454,3624.402488847442,0.023076453686116327,-0.003965065702861241,4.5370792673167507e-8,1587.7595862704238,1411.7654774412445,31.012500166516784,6.94310307338878,0.0007665644954859197,4206.821089673713,656.6569407421877,0.01044047441017088,-0.04189391950870978,-178.1721955664378
2.1533559615284963e-6,224.70076932040786,3503.76562315212,0.011094844331286166,-0.008640444114212545,3.072023111007244e-6,365.25644089657476,3624.4024888176805,0.022693919563477317,-0.003584728033894575,1.575001356804274e-8,1591.5951120571133,13670.35435117214,84.36061010304549,31.219985746897763,0.0007772519590474778,4207.53174324856,653.6917143359474,0.012061085667315705,-0.04152824418499052,-178.25978770604365
2.1600548154011704e-6,224.700769272052,3503.765624282164,0.011546311553206443,-0.009019009033134318,3.073680071152282e-6,365.25644089440226,3624.402489002331,0.02299430521615475,-0.003896940851905422,2.8931542265417288e-9,1595.4399032629426,1158.7721052074496,471.15606613662794,0.19557454291438167,0.0007713347043117866,4208.009469164855,654.5403726989632,0.011317067579818405,-0.041671265116965235,-178.3697685146658
2.1582510528402436e-6,224.7007692707743,3503.765624491037,0.011274131302924914,-0.008810945523873471,3.0717941001532932e-6,365.2564409431716,3624.402488273295,0.022755179977767857,-0.0037215015253004324,3.3158908995800897e-10,1599.2939822702388,1010.93870431403,4055.122977727076,-15.756535830935752,0.000777631049846868,4208.4058762678915,653.1819056503874,0.012314541476199387,-0.0414349624292636,-178.43239315659002
2.150569938442442e-6,224.70076932305864,3503.7656236189,0.010301310241836805,-0.008114019004505098,3.066487379281026e-6,365.2564411227082,3624.402485483522,0.021991273411455726,-0.0031301021098399935,3.648676494114562e-8,1603.1573715153957,2275.0815231388005,34.395350972787526,15.148370990260297,0.000794316126772317,4208.213591965738,651.3867479861606,0.014656726065670075,-0.04086242375885783,-178.43783471961407
2.150019779260572e-6,224.7007693197127,3503.765623833794,0.010166114613725016,-0.008093265379829899,3.0654983522063204e-6,365.256441219716,3624.402484011535,0.02186007383841895,-0.0031031520915457862,1.9246179279493185e-8,1607.0300934890115,15827.457816180053,64.92399517451757,29.11453629357535,0.0007972767936646217,4208.3555895376785,651.6400234182966,0.01510568545660811,-0.04068459859655044,-178.46331777120486
2.1492286879113076e-6,224.70076931382485,3503.765624097877,0.010056581066540561,-0.008124266109402013,3.064678780123209e-6,365.25644132136955,3624.4024824319768,0.0217494734723925,-0.0031183962005283047,1.6350800383265026e-8,1610.912170736009,18040.553177860296,76.96806567703938,33.40006915257356,0.0007996537696193534,4208.5302269538215,652.0954278015848,0.01547290683663929,-0.04050765121933837,-178.48113542078377
2.148117572180711e-6,224.70076930608826,3503.765624397379,0.009965547221814338,-0.008195388656034655,3.06399071621619e-6,365.2564414239502,3624.40248079538,0.02165426715895515,-0.0031663901910021983,1.8455529392419335e-8,1614.8036258557752,15291.904288195376,69.30874384922521,28.008035496809246,0.0008016658772682126,4208.725891709292,652.7082393195413,0.015787209043998045,-0.04032855482965169,-178.49069693000897
2.146614106342976e-6,224.70076929688517,3503.7656247265545,0.009884594826031394,-0.008299968360948805,3.0633990916275857e-6,365.256441522509,3624.402479170819,0.021568676040997478,-0.0032413914199236086,1.4672725787557828e-8,1618.704481502289,17928.745329061054,88.91770146793826,33.09292314790971,0.0008035488164241048,4208.962302155469,653.4168891883076,0.01607677623160992,-0.040139948835810964,-178.49123200231074
2.1448497979741475e-6,224.70076928808223,3503.765625038453,0.009796602870777656,-0.008437623374855544,3.062799308481709e-6,365.25644162760153,3624.4024773581905,0.02147932472835821,-0.003343372389818352,1.7455593601697193e-8,1622.6147603842544,14363.805818399425,76.32280919669188,26.146466012994416,0.0008053141481305923,4209.155342083825,654.3656073426978,0.016337840908844433,-0.03994826298184831,-178.48637250487016
2.1883315631788808e-6,224.70076923061436,3503.7656253719015,0.010662938541413215,-0.01096061382261589,3.0660696882867146e-6,365.25644217926344,3624.402464350386,0.022127830286479425,-0.005380273819176916,6.941611800620938e-6,1626.5344852652315,1348.3692869231734,0.07849921462818492,-0.12992739966562977,0.0007774740963437601,4202.592255596397,672.6685866261433,0.012469794289776048,-0.04150375714052078,-178.44789473090268
2.1880396839934245e-6,224.7007692203343,3503.7656256212085,0.010710369283093468,-0.010970993857537954,3.0665838142435757e-6,365.25644219993933,3624.4024642510035,0.0221659481100183,-0.005380896352718321,7.359737047974445e-6,1630.463678963774,1328.633411173664,0.08660479796431844,-0.1302574687234717,0.000777479334061635,4203.421844365311,671.2035927398,0.012478897667050945,-0.04149786416648666,-178.35157640408988
2.186795127096481e-6,224.70076920905916,3503.765625894298,0.010754520365305326,-0.011013921068392774,3.067084903493627e-6,365.2564422001939,3624.402464393535,0.022200827311131772,-0.0054085885853092435,7.782838250988207e-6,1634.4023643535536,1309.1476910015556,0.0943513304955767,-0.12945480497169412,0.0007775138780501559,4204.344478646179,669.8232042501259,0.012460760090039954,-0.041458616154747226,-178.26016220296938
2.1844037871555094e-6,224.7007691971337,3503.7656261832444,0.010790371935859102,-0.01109806015642807,3.067547891361716e-6,365.25644217827164,3624.4024647890114,0.02222876270239599,-0.005470760973665433,8.195036097238544e-6,1638.3505643634992,1289.8352594160729,0.10159426349764757,-0.12760049879499816,0.0007775894299744034,4205.322292127816,668.6649864942981,0.012411714259460575,-0.04137771926552565,-178.1778297600427
2.1807737589488355e-6,224.70076918469925,3503.7656264823986,0.010816713314748063,-0.01121906935874677,3.067965218367226e-6,365.25644212920844,3624.402465504061,0.022248985578894098,-0.00556414467129733,8.578187093732295e-6,1642.3083019779285,1270.6239237136563,0.10812000479546392,-0.12488612964347413,0.000777744178035282,4206.357858590316,667.65925475128,0.01233965093797422,-0.04126288906295107,-178.10891370111773
2.1758730871256752e-6,224.70076917249943,3503.765626772461,0.01083510804923406,-0.011376701465073668,3.0683524313479315e-6,365.25644205646665,3624.4024664863337,0.022262743975499138,-0.0056889775482398975,8.920093952363934e-6,1646.2756002366807,1251.5000057639054,0.11388038774213545,-0.12136003348249476,0.0007778988806200074,4207.385079525426,666.9373205811285,0.012235586373495609,-0.04111674966924838,-178.05729507250788
2.1697025368770624e-6,224.70076916081757,3503.7656270466955,0.010841439815597372,-0.011560523450724593,3.068685949351554e-6,365.2564419612115,3624.4024677241646,0.02226695895244373,-0.005836675352473979,9.207889635374407e-6,1650.2524822352566,-417.8519347327268,0.11881464652779655,-0.11720908464118408,0.0007781448147818326,4208.394603529763,666.4329797348684,0.012120107156657949,-0.04094583105042003,-178.025829038571
2.162393102598973e-6,224.700769150247,3503.7656272897975,0.0108377598153122,-0.011761340136677114,3.0689785602557683e-6,365.2564418495279,3624.4024691342634,0.022263156456207203,-0.005999833721128676,9.437556337392985e-6,1654.2389711249439,1213.3584440912225,0.12284922390738703,-0.11250065589136155,0.0007784435014777621,4209.338615480834,666.1674586566098,0.01199650916097187,-0.04076044210878908,-178.01597432465007
2.154125663907008e-6,224.70076914132153,3503.7656274897204,0.010825025762265558,-0.011965461358495126,3.069235732729832e-6,365.2564417283471,3624.4024706271175,0.022252065986516082,-0.00616716049431439,9.60514698179674e-6,1658.2350901129578,1194.2984850574844,0.12598600363751042,-0.1074702471304539,0.0007788077708608679,4210.184602616435,666.1121308043132,0.011877758820740948,-0.04057021498419456,-178.02771455300456
2.145118225467557e-6,224.70076913423057,3503.7656276428875,0.010804263930636493,-0.012159618448165726,3.0694611020972366e-6,365.2564416031629,3624.4024721350947,0.022234509157426405,-0.006327602027308394,9.711387555527503e-6,1662.2408624625748,1175.1912838580843,0.12819376271154834,-0.10225253567535778,0.0007792678205030296,4210.928190150302,666.185983475238,0.011778025098691948,-0.04038363689578554,-178.05975449181418
2.1355954844714154e-6,224.7007691294024,3503.7656277417736,0.010774251286580936,-0.012331361199792373,3.069643908561196e-6,365.256441482097,3624.4024735526377,0.022209518164647408,-0.0064706847295452185,9.759345904370362e-6,1666.2563114932682,1155.9834261739147,0.12950940523953877,-0.09706677231829915,0.0007798731322066173,4211.546043038575,666.3642030939601,0.011714034857147882,-0.04020568215963977,-178.10988908430122
2.1258005387688176e-6,224.7007691269784,3503.7656277847664,0.01073625574974061,-0.012468952545540972,3.0697864558789647e-6,365.2564413704246,3624.4024748173624,0.022178073652288046,-0.006586607420085936,9.75148903284086e-6,1670.2814605808423,1136.6071978474074,0.12995865364385942,-0.09208621670084928,0.0007806437264156539,4212.042556838818,666.5691040604249,0.011696243355043198,-0.04004243322738216,-178.175414380093
2.115958412913373e-6,224.70076912701833,3503.765627772859,0.010688891541344003,-0.012561632440472753,3.069872577336206e-6,365.2564412722821,3624.4024758804076,0.02213912312308856,-0.00666626861817675,9.691434766184469e-6,1674.3163331575752,1117.0307564660075,0.12953928486636426,-0.08747471331403549,0.0007816514401574793,4212.430387426891,666.7112108790717,0.011741790283790316,-0.03989770809056258,-178.25347651403186
2.1062703454583663e-6,224.70076912969802,3503.7656277036376,0.01063154840960415,-0.01260395792858734,3.06989212120374e-6,365.25644119263393,3624.402476681005,0.02209213471495196,-0.006705035081548697,9.582293395508327e-6,1678.360952712344,1097.17472305378,0.12835082423501099,-0.08333463892376299,0.0007828977087865192,4212.71100700014,666.767707727783,0.011853729390364285,-0.03977263860432386,-178.34130629573252
2.0969118849227506e-6,224.7007691350401,3503.7656275790255,0.01055953064549605,-0.012587401130783141,3.069806598179423e-6,365.2564411337575,3624.4024771952995,0.022033479547288255,-0.0066956339800282785,9.424863784330538e-6,1682.41534279077,1076.9872982187965,0.126354732611049,-0.07980893070354853,0.0007844881359990973,4212.902890899374,666.6526302156675,0.012051028927317856,-0.03966799543476865,-178.43633570607082
2.0880554835338433e-6,224.70076914321334,3503.7656273950192,0.010474201771799896,-0.012510759643723411,3.0696169106625665e-6,365.2564410992569,3624.402477379311,0.021964062482510153,-0.006637024778141214,9.220020276736065e-6,1686.4795269953531,1056.3727494340906,0.12361668372871895,-0.07696496421662558,0.000786360151089946,4213.00512169807,666.3697517789998,0.012324378755364383,-0.03958548183743107,-178.53622001076778
2.0798770569570883e-6,224.7007691542905,3503.7656271495835,0.01037254883973414,-0.012372981680271023,3.069294237750811e-6,365.2564410911781,3624.402477205974,0.021881438427468727,-0.006528147242151283,8.968077417956331e-6,1690.5535289856095,1035.244902836421,0.12011192433851738,-0.07481387258114108,0.0007885287421342665,4213.022142076139,665.8933163554593,0.01267626668292062,-0.03952717644006045,-178.63879792545816
2.072564219937478e-6,224.70076916867492,3503.76562683152,0.010253323033553722,-0.012170402693774462,3.0688213061713753e-6,365.25644111232265,3624.402476638258,0.02178450256785381,-0.00636601205903653,8.666447042459133e-6,1694.6373724782075,1013.4838705910439,0.11581057395495153,-0.07337412917559948,0.0007909485084207005,4212.946794282749,665.2087403761168,0.013100211106442092,-0.03949761165513342,-178.7420149096127
2.066278949152257e-6,224.70076918661135,3503.7656264329885,0.010116440147347295,-0.011908494370485691,3.0681904249397565e-6,365.25644116617127,3624.4024756250415,0.021672982404721167,-0.006155027327989446,8.314885989310103e-6,1698.7310812471121,990.8859395288807,0.11065286346984116,-0.0726771102886805,0.0007935288178025895,4212.75223792689,664.3939618211798,0.013581127883207984,-0.039498241511084414,-178.84382414704848
2.0612882925312895e-6,224.70076920850596,3503.7656259396126,0.009964134103906131,-0.011587065141132051,3.067405655065631e-6,365.256441254317,3624.4024741437256,0.021548511194597313,-0.005895235633363931,7.91006760999388e-6,1702.834679123714,967.1853414725996,0.10452017291610462,-0.0727346839241128,0.0007961289365652748,4212.421568483549,663.4518391468878,0.014098382150487304,-0.03953883641526415,-178.9420690288962
2.0578932358335155e-6,224.70076923487096,3503.765625335744,0.009793936684238183,-0.011209414501693053,3.0664430209858974e-6,365.25644138006635,3624.4024721446845,0.021409202768278596,-0.005589463060882693,7.448092239646538e-6,1706.948189996975,941.9586354057632,0.09714327714286239,-0.07368651983267725,0.0007986627589190838,4211.912931928081,662.4605905278762,0.01463941272596763,-0.03962431283869189,-179.03434570774286
2.056483153973563e-6,224.7007692662988,3503.7656246004453,0.009608410337656307,-0.010774166050844348,3.065308834505148e-6,365.2564415449909,3624.4024696049373,0.02125709295619142,-0.005236966221656827,6.928816696569252e-6,1711.0716378135648,914.4750131846174,0.0882210012268462,-0.07576346506713705,0.0008009566706662123,4211.190992112911,661.4300433582009,0.015181549934967845,-0.0397700232257614,-179.11784819268047
2.0577096484449062e-6,224.70076930340073,3503.765623712455,0.00940705452191865,-0.010285613837675353,3.063985405418327e-6,365.2564417512625,3624.4024664928547,0.021092306764634382,-0.004841861618529437,6.35030329870828e-6,1715.2050465780003,883.5799873460091,0.07729983066199822,-0.07959587942739905,0.0008028440240820988,4210.201116906488,660.4350153202065,0.015702515370879286,-0.039989865795369894,-179.18921966409562
2.0622820953277167e-6,224.7007693462381,3503.7656226654954,0.009184493022135799,-0.009744781276956488,3.062428540630862e-6,365.25644199453,3624.4024628763736,0.020911838174977757,-0.004405499060030408,5.728109634671495e-6,1719.3484403527846,847.3242545431217,0.06389748448450558,-0.0865822138311294,0.0008043393829096155,4208.945961347041,659.4014958290164,0.01620639829477154,-0.040294572262416915,-179.24450795280768
2.0707777773680556e-6,224.70076939321683,3503.7656214956687,0.008943086177599646,-0.009170782041585033,3.060646931791965e-6,365.2564422590862,3624.4024589925643,0.020719125993010384,-0.003944014935079951,5.113873435047072e-6,1723.501843258553,802.7211696388036,0.049064549050669454,-0.09925421020132803,0.000805446018807307,4207.507501983864,658.2018575360241,0.01668598982346249,-0.04068645221918881,-179.27953927914757
2.081303295757221e-6,224.7007694392525,3503.7656203419224,0.008697068942052194,-0.008607080518978738,3.0587832834118544e-6,365.2564425094937,3624.402455362335,0.020525267713138978,-0.0034916039692013535,4.690035943040795e-6,1727.6652794742038,747.1873932854767,0.042374885220758295,-0.11867613675827487,0.0008064036163694921,4206.130600581971,656.712118265241,0.017144483916074423,-0.04111343970838569,-179.29130845974566
2.1592167734463065e-6,224.70076959425208,3503.765615721492,0.008283740723225607,-0.007584584757620886,3.0540927655836824e-6,365.25644343435414,3624.4024408922423,0.020247786600528582,-0.0027310071820279415,1.1658726059114974e-6,1731.838773237045,1073.2392879811748,-0.7122455731149547,0.30507027016187094,0.0007950809093149875,4197.893200966878,660.3487211230001,0.01634336957389779,-0.043319064018153206,-179.27823554041927
2.183225586456073e-6,224.70076968684168,3503.765613090222,0.008166927911493035,-0.006846470789894974,3.052794317219727e-6,365.2564439851822,3624.4024323665394,0.020148791065496403,-0.002158608103199966,2.4589846507954427e-7,1736.0223488429351,2444.8418232839035,-4.1295542344929626,2.802012451612086,0.000787092492415689,4192.679671437276,663.4762198528034,0.015692642264753115,-0.044576060622451265,-179.19842274388998
2.204256247570738e-6,224.70076977014864,3503.7656106261757,0.008222733327489927,-0.006484224552903931,3.052788265950659e-6,365.256444522914,3624.402423678636,0.020188031951744966,-0.0018957668361914537,1.5580291969355048e-7,1740.2160306464214,4849.938309167032,-6.023296459238335,7.138639535986677,0.0007754119703427208,4186.512763763378,670.9372157054629,0.014284739109207583,-0.045799642739065005,-179.0883873334864
2.335713655476293e-6,224.70076984264568,3503.7656079710023,0.00729503467682916,-0.005213893205758906,3.043239846429651e-6,365.25644529758534,3624.402412527596,0.019596368822893506,-0.0009950935144313754,6.643487179694071e-6,1744.4198430608897,1118.9650078595287,0.3384241129753601,0.20757421372068335,0.0007664657423999345,4178.289072118067,672.7067998112198,0.013684003752288941,-0.04823174139656441,-178.9363285203391
2.391447345900913e-6,224.70076990771847,3503.7656059778246,0.006758103545152657,-0.003920687231299091,3.038341479659175e-6,365.2564455261585,3624.4024093137646,0.01921972472908525,-6.14693131501203e-6,8.175607523980039e-6,1748.6338105586951,1089.690479909282,0.3647672475964776,0.1738688742954582,0.0007651121906450989,4174.717070491392,667.8540741510345,0.01417593640501394,-0.049763332108215264,-178.7441777959706
2.4292196622345895e-6,224.70076994787263,3503.7656047119162,0.006435357358099359,-0.0028272399443668842,3.0351653403264908e-6,365.2564454851728,3624.4024100219453,0.01899588602661665,0.0008313325031654984,9.19421348061109e-6,1752.8579576713125,1066.8143078849544,0.3823638643448354,0.15618201820516645,0.0007646265842880108,4172.733395175973,662.3073455958925,0.014612185807909557,-0.0508833526261231,-178.55112213801434
2.4395120976270253e-6,224.70076995889343,3503.76560433897,0.006473679301916342,-0.0021671448072193406,3.0349054092658176e-6,365.25644520568136,3624.4024140745264,0.01903113892179005,0.0013378218286693323,9.399676750901852e-6,1757.0923089894766,1050.2616453021678,0.399270171912355,0.15163510634202337,0.0007640502526881878,4172.347258342434,658.38093889185,0.01470080595534315,-0.05135900908365494,-178.38494924828123
2.4225583706594366e-6,224.70076994780413,3503.7656046963402,0.006842857619202786,-0.0019855308943442364,3.0374060342134747e-6,365.25644480299366,3624.4024197353747,0.019301681311606346,0.0014803869088506668,8.804976753341653e-6,1761.3368891633258,1040.4838634747518,0.4205476441517823,0.15920967069391057,0.0007632539871982465,4173.003378088379,657.4812310940415,0.014429687668883334,-0.05118002109528742,-178.25769195502141
2.3878800803591693e-6,224.70076992680495,3503.765605436029,0.007366261750170766,-0.002145662015735458,3.0413354988073133e-6,365.2564443975939,3624.402425304529,0.019678031179762488,0.0013651021227404172,7.747818939689676e-6,1765.591722902544,1037.6803430981874,0.44890992503316907,0.17787206761448343,0.0007629209941990165,4174.023535804489,659.3257920905378,0.014041877146081334,-0.050534656243957976,-178.1623982545652
2.3461229739028656e-6,224.70076990552525,3503.7656062553283,0.007880861544433978,-0.0024588704325915803,3.045393341576756e-6,365.25644405578447,3624.4024299199095,0.02004256162269955,0.0011365899433210536,6.611561980846316e-6,1769.8568349765105,1041.440493373923,0.4849459452634015,0.2056695573674672,0.0007635961974167655,4174.990059884121,662.6940329623923,0.013767826180471184,-0.049666128977874154,-178.08379936424058
2.3044367038710126e-6,224.70076988819764,3503.7656070031385,0.008303034462053018,-0.0027855492453528778,3.0488549689014725e-6,365.2564437942383,3624.402433443125,0.020336894910126056,0.0009009053567710458,5.692387797235547e-6,1774.1322502144346,1048.5125864395616,0.5246408669145723,0.2352201837105022,0.0007654796547953461,4175.800994677677,666.4215018110908,0.013721490436763212,-0.048741619389347735,-178.0080851933471
2.265693301833875e-6,224.70076987608655,3503.7656076210246,0.008621876786130637,-0.003044012197300863,3.0515595415156777e-6,365.25644360912844,3624.4024360052686,0.020555012886322777,0.0007201877083949874,5.1483112096041765e-6,1778.4179935055072,1052.6305424579673,0.5582322554280919,0.25422265306742686,0.000768376741767517,4176.458818346057,669.7840760836968,0.013908239117920497,-0.047862414721404255,-177.92566186320693
2.230020830510585e-6,224.70076987061907,3503.765608053825,0.008895506330834317,-0.0032707643262139805,3.0538756442281206e-6,365.2564435210282,3624.402437319762,0.020741772463618514,0.0005636703905391805,4.917078175349091e-6,1782.7140897990432,1052.1868922371714,0.5833257811887085,0.2613761876448528,0.000771102314336081,4176.5936106152485,673.6660115950541,0.014127897489894582,-0.04708098903336565,-177.83070864788468
2.1983492754140385e-6,224.70076987397212,3503.7656082194317,0.009196285272738304,-0.003526758860666939,3.0562402511853122e-6,365.256443548625,3624.40243708669,0.020953654103172847,0.00038042282348067227,4.8039737406691485e-6,1787.0205641046275,1052.227806074352,0.6117622338312824,0.269634562311207,0.0007720727500622387,4175.676588777907,679.2989659715754,0.014117424564452438,-0.046472092251397264,-177.72192926110012
2.172375423892553e-6,224.7007698856206,3503.765608117912,0.009553183672715687,-0.003833444797205002,3.05878195563569e-6,365.25644367245854,3624.402435577,0.021214991257825073,0.0001519315144016733,4.6468270709593295e-6,1791.3374414922582,1057.274249150816,0.6575505983564403,0.2900248227228734,0.0007707870991538582,4173.582785881163,686.9399041931616,0.013785666077109309,-0.046063271961191705,-177.60331040698696
2.1533517749892563e-6,224.70076990315897,3503.765607807411,0.009989223305310015,-0.004195026821315215,3.061598745987844e-6,365.2564438573465,3624.4024333142343,0.021545254577419466,-0.00012654042835437055,4.369647869811029e-6,1795.6647470925,1069.9047893999707,0.7313983519712819,0.32772567057570823,0.0007671597937912483,4170.499500593932,696.2406869263621,0.013102055426048316,-0.045851327605769564,-177.4825705974696
2.141635188907591e-6,224.70076992278527,3503.765607391526,0.010501801347746097,-0.004597660959393581,3.064645898379547e-6,365.25644406166623,3624.4024309295924,0.02194326457804911,-0.00044348951567948504,3.939972387648028e-6,1800.00250609662,1094.0232600301536,0.8480042901945556,0.3889227492861114,0.0007617978554810455,4166.820254023664,706.3913713255407,0.012144990593149597,-0.045800877538612124,-177.36903322443396
2.293332075823884e-6,224.7007700189593,3503.76560327884,0.013612389246772692,-0.005225087358061851,3.0849105095056514e-6,365.2564448589544,3624.402418398065,0.024533361848750962,-0.0010797928210654006,2.09203355334541e-8,1804.3507437567407,-97878.96007422723,-105.08098279288512,-170.10205302684955,0.0007168715252145535,4145.753701415982,735.0661875743399,0.005222957561347679,-0.05059720791547174,-177.25688434119732
2.2921403592770518e-6,224.7007700364404,3503.7656028488045,0.014403184173492168,-0.005675321273842969,3.090834056714364e-6,365.25644502205984,3624.4024158439884,0.025154234892221208,-0.0014458274330080682,3.3571212810700863e-8,1808.7094853859867,-62254.90739524351,-73.0784839234415,-114.05864833643015,0.0007095899668672012,4140.356008251609,748.6828178193967,0.0037247090196887295,-0.05062172190772036,-177.070717163916
2.2848306852315716e-6,224.70077004707258,3503.7656026553027,0.015197732721551827,-0.006283496437007152,3.0970802696891476e-6,365.2564451993008,3624.4024130955445,0.02577097843634851,-0.0019311861102571145,4.2528487900300925e-8,1813.07875635863,-53898.4296906845,-62.590051257678894,-96.13703479075575,0.0007028674010396062,4135.543580969058,762.5952296387296,0.0022380075958786925,-0.050418334665517275,-176.91095185213425
2.2710382296313877e-6,224.70077004984682,3503.7656027262788,0.01592408877679926,-0.007016842838042855,3.1031929284139056e-6,365.25644537795506,3624.4024103438355,0.026327206467023113,-0.002509403472331494,3.707524073747025e-8,1817.4585821102378,-67771.41987229533,-75.1129665149388,-116.70980452650588,0.0006972343123544864,4131.809786160669,775.7462759597722,0.0008750215592643293,-0.04996447556612245,-176.79222290751207
2.2511695211979796e-6,224.70077004385143,3503.7656030834555,0.016522004621451793,-0.00785650848991489,3.1087314446710383e-6,365.25644555333054,3624.4024076803757,0.026775950400193566,-0.0031657017021220163,5.3216965521426744e-8,1821.8489881378266,-45976.359795052274,-52.52547235568689,-85.08514901807672,0.0006929882063288727,4129.411989248744,787.5715724459627,-0.00028690239440098877,-0.049249440877064794,-176.7296227342851
2.2264461717682155e-6,224.70077002751196,3503.7656037541237,0.01691088404305198,-0.008715139740509643,3.1130740676208205e-6,365.2564456945107,3624.4024055956975,0.02705597137525641,-0.0038316402757290332,5.1892215449399985e-8,1826.2500000000005,-50727.40629471274,-51.83435669881712,-89.88221044848785,0.0006906951107639308,4128.808115743979,796.6177994932297,-0.001105515762120902,-0.04831421630508804,-176.7320457043402
