mu_1,P_1,t01,ecos1,esin1,mu_2,P_2,t02,ecos2,esin2,mu_3,P_3,t03,ecos3,esin3,lprob
2.3196903859357048e-6,224.70077169652538,3503.7655659500692,0.02339110598030007,-0.018855302221797224,3.141312423202006e-6,365.256457685657,3624.4022477341255,0.03155247526793008,-0.012536383153803609,0.0004133799767469785,4017.7500000000005,1035.2588336638441,-0.08434244933544656,-0.06596215241599629,-186.42054074319586
2.3179868352027037e-6,224.7007716738776,3503.76556644337,0.02324483352870615,-0.018768036478876312,3.1404561049541253e-6,365.2564575606427,3624.402249274509,0.03144037363586621,-0.012462162895066837,0.000416337731954656,4019.4325114637995,1032.282097193885,-0.08288419923247868,-0.06561429137793583,-186.31589515449718
2.3162742195597257e-6,224.7007716511801,3503.7655669394508,0.023098083519046072,-0.018680403771951164,3.1395975246700567e-6,365.256457435158,3624.402250825443,0.03132795225002719,-0.01238758474682263,0.0004193183189731531,4021.115727512207,1029.3032445829217,-0.0814341076230369,-0.06526636071344105,-186.2117914573768
2.3145705877227702e-6,224.70077162846445,3503.7655674365615,0.022952531502433746,-0.018592609028943365,3.138748022505842e-6,365.25645730926277,3624.4022523868043,0.031216600097664783,-0.012312813849613084,0.0004223000173018318,4022.7996484402893,1026.3008164180674,-0.08000366877703963,-0.0649260643138118,-186.10823385863165
2.3128304256390494e-6,224.70077160567791,3503.7655679379263,0.0228036790188847,-0.0185059071751814,3.1378788639351317e-6,365.2564571830441,3624.4022539565894,0.031102682727652504,-0.012238805803539097,0.00042532083613046226,4024.48427454322,1023.315374409802,-0.07857480863493949,-0.06457961955675996,-186.00522657142199
2.3111112492006556e-6,224.7007715829073,3503.7655684392016,0.022657053675364816,-0.01841728552913428,3.137024215976486e-6,365.25645705632127,3624.402255538029,0.030990629158219506,-0.012163240268201958,0.00042833622237929854,4026.1696061163143,1020.2934906189632,-0.07716736792905164,-0.06424414654004196,-185.90277394803147
2.3093651290178384e-6,224.70077156006224,3503.765568944332,0.02250796308633163,-0.018330293036597882,3.1361550455984178e-6,365.2564569292575,3624.4022571281157,0.03087668121465575,-0.012088867528633194,0.0004313826457765184,4027.8556434549923,1017.2798923484879,-0.07576553215942905,-0.06390599279547125,-185.80088034092915
2.3076230663261053e-6,224.70077153720732,3503.765569450797,0.02235915637449533,-0.01823913485010142,3.1352885646510735e-6,365.2564568017058,3624.402258730078,0.030763061187645352,-0.012011117958960434,0.0004344523143846479,4029.542386854816,1014.2245539476256,-0.0743690819953697,-0.06357641836071205,-185.69955022291927
2.3058715466913057e-6,224.70077151431786,3503.7655699594484,0.022210227255049893,-0.018151499721360567,3.1344224537308307e-6,365.25645667382776,3624.4022603401495,0.030649410899756976,-0.011936105495304473,0.000437526757613209,4031.2298366114533,1011.190614842682,-0.07299259991323924,-0.06324372468431896,-185.59878812541973
2.3040929525083836e-6,224.7007714913764,3503.76557047145,0.02205859543123715,-0.01806345235424384,3.1335406514015134e-6,365.25645654563925,3624.4022619586203,0.03053370540863249,-0.011860659064422237,0.0004406403815077619,4032.917993020714,1008.1551324122762,-0.0716172317136826,-0.06290941759716898,-185.49859863847064
2.302334003313126e-6,224.70077146845867,3503.7655709830783,0.021909396688522976,-0.01797293462041734,3.132674433881993e-6,365.2564564168962,3624.4022635890856,0.030419997517421842,-0.011783210020020038,0.0004437475721635192,4034.6068563785147,1005.0805349189363,-0.07026215700451187,-0.0625866034311997,-185.39898647024626
2.300551433599666e-6,224.70077144548367,3503.7655714981615,0.021757665037422793,-0.017883213059309747,3.1317934633388665e-6,365.25645628788203,3624.402265227734,0.030304374036851406,-0.011706295919294792,0.0004468904850056609,4036.2964269809113,1002.0070353061302,-0.06891043868914161,-0.06226196282720899,-185.2999563850454
2.2987572013866324e-6,224.7007714224779,3503.765572015497,0.021605069053279562,-0.017792180590526955,3.1309078553195815e-6,365.2564561584447,3624.4022668765374,0.030188138821472504,-0.011628246236703865,0.0004500590428821331,4037.9867051240726,998.9182481578466,-0.0675650707965146,-0.06194012729569459,-185.20151323545537
2.2969740233665993e-6,224.70077139947395,3503.7655725335558,0.02145398062061823,-0.017701102616928917,3.130032344897137e-6,365.2564560285971,3624.4022685349664,0.030073176154437428,-0.011550124438436666,0.0004532323344261416,4039.677691104291,995.8205115112315,-0.06623640571863469,-0.061621467100257635,-185.10366196698038
2.295184551262281e-6,224.7007713764479,3503.7655730534684,0.021302376471552815,-0.017611283058185444,3.129153836494787e-6,365.2564558983745,3624.402270202466,0.029957860467047688,-0.011472942747530973,0.000456415360028139,4041.369385217996,992.7202100037536,-0.06492286141905744,-0.06130481757530953,-185.0064076146106
2.2933694370819567e-6,224.70077135338906,3503.765573576047,0.02114863911399459,-0.01752114112493999,3.1282641086208777e-6,365.2564557678964,3624.4022718779484,0.029840970100444793,-0.011395379387109933,0.0004596342418839006,4043.061787761723,989.6170998326813,-0.06361243906560278,-0.0609869546203164,-184.90975530344312
2.2915754335638825e-6,224.70077133034638,3503.765574098611,0.02099711081135741,-0.017428871925598926,3.12738807112582e-6,365.2564556368777,3624.4022735652156,0.029725897661947432,-0.011316099431620544,0.0004628530281159562,4044.7548990321498,986.4800796914935,-0.06231824087960157,-0.0606783078638634,-184.81371024856395
2.2897705869487916e-6,224.70077130726344,3503.7655746237183,0.0208448792477203,-0.017337938921224493,3.1265080806509005e-6,365.2564555055272,3624.402275260723,0.02961032207571626,-0.01123780170258626,0.0004660938545278265,4046.448719326061,5029.797896274807,-0.061033548626992055,-0.06036829417329616,-184.71827777889297
2.2879389989233285e-6,224.70077128416366,3503.7655751512443,0.02068993124020011,-0.01724526457555406,3.125612469236149e-6,365.25645537391006,3624.4022769641338,0.02949269247414791,-0.011158004745292967,0.000469377772226891,4048.143248940383,980.2066863406503,-0.05974846653802659,-0.06005834168603853,-184.62346332283693
2.2861237080626614e-6,224.7007712610661,3503.765575679202,0.020537255860219553,-0.01715467463108308,3.1247311678378985e-6,365.2564552418797,3624.4022786767696,0.029376912885404262,-0.011079843437437556,0.0004726518514733991,4049.8384881721486,977.0651504900659,-0.0584863373498312,-0.05975125144036173,-184.52927238251468
2.2843003245091814e-6,224.70077123797122,3503.7655762084755,0.020383399489168372,-0.017061366854977382,3.1238429590596715e-6,365.25645510945867,3624.4022803994903,0.029260284688057567,-0.010999430848279599,0.0004759531724950049,4051.5344373185326,973.8911448450914,-0.05722896051095198,-0.05945033751673924,-184.43571059790386
2.2824753217514287e-6,224.70077121485295,3503.7655767393726,0.02023026892129302,-0.016970388552089613,3.1229600025218036e-6,365.2564549767097,3624.402282129952,0.02914428828413244,-0.010920809689414682,0.00047926294763185395,4053.2310966768173,970.7302168218808,-0.0559870920016309,-0.05914789742845617,-184.34278368692446
2.280656747374444e-6,224.70077119177418,3503.7655772701905,0.02007789965453994,-0.016878429124183848,3.122082373441554e-6,365.25645484359205,3624.4022838699375,0.029028976802326613,-0.010841363732248812,0.0004825776402448171,4054.9284665444266,5022.479277276634,-0.054760046717612074,-0.058850284203698894,-184.25049750443424
2.2788119610566815e-6,224.70077116862183,3503.765577804747,0.01992293354602196,-0.016786092794693515,3.121189331756464e-6,365.25645471013587,3624.402285618347,0.028911696025633836,-0.010761478801123813,0.0004859401364968081,4056.626547218895,964.3653150336509,-0.053530576749023145,-0.05855206347030466,-184.15885800915268
2.276986443622089e-6,224.70077114551827,3503.7655783385567,0.019770118150308935,-0.016692219980963176,3.1203095394218643e-6,365.25645457625774,3624.4022873766453,0.02879617217948189,-0.010680348867666502,0.0004893009703961289,4058.3253389978836,961.154220775536,-0.05231772827162036,-0.05826069190703523,-184.0678712563905
2.275168893875475e-6,224.7007711224394,3503.765578872509,0.019618793359401667,-0.01660115417257441,3.119439699209544e-6,365.2564544420745,3624.402289142791,0.028681887822980798,-0.010601430154119048,0.000492651780058023,4060.024842179189,957.9547470415259,-0.051127508672333156,-0.05796945165353417,-183.9775434121362
2.2733159410464276e-6,224.70077109930153,3503.76557941018,0.019463727789567415,-0.016507790490231985,3.118547202349643e-6,365.2564543075863,3624.402290916885,0.028564726610618492,-0.010520523350861462,0.0004960659688812403,4061.725057060717,954.7389673465295,-0.049928285816138944,-0.05767820570604101,-183.88788079673867
2.271484552694024e-6,224.7007710762124,3503.7655799469994,0.019311212314383205,-0.01641553400376527,3.117670683183174e-6,365.25645417273364,3624.402292699922,0.02844963803125083,-0.010440488277108119,0.0004994655006656714,4063.425983940514,951.5159990751836,-0.048751737780826934,-0.057391202513107746,-183.79888984600765
2.269641919792921e-6,224.70077105311552,3503.7655804854758,0.019157890968156607,-0.0163238211130752,3.1167897454070145e-6,365.256454037558,3624.4022944910475,0.028333976956560564,-0.010360809119839389,0.0005028863711179467,4065.1276231167353,948.293704667746,-0.04758382464909167,-0.05710409938159368,-183.71057703567308
2.267808639748991e-6,224.70077103003527,3503.76558102427,0.019005610303792993,-0.016230832613333798,3.115915180275625e-6,365.25645390200384,3624.4022962913505,0.02821920593769428,-0.010280052765071497,0.0005063214832471462,4066.8299748876766,945.0486640931855,-0.04642565124344027,-0.05682193807378755,-183.62294906355052
2.265976449517717e-6,224.70077100696642,3503.7655815636667,0.018853700023500595,-0.01613807092332946,3.115043092170667e-6,365.25645376608963,3624.4022980999803,0.02810478564636838,-0.01019941708612133,0.0005097664360731948,4068.5330395517435,941.7963281419571,-0.04527984693280431,-0.0565424767645151,-183.53601270706437
2.264134530122526e-6,224.70077098390095,3503.7655821044405,0.0187011664527122,-0.016046279230569352,3.1141677720667565e-6,365.2564536299085,3624.402299916161,0.027989944273395573,-0.010119476143314196,0.0005132306495228287,4070.2368174074813,938.546998508542,-0.04414362968012134,-0.05626233347479191,-183.44977485417218
2.2622969658728283e-6,224.7007709608626,3503.765582645426,0.0185493104343993,-0.015953507398753185,3.1132967092471186e-6,365.25645349335025,3624.4023017412505,0.027875694505675563,-0.010038698635854377,0.0005167078400691302,4071.9413087535454,935.2815795198946,-0.04301750120322067,-0.05598585428485308,-183.3642425372699
2.260461299640006e-6,224.70077093783067,3503.765583187286,0.01839739423957791,-0.01586017315626371,3.112425186951768e-6,365.2564533564647,3624.402303574715,0.027761469486436836,-0.009957402381665108,0.000520206127813457,4073.6465138887315,931.9999515304502,-0.041898954971333474,-0.055712668340772,-183.27942292144485
2.2586232021689784e-6,224.7007709148021,3503.7655837300485,0.018246368085491863,-0.015770239574019348,3.1115597511127945e-6,365.25645321927766,3624.402305415349,0.027647981660189534,-0.009878762618435916,0.0005236999668620566,4075.3524331119493,928.7381990077043,-0.040799051585056145,-0.05543790157922514,-183.19532326440287
2.2567966659719273e-6,224.70077089182644,3503.765584272168,0.01809609929304614,-0.015676608843247612,3.1106986884748175e-6,365.2564530816869,3624.4023072656005,0.027535173433870012,-0.009797123814827946,0.000527216522883887,4077.0590667222327,925.438065219826,-0.039703972763609,-0.0551700083524392,-183.11195100525705
2.254955290666757e-6,224.7007708688426,3503.7655848161176,0.01794479186988506,-0.015585851517368958,3.109831474355149e-6,365.25645294388465,3624.4023091221,0.027421581303673843,-0.009717696656971374,0.0005307482823168659,4078.7664150187534,922.1545762389069,-0.03862046574681401,-0.05489958982328398,-183.0293136785184
2.2531369129823043e-6,224.70077084591315,3503.7655853588317,0.01779603867536772,-0.015494943090987161,3.1089798412882883e-6,365.25645280567244,3624.4023109878754,0.027310073963724844,-0.009638136844909235,0.0005342706246301458,4080.4744783007923,4999.32971449813,-0.037554161182320016,-0.054634517045817156,-182.94741893529203
2.2513167391695885e-6,224.70077082299852,3503.765585902316,0.017647396545992934,-0.015403501556577976,3.108129176528469e-6,365.25645266711933,3624.4023128622202,0.027198712205768364,-0.009558070771775085,0.0005378124457271047,4082.1832568677714,915.5443927564992,-0.03649508349497158,-0.05437153431327083,-182.86627458140643
2.2494949474684526e-6,224.7007708001342,3503.7655864457056,0.017498215498417184,-0.015310059447729825,3.1072749468309243e-6,365.25645252829514,3624.4023147438465,0.027086993820413865,-0.009476347497818925,0.0005413830148478029,4083.8927510192225,912.2134698078919,-0.03544022761024976,-0.05411144337719522,-182.7858885506697
2.2476661347536453e-6,224.70077077727103,3503.765586990039,0.017349229557396106,-0.015219415175867909,3.106422169929705e-6,365.25645238919117,3624.4023166322377,0.02697546162128072,-0.009396777416824398,0.0005449552571160807,4085.6029610548185,4994.497257627899,-0.03440045657071065,-0.05385121111706187,-182.70626890282074
2.245853914531188e-6,224.70077075444,3503.765587534192,0.017202085243694706,-0.01512928002003386,3.1055804233162027e-6,365.2564522496914,3624.40231852962,0.026865435570477946,-0.009317598595442839,0.0005485285121854538,4087.3138872743416,905.5702563396594,-0.033374092228780516,-0.053593166727717655,-182.6274238052729
2.2440364499847647e-6,224.70077073165584,3503.7655880783286,0.017054518682668864,-0.015038949187524795,3.1047362381825954e-6,365.25645210997124,3624.402320433782,0.02675513406686659,-0.009238190539254999,0.0005521184662449264,4089.025529977717,4991.261429417954,-0.03235606234075042,-0.053337222821275156,-182.54936161342565
2.2422253964985154e-6,224.70077070887214,3503.7655886231632,0.0169080923645859,-0.014950047417438708,3.103898647451112e-6,365.2564519698691,3624.4023223461018,0.02664576179315194,-0.00915987270408534,0.0005557130588901403,4090.7378894649764,898.90252308295,-0.03135037271339855,-0.05308274959028738,-182.47209075797713
2.2404299803315364e-6,224.70077068620424,3503.7655891656927,0.016762624787685802,-0.014857910789066932,3.1030664937223885e-6,365.2564518294546,3624.402324267029,0.02653721741959691,-0.00907894499179396,0.0005593171494382083,4092.450966036297,895.5330425069109,-0.030353317609797384,-0.05283491369619512,-182.39561980085392
2.2386278751989393e-6,224.70077066350507,3503.7655897102945,0.016617280600659066,-0.014769041225804023,3.102235338341138e-6,365.256451688723,3624.402326195208,0.026428807396616627,-0.009000566742660612,0.0005629330287660518,4094.1647599919665,892.1852961578787,-0.02936731843375664,-0.052584171555378555,-182.31995748628094
2.2368257184510593e-6,224.70077064085316,3503.7655902544607,0.016472494502115194,-0.014681531361839669,3.101407930923951e-6,365.2564515477698,3624.402328129412,0.026320896686922203,-0.008923218954805363,0.000566551319162219,4095.8792716324,888.8405158210302,-0.028394633121961943,-0.05233434941752799,-182.24511262960124
2.2350390476159544e-6,224.70077061827175,3503.765590797565,0.016328693200151217,-0.014591000495109372,3.1005853744154397e-6,365.25645140641404,3624.4023300734307,0.02621379836490512,-0.008843411411595897,0.000570186663336235,4097.594501258151,885.4583468046084,-0.027427192942829998,-0.05209105636405365,-182.17109419778728
2.2332476913911327e-6,224.70077059568018,3503.7655913419426,0.016185216390850583,-0.014504273964749147,3.0997649822876797e-6,365.25645126480237,3624.40233202327,0.02610699031106651,-0.00876659565435857,0.0005738253106914531,4099.31044916988,882.1007978973568,-0.026473513610911673,-0.05184523350686602,-182.09791128214738
2.231464835888328e-6,224.70077057315856,3503.765591885217,0.01604295071170184,-0.014417559076817047,3.098951919876392e-6,365.25645112288265,3624.4023339809296,0.026001188057867903,-0.008689755699409371,0.0005774625810407411,4101.027115668392,878.734731045469,-0.025532419472109484,-0.05160220784598841,-182.0255731038489
2.229694826008188e-6,224.70077055069447,3503.765592427612,0.015901661727722016,-0.014329352019959206,3.0981439793829356e-6,365.25645098061216,3624.4023359471676,0.025896194842321064,-0.00861167296907227,0.000581111907403966,4102.744501054603,875.3425509113466,-0.02459874142800685,-0.05136432819938664,-181.9540889980543
2.2279103469905287e-6,224.70077052824814,3503.765592971265,0.015759251425531553,-0.014242883736048864,3.0973293609358805e-6,365.25645083814976,3624.402337918969,0.025790364886842804,-0.008534918708352024,0.0005847863275570023,4104.462605629567,871.9670206582412,-0.023671414883591854,-0.05112311101610218,-181.88346842519076
2.2261546370466754e-6,224.70077050589063,3503.7655935123607,0.015620203409760216,-0.014156412657289619,3.0965348998263048e-6,365.25645069525956,3624.4023399001244,0.025687223390527952,-0.008458167112436497,0.0005884336569996801,4106.181429694451,868.5733471900833,-0.022762571364703697,-0.050888376634906834,-181.8137209645442
2.224401556051682e-6,224.7007704835628,3503.76559405373,0.015481493130398021,-0.014071149052986773,3.0957418243478857e-6,365.25645055209986,3624.4023418881084,0.02558436938307843,-0.008382338027593594,0.0005920915813169272,4107.900973550565,865.1807795725904,-0.021862977078316356,-0.05065418745988739,-181.74485633095915
2.2226445580576065e-6,224.70077046128884,3503.7655945946767,0.015342490955924932,-0.013985795105180894,3.0949468636654363e-6,365.25645040871365,3624.402343882284,0.025481338498677134,-0.008306366921834913,0.0005957647771471795,4109.62123749933,861.7802035454714,-0.020970838102689876,-0.050421873341521116,-181.67688432414025
2.2209016567650455e-6,224.70077043906906,3503.765595134881,0.015205357261748438,-0.013901459969019217,3.09416300063802e-6,365.25645026494846,3624.4023458849197,0.025379811696366397,-0.008231212743386515,0.0005994324146762918,4111.342221842295,858.3819306344548,-0.02009129886075881,-0.05019070598989824,-181.60981488283704
2.219166312742722e-6,224.70077041690448,3503.7655956743247,0.01506889387972027,-0.013817311348563921,3.0933821160215238e-6,365.2564501209106,3624.4023478943154,0.025278823623987826,-0.00815616336433091,0.0006031057000011962,4113.063926881148,854.9717641686703,-0.019221341794403272,-0.04996276734611606,-181.5436580676268
2.2174274121227237e-6,224.7007703947698,3503.765596214148,0.014932599425694955,-0.013734487949111295,3.0926029775729775e-6,365.25644997662306,3624.4023499106506,0.025178049344521742,-0.008082121044410615,0.0006067914475895974,4114.786352917686,851.56939161596,-0.01835959240284544,-0.04973378296998461,-181.47842401968774
2.215708368434842e-6,224.7007703727218,3503.765596752108,0.014798266395839175,-0.013651343806975254,3.091834595125905e-6,365.25644983198004,3624.4023519350626,0.025078820082261637,-0.008007824124704521,0.0006104682439683241,4116.509500253848,848.1523865569765,-0.017510305816662783,-0.049509112580612684,-181.4141229920806
2.2139917652617006e-6,224.7007703507186,3503.765597289621,0.014664544753976477,-0.013569368612215155,3.091069594949864e-6,365.2564496870536,3624.4023539662953,0.024980107121603964,-0.007934419158230161,0.0006141465619845385,4118.2333691916865,4962.968517023,-0.01667145907842813,-0.04928595619035115,-181.3507653604434
2.2122823317260342e-6,224.70077032879402,3503.7655978259986,0.014531378793463069,-0.013486801878938132,3.0903074721427647e-6,365.2564495418511,3624.402356004903,0.02488186873180107,-0.00786051457315863,0.0006178341087981459,4119.957960033393,841.3056733756505,-0.01584020854902169,-0.04906522422317808,-181.28836157713386
2.2105788549594183e-6,224.70077030690723,3503.7655983621044,0.01439937535952492,-0.013406082031969085,3.089552103467548e-6,365.2564493963706,3624.402358050086,0.024784571289636036,-0.007788060868247032,0.0006215196913064491,4121.68327308127,837.8838451091419,-0.015020455760486807,-0.04884473480591669,-181.2269222106445
2.2088826637650144e-6,224.70077028507322,3503.765598897722,0.014268107211264593,-0.01332638005863523,3.0888005209950513e-6,365.2564492506012,3624.402360102388,0.024687869758326715,-0.00771640943075043,0.000625207517148294,4123.409308637765,834.4616539290284,-0.014210443807611333,-0.048625511005718054,-181.1664579384661
2.207196853188609e-6,224.70077026331916,3503.765599431626,0.014138380126331436,-0.013247041425360933,3.088058025028072e-6,365.2564491045253,3624.402362161892,0.02459241431587621,-0.007645032049372076,0.0006288855666544109,4125.136067005434,831.0329604464745,-0.013412501834244773,-0.04840922295145732,-181.106979465259
2.205515363152254e-6,224.70077024161753,3503.7655999650615,0.014008906550992966,-0.013167680115979916,3.0873163351448224e-6,365.25644895817436,3624.402364228551,0.024497190866364885,-0.007573583845259954,0.0006325763706278899,4126.8635484869765,827.5945889790623,-0.012620850556749481,-0.04819499451483902,-181.04849767296358
2.2038455376439702e-6,224.70077021998847,3503.7656004973146,0.013880974330287996,-0.013089280166527925,3.0865835948282964e-6,365.25644881152004,3624.402366302556,0.02440319848893339,-0.007502915985801422,0.00063626071333888,4128.591753385207,824.1570760587254,-0.011840343623602928,-0.04798197187227871,-180.99102344171598
2.2021838560608366e-6,224.70077019844067,3503.765601027968,0.013754324271918451,-0.013011881222258118,3.085858439394321e-6,365.2564486646004,3624.402368382736,0.0243102341886973,-0.007433055798902785,0.0006399339695183987,4130.3206820030655,820.7223587197219,-0.011072473283199158,-0.04777049436721694,-180.93456778555864
2.2005237401380017e-6,224.70077017692626,3503.7656015587595,0.013627633742062897,-0.012935582943233638,3.0851322027512454e-6,365.2564485174483,3624.402370469666,0.024217272605196603,-0.007364017847646254,0.0006436198663588311,4132.050334643632,4949.334027295529,-0.010310935854271177,-0.04756019078671728,-180.87914177143364
2.198880028013658e-6,224.7007701554777,3503.7656020883014,0.013502955661248747,-0.01286006706811286,3.0844177042920852e-6,365.25644836991887,3624.402372564874,0.024125909429126173,-0.007295630063666865,0.0006472933642869569,4133.780711610097,4947.624629338291,-0.009561019425939348,-0.047351904607162994,-180.82475653447193
2.197247434806774e-6,224.70077013412808,3503.76560261585,0.013379528123720548,-0.012784721226218937,3.0837105242634716e-6,365.2564482221368,3624.402374666725,0.024035559605349525,-0.00722738632697166,0.000650959947722262,4135.511813205795,810.3987443151002,-0.008821565094363439,-0.047145791089474476,-180.77142330378396
2.1956148571807134e-6,224.7007701128388,3503.765603142698,0.013256213549867193,-0.012709355550935037,3.0830026541894504e-6,365.2564480740978,3624.4023767748145,0.023945283043322645,-0.007159065222369641,0.0006546380630088474,4137.24363973417,806.9441491368144,-0.00808784178777466,-0.04694191855150436,-180.71915332657613
2.1939894565995333e-6,224.7007700915841,3503.765603669294,0.013134143844653886,-0.012636759030704218,3.0823025775840348e-6,365.2564479257943,3624.402378889449,0.023856031312452643,-0.007092976695491497,0.0006583045924601791,4138.97619149881,803.5046770977327,-0.007366434167555723,-0.04673762368141825,-180.6679579382471
2.192383208804203e-6,224.70077007043596,3503.7656041934797,0.013013944493909652,-0.012563573453392351,3.0816127674584584e-6,365.25644777714956,3624.402381011814,0.023768245509806944,-0.0070264450769011765,0.0006619601530132061,4140.709468803414,4940.761463653544,-0.006655082162157213,-0.04653697325975577,-180.61784850576984
2.1907782882112304e-6,224.70077004935226,3503.7656047169025,0.012894146639014973,-0.012491370333905624,3.080925351097229e-6,365.2564476282945,3624.402383140396,0.023680812095021684,-0.006960672668191293,0.0006656182757195634,4142.443471951823,4939.044068140946,-0.0059517566730502,-0.04633692497379459,-180.5688364713229
2.1891796708259163e-6,224.70077002833696,3503.765605239304,0.012775249591329038,-0.012419575253916772,3.0802427668021526e-6,365.2564474791568,3624.4023852760088,0.023594104067219467,-0.0068952135239499545,0.000669276979441506,4144.178201247993,4937.3240319304505,-0.0052561201711861,-0.04613836471908184,-180.5209332830162
2.1875982025287168e-6,224.70077000740682,3503.76560575974,0.012658012467081379,-0.012348795699389783,3.079569439830094e-6,365.25644732971693,3624.402387418551,0.02350870206785243,-0.006830602845176082,0.0006729163210619736,4145.9136569960165,789.6874086982314,-0.00457270697809549,-0.0459428049175387,-180.4741504392241
2.186010569595232e-6,224.70076998652812,3503.765606279961,0.012540825189660333,-0.012279367664665811,3.078896457419691e-6,365.2564471800994,3624.402389566419,0.023423367055715613,-0.0067670423952932175,0.0006765638084396982,4147.649839500109,786.2379193187752,-0.0038960760517588668,-0.045746375127553814,-180.42849949591937
2.184438807179054e-6,224.70076996573735,3503.7656067983717,0.012425093224914667,-0.012209818447945393,3.0782312679801887e-6,365.25644703017,3624.402391721795,0.023339179913175724,-0.006703394708925132,0.0006802047995727907,4149.386749064608,782.7775468019589,-0.003227855440969977,-0.04555288841594787,-180.38399198375743
2.18287779212767e-6,224.7007699450026,3503.76560731586,0.012310917702328925,-0.012142342387966201,3.0775753053566594e-6,365.2564468799426,3624.4023938840087,0.02325622084087108,-0.00664145412216783,0.0006838276058124651,4151.124385993993,779.3266377072196,-0.0025714947301546985,-0.045360178310192296,-180.34063948426348
2.1813287457591865e-6,224.70076992437478,3503.765607831038,0.012198082081135866,-0.012074414911531012,3.076926919104346e-6,365.25644672944384,3624.4023960530976,0.023174332070685498,-0.006579157892260998,0.0006874433989462709,4152.862750592854,775.8660810544784,-0.0019233360710450623,-0.04517010396210645,-180.2984536085998
2.179784232530457e-6,224.70076990379854,3503.7656083457196,0.012085769099874678,-0.012007876575051136,3.0762810576468086e-6,365.25644657871635,3624.4023982285366,0.023092864560398992,-0.006517969162287818,0.0006910578936105684,4154.601843165926,772.4070848670485,-0.001283020857733999,-0.04498090663963945,-180.25744592297977
2.1782473668387784e-6,224.70076988328674,3503.7656088592744,0.011974665762137552,-0.011942862016523148,3.0756421686345923e-6,365.2564464277317,3624.4024004100597,0.02301235118965985,-0.006458030665744915,0.0006946598550339996,4156.341664018052,768.954132259008,-0.0006527798148473497,-0.04479268048518766,-180.2176280542767
2.1767237614355595e-6,224.70076986287853,3503.7656093706696,0.011864656001265772,-0.011877229875982637,3.0750089566244078e-6,365.25644627646,3624.4024025989647,0.022932701942900792,-0.006397600341424027,0.0006982569463787346,4158.082213454223,4923.568866095375,-2.9512014835287866e-5,-0.04460767862254758,-180.179011570919
2.1752016147744978e-6,224.70076984251344,3503.7656098817574,0.011755511959837121,-0.011814113746198292,3.0743812747203894e-6,365.2564461249892,3624.4024047933244,0.022853753431269348,-0.006339215813270573,0.0007018433815622735,4159.823491779539,762.0353869204417,0.0005836751113063081,-0.04442186499712408,-180.14160807268246
2.1737005538926705e-6,224.70076982229065,3503.765610389313,0.011648079937048963,-0.011748916554342554,3.0737623311340446e-6,365.25644597317876,3624.402406995559,0.022776123889861655,-0.006279171629689198,0.0007054197080187054,4161.565499299246,758.5573011035553,0.001189930786855213,-0.04424135895693438,-180.10542911835958
2.1721963175409112e-6,224.7007698021293,3503.7656108963615,0.011541342725807823,-0.011686032296426344,3.0731484262139135e-6,365.25644582120697,3624.402409202799,0.022699071569502512,-0.006221028714714497,0.00070898803018667,4163.308236318698,755.0996034204851,0.0017869331545824017,-0.04405883392068275,-180.0704862514929
2.1707075108078976e-6,224.7007697820191,3503.7656114023416,0.011435939856886594,-0.01162458460907019,3.0725414709644077e-6,365.25644566895096,3624.4024114169697,0.022623055729508013,-0.006164059129097944,0.0007125383406372035,4165.051703143397,751.6376312223849,0.002373982241743828,-0.04387924234907426,-180.03679098951437
2.1692183464793484e-6,224.700769761993,3503.765611907144,0.011330680811897587,-0.011563123961314129,3.0719352292548743e-6,365.2564455164918,3624.4024136368052,0.022547177176334244,-0.006107073163666608,0.0007160993655872863,4166.79590007896,748.1750429286494,0.0029570285370833227,-0.04369994776545888,-180.00435480093353
2.1677495005093052e-6,224.70076974205415,3503.7656124098307,0.011228031090665157,-0.011503386635588845,3.071344603616446e-6,365.25644536372386,3624.402415864185,0.022473336205947846,-0.0060515674811448825,0.0007196191397578542,4168.5408274311285,744.7169429387366,0.0035258564220409846,-0.04352286114074686,-179.9731891245522
2.1662752294143827e-6,224.70076972217583,3503.7656129119287,0.011125256035261077,-0.011444381526479374,3.070752836155281e-6,365.256445210795,3624.4024180962238,0.02239940022734973,-0.005996622755987248,0.0007231491715929646,4170.286485505789,741.2615217000821,0.004090349383638378,-0.043345884283705914,-179.94330534329504
2.1648333551326564e-6,224.70076970242022,3503.765613410609,0.011025330062799496,-0.011385199173019668,3.070176976715815e-6,365.25644505748255,3624.402420336807,0.022327668684996454,-0.005941630647261951,0.0007266398574744849,4172.032874608937,737.7904426357939,0.004642818028721414,-0.043174069302351764,-179.91471478977877
2.1633825285717007e-6,224.7007696827287,3503.765613908838,0.010925031395541759,-0.011326978802027357,3.0695991992955145e-6,365.25644490404954,3624.40242258203,0.022255673668790273,-0.00588739093105322,0.0007301427864907733,4173.779995046713,734.3261940948211,0.005191200956404026,-0.04300131422585531,-179.88742870237627
2.1619347137859733e-6,224.70076966307906,3503.76561440666,0.010825707095615592,-0.011270955593303482,3.0690273517278715e-6,365.2564447504226,3624.402424832399,0.022184447521126832,-0.005834962046287523,0.000733630254741644,4175.5278471253705,730.8758137249373,0.005730326199811671,-0.042828380054684825,-179.8614582914103
2.160511662018804e-6,224.7007696435931,3503.7656149004015,0.010728206691662214,-0.011212894248232385,3.0684652784072166e-6,365.256444596495,3624.4024270906775,0.022114633735607236,-0.005780943192227083,0.000737101544902945,4177.276431151306,727.3978923526911,0.006262684211552621,-0.04266054755145198,-179.83681465504944
2.159082175942776e-6,224.70076962412645,3503.7656153948074,0.010630693742073535,-0.01115737582961925,3.067903063790914e-6,365.256444442403,3624.4024293533694,0.02204480230479973,-0.005728994009915547,0.0007405751711534129,4179.025747431027,723.9396033817604,0.006788922531350188,-0.04249091391494606,-179.81350884060802
2.1576621936365403e-6,224.70076960474773,3503.7656158872855,0.010534934157652352,-0.011103154519016738,3.0673521104673925e-6,365.2564442880892,3624.4024316224422,0.02197636780117111,-0.005678150795395381,0.000744018172543761,4180.77579627119,720.4863701744949,0.007304206558417752,-0.042322699414868464,-179.7915517707033
2.156256883056173e-6,224.70076958547713,3503.765616377254,0.010440515352198828,-0.011048501372114567,3.066808258000594e-6,365.2564441335222,3624.4024338980494,0.021908967727476854,-0.0056269910469460204,0.0007474478733460725,4182.5265779785595,4899.546599520979,0.007812790755410004,-0.042157749560596994,-179.77095428917056
2.1548554011261027e-6,224.70076956628006,3503.7656168661038,0.010346842884353434,-0.010994981171663537,3.06626897171745e-6,365.25644397877033,3624.4024361789993,0.021842149391119055,-0.005576791937825775,0.0007508679986335416,4184.278092860046,713.559751959843,0.008314346095333203,-0.04199312945540592,-179.75172711833864
2.1534604463135675e-6,224.70076954716,3503.765617353507,0.010254003871164262,-0.010942375099031985,3.0657342922519487e-6,365.25644382383285,3624.4024384652107,0.021775974606433025,-0.005527368080749029,0.000754275201787372,4186.030341222678,710.0999184401521,0.008808533098406172,-0.041829934815753,-179.73388089901673
2.1520928692766193e-6,224.70076952816515,3503.7656178377406,0.010163856767506606,-0.010889589833478864,3.0652153654494844e-6,365.25644366856045,3624.402440759775,0.021711888557786496,-0.005477917926818103,0.0007576437449625347,4187.783323373607,706.6300873536705,0.009292305311011387,-0.0416703780131426,-179.71742610089552
2.150711419851932e-6,224.70076950922436,3503.7656183217664,0.010073053122806966,-0.010838031777886956,3.0646924490168446e-6,365.2564435132406,3624.402443057265,0.02164728315785247,-0.005429422387830379,0.000761025564399703,4189.537039620134,703.1693301761039,0.009772731322698213,-0.04150973969941707,-179.70237309995792
2.1493454386757444e-6,224.7007694903474,3503.7656188043607,0.009984076506300826,-0.010788170183132896,3.0641810975424884e-6,365.2564433576452,3624.4024453615557,0.021584126417356093,-0.0053824015960779095,0.0007643730508559817,4191.291490269666,699.7152365498451,0.010242639749124824,-0.0413506986223358,-179.68873213634507
2.14799132215292e-6,224.70076947157492,3503.7656192850072,0.00989646073103394,-0.010738777333602893,3.063677640137023e-6,365.25644320185313,3624.4024476717195,0.021521997277640988,-0.005335855240491694,0.0007677018960505291,4193.0466756297565,696.2618312897931,0.01070509015021499,-0.041192759122204395,-179.67651329979068
2.146626133649457e-6,224.70076945288773,3503.765619764257,0.009808310192832981,-0.01068930663952318,3.063171071291386e-6,365.25644304600587,3624.4024499852567,0.02145948460906849,-0.0052891856910032104,0.0007710441273048958,4194.802596008071,692.8048033202068,0.01116527838008578,-0.041035493333597545,-179.66572653458235
2.1452915730889087e-6,224.70076943430038,3503.765620240762,0.009723139990720933,-0.010640580046034163,3.0626814343633573e-6,365.2564428898132,3624.4024523067133,0.02139923528007282,-0.0052432620272087034,0.0007743337116766045,4196.559251712422,689.3408166857693,0.01161323915387329,-0.04088234615420558,-179.65638161755575
2.1439506698000224e-6,224.7007694157802,3503.7656207167497,0.009637996068830684,-0.010592937583077736,3.0621927259381803e-6,365.25644273352907,3624.4024546323544,0.021339021548577895,-0.005198248798883189,0.0007776264526193611,4198.316643050734,685.8879336632701,0.012056934794423282,-0.04072792193025608,-179.6484881703475
2.14263173884746e-6,224.70076939737385,3503.7656211897797,0.009555018059959144,-0.010545378107859722,3.0617168029551245e-6,365.2564425769814,3624.402456964896,0.021280484944857837,-0.005153406264236531,0.0007808818568506995,4200.074770331075,682.4261408159155,0.012491199408164056,-0.04057700360477183,-179.64205565286312
2.1412966509125104e-6,224.70076937900205,3503.765621663128,0.009471440570291006,-0.010499963335411101,3.0612382563568286e-6,365.2564424204182,3624.4024592997994,0.02122150285041441,-0.0051103055992713815,0.000784143663596735,4201.833633861628,678.9843035414392,0.012921202624296172,-0.04042394113454423,-179.63709332498775
2.139992232163773e-6,224.7007693607773,3503.7656221325587,0.00939024363698416,-0.010453295336131851,3.0607724974270533e-6,365.2564422635656,3624.402461642354,0.021164316388733992,-0.0050662898610406935,0.0007873695643037819,4203.59323395072,675.5173148747659,0.013343114394038904,-0.04027628986320694,-179.63361028697562
2.1386810817221835e-6,224.70076934259816,3503.765622601859,0.009309503258235345,-0.01040865788470447,3.0603107588028665e-6,365.256442106607,3624.4024639889244,0.02110749646427223,-0.005023986346725547,0.0007905818465461256,4205.353570906795,672.0706392019321,0.013758186906755577,-0.04012710922970617,-179.63161540240895
2.13738503701042e-6,224.70076932456237,3503.7656230678617,0.009229919696734234,-0.01036296127802669,3.0598555550434383e-6,365.2564419494952,3624.4024663410432,0.0210515691967995,-0.004980898513064018,0.0007937800003378564,4207.114645038426,668.6085540266929,0.014168169339966025,-0.03998082814249836,-179.6311173936338
2.136092086552767e-6,224.70076930656822,3503.765623533254,0.009151706663275985,-0.010319299227815703,3.0594092284046945e-6,365.25644179220194,3624.40246869809,0.02099669607983571,-0.004939533267831974,0.0007969491130472358,4208.87645665433,665.159935399324,0.014569493093090649,-0.039834907228480376,-179.63212472239303
2.1348150233878986e-6,224.7007692886486,3503.765623996952,0.009075102496381115,-0.010276770881308303,3.0589724952357366e-6,365.25644163472293,3624.402471060742,0.020943057025057582,-0.004899187106584435,0.0008000843441056193,4210.639006063331,661.7110405038857,0.014962176547878335,-0.039691234333231046,-179.6346456692462
2.13353619741924e-6,224.70076927085722,3503.765624458362,0.008998418986425257,-0.010233306404863985,3.0585350988274517e-6,365.2564414771931,3624.4024734273085,0.020889338573542027,-0.004858104085532977,0.0008032255063654084,4212.402293574406,4870.655408005224,0.01535280842503545,-0.03954859426587082,-179.6386882924211
2.1322565251359133e-6,224.7007692530981,3503.765624919704,0.008922636695396188,-0.01019209316339792,3.058104324242083e-6,365.2564413195399,3624.4024757980387,0.020836331491467873,-0.0048189310830935765,0.0008063480109844784,4214.16631949664,654.8137583999528,0.015736332153677205,-0.03940500584124989,-179.6442603977371
2.130995675866425e-6,224.70076923549675,3503.7656253770006,0.008848348920550721,-0.010149624658181151,3.057681575497918e-6,365.25644116173794,3624.4024781739186,0.02078442969170421,-0.0047788209210651595,0.0008094393211299103,4215.931084139265,651.3535473680936,0.016113050324964278,-0.03926601035819884,-179.65136957254796
2.1297462745336867e-6,224.70076921794643,3503.765625833477,0.008776049704649878,-0.010109053305784908,3.0572720633708005e-6,365.25644100373466,3624.402480555666,0.020734086247146805,-0.004740398839571165,0.0008124932872446263,4217.696587811628,647.9084368082326,0.016480498091614594,-0.03912701431841045,-179.6600231767604
2.128490410979913e-6,224.70076920046233,3503.7656262893,0.008703478888704768,-0.010069299952624348,3.0568610869367655e-6,365.25644084571275,3624.402482940588,0.020683521446666187,-0.0047026551375160125,0.000815547583535139,4219.4628308232195,4863.928954771282,0.01684481166253743,-0.03898809533949166,-179.67022830101644
2.1272455002653513e-6,224.70076918308945,3503.765626742623,0.008632208423845907,-0.010029631619307835,3.056458262700626e-6,365.25644068757833,3624.4024853300543,0.020633947462927203,-0.00466508079298573,0.000818575917789353,4221.229813483643,641.0201565478003,0.017202419458895408,-0.038851136519737345,-179.68199177596753
2.1260054709253524e-6,224.70076916581553,3503.7656271939572,0.008561653254559778,-0.00999018846173504,3.0560598410536186e-6,365.2564405293702,3624.4024877232196,0.020584903835215437,-0.004627760476530446,0.0008215877833172294,4222.99753610265,637.5722576386344,0.01755475743091216,-0.038715621058179696,-179.6953202193907
2.1247796149644172e-6,224.70076914862796,3503.765627643355,0.00849315578155319,-0.009951552646903884,3.0556744345129217e-6,365.25644037096987,3624.4024901220487,0.020537436635341903,-0.004591229478754024,0.0008245606506701144,4224.765998990109,634.1274782682045,0.017898873209274885,-0.03858175197173415,-179.71021991232058
2.12355971263433e-6,224.7007691315599,3503.7656280903097,0.008425297842611723,-0.009912449623115594,3.0552929306093404e-6,365.25644021252185,3624.4024925247218,0.02049044128619887,-0.004554389145957221,0.0008275177591044916,4226.535202456017,630.6749672963393,0.018238375952641626,-0.03844973341220638,-179.7266969163637
2.1223356074960086e-6,224.70076911451338,3503.7656285374997,0.008358022616159469,-0.009875860498728994,3.054916428856934e-6,365.2564400540302,3624.402494930465,0.020443907894463056,-0.004519680734172742,0.0008304539676379704,4228.305146810515,4855.547339014683,0.01857111286527425,-0.03831674423651657,-179.7447569778588
2.1211289099559407e-6,224.70076909758572,3503.7656289818983,0.008292654688930798,-0.009838905570183286,3.054551336679892e-6,365.25643989537514,3624.4024973417854,0.02039881162154054,-0.004484795841739175,0.0008333535510520589,4230.075832363855,623.8009231510301,0.018896904195524335,-0.038186540570974675,-179.7644055848648
2.1199218998337758e-6,224.7007690807215,3503.765629425399,0.008227596588621072,-0.009803062877094315,3.0541887973222497e-6,365.25643973671737,3624.4024997558695,0.020353953458762255,-0.004450884443731466,0.0008362415056593318,4231.847259426438,620.3649537913644,0.019217953908638476,-0.03805661282136664,-179.7856479190428
2.1187208083031245e-6,224.70076906398353,3503.765629866247,0.008163622133999803,-0.009766879508806189,3.0538336655909574e-6,365.25643957800975,3624.402502173679,0.020309924190830105,-0.004416804050909587,0.0008391073550670303,4233.619428308776,616.9268343176277,0.01953381121942909,-0.03792796284323863,-179.80848888883094
2.117524733640627e-6,224.70076904731573,3503.765630305839,0.00810048607959942,-0.009731616608947653,3.053483418441078e-6,365.2564394192474,3624.402504594659,0.02026647389012268,-0.0043835542757752494,0.0008419484538036285,4235.39233932153,613.49028137978,0.01984372515656083,-0.037800775667879496,-179.83293305618201
2.1163410742996943e-6,224.70076903075937,3503.7656307429256,0.008038774925719768,-0.009696273514703013,3.0531426922115417e-6,365.25643926040226,3624.4025070204616,0.02022414838749322,-0.0043503601322109125,0.0008447574067258532,4237.165992775473,4847.214975036318,0.02014740966909184,-0.03767555784133546,-179.85898471941843
2.115155548352087e-6,224.7007690142486,3503.765631179601,0.007977813093529728,-0.009662436337399922,3.0528075272849145e-6,365.2564391015409,3624.4025094488734,0.02018237886471802,-0.004318480870818752,0.0008475469500818792,4238.940388981524,606.6193844326352,0.02044555554339582,-0.037550101966316904,-179.8866478483717
2.1139788178011205e-6,224.7007689978639,3503.7656316135403,0.007917778732098514,-0.009628370896580894,3.052478454125398e-6,365.2564389426659,3624.4025118806435,0.020141299961464604,-0.004286529486930667,0.000850308931347847,4240.715528250718,4843.900348342936,0.020738059523594015,-0.037426586963348725,-179.91592607765514
2.1128083396301482e-6,224.70076898155105,3503.7656320462816,0.007858794781593533,-0.009594705482187247,3.0521560553303235e-6,365.25643878371176,3624.4025143163985,0.020101004669260056,-0.004254990094022687,0.0008530536815395822,4242.491410894236,4842.241575778493,0.021026386980908758,-0.03730402020708725,-179.94682274142608
2.111641768272552e-6,224.7007689652929,3503.7656324780282,0.007801138230220369,-0.00956255290817646,3.051842999642774e-6,365.2564386247352,3624.402516754928,0.020061719313890093,-0.004224811178317516,0.0008557602309457551,4244.268037223375,596.3260568664841,0.02130708112707529,-0.03718221431023578,-179.97934085719913
2.110490407567584e-6,224.7007689491658,3503.7656329068805,0.007744898359659419,-0.009530076941057928,3.051539166787495e-6,365.25643846573735,3624.402519197737,0.020023513765827606,-0.004194516414479936,0.000858429058546306,4246.0454075495645,592.8946315600991,0.021581173292977988,-0.03706260064395217,-180.01348308727452
2.109336927176581e-6,224.70076893309087,3503.7656333349782,0.0076893518272379705,-0.009498801280434713,3.051240589712962e-6,365.25643830675705,3624.402521642263,0.01998582166210488,-0.004165286934316824,0.0008610783604474174,4247.823522184376,589.4724541749151,0.02185031439648813,-0.03694322750541153,-180.04925176034305
2.1081878567011798e-6,224.7007689171481,3503.7656337603767,0.007634201666852836,-0.009466716482855337,3.050944404189184e-6,365.25643814782103,3624.402524089285,0.019948390854412506,-0.004135469275101876,0.0008637154948638784,4249.602381439495,586.0400787110192,0.02211656984264289,-0.03682567956616413,-180.0866488847955
2.1070444589632747e-6,224.70076890125358,3503.7656341850566,0.007580420780714607,-0.009436169913702993,3.0506581627048038e-6,365.25643798886955,3624.4025265393807,0.019912017582079954,-0.0041070522530724934,0.0008663140508200042,4251.381985626754,582.6187673767565,0.022375642158349536,-0.03670861702707632,-180.12567609993258
2.1059199914676272e-6,224.70076888551569,3503.7656346060253,0.007528242544976964,-0.009404244815873809,3.050381306185409e-6,365.2564378298642,3624.4025289934534,0.019876809757742222,-0.004077649892790275,0.0008688794666195008,4253.162335058099,579.1818858382122,0.022629555132629195,-0.03659472596164425,-180.16633471717648
2.1047815010458955e-6,224.7007688697829,3503.765635027841,0.007476121987065764,-0.009374919243655905,3.050107232897862e-6,365.2564376710148,3624.4025314481837,0.01984168823292787,-0.00405043747594419,0.0008714265490561005,4254.943430045625,4830.709760356927,0.022878308073706798,-0.03647920961075516,-180.20862569623947
2.103656921441511e-6,224.70076885415253,3503.765635447473,0.00742521305636176,-0.009345335304194392,3.049840331992118e-6,365.25643751212607,3624.402533906197,0.019807430259890978,-0.004023139572294747,0.0008739468275857708,4256.72527090154,572.3436614256835,0.023122457016150955,-0.03636592538897613,-180.25254965356515
2.1025319312377915e-6,224.70076883860665,3503.765635865551,0.007375495610861562,-0.00931659591460208,3.0495828789628473e-6,365.2564373533192,3624.4025363657174,0.019774098810862693,-0.003996679875742456,0.0008764314391288839,4258.507857938199,568.9317979505598,0.023360160479129262,-0.036252780561918954,-180.29810680617396
2.1014204337033226e-6,224.70076882315857,3503.765636281497,0.007327028937553947,-0.009287856856097785,3.0493332541701265e-6,365.2564371945285,3624.402538828232,0.01974168431310076,-0.003970345932899386,0.0008788819023442879,4260.291191468071,4825.80472029056,0.023592290893707395,-0.03614186665776824,-180.3452970651723
2.1003100539116946e-6,224.70076880780587,3503.765636695708,0.007279087949061091,-0.009259065572657321,3.049087355710907e-6,365.256437035814,3624.402541292355,0.019709636731783737,-0.0039440507897474065,0.0008813171574168604,4262.075271803773,562.093009243937,0.02382134133056832,-0.03603199603848875,-180.394119959284
2.0991988241931626e-6,224.70076879248379,3503.7656371098005,0.0072319896022244165,-0.009232190018094775,3.0488487062684817e-6,365.2564368771903,3624.4025437578066,0.019678248698595045,-0.003919459462795254,0.000883719801857069,4263.8600992580405,4822.548783264124,0.024044071872459966,-0.03592174909996879,-180.44457462785527
2.0981065066712863e-6,224.7007687772607,3503.7656375216566,0.007186861187455976,-0.009205146775862693,3.048622260970179e-6,365.25643671855426,3624.4025462271115,0.01964832770717693,-0.0038948845702081003,0.0008860760020286628,4265.6456741437405,555.2755721049402,0.024260401986338005,-0.03581423029351032,-180.49665991266897
2.097000832312308e-6,224.7007687621657,3503.7656379313353,0.007140989913279894,-0.009177815563650889,3.0483929342396628e-6,365.2564365601766,3624.402548694941,0.01961782111844949,-0.0038701474482273927,0.0008884347441409155,4267.431996773882,551.8667287125011,0.024475371435336693,-0.035706204638779,-180.55037420915627
2.095921953048265e-6,224.70076874714158,3503.7656383390727,0.007098284067725653,-0.00915099546673599,3.048183545718059e-6,365.2564364017004,3624.402551167528,0.01958969781109028,-0.0038460374026372908,0.0008907226240019215,4269.2190674615895,4817.673557264927,0.02468087144479418,-0.035601352172870894,-180.60571560432933
2.0948300215474533e-6,224.70076873215856,3503.765638746919,0.007055182888406682,-0.009125501418702086,3.047973627373307e-6,365.25643624342825,3624.4025536398112,0.019561278501340765,-0.00382307848156884,0.0008930067296850984,4271.006886520136,545.0556759364133,0.02488413826557996,-0.03549523491677717,-180.6626817662849
2.0937619408862973e-6,224.70076871730015,3503.7656391516207,0.00701414649744737,-0.00909947313697713,3.0477763525182e-6,365.2564360851908,3624.4025561147882,0.019534382861004077,-0.0037998716474527353,0.0008952367477150595,4272.795454262907,541.6454173276386,0.02508023726691613,-0.03539252138404055,-180.72127004944548
2.09268544018245e-6,224.70076870250625,3503.7656395555873,0.0069731994514928945,-0.009074304682032373,3.0475814621738274e-6,365.2564359271515,3624.4025585894274,0.019507538723036708,-0.0037774513237004486,0.0008974524530498536,4274.584771003437,538.2438654139465,0.025273168977366624,-0.035289507653148595,-180.7814774009091
2.091610552578526e-6,224.7007686877833,3503.765639958437,0.006933191463512893,-0.009049700216999147,3.0473937647607322e-6,365.25643576925347,3624.4025610652648,0.0194814120416193,-0.003755614999081838,0.0008996387662187079,4276.374837055376,534.847140016833,0.02546133007176828,-0.035186923927096776,-180.84330038535612
2.0905500457000663e-6,224.70076867315979,3503.7656403590277,0.00689441267134822,-0.009024956742879666,3.0472137912902998e-6,365.2564356114551,3624.40256354242,0.019456171712160606,-0.003733804034500004,0.0009017886255344207,4278.16565273252,531.4426084770251,0.025644565874603616,-0.03508684435649639,-180.90673523603093
2.0894877248673753e-6,224.70076865864942,3503.765640757684,0.006856216157476091,-0.00900010779425415,3.0470391989634897e-6,365.2564354538539,3624.402566019718,0.019431349410517926,-0.003712046325929844,0.0009039174120068661,4279.957218348786,528.0420699272389,0.025824224010609544,-0.034986822146211,-180.97177778012554
2.088435697684095e-6,224.70076864411212,3503.7656411571948,0.00682027265899836,-0.008977997745242383,3.046880610158478e-6,365.25643529633624,3624.4025684987673,0.019408275994164056,-0.0036927230003163274,0.0009059769681691531,4281.749534218222,524.6601617244085,0.025994048011811054,-0.034887523063684305,-181.0384234812582
2.087388866248608e-6,224.70076862974213,3503.7656415531574,0.0067846933426079165,-0.008954047259910088,3.046724223319513e-6,365.2564351389749,3624.402570978172,0.01938539515492473,-0.003671979031823861,0.0009080299691119351,4283.542600655019,521.2627632633846,0.026163102948177835,-0.034790181915369936,-181.10666745754523
2.0863449921120807e-6,224.7007686154192,3503.7656419485547,0.006749684753211551,-0.008931343602300443,3.0465727565148436e-6,365.25643498186133,3624.4025734571496,0.019362949383420813,-0.0036523873557513685,0.0009100509849930342,4285.336417973482,517.8709496997213,0.02632710750519231,-0.03469341065388673,-181.17650441957673
2.0853008537847982e-6,224.70076860116137,3503.765642343024,0.006715857793020318,-0.008909472419627201,3.0464307742060096e-6,365.25643482493524,3624.402575936181,0.01934139317224189,-0.0036336327298593213,0.0009120342550697056,4287.130986488068,514.4902695456723,0.026485660248091934,-0.03459670261292617,-181.24792873845777
2.084273196356756e-6,224.70076858700267,3503.7656427352476,0.006683764630946737,-0.00888732264853025,3.046300024742079e-6,365.25643466813375,3624.4025784166015,0.019321116576896544,-0.0036148187781684165,0.0009139700892303845,4288.926306513345,4800.028947193277,0.026638470795093343,-0.034502470249218126,-181.3209344130506
2.083237935735898e-6,224.70076857289243,3503.765643127189,0.00665153469789806,-0.008866147066562092,3.046170030238786e-6,365.256434511608,3624.402580895522,0.019300720937800404,-0.003596886528424014,0.0009158960290031544,4290.722378364032,507.7241523560414,0.02678885429388302,-0.034407652787127034,-181.3955150644014
2.0822130649388557e-6,224.70076855888612,3503.7656435168956,0.00662079037514447,-0.008844805990925752,3.046050299026096e-6,365.2564343552718,3624.402583374594,0.019281413028649625,-0.003578985129281473,0.0009177785667310236,4292.519202354962,4796.862051103424,0.0269338395480398,-0.03431468249080005,-181.47166395151166
2.0812019410540384e-6,224.7007685449336,3503.765643905584,0.006591757954978472,-0.008824042767265044,3.0459423064572194e-6,365.2564341990788,3624.4025858548744,0.019263397250912535,-0.003561725315725115,0.0009196104920249101,4294.316778801117,500.9626274665535,0.027072523015181985,-0.034223368262917685,-181.54937401769678
2.0801732499767817e-6,224.70076853105468,3503.7656442936445,0.006562015871912002,-0.008804179371574144,3.0458321983380575e-6,365.2564340433032,3624.402588331415,0.019244824683724605,-0.003545282169797217,0.0009214422862355852,4296.115108017594,4793.71069290713,0.02720987486213121,-0.03413054872706533,-181.62863776903134
2.079176988164552e-6,224.70076851730312,3503.765644678401,0.006535120604086241,-0.008783139944870542,3.045739528147198e-6,365.2564338876017,3624.4025908106782,0.01922835935095112,-0.003528096177952936,0.0009232034681151209,4297.914190319639,494.2107618966269,0.027339778268410157,-0.03404199553625645,-181.70944743744425
2.078169913672404e-6,224.70076850354357,3503.765645064231,0.00650840124694148,-0.00876441208237552,3.045650766951869e-6,365.25643373222925,3624.4025932873437,0.019212051723971762,-0.0035129236498650674,0.0009249412260510934,4299.714026022616,490.8486744772845,0.02746533888570023,-0.033951956411483825,-181.791794840956
2.077165150869758e-6,224.7007684898797,3503.7656454483345,0.006482385560392236,-0.008745571695329976,3.0455675636185258e-6,365.2564335771454,3624.402595762807,0.019196235361288703,-0.0034977782109582287,0.0009266504380626262,4301.514615442024,487.4849415206374,0.02758740304602092,-0.0338629941200662,-181.87567147139282
2.076168874967885e-6,224.70076847629218,3503.7656458311326,0.006457438572625603,-0.008726860930429002,3.045491817179712e-6,365.2564334222955,3624.4025982376656,0.01918119107583883,-0.003482890327314676,0.0009283272527579782,4303.315958893502,4787.4371101485585,0.027705514821546453,-0.03377512769918392,-181.96106847414188
2.0751910565450824e-6,224.70076846281617,3503.765646211424,0.006434287952437806,-0.008707617561511557,3.0454281336466554e-6,365.256433267678,3624.4026007128773,0.01916748350207173,-0.003467750955878461,0.0009299508990627393,4305.118056692811,480.7488811100768,0.027817723233415227,-0.03368971853667686,-182.04797669787052
2.074200371241965e-6,224.70076844934067,3503.7656465924792,0.006411627292657609,-0.00869045190669424,3.045370463218851e-6,365.2564331134424,3624.4026031842855,0.019154157377680687,-0.0034544417586581974,0.0009315446164351939,4306.920909155854,477.39990704718343,0.027925282537009394,-0.03360311470924544,-182.13638656347365
2.073220750549679e-6,224.70076843594,3503.765646972288,0.006389789856854248,-0.00867339415288201,3.0453185728553685e-6,365.2564329594807,3624.402605655138,0.01914141683670067,-0.003441360668578684,0.0009331059299429767,4308.724516598655,474.04703811610705,0.028028908749272885,-0.033517803378715266,-182.22628821743774
2.0722455737661856e-6,224.7007684226016,3503.7656473509774,0.006369264712711044,-0.008656796474252668,3.04527615121828e-6,365.2564328058244,3624.4026081239303,0.019129650953111015,-0.0034288098396462402,0.0009346254164501764,4310.528879337385,470.6989918803115,0.028127664756553143,-0.033433541932621345,-182.31767147475549
2.0712885514798734e-6,224.70076840936662,3503.7656477275873,0.006350213388364653,-0.008639727296497412,3.045243719819449e-6,365.2564326524171,3624.402610592709,0.01911896108939154,-0.0034160521960295022,0.000936101148503197,4312.333997688328,4779.676875036719,0.02822170731214112,-0.03335131442516859,-182.41052581591524
2.07032597978839e-6,224.70076839617894,3503.7656481037347,0.006331709419507896,-0.008623598254508135,3.0452168656080534e-6,365.2564324994324,3624.4026130581337,0.019108682081453842,-0.003404192624378646,0.000937544702146626,4314.139871967923,4778.1373385219895,0.02831151810990931,-0.03326893245200619,-182.50484041644523
2.069365267688528e-6,224.70076838305525,3503.7656484790155,0.006313804233727368,-0.008607864219908275,3.0451950715463855e-6,365.25643234678654,3624.4026155210913,0.019098827581809266,-0.0033927770628456463,0.0009389644030733718,4315.946502492719,4776.602304277309,0.02839842816015112,-0.03318696344536754,-182.60060410298377
2.0684140751358923e-6,224.70076836998294,3503.7656488534108,0.006297413184739607,-0.008592784780690225,3.0451842131564655e-6,365.2564321944838,3624.4026179820085,0.01909010353998038,-0.00338207730262254,0.0009403313818149952,4317.753889579419,4775.072048998402,0.028479238594507853,-0.033106271963271004,-182.69780543555865
2.0674682890926105e-6,224.70076835697824,3503.7656492267956,0.006281806491864675,-0.00857796296455932,3.045179361243173e-6,365.2564320425352,3624.4026204405154,0.01908193218926373,-0.003371724403825982,0.0009416681286387359,4319.562033544843,4773.544011560761,0.028556568513229796,-0.033026354442401845,-182.79643264397174
2.0665224989699765e-6,224.70076834404404,3503.76564959919,0.006266801384495262,-0.008563496717442365,3.0451801426125897e-6,365.25643189099753,3624.4026228958714,0.019074205059602962,-0.003361804314718405,0.0009429765832798696,4321.370934705944,450.65092818758905,0.028630562436644743,-0.032946670951750044,-182.89647366822157
2.06560003203582e-6,224.7007683311996,3503.7656499695886,0.006254367643010558,-0.008548680510588318,3.0451977518151376e-6,365.25643173974754,3624.402625350577,0.019068393379097465,-0.003351822386200506,0.0009442154826719354,4323.1805933798205,447.3152356356598,0.028697425394376124,-0.0328694861677565,-182.99791617819815
2.0646663216606425e-6,224.70076831833677,3503.765650341253,0.006241760563476927,-0.008536049400361033,3.0452166213441056e-6,365.2564315889886,3624.4026278000915,0.01906245001275416,-0.0033437208134689837,0.0009454345584748275,4324.991009883689,443.99758621190995,0.02876098524608843,-0.03279124562638303,-183.10074751671243
2.0637513201212367e-6,224.70076830561027,3503.765650709956,0.006230259247329662,-0.008521935765617331,3.0452420840454233e-6,365.25643143856576,3624.4026302481852,0.01905727861594758,-0.003334540473146691,0.0009466185787854209,4326.802184534914,4767.46490690128,0.028821704254033596,-0.032715794225372304,-183.20495479183148
2.0628354120280932e-6,224.70076829289565,3503.7656510790152,0.006220417328377735,-0.008509521936792103,3.045281091310655e-6,365.2564312885989,3624.4026326920334,0.019053376215056088,-0.003326958878653572,0.0009477480143001972,4328.614117650975,437.34865206859456,0.02887567301215923,-0.03263979045783864,-183.31052480057187
2.0619297400409833e-6,224.70076828023332,3503.7656514474234,0.006210976936169543,-0.008497393220645516,3.0453229803099846e-6,365.25643113902294,3624.4026351331636,0.019049745786061133,-0.0033197364800713882,0.0009488513839697128,4330.426809549503,434.0321462100508,0.028926902371695734,-0.03256481595418569,-183.41744409074218
2.0610284748853167e-6,224.7007682676204,3503.7656518150734,0.0062028340354592214,-0.008485758867873332,3.0453744078475434e-6,365.256430989886,3624.40263757056,0.019047066935348623,-0.0033130485229576462,0.0009499107675888458,4332.240260548244,430.71884499703765,0.028973375550173475,-0.032490898691425754,-183.52569896442046
2.0601295194539046e-6,224.70076825506882,3503.765652181992,0.006195772298246901,-0.008474757509107473,3.045435031619696e-6,365.25643084123413,3624.4026400036896,0.019045204279359174,-0.0033070717797517492,0.0009509284591578946,4334.054470965095,427.4170399890918,0.029015109679243405,-0.032416849272173996,-183.63527547681016
2.059240228213857e-6,224.70076824258302,3503.7656525478537,0.006189454742060997,-0.00846368905076802,3.0455006717039927e-6,365.256430693002,3624.4026424336357,0.019043861138640806,-0.003301151847776752,0.0009519163028000983,4335.869441118069,424.11006941391366,0.02905401301910586,-0.03234421157309749,-183.74615939055067
2.0583658194805843e-6,224.7007682301955,3503.765652911658,0.006184396265387293,-0.008452047957529293,3.0455746845134305e-6,365.2564305451888,3624.4026448602044,0.01904342112695787,-0.0032949237769297843,0.0009528621095415388,4337.685171325329,420.7964018606623,0.02908893384180126,-0.03227357588374944,-183.85833628144718
2.0574861399973224e-6,224.70076821778065,3503.765653276955,0.006180441814840482,-0.008442680182799603,3.0456588005536296e-6,365.25643039792874,3624.402647281393,0.019043843825838323,-0.0032907222126394076,0.0009537607650452409,4339.501661905158,4757.008152149183,0.02911782256824136,-0.03220174443162258,-183.97179146036396
2.056623755755415e-6,224.70076820546845,3503.765653640191,0.00617765555333748,-0.008432629471259768,3.0457504168010838e-6,365.25643025111185,3624.4026496991223,0.019045094492582064,-0.0032861253918670783,0.0009546189293432626,4341.318913175971,414.207805033083,0.029143054088985328,-0.032131942970973285,-184.0865100589381
2.055757026245544e-6,224.70076819317876,3503.765654003668,0.006175367739662148,-0.008423637950089677,3.045847161628801e-6,365.25643010482656,3624.4026521116307,0.019046718613441673,-0.0032825033660528052,0.0009554495446368027,4343.136925456333,4754.0574134996195,0.02916510115174805,-0.03206173716141327,-184.2024769563126
2.0549087752345872e-6,224.70076818093105,3503.7656543664157,0.006174967623702376,-0.008415008475821155,3.045956581007167e-6,365.2564299589795,3624.4026545205047,0.019049749300552653,-0.003279372133288739,0.0009562219861980544,4344.9556990649235,407.6340543568559,0.029181321420575407,-0.0319932922680841,-184.31967681894466
2.0540569409827323e-6,224.7007681687284,3503.765654728933,0.006174752358001905,-0.008407171749107895,3.0460688302742953e-6,365.25642981371664,3624.402656923418,0.019052892629485896,-0.003276997363890303,0.0009569717861853956,4346.77523432057,4751.130797112497,0.029194877530432317,-0.03192447395759869,-184.43809413658693
2.053221340073128e-6,224.70076815658246,3503.765655090475,0.0061762608045741905,-0.008399403830130549,3.0461928411374255e-6,365.25642966893093,3624.4026593223803,0.019057317533665814,-0.0032748619090780615,0.0009576674110046252,4348.595531542221,4749.67219155784,0.029203146862398482,-0.03185727048884776,-184.55771323030322
2.0523922630835416e-6,224.7007681444505,3503.7656554522614,0.006179068642093089,-0.008392698393018922,3.0463268079953343e-6,365.25642952467126,3624.4026617161967,0.01906271401864118,-0.0032737592199083227,0.0009583174494633846,4350.416591048971,397.80783014838096,0.029206432494008124,-0.03179034328254027,-184.67851816472466
2.0515671187045183e-6,224.70076813241087,3503.7656558124654,0.0061821179005926655,-0.008385719436245645,3.046462945017005e-6,365.2564293810009,3624.4026641040646,0.01906826013960479,-0.00327254551262247,0.0009589436968516238,4352.238413160034,394.53787958620313,0.029207544095704835,-0.03172412903852516,-184.8004929182482
2.050750603090098e-6,224.70076812041236,3503.7656561722765,0.006186680836309505,-0.008379423305277904,3.0466104663718833e-6,365.25642923793185,3624.4026664862718,0.01907493196838903,-0.0032720620670086604,0.0009595163447693217,4354.060998194775,391.27314369263553,0.02920309993261179,-0.031658672386857545,-184.92362122615722
2.0499523166742697e-6,224.70076810843153,3503.7656565320735,0.00619247474021481,-0.008373492293589057,3.0467653723598848e-6,365.25642909527915,3624.4026688648974,0.019082500317389693,-0.0032720101177722487,0.0009600508262485451,4355.884346472672,4743.890529834349,0.02919516184532119,-0.03159473429414072,-185.04788670493025
2.0491522974833495e-6,224.70076809649996,3503.765656891404,0.006198806407386184,-0.008368273461403855,3.0469257592887967e-6,365.2564289532837,3624.4026712363107,0.0190904617754451,-0.0032726729879779797,0.0009605529823877117,4357.70845831336,4742.457691016274,0.02918367251128573,-0.031530600488474975,-185.17327280602254
2.0483659780699905e-6,224.7007680845755,3503.765657251082,0.006207061275505262,-0.00836409918879467,3.047099696991455e-6,365.25642881185775,3624.402673602364,0.019099874925168698,-0.0032743833820562678,0.0009609939092498813,4359.5333340365905,4741.034800901425,0.029165800436127053,-0.03146718680591657,-185.29976284781017
2.047586590014859e-6,224.70076807272892,3503.7656576095164,0.006215868870761254,-0.008359659317846668,3.0472777688843785e-6,365.2564286710138,3624.4026759625044,0.019109667629307936,-0.003275987733252761,0.0009614092630380419,4361.3589739622485,4739.610130988186,0.0291457828069934,-0.03140465607903578,-185.42733999758096
2.0468172170982085e-6,224.70076806093246,3503.7656579672944,0.006225456276489733,-0.008355510555034635,3.0474613090595204e-6,365.2564285307547,3624.4026783164513,0.01912000742762019,-0.0032779625083404836,0.0009617909465951695,4363.185378410369,4738.187499607549,0.029122403733426578,-0.03134294350528439,-185.55598733336146
2.046055104087606e-6,224.70076804912586,3503.76565832586,0.006236723674949255,-0.008352851858949354,3.047657544657822e-6,365.25642839115864,3624.4026806635593,0.019131638353152954,-0.003281332044572872,0.0009621116695338604,4365.012547701101,4736.7799485925925,0.029092511625242654,-0.031281440445783404,-185.68568775355888
2.0453050922360134e-6,224.700768037395,3503.765658683221,0.006248755348863112,-0.008349809785140216,3.047858781709167e-6,365.25642825212617,3624.402683005068,0.01914380021032467,-0.0032845061498095584,0.000962404977999528,4366.840482154746,4735.3685543708,0.0290603897462401,-0.031221042953563358,-185.8164241062134
2.044571165573078e-6,224.70076802568758,3503.7656590403635,0.0062625784076665815,-0.008347474499756005,3.0480723307663114e-6,365.2564281137323,3624.4026853399746,0.019157305387832252,-0.003288439554268701,0.000962636520317026,4368.669182091723,365.29341193792453,0.029022037533072857,-0.031161942162950058,-185.94817911568478
2.043832716921882e-6,224.7007680139643,3503.765659398893,0.006276780754066429,-0.008346850993622252,3.048290348862281e-6,365.25642797601824,3624.402687667189,0.019171105570883973,-0.0032938863168273016,0.0009628432482945325,4370.498647832602,362.07780287153753,0.028980791965748938,-0.03110146307926937,-186.08093539679868
2.0431150887230994e-6,224.70076800230987,3503.7656597560635,0.006292487568815017,-0.008345823457915708,3.048517553992846e-6,365.2564278388957,3624.4026899884275,0.019185990560415655,-0.0032991493590629316,0.0009630013407442759,4372.328879698069,4731.183265228349,0.028935179676183472,-0.031043145929416295,-186.21467550119473
2.042403414055892e-6,224.70076799069463,3503.765660112969,0.006308950133952483,-0.008345353057596825,3.048750782375195e-6,365.25642770246293,3624.402692302149,0.019201436764876605,-0.0033049971845702498,0.0009631248575767808,4374.159878008962,355.6374410490839,0.028886076099664964,-0.030984967000470178,-186.34938189846974
2.0417060973838294e-6,224.70076797910352,3503.7656604698213,0.00632682214630463,-0.008345423830596584,3.0489936144993326e-6,365.25642756665644,3624.402694609347,0.019217930121613613,-0.003311437662475629,0.0009632007761587655,4375.991643086237,4728.415869718654,0.028832397761430133,-0.030927725537131263,-186.4850369823227
2.041012956137947e-6,224.70076796757814,3503.7656608257103,0.006345358174338433,-0.008345602807097128,3.0492417495102883e-6,365.2564274315912,3624.4026969080414,0.0192348994484083,-0.0033180855675285824,0.0009632450900982502,4377.824175251001,349.2147329754873,0.028775599575354433,-0.030870810252064507,-186.62162309714918
2.040339974868551e-6,224.70076795600298,3503.7656611831912,0.006365750761899602,-0.00834744170407832,3.0495018073064807e-6,365.2564272971266,3624.40269920042,0.01925326181231624,-0.003326243314054259,0.0009632296136687504,4379.657474824483,4725.670532575149,0.028712678200218552,-0.030814931351710376,-186.75912252289726
2.0396809358705145e-6,224.7007679445335,3503.7656615388105,0.006387088439042906,-0.008348463996126425,3.0497684123678615e-6,365.25642716336034,3624.402701485677,0.01927231555776798,-0.003333880136913052,0.000963179288587801,4381.491542128046,342.80688255897155,0.028646935988385944,-0.030760086921975006,-186.89751751810044
2.03901651146449e-6,224.7007679330565,3503.7656618953474,0.006408447968330055,-0.008350949608830198,3.0500364328679445e-6,365.2564270303156,3624.402703761757,0.019291360528214146,-0.0033427726021709723,0.0009631124879512666,4383.326377483199,4722.940725406149,0.028579271886774716,-0.03070449119324075,-187.03679026036914
2.0383762771999973e-6,224.7007679215807,3503.765662252241,0.006432222849470031,-0.008354315328100052,3.050320361567449e-6,365.25642689799486,3624.402706030462,0.019312233784746547,-0.0033525898073791566,0.000962969744873127,4385.161981211572,4721.589658341164,0.028503956933773333,-0.030650247870035664,-187.17692293828395
2.037746114957431e-6,224.7007679100819,3503.765662610383,0.006457092723148784,-0.008359228115740091,3.0506121759614636e-6,365.25642676640206,3624.402708290933,0.019333932124693996,-0.00336379980651575,0.0009627858259102085,4386.998353634945,333.25231278845104,0.028424274296826257,-0.03059590021362903,-187.31789772493508
2.037133618227936e-6,224.70076789873113,3503.7656629653547,0.006482979257972173,-0.008362060432524299,3.0509098859923174e-6,365.2564266354296,3624.4027105446658,0.01935634046877903,-0.003373431639969001,0.0009625728601864351,4388.835495075214,4718.897983223568,0.02834279579184887,-0.03054369533308441,-187.4596967361983
2.0365241275747545e-6,224.7007678873709,3503.7656633213583,0.006509217906234109,-0.0083664070261534,3.0512109257403735e-6,365.25642650523156,3624.402712789349,0.019379009499763674,-0.0033843932946745823,0.0009623335080305448,4390.673405854429,326.88511397594766,0.028258305840387365,-0.03049079762576274,-187.60230211309016
2.0359305305678313e-6,224.70076787599191,3503.765663678206,0.0065371692967592186,-0.008372074306528155,3.0515233701934862e-6,365.2564263758009,3624.4027150251204,0.019402970351940843,-0.00339657589627223,0.0009620349136855286,4392.512086294758,4716.228033198172,0.028167901093236383,-0.03043877610679453,-187.74569601354693
2.0353573997341202e-6,224.70076786463932,3503.7656640349396,0.006566826168566291,-0.008378169621921635,3.051846983654971e-6,365.25642624711173,3624.40271725271,0.019428205138310447,-0.003409280740731028,0.0009616814561490587,4394.351536718519,320.55062951354364,0.028072092121685554,-0.03038774066650189,-187.88986057419135
2.034787532268413e-6,224.70076785331378,3503.765664391755,0.006596782603999789,-0.008384846044199484,3.0521729327547384e-6,365.2564261191531,3624.40271947162,0.019453642529954646,-0.003422525391165786,0.0009613100323462994,4396.1917574481495,4713.58259904115,0.027974526970695007,-0.030336498344243762,-188.03477796310364
2.034236292124691e-6,224.7007678420074,3503.7656647485455,0.006628362390583596,-0.008392053090261599,3.0525095291724243e-6,365.256425991966,3624.4027216816744,0.0194802997209593,-0.0034363524780095366,0.0009608856503465773,4398.032748806239,314.23500023056823,0.027871771503531838,-0.03028626522725007,-188.18043036944087
2.0336998301695524e-6,224.70076783070465,3503.7656651056923,0.00666075392049634,-0.008400089314520456,3.0528509268987126e-6,365.2564258655187,3624.402723882915,0.019507536443214013,-0.0034509469800870106,0.0009604252807378173,4399.874511115499,311.0806161074342,0.027765479790890363,-0.030236920237542635,-188.32680000697715
2.0331790541755017e-6,224.70076781947697,3503.7656654618036,0.006694812881471496,-0.008407743179605612,3.0532036559612364e-6,365.2564257398625,3624.402726075667,0.0195360313906809,-0.0034653867750626672,0.0009599181605817688,4401.717044698777,307.92911695295015,0.027655021411039572,-0.03018811573484122,-188.47386914212174
2.0326688620649187e-6,224.70076780819818,3503.765665819464,0.006729639402100326,-0.008417317829569717,3.053561489176604e-6,365.25642561497796,3624.402728258318,0.01956509924097789,-0.003481486956333025,0.0009593735596383074,4403.560349879066,4708.34982811974,0.02754025800318399,-0.03013949469627316,-188.62162010548698
2.032168202450956e-6,224.70076779694173,3503.7656661773544,0.006765530931040138,-0.008427485456568991,3.053926757219221e-6,365.25642549089577,3624.4027304317265,0.019594952782978726,-0.0034981768517811183,0.0009587928071899869,4405.404426979479,301.65641553079024,0.027421970206717956,-0.030090909712976666,-188.77003520794247
2.0316942751440613e-6,224.70076778574747,3503.7656665343093,0.006802824422649915,-0.008437211810995202,3.054299871607231e-6,365.25642536755356,3624.402732597263,0.019625848171100038,-0.0035146466309962355,0.0009581687210541423,4407.249276323281,4705.766836219147,0.02729986974068514,-0.030043719807565795,-188.91909688569655
2.031238285529414e-6,224.7007677745317,3503.765666891951,0.006841898274942636,-0.008448180001924165,3.054684779720417e-6,365.25642524505,3624.402734752343,0.019658085544098567,-0.0035322547757302737,0.0009574833807043307,4409.094898233858,295.38616459127775,0.02717138514444065,-0.029997709914619718,-189.06878762976189
2.030780406239935e-6,224.70076776331018,3503.7656672507737,0.006880959836478606,-0.008460564501075359,3.055070274636823e-6,365.25642512336265,3624.4027368972115,0.019690301756302583,-0.0035510839174973303,0.0009567896320475996,4410.941293034743,4703.212095468401,0.027041683577875536,-0.02995001720946143,-189.21908997461983
2.0303546698608627e-6,224.70076775215296,3503.765667608225,0.006921978361159239,-0.008472256802831351,3.0554670767928375e-6,365.25642500243526,3624.4027390336287,0.019723975874881637,-0.0035694825759397426,0.0009560380630715049,4412.788461049591,4701.932843013833,0.02690689877221717,-0.029904962658095318,-189.36998655139564
2.029927278196123e-6,224.70076774091663,3503.7656679681163,0.0069637302564233335,-0.008486708815582441,3.055869993606677e-6,365.2564248824131,3624.402741157502,0.019758186137141562,-0.003590206374960997,0.0009552493292629105,4414.636402602211,286.0412800337294,0.02676764606852997,-0.02985899150721071,-189.52146007303594
2.029542510124491e-6,224.70076772978933,3503.7656683259697,0.007007672996188553,-0.00849946424694612,3.0562848215246808e-6,365.2564247631236,3624.4027432750377,0.019794073761016252,-0.0036097228339557245,0.000954405884705633,4416.485118016526,4699.408406401942,0.02662353704102203,-0.029815048433846546,-189.67349335306443
2.0291585643865503e-6,224.70076771863617,3503.7656686850682,0.007051893693146809,-0.008513843273292711,3.056702038137321e-6,365.25642464466074,3624.402745381396,0.01983013775225726,-0.003630605946117366,0.0009535430443350367,4418.334607616615,4698.152272532151,0.026477376428851042,-0.029770648688509913,-189.82606926822587
2.0287947791341444e-6,224.70076770749273,3503.765669044392,0.007097662732807594,-0.008528873556686698,3.057128878452943e-6,365.25642452705875,3624.4027474774616,0.01986736572201683,-0.003652141645463331,0.0009526300160915232,4420.184871726681,4696.901613181488,0.026325934522677136,-0.02972694250606073,-189.97917082647064
2.0284482849803624e-6,224.70076769634724,3503.765669404288,0.007144616689584551,-0.0085448502658315,3.0575629706178736e-6,365.25642441030175,3624.4027495631103,0.01990548981151965,-0.0036745486018579074,0.0009516768874378141,4422.035910671058,273.62262873456166,0.02617047287461612,-0.0296836067233172,-190.13278112415543
2.0281168878698127e-6,224.70076768521105,3503.7656697642738,0.007192594370016475,-0.008561481797324287,3.058003264714448e-6,365.2564242943718,3624.402751638055,0.019944359187958668,-0.003697564717879998,0.0009506888941921032,4423.887724774235,4694.418648093608,0.02601126768358038,-0.02964107183375184,-190.2868833902929
2.027807794468448e-6,224.70076767411362,3503.765670123886,0.007241848800610966,-0.008578125100901685,3.0584509928481626e-6,365.2564241792641,3624.4027537034326,0.019984180103439792,-0.0037207010127431922,0.0009496596940547768,4425.7403143608135,4693.178492619571,0.025848145910830313,-0.029599488076538966,-190.44146094022162
2.027511238667627e-6,224.70076766300932,3503.7656704842825,0.0072920688049863056,-0.008595884474307255,3.058904790099404e-6,365.25642406502476,3624.402755757994,0.020024732971676635,-0.0037448234348871966,0.0009485974759644094,4427.593679755551,4691.94869465596,0.02568143689098305,-0.02955767469800214,-190.59649723320064
2.0272364626441924e-6,224.70076765188526,3503.7656708455406,0.007343837385990136,-0.00861482166869651,3.059367956161359e-6,365.25642395167097,3624.4027578012697,0.02006644876182254,-0.003770019164155529,0.0009474863156846475,4429.4478212833255,4690.7273633678615,0.02550942513579836,-0.02951644779128814,-190.75197584277905
2.0269825610320327e-6,224.70076764077487,3503.765671206901,0.007397013898645257,-0.008634153129346862,3.059839314557175e-6,365.25642383912856,3624.402759834751,0.020109226810986865,-0.003795616005983317,0.000946335299392742,4431.302739269166,4689.507003868016,0.025333569478479468,-0.029476194186199067,-190.90788046828916
2.0267583523425943e-6,224.70076762967753,3503.7656715682783,0.0074521438347030745,-0.008653840178476872,3.0603220594787674e-6,365.2564237274699,3624.4027618576033,0.020153477974855963,-0.003821630289588897,0.0009451268905239655,4433.15843403822,4688.287849241908,0.025151669652616348,-0.029437251548519023,-191.06419499121532
2.0265256471316903e-6,224.70076761858942,3503.765671930237,0.007506411790016784,-0.008674867159267609,3.0608000557809198e-6,365.25642361667843,3624.402763868271,0.02019703747913155,-0.0038487284647560904,0.0009439281866445045,4435.01490591579,252.0676331679675,0.02497050943535357,-0.02939681563489482,-191.22090336692958
2.026351014915718e-6,224.70076760752025,3503.765672291921,0.007564473292829719,-0.00869528014672667,3.0612990737430983e-6,365.2564235066692,3624.4027658712516,0.020243491734685825,-0.0038755185022180576,0.0009426388371095019,4436.872155227296,248.9935754673305,0.024780374031253386,-0.029359550223424673,-191.37798971423246
2.0261609434545954e-6,224.7007675964345,3503.765672654658,0.007621410274258368,-0.00871779462440983,3.0617925116444393e-6,365.25642339763476,3624.4027678601187,0.02028908409653158,-0.0039039955820009895,0.000941357129656835,4438.730182298314,4684.6704860043255,0.024590300622987598,-0.029320210006864737,-191.5354383188543
2.026000550777757e-6,224.70076758536436,3503.7656730174767,0.007680190968172558,-0.008740529580534553,3.062296182694815e-6,365.25642328943604,3624.4027698388745,0.02033604777868092,-0.003932760759598559,0.00094002729218826,4440.58898745454,4683.474637585603,0.024395263066326032,-0.029282089414368925,-191.69323361178434
2.025870696498006e-6,224.70076757429626,3503.7656733804756,0.00774113132249891,-0.008763759212887265,3.062812631039478e-6,365.2564231821433,3624.4027718065654,0.02038465800602199,-0.003962045637587606,0.0009386366970835102,4442.448571021809,4682.280486251087,0.02419374265568216,-0.029245405623678444,-191.85136016379403
2.0257517064621104e-6,224.7007675632101,3503.7656737445805,0.007802501887430649,-0.00878836968392114,3.0633311290569686e-6,365.25642307569717,3624.4027737629153,0.020433582879394018,-0.003992494734144047,0.000937231957140047,4444.308933326104,4681.097805214983,0.02399045968604851,-0.029207999130907925,-192.00980271324403
2.025666244082582e-6,224.7007675521155,3503.765674109023,0.007866097661772486,-0.008813658810224683,3.0638624088718735e-6,365.25642297016554,3624.402775707837,0.02048419026633712,-0.004023607711890596,0.0009357623803284148,4446.1700746935285,4679.915947890922,0.02378024776937276,-0.029172357621836998,-192.16854616391882
2.025589554738596e-6,224.70076754105366,3503.7656744731757,0.007930052346215653,-0.008839263098121325,3.0643956499781422e-6,365.25642286550516,3624.402777641496,0.02053506852606402,-0.004054991210816765,0.0009342785229586784,4448.0319954503375,4678.73705829641,0.023568367177481772,-0.029136692012516726,-192.32757558138897
2.025536371797124e-6,224.70076753001126,3503.7656748374397,0.007995099714564254,-0.008865286259842524,3.0649344305442553e-6,365.25642276170817,3624.4027795642924,0.02058675319373582,-0.004086791313483156,0.0009327631432921356,4449.894695922909,4677.560749804942,0.023353027730602223,-0.02910141970004582,-192.486876204911
2.025514343011514e-6,224.70076751887404,3503.7656752039215,0.008062204432503153,-0.00889352180194594,3.0654845701671648e-6,365.2564226587861,3624.402781475025,0.02064000320493846,-0.00412046432621657,0.0009311894301139563,4451.758176437772,224.6355702152513,0.02313083361312274,-0.02906735412748066,-192.6464334176249
2.0255021633712425e-6,224.70076750788655,3503.765675567832,0.008129756712609595,-0.008920201605825118,3.0660377620819665e-6,365.25642255678787,3624.4027833749383,0.020693580444377146,-0.004152945507605223,0.0009296060415043904,4453.622437321575,4675.22410873854,0.022907920117766305,-0.029032969132258817,-192.80623280663357
2.025523643231612e-6,224.70076749681456,3503.7656759337588,0.008199430571952087,-0.008948826953683328,3.066602490026122e-6,365.2564224556825,3624.402785262948,0.020748772026512135,-0.004187081486560678,0.0009279617630505975,4455.487478901122,4674.061355441875,0.02267795400475602,-0.02899990816290725,-192.96626011112033
2.025563091957118e-6,224.70076748573507,3503.765676300294,0.008270201149514357,-0.008978462675911583,3.0671732727470145e-6,365.25642235546763,3624.4027871390094,0.020804790710680022,-0.004222086210213426,0.0009262885584207044,4457.353301503336,4672.906146704891,0.022444484952536307,-0.028966963035070584,-193.12650127246064
2.025625013004644e-6,224.70076747465987,3503.7656766671453,0.008341995581427335,-0.009008768556732476,3.06774916070006e-6,365.25642225612347,3624.4027890038706,0.020861580003536388,-0.004257684153255165,0.0009245850368109683,4459.219905455295,4671.75402825609,0.0222073553127206,-0.028934378114057947,-193.2869423930326
2.025713512724688e-6,224.70076746362082,3503.765677033274,0.00841520702396734,-0.009039022685426943,3.0683327132831423e-6,365.2564221576862,3624.4027908569174,0.020919438780635628,-0.004293298329556641,0.0009228411767467526,4461.087291084199,4670.597377586822,0.02196583465863895,-0.028903413047015256,-193.44756974271195
2.02582144185181e-6,224.70076745255201,3503.765677400842,0.008489628754588769,-0.009070723101238274,3.0689231029208685e-6,365.25642206016687,3624.4027926983085,0.02097822165841308,-0.004330151008937349,0.0009210656490406659,4462.955458717387,4669.454122290197,0.02172016334731331,-0.0288716001804671,-193.60836983494758
2.0259570773071267e-6,224.70076744145587,3503.7656777691805,0.008565643882593626,-0.00910366311678168,3.069521825370241e-6,365.25642196354977,3624.4027945272505,0.021038218186651116,-0.004368071401955438,0.0009192481754774828,4464.824408682346,203.4923218907755,0.021469392425096843,-0.028840650698710935,-193.76932928139547
2.0261184627157274e-6,224.70076743040983,3503.76567813633,0.008642416500325248,-0.009135726226309596,3.0701229249454863e-6,365.25642186757915,3624.402796347423,0.021098747879753126,-0.004405255764832945,0.0009174160843962662,4466.694141306686,200.46850937029438,0.021217330004636114,-0.028812138682150053,-193.93043494040552
2.0263051336723564e-6,224.70076741929398,3503.7656785059194,0.008721872825196198,-0.009170846484013404,3.0707418340571824e-6,365.2564217729676,3624.40279815036,0.02116137173189274,-0.00444511139423912,0.0009155036750563952,4468.564656918168,4666.0411567791825,0.020954836164389153,-0.028781756432128176,-194.09167385856352
2.0265005424948697e-6,224.7007674082899,3503.7656788730947,0.008800458275711446,-0.009204244478888892,3.071352757753927e-6,365.25642167892863,3624.402799945245,0.02122328652391249,-0.004483455626719244,0.0009136196652308578,4470.435955844675,4664.899361420311,0.020696084339704966,-0.028752884228672688,-194.25303323928426
2.02674674983011e-6,224.70076739719497,3503.7656792424095,0.00888255918458305,-0.009239635504573608,3.0719839188258113e-6,365.2564215858134,3624.402801727747,0.021287878768804416,-0.004523585460366521,0.0009116506389768326,4472.308038414245,191.4574790590113,0.02042700448327829,-0.028725835560773485,-194.41450048608021
2.0269895691551896e-6,224.70076738616373,3503.7656796109336,0.00896379757361242,-0.009275037342257417,3.0726088349873504e-6,365.2564214936297,3624.4028034982116,0.02135183226632044,-0.004563640832848041,0.0009096967397675686,4474.180904955034,4662.636931476147,0.020159075656070884,-0.028697267257663552,-194.57606320938822
2.0272812943163255e-6,224.70076737513205,3503.7656799793112,0.009048045478156129,-0.009310541407080696,3.073250152444739e-6,365.2564214022935,3624.4028052572935,0.021418052714651546,-0.004603891860845511,0.0009076744645450012,4476.054555795355,185.44495193952875,0.019883306699562675,-0.028671842649864877,-194.73770918783404
2.0275858481464823e-6,224.7007673640511,3503.7656803493596,0.009132938900513475,-0.009348224427124335,3.0738952289651783e-6,365.2564213119334,3624.402807003074,0.021484790619354266,-0.004645936930269008,0.0009056284942149266,4477.928991263642,4660.379522885202,0.019603754867980206,-0.028645113141346833,-194.89942640309857
2.0279133040546655e-6,224.70076735298113,3503.765680719479,0.009218928637181647,-0.00938648255833739,3.0745455905962993e-6,365.25642122245915,3624.402808736839,0.02155235334504132,-0.004688470019972803,0.0009035569019219163,4479.804211688473,4659.262214216295,0.019320715792473103,-0.028618801592396454,-195.06120304731314
2.028273871884984e-6,224.70076734191267,3503.7656810897124,0.009306713965058609,-0.009425102891098257,3.075204991567322e-6,365.2564211337942,3624.4028104597105,0.021621277813429367,-0.004731338295028322,0.0009014490008578254,4481.68021739857,4658.141389115306,0.01903319596044332,-0.028593959602499032,-195.2230274669384
2.0286639878709304e-6,224.70076733083795,3503.7656814602838,0.009396287395673796,-0.009464469413857684,3.0758742197748545e-6,365.256421046069,3624.4028121700835,0.021691580217319206,-0.00477485966230428,0.0008992980823330763,4483.557008722778,4657.02397520483,0.018739965088042352,-0.028569878308924462,-195.384888223737
2.029070301939485e-6,224.70076731979194,3503.7656818303494,0.009486035516538593,-0.009504205156792032,3.076542801005667e-6,365.2564209591911,3624.4028138684057,0.021761990824519507,-0.004818662178620599,0.0008971374807479974,4485.434585990097,4655.904619310039,0.018444902162657536,-0.02854630336539981,-195.5467740742862
2.029509772987744e-6,224.7007673087355,3503.765682200881,0.009577773216795548,-0.00954463789659167,3.0772220552656287e-6,365.2564208731818,3624.402815555034,0.02183392746828289,-0.004863078310476018,0.0008949371352072941,4487.312949529648,4654.786568042246,0.01814473252831059,-0.028523758908867606,-195.70867395593243
2.029960805496479e-6,224.7007672976813,3503.7656825718277,0.009669796248960518,-0.009586176753275239,3.077902049331875e-6,365.2564207880644,3624.402817229402,0.02190609192637954,-0.004908374167245837,0.0008927280292998825,4489.192099670707,4653.677634292538,0.01784257512246319,-0.028500347772405777,-195.87057701196994
2.0304678245088263e-6,224.70076728659214,3503.765682943314,0.0097657267712914,-0.009628152512502215,3.078604008634978e-6,365.256420703883,3624.4028188914003,0.02198124488983671,-0.004954132990101961,0.0008904338223886613,4491.072036742668,161.48994608500607,0.017529778121458537,-0.028480162955091613,-196.03247256403478
2.0309824744247462e-6,224.70076727554277,3503.7656833144456,0.00986125262726845,-0.009670643131448298,3.0793021461957026e-6,365.25642062052094,3624.4028205419686,0.022056077992779,-0.005000271743634281,0.0008881491927819717,4492.952761075085,4651.449758874998,0.017217434302396313,-0.028459137349585654,-196.19435012376334
2.0315382933813815e-6,224.70076726446442,3503.7656836860615,0.0099593800140366,-0.009713986095424084,3.0800144843476377e-6,365.2564205380953,3624.4028221796184,0.022132917485698175,-0.005047156184614657,0.0008858055852207318,4494.834272997628,4650.337028357033,0.0168971131205594,-0.028440020702132085,-196.35619941494318
2.032111362326332e-6,224.7007672533866,3503.7656840580744,0.010058127185011891,-0.00975824150942822,3.08072911450408e-6,365.25642045649863,3624.402823805695,0.022210222200954605,-0.005094762629774898,0.0008834510728781116,4496.716572840126,4649.229080874465,0.01657453220065931,-0.028420593689916937,-196.51801031681154
2.032708842545815e-6,224.7007672423539,3503.7656844291064,0.010157789434806415,-0.009802329275061555,3.081447724544403e-6,365.25642037573044,3624.4028254201294,0.02228822566218021,-0.005142240448066358,0.0008810787774117816,4498.59966093253,4648.115790989372,0.016249092855243428,-0.02840225769270123,-196.6797729267958
2.0333263885018095e-6,224.70076723128966,3503.7656848011297,0.010258362010134749,-0.009847919212155146,3.0821703814112806e-6,365.2564202958088,3624.4028270223707,0.02236692988261513,-0.0051909228636550986,0.0008786894170973335,4500.483537604932,4647.0105805533385,0.015920305908963723,-0.028383632962006654,-196.84147751936433
2.033997739747106e-6,224.7007672202176,3503.7656851730776,0.010362514250237624,-0.009893541056006847,3.0829129281043503e-6,365.25642021682904,3624.4028286121775,0.02244838289285903,-0.005239711466172741,0.0008762234346730527,4502.368203187574,4645.895553821525,0.015581596973909977,-0.02836821569417438,-197.00311456011516
2.0346779000879856e-6,224.70076720914332,3503.7656855454693,0.010466503482710573,-0.009940482943692175,3.0836529820493114e-6,365.25642013865905,3624.402830190131,0.022529718050398655,-0.005289516712738371,0.000873763088270536,4504.253658010819,4644.788727189401,0.01524247657242129,-0.02835183849921645,-197.16467468480494
2.035388392692319e-6,224.7007671981092,3503.7656859170525,0.010572149366840875,-0.009987117108072695,3.0844017920404664e-6,365.25642006133774,3624.4028317565285,0.022612320560052246,-0.005339102807981416,0.0008712739390319879,4506.139902405184,4643.676978592326,0.01489868111486499,-0.02833656344777261,-197.32614872639516
2.036127594065735e-6,224.70076718706554,3503.7656862887234,0.010678987072442485,-0.010034597581669271,3.0851555623457716e-6,365.25641998483167,3624.4028333108113,0.022695838150186488,-0.005389353110198312,0.0008687598208999235,4508.026936701311,4642.561888985207,0.014550940216065922,-0.02832271689099548,-197.48752770886577
2.0369094780049685e-6,224.70076717598127,3503.765686661509,0.010788557934755968,-0.010083302611386675,3.085924274731516e-6,365.25641990925607,3624.402834852531,0.022781460319250643,-0.0054406739476957995,0.0008661899555589078,4509.914761229993,4641.452663942428,0.01419475820758744,-0.028309628437211257,-197.6488028119032
2.0376942588052655e-6,224.70076716496075,3503.765687032876,0.010897666686597784,-0.010131762903207192,3.0866893103230656e-6,365.2564198344479,3624.4028363828443,0.022866734298667275,-0.005491689651475796,0.000863634724848097,4511.803376322148,4640.337914477103,0.013839399932420796,-0.028296800625133407,-197.80996542313676
2.038542240328399e-6,224.70076715390505,3503.7656874049603,0.011010890952327455,-0.010180644508260553,3.087476694721701e-6,365.25641976051594,3624.40283790162,0.02295517778993461,-0.005543147063969236,0.000861001596650213,4513.69278230885,4639.21534081869,0.013473327786711144,-0.02828693066018849,-197.97100709165883
2.0393933085406342e-6,224.7007671428532,3503.7656877770714,0.011123798008470203,-0.010230778042489454,3.088261356640242e-6,365.2564196874327,3624.40283940747,0.02304338474573362,-0.005595546772750053,0.0008583744732638417,4515.582979521291,4638.100421822113,0.013106444621565193,-0.028276316232905323,-198.13191954518615
2.0402751926146516e-6,224.7007671318048,3503.765688149067,0.01123802859382256,-0.010281603396346766,3.0890518351183916e-6,365.2564196151633,3624.402840901183,0.02313260315717362,-0.005648513912801608,0.0008557240490837233,4517.473968290821,4636.984825674118,0.012734999928287574,-0.028266552455742527,-198.292694676357
2.0411878563350113e-6,224.70076712076687,3503.76568852085,0.011354148354882703,-0.010332576842739753,3.0898524040685194e-6,365.25641954370656,3624.402842383668,0.02322329040960955,-0.005701581652249273,0.0008530436124235867,4519.365748948917,4635.863011771783,0.012358764654837744,-0.02825828003560453,-198.45332457199126
2.0421373875330705e-6,224.7007671097437,3503.765688892294,0.011472258567968008,-0.01038352381286067,3.0906631935040677e-6,365.2564194730779,3624.402843854709,0.023315512962895267,-0.005754657709919767,0.0008503279171512816,4521.258321827192,4634.7352850453535,0.011976469367523715,-0.028251427653848707,-198.61380147993765
2.043108149868275e-6,224.70076709873294,3503.7656892633886,0.011591204758429719,-0.010435065128913509,3.0914772912901713e-6,365.2564194032286,3624.4028453139085,0.023408380536075774,-0.0058081738336277465,0.0008476011250113127,4523.151687257413,4633.605851141161,0.011591211060433895,-0.028245308196373855,-198.77411780996528
2.044114780470472e-6,224.70076708769122,3503.7656896350823,0.011712235519637083,-0.010487777735117915,3.0923020117924703e-6,365.2564193341987,3624.4028467609,0.02350286978497361,-0.0058626343708171645,0.0008448403576288209,4525.045845571468,4632.47604524407,0.011200223665641286,-0.028240586827605888,-198.93426614071342
2.0451439929740706e-6,224.70076707668176,3503.7656900060774,0.011834252466198167,-0.010540513856452875,3.093131362859086e-6,365.25641926596575,3624.4028481963924,0.02359811929768494,-0.0059170988112498026,0.0008420654863507313,4526.940797101402,4631.342944003111,0.010805545762630184,-0.028236448054606303,-199.0942392085097
2.04620708862872e-6,224.70076706568423,3503.7656903766697,0.01195817531968857,-0.010593508150280479,3.0939705643460632e-6,365.256419198571,3624.4028496199157,0.02369485697609035,-0.0059717642496938195,0.0008392578068382126,4528.836542179379,4630.203820588025,0.010405225333673163,-0.028233944536896847,-199.2540299503149
2.0473061240290016e-6,224.70076705466298,3503.7656907476817,0.012084142026809202,-0.010647339402518814,3.094820186886147e-6,365.2564191319837,3624.402851031518,0.02379317704939726,-0.0060271152974488654,0.0008364162116869432,4530.733081137723,4629.0629874137385,0.009998428440517666,-0.028232694390642774,-199.4136313985617
2.0484274154946645e-6,224.7007670436376,3503.7656911188474,0.012211304841644108,-0.010702148803579456,3.0956756064990008e-6,365.2564190661784,3624.4028524313053,0.023892429073343227,-0.006083214342487881,0.0008335619350298476,4532.630414308879,4627.924340328136,0.009588196712198759,-0.02823179758988428,-199.57303679324625
2.0495881162455666e-6,224.70076703261935,3503.765691489504,0.012341016573791304,-0.010756840753777471,3.0965449046017273e-6,365.25641900118245,3624.402853819285,0.023993660664405135,-0.006139214866354161,0.0008306674198636994,4534.528542025447,4626.77411613822,0.009170970491980531,-0.028233479579501734,-199.73223950915195
2.0507816033912744e-6,224.70076702162808,3503.765691859578,0.012471856486435449,-0.010811712360960863,3.0974181099644102e-6,365.25641893690414,3624.402855196656,0.024095766458702247,-0.006195365166183616,0.0008277584879241427,4536.427464620148,4625.618786421451,0.008749954882667162,-0.028236055324694653,-199.8912330754863
2.051984034251716e-6,224.70076701068334,3503.765692228087,0.012603227331607897,-0.010866115564519429,3.0982947229826545e-6,365.2564188733723,3624.4028565622007,0.024198295521709812,-0.006251035142778,0.000824845535855896,4538.3271824258645,4624.451889885632,0.008326303199741892,-0.028240340804371905,-200.05001117163764
2.0532286474719176e-6,224.70076699967933,3503.765692598254,0.012736960107781687,-0.010922639389868078,3.099182953046845e-6,365.2564188106975,3624.402857915436,0.02430267128461937,-0.0063084630287563274,0.0008218969637918723,4540.227695775601,4623.296241283124,0.007895653426483164,-0.028244387993804076,-200.20856761832292
2.0544996414419257e-6,224.70076698870585,3503.765692967339,0.01287243626265668,-0.010978737631727383,3.100080723966807e-6,365.25641874877135,3624.4028592573472,0.02440840524426124,-0.0063654881861486805,0.0008189252708162316,4542.129005002502,4622.1276808339235,0.007459979758374769,-0.028250757241868065,-200.36689639937754
2.0558147616435315e-6,224.70076697773644,3503.7656933360195,0.013010429429524687,-0.011034814539185553,3.100991320660396e-6,365.25641868758123,3624.402860588136,0.024516093428216302,-0.006422505331981417,0.0008159192466577753,4544.031110439866,4620.946971008998,0.007017591839455153,-0.02825962760776497,-200.52499163394717
2.057135519998035e-6,224.70076696679564,3503.765693704255,0.013148132574901808,-0.011091812851563507,3.101898989167539e-6,365.2564186270905,3624.4028619079513,0.024623577662918655,-0.006480195470459112,0.0008129308014776337,4545.934012421114,4619.771894515886,0.006575440337682089,-0.028267520233176316,-200.68284754549236
2.0585223569447133e-6,224.7007669558222,3503.765694072528,0.013290470906572038,-0.011148643706989677,3.102832394955644e-6,365.2564185674535,3624.4028632152945,0.024734655022675692,-0.0065378031553247505,0.000809863366559128,4547.837711279822,4618.5791978010575,0.0061198780440205195,-0.028279850835090107,-200.84045856032313
2.0599070113008853e-6,224.70076694490155,3503.765694439613,0.013431957545275684,-0.011205832512705537,3.103760158484307e-6,365.25641850850326,3624.402864511665,0.024845097986410086,-0.006595596416767355,0.0008068206432063112,4549.742207349688,4617.386617230072,0.005665432616160123,-0.028291567212885393,-200.99781918497942
2.061343130672006e-6,224.70076693393503,3503.7656948073895,0.013577119604939986,-0.011263984074178323,3.104707843846708e-6,365.2564184503469,3624.402865795973,0.02495840539327371,-0.006654171933711428,0.0008037263546372381,4551.647500964571,4616.187680466089,0.005201547182389946,-0.028305990377539093,-201.1549240749487
2.0628101618198875e-6,224.70076692301794,3503.765695173794,0.013723862664281843,-0.01132128549075293,3.105663569778718e-6,365.25641839286806,3624.4028670700413,0.025072944341352287,-0.006712049677193222,0.0008006162161403199,4553.553592458449,4614.974291167116,0.004732899448499776,-0.02832241089012369,-201.31176803012946
2.064306082304554e-6,224.7007669120713,3503.765695540505,0.013872423051486974,-0.011379884113781916,3.1066290624059276e-6,365.2564183362274,3624.402868331053,0.02518892202866235,-0.006770933751073022,0.0007974773293604381,4555.4604821654575,4613.761638525568,0.00425723251400753,-0.028339916397782803,-201.46834594404558
2.0658365008869943e-6,224.7007669011628,3503.765695905921,0.014022886742640222,-0.011437733776944308,3.1076040250496664e-6,365.2564182801773,3624.4028695823863,0.02530638535438356,-0.0068291848860536014,0.000794325216095569,4557.368170419856,4612.531805889812,0.0037771586962768566,-0.028360121577825838,-201.62465286272086
2.0674062386690585e-6,224.700766890221,3503.765696272058,0.014176112181243242,-0.011496885245503225,3.108594200873759e-6,365.2564182249406,3624.4028708216583,0.025426014800980074,-0.006888482589726583,0.0007911375090077603,4559.276657556061,4611.302952971628,0.0032893829812285116,-0.02838144430964183,-201.7806839527388
2.068981100220238e-6,224.70076687932513,3503.7656966368786,0.01432915400670481,-0.011556020720737005,3.1095825242566103e-6,365.25641817039684,3624.402872049573,0.02554552004283602,-0.006947677745768895,0.0007879615902584527,4561.185943908614,4610.0689944635105,0.0028002185958790364,-0.028403165347686003,-201.93643447583736
2.0706114599300073e-6,224.7007668684344,3503.7656970010676,0.014486068963945295,-0.011614527777970998,3.1105922003891443e-6,365.25641811653065,3624.402873267157,0.02566805743154634,-0.007006373369460036,0.0007847400307458868,4563.096029812198,4608.814754871934,0.0023020140046612955,-0.028428923773723424,-202.09189981770302
2.0722553668033647e-6,224.70076685759335,3503.7656973637136,0.014643222453418672,-0.011672824438452082,3.1116020696353003e-6,365.2564180633297,3624.4028744735947,0.025790792990810957,-0.007064837353055587,0.0007815226485384984,4565.006915601651,4607.551720237576,0.001801141941032399,-0.028455803529935316,-202.24707549902774
2.0739620869727105e-6,224.70076684668064,3503.765697727527,0.01480525447629001,-0.011732289920334246,3.112639612787411e-6,365.25641801097464,3624.402875667396,0.02591734088022711,-0.007124270611919443,0.0007782352733961174,4566.918601611931,4606.281150997206,0.0012869259428117748,-0.02848605176745265,-202.4019571411186
2.0756636132472086e-6,224.7007668358298,3503.7656980897495,0.014965994094951085,-0.011791890258965473,3.11366839995551e-6,365.25641795917846,3624.402876851199,0.026042910091099294,-0.007183699624055964,0.0007749846210408167,4568.831088178156,4605.008501229743,0.0007746835291529368,-0.028515762863911557,-202.55654043765577
2.077416621899693e-6,224.700766825005,3503.765698450908,0.01513050136034639,-0.011850308909309196,3.1147185845926275e-6,365.2564179080949,3624.4028780244626,0.026171435643074677,-0.00724218612544877,0.000771690299654635,4570.744375635564,4603.713516479572,0.00025319330036538325,-0.02854945294939064,-202.7108212489149
2.0791987535084882e-6,224.7007668141406,3503.7656988126446,0.015297002317477748,-0.01191033173699518,3.1157795548622626e-6,365.2564178577503,3624.402879185602,0.026301531598877242,-0.007301925991974964,0.0007683751029370063,4572.658464319555,4602.420726817199,-0.0002752472522328238,-0.02858402660729304,-202.86479548811758
2.081011561530227e-6,224.7007668032958,3503.765699173513,0.01546552176652119,-0.011970277839861397,3.1168516204471614e-6,365.25641780807575,3624.402880335891,0.026433228411481036,-0.00736156872804924,0.0007650438500985088,4574.573354565647,4601.116564530484,-0.0008094323559792272,-0.028620799581165923,-203.01845920268696
2.082869334600727e-6,224.70076679246912,3503.765699533342,0.015637403952754717,-0.012029310533866978,3.1179425859983186e-6,365.2564177590737,3624.402881475543,0.026567564067906425,-0.007420446531043763,0.0007616768100584446,4576.48904670952,4599.790217123109,-0.0013523406494027885,-0.02866159887175182,-203.17180850947761
2.0847660822376642e-6,224.70076678160936,3503.7656998935336,0.015811694617541467,-0.012089812991341606,3.119046200479092e-6,365.2564177107855,3624.4028826032186,0.026703801263540206,-0.0074805037675363525,0.0007582863530990583,4578.405541086976,4598.463780307718,-0.0019028095299240648,-0.028703803011346875,-203.32483964523183
2.086687246437862e-6,224.70076677079877,3503.765700252012,0.01598772415223788,-0.012149206365053296,3.1201599131929807e-6,365.2564176630989,3624.402883720851,0.02684141910052238,-0.007539598106802862,0.000754886344417816,4580.322838033973,4597.117465788272,-0.0024584861291399086,-0.028748947825409394,-203.4775489234699
2.0886441402730998e-6,224.7007667599838,3503.7657006101012,0.016165950345145754,-0.0122088968804937,3.121285037488938e-6,365.25641761610564,3624.4028848271023,0.026980771332115273,-0.007598915337859971,0.0007514651068243343,4582.2409378866005,4595.76185054617,-0.003021618705165749,-0.028796202579298456,-203.6299327724743
2.090612372160914e-6,224.70076674920557,3503.76570096694,0.016345264435790922,-0.012268426233346395,3.1224171504124696e-6,365.25641756976785,3624.402885922511,0.02712101095874873,-0.007657999310320627,0.0007480446775798647,4584.159840981085,4594.396401067695,-0.003588378351537791,-0.028845019541415353,-203.7819876714507
2.09263992175739e-6,224.70076673837787,3503.76570132439,0.01652901846753051,-0.012329054728666359,3.1235741362849426e-6,365.2564175241798,3624.4028870058532,0.02726474024652253,-0.0077179989491472575,0.0007445756110559159,4586.07954765381,4593.024614030494,-0.004167158132779099,-0.02889676572537809,-203.93371022693933
2.0946786663018295e-6,224.7007667276395,3503.7657016792414,0.016712966747819625,-0.01238805629174562,3.124731558965638e-6,365.2564174790976,3624.4028880800633,0.027408653732213382,-0.0077766047539736295,0.00074112220286664,4588.000058241279,4591.629809585009,-0.004747173348123163,-0.028951168430473892,-204.0850970992876
2.096793715627824e-6,224.7007667168287,3503.7657020348847,0.01690314625843035,-0.012447542976187333,3.125924819417019e-6,365.2564174347734,3624.402889142079,0.027557442972653192,-0.007835638156122248,0.0007375941538833577,4589.921373080157,4590.217278766224,-0.005343745649473355,-0.029010841424044653,-204.23614504254968
2.0988983537148875e-6,224.70076670609836,3503.765702388532,0.017092112770712962,-0.012506862491760144,3.1271108869400803e-6,365.2564173910021,3624.4028901943816,0.02770533981218617,-0.007894417903713136,0.0007341057279562264,4591.84349250723,4588.801446943639,-0.005938143483052775,-0.029070019644253934,-204.38685090553113
2.101076848614975e-6,224.70076669527418,3503.765702743439,0.017287340181350107,-0.012567135577665015,3.1283335620260956e-6,365.2564173480313,3624.402891233833,0.027858143750857375,-0.007953990350882099,0.0007305410579672184,4593.766416859446,4587.3710488730285,-0.006550161461964294,-0.029134126071019676,-204.53721159309796
2.10327536281374e-6,224.70076668452725,3503.7657030958962,0.01748350747326435,-0.012626134588994333,3.1295609830755584e-6,365.25641730562387,3624.402892263201,0.02801171918529576,-0.008012490386858414,0.0007269803991235594,4595.690146473872,4585.92166126774,-0.007166288131630203,-0.02920092202872901,-204.6872241003898
2.105499916767171e-6,224.7007666738101,3503.7657034473946,0.017681647944724738,-0.01268479409745418,3.1307996090889083e-6,365.25641726376887,3624.4028932833085,0.02816687583775043,-0.008070655011416046,0.0007234197732846585,4597.614681687738,4584.45753212077,-0.00778648457583921,-0.029270009606306487,-204.8368854856415
2.1077622807318216e-6,224.70076666305954,3503.7657037986746,0.017882842150030553,-0.012744333670752181,3.1320564199267354e-6,365.2564172226852,3624.4028942899763,0.028324453756404033,-0.00812950077338063,0.0007198243134308652,4599.540022838395,4582.98644894699,-0.0084185075585156,-0.029341997651540053,-204.98619290848382
2.110068494529422e-6,224.70076665234294,3503.765704148597,0.018087275571388988,-0.012802742628075028,3.133331282474753e-6,365.25641718211665,3624.402895287561,0.02848458877980272,-0.00818740445139843,0.0007162133833782309,4601.466170263354,4581.489055426704,-0.009057451190820942,-0.02941845594895806,-205.13514357568917
2.1123986694581098e-6,224.70076664161954,3503.765704498232,0.01829375089029407,-0.012861891563226301,3.134618596749202e-6,365.2564171422223,3624.4028962738657,0.028646364481152643,-0.008245856510703505,0.0007125928716975097,4603.3931243002535,4579.9886046914935,-0.009703689989296013,-0.029496151155316216,-205.28373476240535
2.1147824069401765e-6,224.70076663089517,3503.765704846868,0.01850454358687993,-0.012920473005182731,3.1359309910792105e-6,365.25641710299203,3624.4028972485244,0.02881155519838146,-0.008303836540405113,0.0007089335171028936,4605.320885286873,4578.463950341539,-0.010361899124555577,-0.029579181988475322,-205.4319638283864
2.1171997633146104e-6,224.70076662018235,3503.7657051947003,0.01871809383877293,-0.012978504600570064,3.1372596776586657e-6,365.2564170643421,3624.4028982133727,0.02897893982266858,-0.008361333742732551,0.0007052609472427842,4607.249453561148,4576.923346783304,-0.011028237920221704,-0.029665056516459214,-205.5798281961399
2.1196448747043565e-6,224.70076660944008,3503.7657055425616,0.0189338912184293,-0.013038226697226882,3.1386016756848585e-6,365.2564170263612,3624.4028991661517,0.029148127952598604,-0.00842014668649238,0.0007015780442172658,4609.178829461137,4575.383018080485,-0.011702495362181304,-0.029752442036425516,-205.72732535907517
2.12213420694758e-6,224.7007665987842,3503.7657058873483,0.019153220996558667,-0.013094629997608086,3.1399642648054754e-6,365.25641698888734,3624.4029001095637,0.029320109787199754,-0.008476241164084644,0.0006978745193728823,4611.109013325057,4573.796262697173,-0.012385312143942843,-0.02984716458196455,-205.87445286404315
2.1246510426988194e-6,224.70076658811024,3503.765706232077,0.019374708655161967,-0.013152347650659417,3.1413397715072155e-6,365.25641695207725,3624.4029010414824,0.029493830185885625,-0.008533362106479475,0.0006941633168554541,4613.0400054912525,4572.2098080526775,-0.013075935631088933,-0.029942977662316683,-206.0212083365776
2.1272213881549645e-6,224.70076657736638,3503.7657065775898,0.019601122468931566,-0.013211237298269222,3.1427450400033135e-6,365.25641691597076,3624.4029019614536,0.02967145249843091,-0.008591408088620543,0.0006904111225193488,4614.971806298222,4570.614929416594,-0.013780953732776805,-0.030042254293336186,-206.1675894529016
2.129834059278686e-6,224.70076656667808,3503.765706920607,0.019830882532594078,-0.013268134996973005,3.144170123926783e-6,365.25641688048955,3624.402902869831,0.029851728996452043,-0.00864781852735546,0.0006866337046635977,4616.9044160845915,4568.986315912954,-0.014496768211298285,-0.03014782876004239,-206.31359397438302
2.1324442046322143e-6,224.70076655611058,3503.7657072607967,0.020060042012013026,-0.013323350172671214,3.1455912547512075e-6,365.2564168453044,3624.402903772207,0.030031596543139413,-0.00870278974358271,0.0006829075617473295,4618.837835189147,4567.338463657275,-0.015208171855058251,-0.030254793430517346,-206.4592196964366
2.1351302124824416e-6,224.70076654538306,3503.7657076032856,0.02029632935966516,-0.013381347018867234,3.147055979568904e-6,365.25641681109875,3624.40290465817,0.03021707894883145,-0.008760006703345065,0.0006790947257836851,4620.772063950796,4565.689021706705,-0.015944530650800592,-0.03036625387132097,-206.60446452379057
2.1378326469641036e-6,224.7007665347808,3503.7657079423025,0.02053349271957196,-0.013436904267022725,3.1485251563221277e-6,365.2564167772342,3624.4029055366946,0.030403301451800088,-0.008815196903947164,0.0006753119549927181,4622.7071027086085,4564.007183898926,-0.016680498552963646,-0.030482131694589625,-206.74932636610845
2.140590319923949e-6,224.7007665240505,3503.76570828341,0.020776089383643732,-0.013494885461308092,3.150028563087404e-6,365.2564167442632,3624.402906400985,0.030593824103222284,-0.008872328430025628,0.000671469599901864,4624.64295180178,4562.32963427343,-0.01743696847941215,-0.030600098483813783,-206.89380322692045
2.1433770164279475e-6,224.7007665134462,3503.765708620685,0.021020450617767243,-0.013549969916720738,3.15154127704518e-6,365.2564167116219,3624.4029072574667,0.030785789772555413,-0.008927098727365109,0.0006676472611536927,4626.579611569652,4560.612317438686,-0.01819536798883583,-0.030724236068612108,-207.03789317712838
2.1462004308956306e-6,224.70076650282257,3503.76570895738,0.02126861757863632,-0.0136053596501795,3.1530780763787326e-6,365.2564166796693,3624.4029081014764,0.030980781324749868,-0.008982047847420807,0.0006638015980115499,4628.517082351718,4558.880461867174,-0.018966147380599443,-0.030852585368413503,-207.181594340554
2.1490614677930113e-6,224.7007664922277,3503.7657092928157,0.02152009579179631,-0.013659794879959193,3.1546350902377916e-6,365.25641664829146,3624.4029089356345,0.031178420997542165,-0.009036197282268763,0.0006599460592132486,4630.455364487597,4557.127161352805,-0.019746052640339063,-0.030984933049456685,-207.32490490082662
2.1519711620737373e-6,224.7007664815973,3503.765709627885,0.021776016961141162,-0.013714762499855737,3.1562195214502378e-6,365.25641661754327,3624.402909757956,0.031379601596942974,-0.009090747923937836,0.0006560617995292847,4632.394458317069,4555.356440691277,-0.020539966308436748,-0.031122309189164934,-207.46782310791127
2.154906317493088e-6,224.70076647101217,3503.76570996118,0.022034079273358865,-0.013768654791503306,3.1578170113380784e-6,365.25641658732104,3624.4029105703576,0.03158250903513388,-0.00914439738674418,0.0006521828870413455,4634.334364180037,4553.567292813584,-0.021341157242064836,-0.031263019347519676,-207.61034728742436
2.157868011395101e-6,224.700766460434,3503.7657102935445,0.022294597796525206,-0.013823036872876122,3.159430048837527e-6,365.25641655772085,3624.4029113714314,0.03178740279248429,-0.009198380217586342,0.0006483004124383664,4636.275082416565,4551.767495332184,-0.02215114448819943,-0.03140670879832601,-207.7524757937025
2.16088106200009e-6,224.7007664498821,3503.765710623883,0.02255990485570064,-0.013875379060457518,3.1610730668852104e-6,365.2564165287043,3624.4029121611948,0.0319961035766341,-0.009250698168493832,0.0006443899111977734,4638.216613366842,4549.930202703159,-0.02297542890139788,-0.031558123012243686,-207.89420711055212
2.163936914392753e-6,224.7007664392759,3503.765710954777,0.022828977623226856,-0.013930030350849654,3.1627386652271054e-6,365.25641650031713,3624.402912939471,0.03220782083097219,-0.00930484932514142,0.0006404676245999315,4640.158957371215,4548.094174087179,-0.023811223388159376,-0.03171162510594613,-208.03553971438868
2.167028135700603e-6,224.7007664287342,3503.7657112829597,0.02310156190660576,-0.013982240458645363,3.1644269446926553e-6,365.25641647252985,3624.402913706412,0.03242234704408711,-0.00935698326062073,0.0006365325177007841,4642.1021147701595,4546.221357372651,-0.02465815145293036,-0.03187214100269631,-208.17647219662948
2.170125772376553e-6,224.70076641827765,3503.765711608796,0.023374433104542094,-0.014033120697468154,3.166117263635416e-6,365.25641644507994,3624.4029144664423,0.03263715693661613,-0.009407996866729535,0.000632632543428442,4644.046085904309,4544.332711812662,-0.025506444021024272,-0.03203448886862359,-208.31700319243663
2.1732799998649e-6,224.70076640771364,3503.7657119359537,0.023652738194828923,-0.01408679873621592,3.167841290417056e-6,365.25641641845505,3624.402915211612,0.032856291367304176,-0.00946122780850912,0.0006286948878154978,4645.990871114424,4542.442554531575,-0.026372908079326372,-0.0322007405333565,-208.45713144132935
2.1764833098692025e-6,224.70076639722635,3503.76571226019,0.023935001828412066,-0.014138182915653084,3.1695890570275537e-6,365.2564163922859,3624.402915947488,0.033078599618936805,-0.009512625457624935,0.0006247499867584501,4647.936470741414,4540.515815981015,-0.027249704579745737,-0.03237418256993794,-208.59685570870428
2.179700352212289e-6,224.70076638677523,3503.765712582449,0.024219730586280755,-0.014188057810272029,3.1713550710027524e-6,365.2564163666578,3624.402916672754,0.033302896344115915,-0.009562691527285484,0.0006208074132133118,4649.882885126339,4538.561432663274,-0.028135830125798744,-0.03255301262610958,-208.73617484120976
2.1829494576144936e-6,224.7007663763342,3503.7657129036643,0.024507153658460255,-0.014238331294134274,3.173137669717699e-6,365.2564163416081,3624.402917387079,0.033529372799817665,-0.009613058025091548,0.0006168671654664653,4651.830114610386,4536.596955878971,-0.029031547238841448,-0.032735012113238975,-208.8750877898939
2.1862263677164755e-6,224.70076636591787,3503.7657132234826,0.024796671437861753,-0.014288679163243398,3.174933255522707e-6,365.25641631712125,3624.4029180906837,0.033757556277525906,-0.009663446913602457,0.000612931638783172,4653.778159534903,4534.620360231674,-0.029936370452721194,-0.03292016023241436,-209.01359354222504
2.189543003054101e-6,224.70076635554258,3503.7657135412423,0.02509054595503337,-0.014337467688500008,3.176757012389781e-6,365.2564162931488,3624.402918784226,0.03398923290178948,-0.009712536278230583,0.000608991161041997,4655.727020241362,4532.61164877347,-0.03085184059361536,-0.033112268300513205,-209.15169118415258
2.1929052231162165e-6,224.70076634512023,3503.7657138588966,0.02538855014368237,-0.014387398838187997,3.1786069384738822e-6,365.2564162698603,3624.402919465048,0.03422420795165183,-0.009762523035766971,0.0006050287842696601,4657.676697071398,4530.5949090811855,-0.03178426355528933,-0.03330830713136827,-209.28937986862945
2.196263704325755e-6,224.70076633481315,3503.7657141731074,0.025686377843678023,-0.014435505606477555,3.180457169203262e-6,365.256416246968,3624.4029201370568,0.03445911218754618,-0.009810951504863769,0.0006011062934344529,4659.6271903667675,4528.555245671979,-0.032717205586277436,-0.033508133806625415,-209.42665882290407
2.1996762326170915e-6,224.700766324515,3503.7657144858813,0.02598929337217552,-0.014482622158385795,3.1823393329206168e-6,365.2564162246525,3624.4029207979443,0.03469807133393669,-0.00985857783132712,0.0005971651950894632,4661.5785004693935,4526.48627801626,-0.033665333506678934,-0.03371511895532996,-209.56352734959177
2.203106856914921e-6,224.70076631424052,3503.7657147971454,0.026293837411012752,-0.014529979761864823,3.1842326933502276e-6,365.2564162028631,3624.402921448322,0.03493838228055006,-0.009906335240700139,0.0005932365534158938,4663.530627721322,4524.405685443323,-0.03462171394939034,-0.03392541073283913,-209.69998485538895
2.2065336079475592e-6,224.7007663040862,3503.7657151048866,0.026598023249154577,-0.014575467705389407,3.1861248350211477e-6,365.25641618142424,3624.40292209068,0.03517848231374679,-0.00995251536251493,0.00058934909092231,4665.483572464748,4522.302257049811,-0.03557864477850324,-0.034139319625837036,-209.8360307869375
2.2100161420654595e-6,224.70076629387037,3503.7657154131252,0.026907773180200746,-0.014622401773693304,3.1880524940505592e-6,365.2564161607118,3624.4029227203187,0.03542301170439265,-0.009999836573204126,0.0005854391045093644,4667.437335042022,4520.192056184901,-0.036552867898906,-0.034357421388207326,-209.97166471075897
2.21352268702211e-6,224.70076628369333,3503.7657157192803,0.027220072633239962,-0.014668550373404142,3.189997602557308e-6,365.25641614053967,3624.4029233391734,0.03566961084054707,-0.010046469403333768,0.0005815320279028582,4669.391915795616,4518.060257498235,-0.03753815763462377,-0.0345808310035441,-210.10688623838553
2.2170548340456167e-6,224.70076627358048,3503.765716022582,0.027534543547665123,-0.01471308166563109,3.19195707701813e-6,365.25641612080864,3624.4029239479582,0.035917987394864105,-0.010091770170468148,0.0005776356495934391,4671.347315068168,4515.898322956599,-0.03853262188038925,-0.0348108691290304,-210.24169510526235
2.2205515718090416e-6,224.70076626359358,3503.76571632272,0.027845669912273177,-0.014757267366453138,3.1938970252133965e-6,365.25641610142276,3624.402924548965,0.036163799930545366,-0.010136667037048538,0.0005738073196941279,4673.30353320244,4513.733300805657,-0.039520485487391045,-0.035040559303894055,-210.37609107161367
2.2241094687786287e-6,224.70076625362472,3503.765716621242,0.028162457570400357,-0.014800252209551324,3.1958725482277444e-6,365.2564160825876,3624.402925139421,0.03641413466992086,-0.010180616255517382,0.0005699636270681661,4675.260570541354,4511.537783434497,-0.040523846334062016,-0.035278026104687624,-210.51007402673048
2.2276497419626157e-6,224.70076624369554,3503.7657169183617,0.02847850516344249,-0.014843950345964174,3.1978468091010023e-6,365.2564160642806,3624.402925720151,0.036663944906665455,-0.010225010489622644,0.0005661528390324644,4677.218427427962,4509.346467820973,-0.0415311448445166,-0.03551516899571303,-210.64364391807857
2.2312304571874884e-6,224.70076623383756,3503.7657172121862,0.028797702123388308,-0.014885844668553454,3.199840289260998e-6,365.2564160464177,3624.402926289942,0.03691629899869914,-0.010267949185624747,0.0005623463809467435,4679.177104205472,4507.114489171136,-0.042548729705358446,-0.035761719197092166,-210.77680076830146
2.2348166754641425e-6,224.70076622400217,3503.7657175049503,0.02911795926940368,-0.014928052015986707,3.2018428009794244e-6,365.256416029122,3624.402926849869,0.03716954916221523,-0.010311060534195712,0.0005585568078511626,4681.13660121722,4504.8830384368575,-0.04357494250416094,-0.03600907933131744,-210.90954469708336
2.2384015894632294e-6,224.70076621428518,3503.765717794112,0.02943787056994928,-0.014968137587937629,3.203843865593723e-6,365.2564160121022,3624.4029274024474,0.03742259364167805,-0.010352409897050597,0.0005548090712274874,4683.096918806706,4502.623930615008,-0.04460117537886553,-0.036261382443513276,-211.04187588036783
2.2419689150352106e-6,224.70076620464874,3503.7657180808724,0.029756162804894418,-0.015009093690751363,3.2058364020477638e-6,365.25641599552847,3624.4029279456818,0.03767442934750954,-0.010394354632259389,0.0005511064523194988,4685.0580573175575,4500.366123150569,-0.04562669942742923,-0.036514174513371814,-211.17379457507252
2.2455610429928718e-6,224.70076619507776,3503.7657183647366,0.030076559977403706,-0.015048133171876926,3.2078428859713626e-6,365.2564159794038,3624.402928478633,0.03792797878752601,-0.010434735204604584,0.0005474132852981875,4687.020017093548,4498.075662244696,-0.04666209433350828,-0.03677427601820112,-211.30530113517702
2.249179721071836e-6,224.70076618553855,3503.765718647172,0.03040033216322604,-0.015086721829124157,3.2098729174687267e-6,365.2564159638376,3624.4029290018643,0.03818425027712325,-0.010474694588325936,0.0005437259955125025,4688.982798478605,4495.770272040129,-0.047707857693779915,-0.03703875605265768,-211.4363959301853
2.2527718957887317e-6,224.7007661760692,3503.765718927464,0.030721115069206863,-0.015126800660067182,3.21188497393448e-6,365.25641594864675,3624.4029295164514,0.038438227228956436,-0.010515755922706947,0.0005400905672624947,4690.946401816786,4493.473792195243,-0.04875165916177941,-0.03730207114697127,-211.56707946463374
2.2563590153954003e-6,224.70076616674396,3503.7657192036827,0.031041711451753454,-0.01516319631429435,3.2138978768107513e-6,365.2564159337779,3624.4029300237403,0.038692114924582265,-0.010553798028085508,0.000536491656180046,4692.91082745231,4491.14237921174,-0.04979623890261942,-0.037571276613863065,-211.69735226195243
2.2599455455424544e-6,224.7007661574417,3503.765719478543,0.03136196516110363,-0.015201925538651986,3.215908960807487e-6,365.25641591938063,3624.4029305209215,0.03894579654160285,-0.010593632865027191,0.000532922334042717,4694.876075729519,4488.81827757656,-0.050845072767961734,-0.03784113038529133,-211.82721492837163
2.263545810822064e-6,224.70076614824447,3503.7657197495473,0.0316839697547831,-0.015237179126354486,3.2179336788664513e-6,365.256415905433,3624.4029310079527,0.03920090875836481,-0.010630619701290665,0.0005293630909883192,4696.84214699292,4486.450243644145,-0.05190294146089825,-0.03812020115976404,-211.95666812822802
2.2671104815486856e-6,224.70076613916265,3503.765720018219,0.03200265658189765,-0.015272187543112352,3.219939142746151e-6,365.2564158917722,3624.4029314899367,0.03945347428068977,-0.010667329899121142,0.0005258683748773901,4698.809041587146,4484.09169116234,-0.052953315587059416,-0.038396145279680056,-212.08571258604627
2.270670823774627e-6,224.7007661301522,3503.7657202839237,0.032320840312483806,-0.015307203692863713,3.2219423227497406e-6,365.25641587852,3624.4029319614474,0.03970568625370712,-0.010703958322813711,0.0005224004756700251,4700.776759856992,4481.714068198499,-0.054007778112496206,-0.03867745897353237,-212.21434907319764
2.274223872329276e-6,224.70076612124524,3503.765720546925,0.032638216990178846,-0.015341401378735697,3.223941331676348e-6,365.2564158656431,3624.4029324256226,0.03995732313115887,-0.010739864971494775,0.0005189719648542245,4702.745302147378,4479.326759399971,-0.055061383901496584,-0.03896057246520747,-212.34257842209954
2.277746094276221e-6,224.70076611243013,3503.765720806956,0.032952338627177544,-0.01537530303606775,3.225921390033644e-6,365.2564158530984,3624.402932881471,0.04020645291592361,-0.01077545784845272,0.0005155870629815989,4704.71466880339,4476.936349706883,-0.056114717438248085,-0.03924465179786193,-212.47040149840626
2.2812934204152155e-6,224.70076610365612,3503.765721065221,0.033269697595395324,-0.015408569573652097,3.2279239454249712e-6,365.25641584104284,3624.4029333280114,0.04045817396764403,-0.010810463630972583,0.0005122099445318918,4706.684860170241,4474.523561606993,-0.057176961499290545,-0.03953473743504729,-212.59781925201128
2.2847725300987647e-6,224.7007660950667,3503.765721319147,0.033579880154257113,-0.01544059409155866,3.2298819286079552e-6,365.256415829149,3624.4029337694224,0.04070430303299709,-0.010844384035569227,0.0005089140124494142,4708.6558765932905,4472.112035925175,-0.05822484495433101,-0.0398226229496997,-212.7248326174111
2.2882479212504465e-6,224.70076608653937,3503.7657215709146,0.033890305475440495,-0.015472661934542956,3.2318435569679144e-6,365.25641581771225,3624.4029342015547,0.04095066025002679,-0.010878240698250342,0.0005056415923182469,4710.627718418056,4469.6910242051235,-0.05927678545909899,-0.040113675620118826,-212.8514426101833
2.2917205392929418e-6,224.70076607809304,3503.765721820115,0.0342002256486932,-0.015503872059061308,3.2338028149671347e-6,365.25641580663125,3624.4029346258967,0.04119666990934076,-0.010911360348633681,0.000502396840809206,4712.600385990182,4467.254713053337,-0.06033135792763667,-0.04040822435509672,-212.9776502638736
2.2951635489127305e-6,224.7007660697825,3503.7657220656893,0.034507347836125406,-0.01553394260556387,3.2357456790440063e-6,365.2564157958057,3624.4029350436276,0.041440527794850184,-0.01094348304558998,0.0004992038331770285,4714.573879655476,4464.806056362264,-0.06137973913239663,-0.04070498836530251,-213.10345665455236
2.2985650454972486e-6,224.70076606158668,3503.7657223085494,0.03481054567353411,-0.015564125991962713,3.237664902674609e-6,365.25641578528877,3624.402935454864,0.041681331156211386,-0.01097559079626479,0.0004960638691380727,4716.54819975987,4462.360743591508,-0.06242131979061947,-0.04100040424843737,-213.22886286340835
2.3019238996711863e-6,224.70076605351775,3503.765722547812,0.03510942957681094,-0.015593200259921473,3.2395580292161124e-6,365.2564157750401,3624.4029358587386,0.04191877336283506,-0.011006725205293564,0.0004929722147073655,4718.523346649461,4459.906356859248,-0.06345804746362764,-0.041297400237011346,-213.35387004521002
2.30530173750096e-6,224.70076604547748,3503.765722785841,0.03541068322888895,-0.015621978272208226,3.241468007031365e-6,365.25641576524333,3624.4029362546466,0.042158128456414284,-0.011037559910682764,0.0004898888127026367,4720.499320670474,4457.440781275785,-0.06450342206911382,-0.04159795755476999,-213.4784793304018
2.308589703293645e-6,224.7007660376703,3503.7657230185464,0.03570296568820984,-0.015649151827848703,3.2433217095301713e-6,365.2564157555375,3624.402936646058,0.042390447436269935,-0.011066984177649933,0.00048689492942659756,4722.476122169293,4454.971662985229,-0.06552721341122766,-0.0418965828789583,-213.60269190242735
2.31193478036562e-6,224.70076602983528,3503.7657232504903,0.036001112367527115,-0.015676065850798847,3.2452143550609643e-6,365.2564157464237,3624.4029370262842,0.04262743632479584,-0.011096192720768401,0.000483877556497446,4724.453751492434,4452.478997020138,-0.06657145454418047,-0.04220364607116695,-213.72650893107544
2.3151804001671547e-6,224.70076602221866,3503.765723477893,0.03628962360774973,-0.015702474640756515,3.247046700403723e-6,365.25641573735845,3624.402937403489,0.042856862365007256,-0.011124847955827553,0.00048095635207984916,4726.432208986573,4449.994501734686,-0.06759041071052505,-0.04250606223040919,-213.8499316345756
2.3184200603996806e-6,224.70076601465436,3503.765723703273,0.0365775381630572,-0.015728659928258636,3.248876360830386e-6,365.256415728698,3624.4029377721913,0.04308585052946263,-0.011153259382387313,0.00047805037327582924,4728.411494998517,4447.500953118722,-0.06861553789371422,-0.0428114519951317,-213.97296122238868
2.321655490385728e-6,224.70076600717312,3503.765723926242,0.03686529563118809,-0.015754548040512878,3.250706153033001e-6,365.25641572044543,3624.402938132805,0.043314748211065617,-0.011181372551455033,0.00047516907829895267,4730.391609875221,4444.998749211185,-0.06964179577635914,-0.04311959149602422,-214.09559894160847
2.3248477538770586e-6,224.70076599979328,3503.7657241465786,0.03714896644437908,-0.015780057563229886,3.2525113560242555e-6,365.2564157123905,3624.4029384881524,0.043540455510628163,-0.011209089432466809,0.0004723334325895956,4732.372553963796,4442.492311845148,-0.07066190843807862,-0.04342783336115949,-214.21784600786685
2.3280012175171247e-6,224.70076599255756,3503.7657243633726,0.03742869336105903,-0.015805131807150794,3.254291498691169e-6,365.2564157046366,3624.402938836612,0.0437630869983798,-0.011236376039862016,0.00046954619772989804,4734.354327611482,4439.983973282951,-0.07167339929961002,-0.043736411889482345,-214.3397036836637
2.3311123522162394e-6,224.70076598547442,3503.7657245762857,0.037705205142004046,-0.01582690210580095,3.2560544293676066e-6,365.2564156971346,3624.4029391793047,0.04398321220540198,-0.01126091327347875,0.00046679840040672496,4736.336931165684,4437.452126974382,-0.07267943716539456,-0.044048497885745434,-214.46117322615584
2.3341902407401194e-6,224.7007659784387,3503.765724787989,0.03797777794963788,-0.015851811389505265,3.2577912412692293e-6,365.25641568989147,3624.402939515918,0.044200253467630235,-0.011287897029177317,0.00046409292637998947,4738.320364973931,4434.942961343843,-0.07368021774678524,-0.04435663696959747,-214.5822558714424
2.337233841754869e-6,224.70076597155656,3503.765724996025,0.038246959884225724,-0.01587476974678896,3.259506926675501e-6,365.25641568290825,3624.402939846951,0.044414660304030254,-0.011313244319389263,0.00046143050131350365,4740.304629383916,4432.419788390438,-0.07467282746146331,-0.04466657331878617,-214.70295289250015
2.3402504529058794e-6,224.70076596476568,3503.765725201489,0.03851442183611868,-0.015896598875076044,3.261214155276046e-6,365.25641567619124,3624.402940171783,0.04462772828365694,-0.011337598109798284,0.0004587979530408666,4742.289724743463,4429.8825337838025,-0.07566318103204842,-0.044979442640679705,-214.8232655418669
2.3432022637707137e-6,224.70076595810178,3503.765725403944,0.03877538081264103,-0.015919333757615173,3.2628799852462836e-6,365.2564156697207,3624.4029404903563,0.04483568158488711,-0.011362561611759883,0.00045621834397414256,4744.275651400557,4427.357359070872,-0.07664215753238485,-0.04528948351857977,-214.9431950945211
2.3461538137049776e-6,224.7007659515041,3503.765725604284,0.0390365724212847,-0.015941207118406464,3.2645485092020863e-6,365.25641566360184,3624.4029408018905,0.045043846991870334,-0.011386786230745011,0.00045365327237859596,4746.2624097033095,4424.817862437078,-0.07762499634877623,-0.045603115020832426,-215.06274280486124
2.349047322638076e-6,224.7007659450797,3503.7657258007434,0.03929250054440971,-0.015962113022693004,3.266184473253864e-6,365.25641565773014,3624.402941107856,0.04524788144441566,-0.011410135570984387,0.00045114160330939643,4748.249999999999,4422.273270915333,-0.07859336323515996,-0.04591666740459676,-215.1819099219424
