mu_1,P_1,t01,ecos1,esin1,mu_2,P_2,t02,ecos2,esin2,mu_3,P_3,t03,ecos3,esin3,mu_4,P_4,t04,ecos4,esin4,lprob
2.4703278455129873e-6,224.70077157166884,3503.7656957768672,0.0055988350672470715,-0.005899609692938947,3.102510453418372e-6,365.25645686175943,3624.402241431246,0.017392194192648678,-0.0008522073221766167,2.310868750968076e-7,657.4500000000002,609.6571262361274,0.16112541149339343,0.11990859164603185,0.0008895749041582578,4257.7911526920425,570.8932613642289,0.030580387651008265,-0.03010430888905813,-174.3178121674103
2.458834207699538e-6,224.70077228643473,3503.7656717225304,0.006417453615998287,-0.005421235625588421,3.1108615564371258e-6,365.2564575246552,3624.402229627086,0.018222897255249847,-0.0006093677417438178,2.3985552552706016e-7,658.5741784420212,592.0773326450309,0.15400266005542598,0.10374199452424501,0.0008702471713851332,4260.356663259905,563.1596158184628,0.03000030723943465,-0.030357289557178185,-174.49560186166624
2.451531202243541e-6,224.70077299446967,3503.765645563267,0.007370234281424647,-0.004925104734236157,3.1199325488863733e-6,365.2564579305337,3624.4022219664726,0.019144767690362063,-0.00035113963071375215,2.5321782115558235e-7,659.7002791247747,574.1053157688029,0.14240630376993882,0.0793035899534703,0.0008519814067117047,4263.267711865402,556.0299650191145,0.02952856559878905,-0.030226728606878465,-174.95645541073435
2.4518077418058252e-6,224.70077370068714,3503.7656183988856,0.008456210783894564,-0.004419644187845139,3.1296227276564616e-6,365.25645821881375,3624.402216033465,0.020149673145791126,-7.85546642450963e-5,2.692193023797178e-7,660.8283053351137,556.6196711937259,0.1281233193787015,0.05886671737969818,0.0008339675546289848,4265.648826509963,551.5290516911377,0.02915795103097557,-0.029757869385971417,-175.53558358242705
2.4591055207307336e-6,224.700774491864,3503.7655885990175,0.009715697163647612,-0.003945298797087789,3.1402240181537895e-6,365.25645848896795,3624.4022101426176,0.021275078397733672,0.0001744235530900233,2.857700012279291e-7,661.9582603655115,539.5006856566513,0.11541092959180206,0.044321217218246264,0.0008151566479971563,4267.074378363912,550.525025758279,0.028852963965335435,-0.029073086762386017,-176.14173675754554
2.4708463034800407e-6,224.7007754846787,3503.765553456082,0.011199917608266632,-0.0035446734304322852,3.1521064643131875e-6,365.25645873611427,3624.4022043586183,0.02256502452807684,0.0003690641727155738,3.0008578314350807e-7,663.0901475140713,522.6084190587275,0.10739844295133924,0.03292446938099951,0.0007952778627328893,4267.279262865306,553.5838738469805,0.02854008442155403,-0.028236446294306796,-176.75172921831282
2.4833896051850993e-6,224.70077678721927,3503.7655103275138,0.01292132411315835,-0.003243960996988762,3.1653770412412395e-6,365.25645888350164,3624.4021998861776,0.024028988865503965,0.0004818058327917303,3.0898298011076837e-7,664.2239700845358,506.0180096671106,0.10532145086823606,0.02204702024733094,0.0007751004305487987,4266.172659331969,560.9594157239961,0.028139974141681474,-0.027242499428871525,-177.3778544900439
2.366461249826933e-6,224.700788618345,3503.765210592452,0.008309529162367487,-0.010270807613098542,3.133915258785675e-6,365.2564555402845,3624.402237003906,0.019787271530492912,-0.005230633964534637,4.6153462997595145e-9,665.3597313862961,3.3985896318459745,-12.388214277990178,-1.716515913648919,0.0009001470124631935,4199.421433069489,770.9376412664022,0.02490441078411911,-0.013568734063455368,-177.85034167801848
2.314965615686879e-6,224.7007916174488,3503.765112464225,0.008173573215916385,-0.010459993774009775,3.1343103399425576e-6,365.256454695312,3624.4022467207587,0.0197123841405407,-0.005344260182432868,8.884854082676459e-10,666.4974347344037,-5116.1775019131965,-63.550230495791446,-25.734374195103246,0.0009406075051466702,4199.498053371845,774.2097383035983,0.02843097477229083,-0.010828972407707265,-178.09267992770947
2.2715053066714436e-6,224.70079399323154,3503.7650325304594,0.008574043924657103,-0.010154314061326662,3.1385665865430744e-6,365.2564542380394,3624.402250287824,0.02011621450708422,-0.005106078963590834,1.059152234644965e-9,667.6370834495771,-4829.392183248664,-53.167377148524956,-24.259186687006643,0.0009676514413463706,4205.721026321341,757.7928031363163,0.031536397742934756,-0.009737769220072197,-178.77626598265604
2.2419462329828526e-6,224.70079544720224,3503.7649793610613,0.00901632124609351,-0.009842200804589637,3.142723635103695e-6,365.2564539007208,3624.402251153231,0.020565865855970013,-0.004876256579384615,1.5576682549984443e-9,668.7786808582133,-3876.2220860641787,-33.80414653311599,-19.647376977905022,0.0009808035858007583,4215.959029706498,728.9017011919999,0.032948911421831734,-0.009765635644716778,-179.81063193814015
2.229334742929989e-6,224.70079553844286,3503.7649693998615,0.008934908939026457,-0.00970737856045289,3.14250565269954e-6,365.25645351615543,3624.4022525950363,0.020592683084387532,-0.004782101064189815,2.4206413244240578e-9,669.922230292397,-3596.640926490613,-15.292952150650141,-18.16703116411921,0.0009809136414779087,4229.541976423919,687.2032031497467,0.03169488012387161,-0.011404936181975068,-181.06339453540488
2.221600979871471e-6,224.70079410376627,3503.7650003604786,0.006327866355145263,-0.0100170067474736,3.1242805489754762e-6,365.2564531937757,3624.4022554322883,0.0185779192837435,-0.004988638215886934,1.6891030401319208e-9,671.0677350899107,-5806.5043458279115,11.911079727329941,-28.22058625194158,0.000984886854184276,4242.005471393356,638.5692971581126,0.027056840198587197,-0.016214582724002308,-182.20403212821248
2.218248866367873e-6,224.70079147283667,3503.7649710443275,0.001248234161317012,-0.011346768270152052,3.089589159286058e-6,365.2564548668026,3624.402232696121,0.014552994565988403,-0.005928427215018461,6.089487911067958e-9,672.215198594244,799.1964834960796,6.713380207731976,3.02985567393461,0.0010060609729025847,4238.698399872087,636.48540798584,0.02430006305472666,-0.022620596556721315,-182.75843765659698
2.4082809616525023e-6,224.70076896989926,3503.766593734688,-0.0054358157887680145,-0.009704737305087623,3.052347311385438e-6,365.25645972651887,3624.4021614777557,0.009641688946932415,-0.0044332649778939396,3.2021008491775185e-7,673.3646241546039,522.3142126858496,0.03858222840034478,-0.003236475110169517,0.0011178397192939148,4217.95016041532,710.5125898905155,0.02326033965523341,-0.023293053218185616,-182.60876889806113
2.3594809651952694e-6,224.70076973682222,3503.7622562253127,-0.008627149668165402,-0.009228673303074046,3.0294524982995475e-6,365.2564625106926,3624.402122346938,0.0070129438983519456,-0.0036846579181262647,4.4933588246445984e-7,674.5160151259237,514.5202215559857,0.0569213226647166,0.0045279034158724665,0.0012881197765271639,4228.751926684423,692.9629145594553,0.02546586923479638,-0.023328980083814736,-180.77615509283856
2.3604730506522848e-6,224.70076871578195,3503.7644180309344,-0.00985292025023333,-0.008828185680453477,3.0179383970484357e-6,365.2564650254802,3624.402084361626,0.006001718848335248,-0.0030611918026157907,5.229233056672413e-7,675.6693748688738,502.70835681092643,0.07317545984105922,-0.0019879080922675214,0.001416931950159481,4250.6901883884175,644.0166885412478,0.02701603314431584,-0.02441205724652049,-178.35234360379775
2.4042354677306928e-6,224.70076618158907,3503.764911049968,-0.009901722926134412,-0.008468231890339658,3.0139666219264387e-6,365.25646688954515,3624.402054095829,0.005986456616966976,-0.002575513673593131,5.549292865838748e-7,676.8247067498706,489.16647004366206,0.08382854154634461,-0.020456619055022957,0.001488296132066161,4277.324738034696,578.2039227084143,0.027597109609909402,-0.026363720293860485,-175.78689768879804
2.4565839578012907e-6,224.70076385667159,3503.765214730375,-0.00927174120956698,-0.008001167905248279,3.0151365926528404e-6,365.25646785933355,3624.402035841904,0.006516183317956653,-0.00210632597348614,5.586405284699691e-7,677.9820141410875,475.2349476995908,0.08672017297825192,-0.04249927611253241,0.0015066517273076084,4303.670248193831,509.8497151704321,0.02754785957182619,-0.02872261365601776,-173.46413543129947
2.4897491434112685e-6,224.70076292894603,3503.765411724284,-0.008288627806157889,-0.007489124927862685,3.0196277201393293e-6,365.2564681225465,3624.4020269243592,0.007290250636867127,-0.0016833382118372371,5.395574417328789e-7,679.1413004204629,461.7191505610164,0.08511257969257623,-0.06093646127085318,0.0014830785826884397,4325.551394201721,452.1435091550075,0.027111876257234612,-0.03106200928007098,-171.5987743532305
2.504308302474609e-6,224.70076314532358,3503.7655335655854,-0.007024547568933667,-0.00695141320159634,3.02678702950991e-6,365.25646786522174,3624.4020250862873,0.008252565425336965,-0.0013022011519918453,5.018542894714126e-7,680.3025689717122,448.63896356914154,0.08235330254302765,-0.0775902150759354,0.0014293748077848511,4341.63848385196,408.39997707600133,0.02637468035938081,-0.03330059208827919,-170.22831933784704
2.5079389928659795e-6,224.70076395278488,3503.765605737021,-0.005481702889774855,-0.006328469571878784,3.0361756955927565e-6,365.2564671970402,3624.4020294244347,0.009406106087183426,-0.0008956095028571534,4.519081606000832e-7,681.4658231843354,435.91994711883814,0.07786518738794362,-0.09795074409096957,0.0013572504226448338,4352.272008009922,376.6412297110247,0.025413199431459584,-0.035498897957505694,-169.24951455593188
2.501861715893103e-6,224.7007651395139,3503.7656432296812,-0.003666221732175329,-0.005589222839327656,3.047377136741789e-6,365.25646635445423,3624.402037525091,0.010735495148219134,-0.00043178455755904895,3.9389566160419356e-7,682.6310664536303,423.6542360941558,0.06718978667542948,-0.12798405313037303,0.0012738442804312766,4357.501372171546,356.00713914807426,0.02424119319160191,-0.03766055743959827,-168.46787870032003
2.4824106178594496e-6,224.70076675427057,3503.765654487421,-0.0015980697537321322,-0.00488646108493461,3.0603441268413006e-6,365.25646599079766,3624.4020423098746,0.012218292010957619,-5.5619519197709366e-5,3.288120571273747e-7,683.7983021806986,411.7570014740985,0.04144596852064996,-0.17218802115858764,0.0011834267272894162,4356.3881851134065,349.64902074125104,0.022800219329447258,-0.0393970156172992,-167.63373079320468
2.460851461658809e-6,224.70076799486583,3503.765667223931,0.00041578836386803726,-0.004679023083188966,3.0740187054330152e-6,365.256466518845,3624.4020407862427,0.0136933530107063,-0.00011899278918488105,2.756034808575976e-7,684.9675337724578,399.9874406424216,-0.003521102247840156,-0.2146319649652307,0.001107585642299237,4353.552632229837,351.7597363176256,0.021321744225262527,-0.03961552148621942,-166.60945452739617
2.4506879689167316e-6,224.70076812589676,3503.7656993180544,0.0021347238750066898,-0.004961018983461933,3.0865110977956455e-6,365.2564667405668,3624.4020482240176,0.015009932658884216,-0.0005247211669399522,2.568325812200471e-7,686.1387646416514,391.00025671632,-0.0506404000091058,-0.2246157966010696,0.0010589076691628618,4356.072236108646,347.399824019399,0.02017545266280915,-0.0385958917404562,-165.58628831758344
2.4444949000327126e-6,224.7007679374159,3503.765731163021,0.0037822757852915352,-0.0055670431097027,3.098492925345971e-6,365.25646623330346,3624.4020681880743,0.01628488998152039,-0.0011509878172832277,2.6224276557848017e-7,687.3119982068581,386.2872882639601,-0.0886947106644248,-0.20626281464458424,0.0010207893295678795,4359.828034595526,344.11566474589654,0.019255600285330257,-0.03708226174041656,-164.79157420112077
2.439523912816036e-6,224.70076785668718,3503.7657536473985,0.005441147118137451,-0.006471699702431419,3.1103995259160684e-6,365.2564650989823,3624.402097744327,0.017566597152197938,-0.001998628389799144,2.8145985199048133e-7,688.487237892502,383.3750752668005,-0.11150840124285778,-0.17524358322209188,0.0009859702954274985,4362.054834753896,347.73046472415086,0.018426286693696562,-0.0352044248232735,-164.37868277770076
2.4377315345884603e-6,224.70076798705352,3503.765765277278,0.007099402733436585,-0.007602438666562018,3.122338845404948e-6,365.2564634893883,3624.4021329116185,0.01885591281418895,-0.0030213761356324615,3.0500153472533474e-7,689.6644871288627,378.9883784713035,-0.11939133983963017,-0.14582639818603024,0.0009529934546946331,4362.305597072394,358.82338283323475,0.017586258268876442,-0.032983498732825925,-164.45140132727292
2.4421059269833718e-6,224.70076828108995,3503.7657678636224,0.00874420645493228,-0.008804128783019859,3.1344004675073457e-6,365.2564615147783,3624.4021701815204,0.020157859287641775,-0.004102046271163351,3.2662762822457404e-7,690.8437493520854,371.8996190009017,-0.1172324810593099,-0.12350836416920437,0.0009216388694259851,4361.036181723428,375.05878920587827,0.01666936014962232,-0.03055402983475822,-165.0322663651219
2.4540035417391063e-6,224.7007686373832,3503.765764621903,0.010366559722951425,-0.009896638602789894,3.1465415717244465e-6,365.25645922020436,3624.402207884145,0.0214731087335572,-0.005097482651783881,3.4479678988388297e-7,692.0250280041907,362.5640585176817,-0.1096931721864294,-0.10758455318800186,0.0008920841078632319,4358.974532356317,392.8652034725343,0.015658006073114992,-0.02812872204332827,-166.03634072906476
2.472701500530676e-6,224.70076896921557,3503.7657586582154,0.011938796136182294,-0.010743544586890438,3.1585000833017943e-6,365.25645659309714,3624.402246489203,0.02277910108074655,-0.005895855506769505,3.6088569973847335e-7,693.2083265330847,351.9952337896795,-0.0999372488290627,-0.09566184668582012,0.0008648814140830876,4356.785274630632,409.10814169003635,0.014550635083129513,-0.025872685249609517,-167.31292252997898
2.4961248470921273e-6,224.7007692269476,3503.7657521815254,0.013361477989230654,-0.011269319842216203,3.1695500060670132e-6,365.25645357662216,3624.402287883785,0.023993243648679625,-0.0064319768556555775,3.759302047957585e-7,694.393648392569,341.1830532047467,-0.09020918142693121,-0.08586641450224751,0.0008414850608744767,4354.865539556804,421.97248070004173,0.013395400848273642,-0.02385261079611405,-168.71688066792086
2.5211931464810237e-6,224.70076939149672,3503.765746395922,0.014402424115413134,-0.01140016549703147,3.1781427331825445e-6,365.2564500920755,3624.402334391615,0.024928813161014703,-0.006638415586892412,3.882655373417851e-7,695.5809970423512,331.1105485149903,-0.08253400462835273,-0.07698814784109169,0.0008249196868268174,4353.152356238965,430.97893062367825,0.0123846099653481,-0.022100391684483352,-170.14462428782502
2.5436065685804422e-6,224.70076946607523,3503.7657415822023,0.014653299673364666,-0.011026323970611283,3.1815700590272385e-6,365.2564461135253,3624.402387345942,0.025261008960883076,-0.006411259862696949,3.9205199165076286e-7,696.7703759480536,1019.8022716563197,-0.07924406211670872,-0.06792534496340712,0.0008202904527862612,4350.938615135644,436.70976016120574,0.011934780622515476,-0.020774996586507413,-171.52591468291837
2.5579396070942433e-6,224.700769469516,3503.7657372434883,0.013530023072917218,-0.010081697284612072,3.1758142321116895e-6,365.25644181491504,3624.4024450017437,0.024522252556533168,-0.0056698788128456724,3.7838889267381587e-7,697.9617885812268,319.2497082101218,-0.08341030440525789,-0.05647391682791822,0.0008352068046606074,4346.516482680851,441.31194344108803,0.012649744049669495,-0.02036936638857333,-172.78804919227775
2.5583173758054726e-6,224.70076940667835,3503.765732474896,0.010287694061341576,-0.008927883257119105,3.155239063133498e-6,365.25643798864286,3624.402496581962,0.02210230907814304,-0.004652359098695997,3.4571199114998223e-7,699.1552384193551,325.0387931876098,-0.09702365892217311,-0.036241249000161124,0.0008813763029011481,4335.912144724716,452.2300818077212,0.015369982714430496,-0.02210163266788073,-173.77782907986858
2.54478238226066e-6,224.70076923740984,3503.7657276834752,0.006032758298763116,-0.008903041204915224,3.125359681015478e-6,365.2564362990618,3624.402519219735,0.018790360127820423,-0.004415053400879084,3.4554850655594065e-7,700.35072894587,340.95306510932164,-0.09905444630924135,-0.005863639096673889,0.0009460984179060377,4317.3453206703525,478.9055901995695,0.01996835133469666,-0.027321218816203353,-174.1498388389003
2.5167307349191907e-6,224.7007690518636,3503.765725849132,0.0033523982411221426,-0.01008444142221285,3.105007636991626e-6,365.25643548264543,3624.4025300108165,0.016590482630043396,-0.005169825356651257,4.3368009469528866e-7,701.5482636501588,343.11416410638907,-0.08030066462082117,0.002762275423537235,0.0009914750457584412,4303.478827747415,508.2183903071897,0.02420787538909837,-0.031237246761720044,-173.82764301361212
2.477626174143585e-6,224.70076893528724,3503.76572546231,0.0013050782630366425,-0.011639278941900904,3.0901291813711357e-6,365.2564347920899,3624.402536131956,0.0148542114181103,-0.00627691638461761,5.598017768091262e-7,702.7478460275757,332.2076782153078,-0.06705958711562013,-0.002114065873752043,0.0010302287247377087,4294.835507003462,537.7533453448696,0.027447832669299493,-0.03212683800062411,-173.2202700445992
2.439842135437138e-6,224.70076891700944,3503.7657243875146,-0.00010896085934318204,-0.013096926097410247,3.0805852937420306e-6,365.2564347030845,3624.4025292281926,0.013626283122144017,-0.007359097586030373,6.835891076124397e-7,703.9494795794518,316.49334302200083,-0.05853864357317572,-0.008148996839366806,0.001058713091737001,4289.924032931655,563.1153213613267,0.029474790211645077,-0.03155924778030688,-172.63853798847407
2.4102897738856247e-6,224.70076900066172,3503.76572184475,-0.00084599592537997,-0.014238878717529982,3.0762957560109673e-6,365.25643571377105,3624.4025012974625,0.01295971044473392,-0.008233884141833429,8.017100211435996e-7,705.1531678131048,298.8779950197261,-0.05118308262385349,-0.013094452550745069,0.0010735240708311543,4287.511950606672,581.9620038201804,0.0305423413657838,-0.03047810578377631,-172.23486564306015
2.389468088091882e-6,224.70076914449615,3503.7657183877013,-0.00109496821697966,-0.015193965903222776,3.075792981833439e-6,365.25643839732925,3624.4024434585417,0.012709025669600329,-0.008992698446430183,9.30491702861775e-7,706.3589142418498,280.24479791476733,-0.04385220530592469,-0.017212348318083312,0.0010764468702704902,4286.0924765327345,596.7994272480189,0.03091814049434881,-0.029316124161700378,-172.02413751105314
2.376587213126979e-6,224.70076930065096,3503.7657149051893,-0.000970278595225861,-0.016190549222531266,3.078210593151365e-6,365.25644318656646,3624.402348590379,0.012777623981517727,-0.009813133872477304,1.0893214505038728e-6,707.5667223850091,260.8672152523203,-0.03635929007449278,-0.021043540968979264,0.0010689521302038462,4285.126468386833,609.6744337446825,0.030618098891626692,-0.02832092772552285,-171.94746235511786
2.3729085686420844e-6,224.70076944159658,3503.765711923366,-0.0003808606837071498,-0.01740841260004013,3.084040870472197e-6,365.25645026827533,3624.4022123543077,0.013227068015553789,-0.010839027153692444,1.2969803367549658e-6,708.776595767923,240.71931719240834,-0.028502049364068735,-0.024997508767702858,0.0010494897190751772,4284.908180612641,620.38071923932,0.02938710677281133,-0.02773883671907402,-171.92814189345773
2.384607667673541e-6,224.70076956185332,3503.76570947307,0.0011107354874613812,-0.01895129768283226,3.0959416126685746e-6,365.25645908387594,3624.402039932713,0.014389798431727224,-0.012156622160192917,1.5764927391019973e-6,709.9885379219596,219.42228349256865,-0.019464518697047337,-0.029352340532841123,0.0010115770676930437,4286.418644385548,625.4633976639377,0.02654847282335863,-0.02805430657511568,-171.88638542258298
2.4378694918834646e-6,224.7007696651783,3503.7657073120513,0.005328943263553685,-0.02089001938537707,3.125128695660523e-6,365.2564643730073,3624.4019025844864,0.017679838654208663,-0.01384887468239103,1.966270499009526e-6,711.2025523845255,195.1584085087077,-0.0057073750190612315,-0.03447558750713393,0.0009298373276584486,4292.891200947284,610.9508732562379,0.019393114400545634,-0.031141254660104402,-171.72384248279627
2.6129249376698283e-6,224.70076979866965,3503.7657043689383,0.01694402902283407,-0.02085626564835489,3.201058099970419e-6,365.2564421844905,3624.402135877607,0.02676474932070156,-0.014109407248105091,2.3790303994303324e-6,712.4186426990757,162.9303567330058,0.02195627545144222,-0.036033576761056486,0.0007754322121893154,4314.103036574108,525.1515995369095,0.0028839648005231614,-0.04362042174156692,-171.32447531400342
2.5751786926937705e-6,224.7007701485711,3503.765697008031,0.013105813871265581,-0.020765889929260636,3.181154003715242e-6,365.2564602172759,3624.4017336162615,0.023769516030852693,-0.013980871733451385,2.8046257428613264e-6,713.6368124151236,149.11954630462813,0.018531588213844388,-0.035150626850354846,0.0008291161424353831,4310.50871941133,544.586759083141,0.01094460759046414,-0.04005272198936837,-171.08670470830484
2.579206650466453e-6,224.7007704503473,3503.7656907347778,0.011869591721890588,-0.02006697381827616,3.177076623283595e-6,365.2564612992392,3624.4015249947097,0.022821532252087686,-0.013445178378847228,3.1747074092317524e-6,714.8570650882542,133.39502744361653,0.019687887305392053,-0.03354956466370873,0.0008520649397114449,4311.902093685882,541.2771730396033,0.015168084954049987,-0.03942075581394118,-171.13910491072224
2.6127988636739418e-6,224.7007706398779,3503.7656867469177,0.012618639994600162,-0.018961302499988647,3.183100944805497e-6,365.25642966898897,3624.401732792714,0.023429652166814263,-0.012638719555911586,3.3222667557641886e-6,716.0794042801299,116.4254917834841,0.024098795032680247,-0.03150850206681409,0.00084701164440926,4316.400081035476,522.5173848669275,0.01640912194773887,-0.04063610113516555,-171.49098855880464
2.6749364473813022e-6,224.70077067683687,3503.7656855649857,0.015708583754599832,-0.017126173170869098,3.199889305493189e-6,365.2563584705052,3624.4024692308863,0.025879035051582643,-0.011292678566596288,3.1008111089717336e-6,717.3038335585039,97.16195851743448,0.03255148168387719,-0.028425796471885936,0.0008110432586528836,4323.068208521,488.2591222167037,0.014238495916842743,-0.04383366637989419,-171.98357044971982
2.73525068457999e-6,224.70077063548885,3503.7656857375932,0.019309712033511676,-0.014389408747427949,3.218127758425576e-6,365.2562713429227,3624.4033807607,0.028733473500277426,-0.009219093606291764,2.7416078894394317e-6,718.5303564972301,795.7409255606915,0.041776765520349195,-0.023839217424865018,0.0007709469882598819,4328.447091196075,451.33059804698553,0.011227058933535929,-0.04751389490290002,-172.4280782148907
2.7646363610687992e-6,224.70077057301108,3503.7656864491773,0.021126533083311406,-0.011942702185995411,3.2264149281380953e-6,365.2561692094499,3624.404379142427,0.030172637822883805,-0.007327886589850039,2.543537098780726e-6,719.7589766762733,779.7215213011395,0.047343479633231475,-0.01988382017845044,0.0007509193686836272,4330.254643031403,428.8479291763433,0.010118688373002345,-0.04956574868223645,-172.80907071684845
2.7748944140302757e-6,224.70077048145188,3503.765687902551,0.02173040446421046,-0.009926563604731972,3.227889330463083e-6,365.25603243098317,3624.4057230238277,0.03065402253745716,-0.0057459315907059235,2.445308246414664e-6,720.9896976817195,765.2889833514329,0.0503784137290941,-0.016921903072790453,0.0007432930065514605,4330.123453613797,415.7024101109272,0.01026688982045893,-0.05045461220414561,-173.16572957247334
2.7746440193300483e-6,224.7007703664421,3503.7656900567836,0.021605840473110163,-0.008153635117870433,3.225190387462491e-6,365.25583930148997,3624.407690446846,0.030563603769839735,-0.004333853491933458,2.3951142299530052e-6,722.2225231057868,751.3810234102077,0.05186253053104572,-0.014668534078735687,0.0007433081024312886,4329.235921516096,406.91205129788926,0.011235479833512262,-0.050667773448473376,-173.508085681529
2.7701077769679475e-6,224.70077023422277,3503.765692823816,0.021163432245868665,-0.00661890512790596,3.220881253919605e-6,365.2555457091152,3624.4108023800627,0.03022331208042893,-0.003099241581789344,2.3762128999966563e-6,723.4574565468356,737.765899679227,0.05250025288189545,-0.013201379138331687,0.0007468417430817815,4328.362387255343,400.07163046622316,0.012478381868316136,-0.050568797254101315,-173.82761431818085
2.766595128689337e-6,224.70077008379494,3503.765696228856,0.020807972255533155,-0.005397358817168224,3.2177038558260526e-6,365.25505205473723,3624.4162515668495,0.029952914431760617,-0.0021156713536412213,2.3818784011392017e-6,724.6945016093794,724.5449123174233,0.05280121376763823,-0.012827760456198425,0.0007494712617083073,4328.026867673901,394.0414023525513,0.013356914662111275,-0.05044614735173534,-174.11413253738704
2.7676775080556983e-6,224.70076990870402,3503.765700489133,0.020839179575459544,-0.0045918185934237035,3.217912777850491e-6,365.2541069873595,3624.427174987214,0.029994584971372196,-0.0014778684795781105,2.406351793920573e-6,725.9336619040945,711.7993675368248,0.052740085359638256,-0.014090253247313488,0.0007478000901602754,4328.618941560812,388.4516088307777,0.013371909357700185,-0.050449458317274244,-174.36012478768026
2.7756257821727107e-6,224.7007696967499,3503.765706154614,0.021473462006500986,-0.004372733730152904,3.223581451262911e-6,365.2518997765696,3624.4540559107118,0.03052947568985956,-0.0013369446456976007,2.4491363239876494e-6,727.1749410478316,699.4458346769555,0.05119026350746921,-0.01813168016396546,0.0007393149736251664,4330.578784742198,383.39744170342686,0.012079737470985421,-0.050628499381057235,-174.54629170729888
2.7950269113840378e-6,224.70076940634877,3503.7657149116903,0.023196055857476094,-0.004959897769009358,3.2400771029105116e-6,365.2443033325818,3624.551527310172,0.03195459198893599,-0.0019063044781293707,2.567206603928871e-6,728.4183426636258,687.5557930522683,0.04394451696919122,-0.027403803636888574,0.0007183271664036016,4335.109142091434,377.22157846284694,0.00839145149256501,-0.05130470285679821,-174.575164161603
2.794333642839795e-6,224.70076880803563,3503.7657361170204,0.02606418171751936,-0.00950494836489071,3.2873797731805873e-6,365.144577305945,3625.8352594324647,0.03437313956927559,-0.0056833511734349085,3.5796903686152424e-6,729.6638703807072,690.6684088828576,0.005789996184349517,-0.035638785165960675,0.0006660624681118594,4324.060735564579,430.4095140043372,-0.004441142965213964,-0.05134153398544702,-174.36923438877392
2.617643155404039e-6,224.7007697034556,3503.7657108906205,0.007132925326585467,-0.009780870809078052,3.1251694714384396e-6,365.2171222104219,3624.6245399401246,0.019548799925267542,-0.005468271350032313,8.830253935914403e-7,730.9115278345108,369.03567262838476,0.11113153294691266,-0.09677917331627969,0.0008591987467281574,4252.685231826865,616.8771382390665,0.019254708527572013,-0.035112100970860476,-179.2250063521146
2.7935572287641466e-6,224.70076852695422,3503.765741768815,0.022628910040392462,-0.0070333941817938925,3.234123819381395e-6,365.23753997690557,3624.6270330886878,0.03172713667850056,-0.003975369074808114,8.450930345476143e-7,732.16131866669,327.3666146263681,0.24901661523575178,-0.09705474812211684,0.0007041034812658943,4339.200040865445,381.96989047336797,0.0024802646248813483,-0.05100511703645843,-174.4989138573709
2.8002228390541333e-6,224.70076851201725,3503.765739310512,0.023638029478463194,-0.0066437649989751395,3.2415864733702216e-6,365.24947354997425,3624.4810397016913,0.032431390089255684,-0.00359252084018034,1.0838443440235742e-6,733.4132465251231,323.1238048327495,0.18019611458213833,-0.04887526419412184,0.0006993559744581592,4340.162660488629,374.1363531100072,0.0023730820732590753,-0.05206416963226668,-174.03536273448822
2.7945463862870938e-6,224.70076858348241,3503.7657357809303,0.02349605973979408,-0.006631719934087725,3.2371950365105325e-6,365.2528403356531,3624.4411978417825,0.03226315566142206,-0.003468984481387942,1.023820570035577e-6,734.6673150639264,313.1715218940298,0.1672857139279116,-0.04011625610740777,0.0007059872990970656,4338.506289961539,376.87103725748983,0.003932638911077675,-0.0518469253976227,-173.85967067220233
2.7921336172429343e-6,224.70076865855012,3503.7657329673766,0.02343669637988893,-0.006849699298437024,3.2336186931935976e-6,365.25427229817444,3624.4247445296346,0.03217727775480314,-0.003545929465078202,9.475341179952297e-7,735.9235279434645,303.205308567045,0.16191202322969178,-0.03637378944977499,0.0007118176330076325,4337.94482738333,379.25865973738894,0.005139547050295254,-0.05154198923957473,-173.71162223542626
2.7931745968108235e-6,224.70076872018606,3503.765731025557,0.0235543297664398,-0.007296286574166134,3.232373289997245e-6,365.2550280597573,3624.41626100681,0.03223632743854546,-0.003825965384908119,9.154584713895275e-7,737.181888830361,293.1577409880289,0.1574878163500151,-0.032802980750966076,0.0007159037957587348,4338.684875893114,380.5661817258151,0.005812766487544214,-0.05129216369391448,-173.5212633500824
2.7927514223868437e-6,224.700768782939,3503.765729411481,0.023540728479981204,-0.008053887339264416,3.231225912591728e-6,365.25548399023893,3624.4112712960605,0.03219036881152114,-0.00435797738682035,9.183042561819659e-7,738.442401397509,282.6932164082296,0.15294637646011403,-0.029376400795816993,0.0007215385721309347,4340.062662174689,383.09288400921383,0.006429228286147314,-0.05082928421441355,-173.30846816294982
2.783316194829246e-6,224.70076886851126,3503.7657275271595,0.022876225673994305,-0.009231727123608133,3.2264771537092253e-6,365.25578853056317,3624.4080622047804,0.0316308803229045,-0.005208404669905626,9.31734338441002e-7,739.7050693240819,271.8744458005629,0.14748105386408444,-0.027156020818771474,0.0007339479894454764,4341.044013134963,390.56264012298215,0.007702819272220162,-0.04966324424790825,-173.14947429215306
2.758908294607691e-6,224.7007689872619,3503.765725121081,0.02112878214638155,-0.010769363707867552,3.2151832783197455e-6,365.2560101234486,3624.405831873286,0.030227570784924846,-0.006318132298721603,9.391195006795717e-7,740.9698962955441,261.27363981975395,0.13986155333046577,-0.026328775313835446,0.0007573931296075144,4340.589682522444,405.6871550205323,0.010125511093950821,-0.04744529685666095,-173.12865914207242
2.72011611778393e-6,224.70076913082988,3503.765722422423,0.018305944540101232,-0.012343963513832303,3.1974924243180384e-6,365.25618611727384,3624.4040894511922,0.02800086077964423,-0.007435224848166741,9.49826617584732e-7,742.2368860036619,252.06997135627662,0.12917226459036257,-0.025511781823659863,0.0007921325413216652,4338.12546538549,427.8491500302036,0.013507672811922939,-0.044310946072007654,-173.2546444931804
2.7880749974946336e-6,224.70076934013665,3503.765711234273,0.023520007271766334,-0.013053336956589967,3.224342807464652e-6,365.25659295484473,3624.3991464446194,0.03231736197663571,-0.00820038687561937,1.498053562920493e-6,743.5060421465141,450.8501999163116,0.11264054261907568,-0.03492698021134241,0.0007272454893829142,4340.521309449792,424.23478508335836,-0.0004603365786732539,-0.04583459726887727,-172.7342492740046
2.766052626959575e-6,224.7007694668803,3503.76570835364,0.02159238195214757,-0.013438377384344401,3.213252907780006e-6,365.2566091877624,3624.399231535744,0.030819531014155674,-0.008399378004423337,1.5094176510110412e-6,744.7773684285029,438.01508553418256,0.11169653763224364,-0.03672388678337145,0.0007507254631466719,4338.507175131809,436.70738683524274,0.0010329178198372508,-0.04340070716824609,-172.3766437482078
2.748124404988089e-6,224.70076959102906,3503.765705868071,0.0199147479423462,-0.013249365683774451,3.203929573976267e-6,365.25659037751063,3624.3997403381036,0.02952723894250155,-0.008153604414217605,1.4584327005080179e-6,746.0508685603646,424.28416701559297,0.1112725257311145,-0.035679278358710105,0.000772164062701198,4336.924996946013,443.721113837633,0.0024378061658680626,-0.041612686210223515,-172.26822176951998
2.7327846575490345e-6,224.70076969095885,3503.7657042013575,0.01841573194687614,-0.01254467357185185,3.195597847147229e-6,365.2565513881731,3624.4004729808676,0.028371220416551404,-0.007513406850801939,1.3485898879895403e-6,747.32654625918,409.60712971752395,0.11115594364978121,-0.03201012103548232,0.0007923453063115435,4335.814248304594,445.139764336249,0.004180468458903337,-0.040559628638975304,-172.4109384262882
2.50975786732203e-6,224.70077006297964,3503.7657022737562,0.003161581407600109,-0.01203432610961999,3.1069528102030632e-6,365.2565475451218,3624.4005722852617,0.016205637056216565,-0.006426782142934165,1.5900642463963533e-6,748.6044052483877,204.940676961146,0.08887276797481192,-0.008441997961436042,0.001019302424872099,4307.970098385106,519.7068128562321,0.02867830063298009,-0.03163460821183628,-172.38256194062967
2.4834872793439175e-6,224.70077019742337,3503.7656981375385,0.0015146812383095602,-0.011677668090955216,3.0961318743961244e-6,365.2565362395821,3624.4008233674076,0.014901234037672122,-0.006029276288325939,1.6355853169358428e-6,749.8844492577911,190.76780467244544,0.08758219575886306,-0.008397185379235471,0.0010546129254346034,4303.798994736141,528.3193847658613,0.029833737604686942,-0.030564421028385243,-171.94629832782996
2.463226436908281e-6,224.70077028253112,3503.765694943577,0.00028037859179121593,-0.011550392360001093,3.0873871295887494e-6,365.2565177387618,3624.4011557451427,0.013917434363324691,-0.00584512709664968,1.6274305796387947e-6,751.1666820235716,175.96255095925417,0.08742528472901473,-0.009545038603229762,0.0010826385104768124,4300.940240994585,535.0474362183732,0.030381419655920495,-0.029833796391189816,-171.6033760851976
2.4489619163081757e-6,224.70077032244097,3503.765692721171,-0.0006091065227089131,-0.01158807232261479,3.0804917333257917e-6,365.2564979962578,3624.401490996721,0.013205134804363708,-0.005822047400492882,1.58637690171172e-6,752.4511072882996,160.70017233571866,0.08812968425193252,-0.011557019748025426,0.0011033519632384309,4299.200007586232,539.8719986228826,0.03042612981673311,-0.029439151426334683,-171.38078837033268
2.4403461110234427e-6,224.70077032507086,3503.76569135689,-0.0012239510663159712,-0.011735550749514505,3.075171879509643e-6,365.25648021666893,3624.4017870392045,0.012712836088479333,-0.005912829841528309,1.5317889419728232e-6,753.7377288009445,145.0636989637804,0.089476572504102,-0.014168729106540162,0.0011174019830288986,4298.286333596298,542.9740224960003,0.030064272575584704,-0.029368190178155,-171.28472315869016
2.4369728999347853e-6,224.7007702988589,3503.7656906885563,-0.0016215864198979753,-0.011949955096883288,3.07119154454779e-6,365.25646566128773,3624.402028241989,0.012399372300540303,-0.006080261108623207,1.4766424947084138e-6,755.0265503168863,129.1043561577068,0.09131444423774326,-0.017161529761823325,0.0011254926950573872,4297.8745446543035,544.6738730689449,0.029372423685640546,-0.029603647386544113,-171.32198401415323
2.4385935307117824e-6,224.7007702515479,3503.765690569425,-0.0018376200467596045,-0.012197773999268547,3.068446473983252e-6,365.2564545295258,3624.4022134065817,0.01224224219196784,-0.006296642381897421,1.4263611703271396e-6,756.3175755979263,112.89328962916449,0.09356988824614594,-0.020356457991374928,0.0011278389170233404,4297.600846731786,545.4546394961877,0.028403276810727247,-0.030111713332151062,-171.51571871911923
2.445359771612931e-6,224.70077019152868,3503.765690888373,-0.0018703509737885236,-0.012414622230470119,3.0671056792967887e-6,365.25644655808094,3624.4023473567468,0.012250795629618698,-0.006512281036944818,1.377813207830333e-6,757.6108084122983,96.59061552583904,0.09627260441617487,-0.023554888390469965,0.001123788974005927,4297.147879551829,545.5192363609358,0.027201032566089807,-0.030820656303944274,-171.9144023833093
2.4579591239585923e-6,224.7007701290188,3503.7656916297574,-0.0016443204707445348,-0.012469602638186781,3.0679249651322533e-6,365.2564413157243,3624.4024367122474,0.012495079587253067,-0.006628594202674271,1.3150685573162964e-6,758.9062525346791,80.56351258821421,0.09962309848931636,-0.02656418624561802,0.0011112236210619657,4296.42197179381,544.3360993660331,0.025802324700693286,-0.031546091516280364,-172.58694336067097
2.4778294292194236e-6,224.70077007321711,3503.7656930612266,-0.0009184307552677287,-0.012087477724014166,3.072889119807792e-6,365.2564382061285,3624.402490010972,0.013173522970677217,-0.006437571175045325,1.2038475155034335e-6,760.2039117462,65.63506735857044,0.10413006195673631,-0.029315951325431834,0.0010860430081711199,4296.524979736695,538.3095409305638,0.024222956548896845,-0.03189726324438355,-173.57524217355757
2.50688028789841e-6,224.70077001649528,3503.765696277323,0.000908559734358316,-0.010757518768181868,3.0864921565900202e-6,365.25643628702227,3624.4025210657537,0.014752641728452368,-0.00555189337211545,1.000167911612806e-6,761.503789834458,54.00648402243039,0.11052533870858156,-0.032493929509963194,0.0010416686682261944,4301.781859520298,516.7105321414118,0.02234154686416402,-0.031093241070745424,-174.75339175917387
2.544894552081023e-6,224.70076989471775,3503.7657047664993,0.005244106867219836,-0.00782614026768617,3.1187938740299173e-6,365.2564344125486,3624.4025485857496,0.01829414937897746,-0.003490444996904632,7.392306267149472e-7,762.8058905935259,54.38199314617208,0.11588283745509508,-0.03806125824738455,0.0009644753712137726,4321.426739933578,462.01735292634106,0.019715579328483897,-0.02723515465289593,-175.58748456348985
2.5918902285065454e-6,224.70076970395084,3503.765716591548,0.012515146567948802,-0.0053338870636888,3.1694874653128428e-6,365.25643577532225,3624.4025317103587,0.024000181147274736,-0.0017777640406343837,7.100335934396608e-7,764.1102178239646,69.61531948874764,0.11748065517447306,-0.03286245552187819,0.00085482402734655,4345.54248624091,405.98057264566603,0.01748247333260291,-0.023400407708615168,-175.24024941876363
2.6016384066926802e-6,224.7007696713535,3503.7657197123403,0.014948848315718381,-0.005104554827403576,3.1852110525199155e-6,365.25644025926744,3624.4024712751107,0.02580060158601989,-0.001601195577531783,8.168541997435822e-7,765.4167753328326,830.5706606639307,0.12229502293582223,-0.026854908453263618,0.0008242602087088268,4351.819164607596,394.0521484956114,0.018110367482205854,-0.022822669446148438,-174.2802582282265
2.594097092984441e-6,224.70076968659504,3503.765720029354,0.015296942436272849,-0.005269203277854546,3.1863760170388693e-6,365.2564447522685,3624.4024117696067,0.02594004256249738,-0.0016509799953041337,8.867686009562588e-7,766.7255669337002,821.3594603420767,0.12411539756208845,-0.0244673074324543,0.0008218008898343085,4353.472472280975,390.48973632235663,0.019257435525541634,-0.0235757580135406,-173.30603282449155
2.5794411162768704e-6,224.70076971016476,3503.7657193590494,0.014711172726859543,-0.00542838535408602,3.1811558978760016e-6,365.25644869307996,3624.4023601672525,0.02535448124795464,-0.0016674817932998856,9.285112085350694e-7,768.0365964466566,810.089730313698,0.12369934444544253,-0.023388653505983487,0.0008309091162245417,4354.037790097038,387.2768187381412,0.02018409210246136,-0.024966650229128067,-172.4811580420396
2.561486739551517e-6,224.7007697284844,3503.765718457023,0.01365630185971645,-0.0054775364002790615,3.1728912043743483e-6,365.25645198000194,3624.402317028305,0.02441749395220834,-0.0015916795959434317,9.594675076773617e-7,769.3498676983238,797.6054224602774,0.12204379431775665,-0.02278183168084595,0.0008462397020100307,4354.779465737771,382.3818629999142,0.020775758738330537,-0.026438323688236617,-171.8380149756691
2.5424721709264853e-6,224.70076973725378,3503.7657176279286,0.012416912733792859,-0.005405988147423045,3.1635560731283736e-6,365.25645472425595,3624.402280158205,0.023351944083422147,-0.0014267372984030345,9.890668370162853e-7,770.6653845218666,784.3092242440748,0.1198011896253905,-0.022316716898934743,0.0008645766333761664,4356.09094776487,375.39476788267143,0.02105873640308922,-0.027814181418034992,-171.37261915516623
2.414526270241537e-6,224.70076985995024,3503.765714959121,0.008631847118612718,-0.007290304847623448,3.1354797102592655e-6,365.25645732507405,3624.402236571449,0.019920931657757164,-0.0027671452446064015,8.35393364605285e-7,771.9831507570044,577.2676644862794,0.16258038248956044,0.019451479037797353,0.0009180385490949149,4344.009764775029,409.5643881306509,0.025134963226618734,-0.026094673524946117,-170.78620868067836
2.3960520475331298e-6,224.70076984769128,3503.7657139830803,0.007105924555563834,-0.007255105495263262,3.122592974091137e-6,365.25645911880684,3624.4022095275527,0.018603842840211316,-0.0026433331296369447,8.845935875405361e-7,773.3031702500222,561.678213841146,0.16233409377117236,0.020674000532046124,0.000948199760856526,4346.477029983307,398.6659447041987,0.02565284817834562,-0.027153129582339987,-169.85970405964562
2.3871545241386855e-6,224.7007698236562,3503.7657130104526,0.005768692912833035,-0.007131424017021865,3.1111764561025296e-6,365.25646085129875,3624.4021799614525,0.017480102418353363,-0.002474728720361253,9.126908895148534e-7,774.6254468537816,546.0835358494484,0.16380628404388942,0.022637838852557268,0.0009767927390437786,4348.767373987518,387.6206022860022,0.025895565855203306,-0.028453577875235878,-169.12570713723971
2.388260992237611e-6,224.70076979721566,3503.7657118425427,0.004552130237354874,-0.006937996713237526,3.1011479718345306e-6,365.2564625859205,3624.402146859805,0.016510385597202294,-0.002274513906424486,9.088788584585575e-7,775.9499844277324,530.6677101173772,0.16751556994619454,0.02555201443754167,0.0010042152436545027,4350.053980124307,379.3390547009497,0.025989491210750445,-0.029817541250403718,-168.64426687706913
2.3985060162089205e-6,224.70076977814293,3503.765710315682,0.003383367028652916,-0.006729774829758513,3.0923167616407492e-6,365.2564643176306,3624.402111277901,0.015641540520632283,-0.002081574086596649,8.667322296398808e-7,777.2767868379236,515.5450044912728,0.1741462711226737,0.02986969284582714,0.0010311818980334871,4349.7577194947335,376.35315733096644,0.026002584181626025,-0.031012156564637367,-168.43594598175838
2.415428935261432e-6,224.7007697738277,3503.7657083584377,0.0022053666328242256,-0.006569465456798629,3.084359644395683e-6,365.25646599280054,3624.4020758151605,0.014818339181129962,-0.0019380084595656223,7.893929354371505e-7,778.605857957015,500.83666826817506,0.18461645142443844,0.03641866747652738,0.0010585332850422677,4347.756768848127,379.7464412333728,0.025963982344886418,-0.031842374348372886,-168.46094535363767
2.435688514801494e-6,224.70076978873254,3503.7657059667636,0.0009795011885857688,-0.006495735388772153,3.0768514143441697e-6,365.2564675381701,3624.402043396243,0.01399079702298311,-0.0018656518343123114,6.877986032877508e-7,779.937201664288,486.7812727099345,0.20024368314188826,0.04670766886786498,0.0010871197494262137,4344.2335689698275,389.20798145441006,0.025898603641298,-0.032208706912985496,-168.64325972415202
2.4563229916047597e-6,224.7007698248009,3503.7657031620784,-0.0003160210308548008,-0.006509324378962991,3.069385010671502e-6,365.2564688797529,3624.402016315958,0.013122516939840486,-0.0018569888322102267,5.741794340654409e-7,781.2708218456572,473.933493211843,0.2232198028873897,0.06357485019746868,0.0011176436576554275,4339.4893748023105,403.56253378170635,0.025835906983789497,-0.032112462483835015,-168.9159250007794
2.4755875028594397e-6,224.70076988240805,3503.76569996361,-0.0016837844333930652,-0.006577454576267895,3.061705244385488e-6,365.2564699523789,3624.4019959575817,0.012198079099328211,-0.0018800538591346215,4.5649564842488664e-7,782.6067223936813,463.60272875189725,0.2579752875642807,0.09296821996215869,0.0011505259004279808,4333.85522665582,421.22890108817097,0.025801363996367118,-0.03162973042269001,-169.24708022075023
2.492725082656556e-6,224.70076996249722,3503.7656963633353,-0.003107671515731024,-0.006667406718678921,3.053775307307784e-6,365.2564707224687,3624.4019826827275,0.011222790689452852,-0.001907135804142112,3.369495284886799e-7,783.944907207577,459.2709051216767,0.31528577784185113,0.1502297573366983,0.0011855454687448837,4327.432979622585,441.2092830231979,0.025800015644317574,-0.030856501682020653,-169.63803839383917
2.5068468830063407e-6,224.7007700699698,3503.7656922885667,-0.004565109156138547,-0.0067635820668248995,3.0457610972088545e-6,365.25647122081017,3624.401975694186,0.010210215703779401,-0.0019293088140481171,2.0817712435875074e-7,785.285380193226,476.07547494197223,0.43607358501472704,0.30079503544437375,0.001221496511051386,4319.88461082087,463.73312818711685,0.025817811072340883,-0.029863119661435938,-170.10766502285344
2.511124584417344e-6,224.70077024463066,3503.765687204579,-0.006079636389249871,-0.006908013076977984,3.0382571546164418e-6,365.25647182979526,3624.401969611742,0.009137631083219095,-0.0020054755976473444,6.281861047204602e-9,786.6281452631896,3877.8407429727285,7.219484007742022,14.023737499374734,0.0012514024238549385,4307.967939362628,496.2432064715275,0.025811095897143862,-0.02843090292358461,-170.65010942566406
2.5292507011661365e-6,224.70077042017726,3503.7656820104503,-0.007320357712199359,-0.0067226446473800374,3.030668059887997e-6,365.2564711522066,3624.4019812863835,0.008257944161149824,-0.0018284463453937206,2.44962306420224e-9,787.9732063367189,10256.68740843316,17.048441220957066,39.50960583668365,0.0012726589178901596,4296.178176567663,524.7045605892534,0.0257050498563545,-0.027837577001297006,-171.36472548944843
2.5427962233174446e-6,224.70077064456007,3503.7656762257952,-0.008506238505753655,-0.006541780052577973,3.02399615395743e-6,365.2564702918501,3624.401996577075,0.007411125951156941,-0.0016857964950885737,1.5634671018145653e-9,789.3205673397671,17372.024427128326,19.238109732488233,67.85528966991743,0.0012805838403280138,4281.10147284477,560.8296809567712,0.025295090580532965,-0.027083431700194206,-172.28970574057556
2.5465959827602755e-6,224.70077091277355,3503.765670143917,-0.009731331354096096,-0.006373578899239979,3.0175154048769437e-6,365.2564693624547,3624.4020135990645,0.006503585948751447,-0.0015700031398435121,6.680392138681553e-9,790.6702322049997,4554.364232889063,1.3482086895278218,16.919847459023078,0.0012760965893102371,4263.314795973914,602.8369615448471,0.02463959206267464,-0.02610134750535059,-173.3871095749593
2.5436685503303034e-6,224.7007711855839,3503.7656643953796,-0.010998233729703261,-0.006256302576979582,3.0107313601244377e-6,365.2564683755423,3624.4020311732534,0.0055333945105172765,-0.0014838468815397405,2.7428650946693257e-9,792.0222048718073,10818.659193097834,-6.127403187311606,41.85050780507482,0.0012681711578012012,4245.788760714437,643.9460631836747,0.02390032676701573,-0.024991664724092515,-174.62153376728003
2.5407713675180897e-6,224.70077143298803,3503.7656593613224,-0.01203897629970641,-0.006188403175165402,3.0051939329076594e-6,365.25646722472834,3624.4020499285375,0.004723242695141257,-0.0014396775326870842,1.297652872966338e-9,793.3764892863162,22246.29106668398,-26.7497553706742,87.12453414519129,0.001256567800139552,4230.110115950179,680.8081479709266,0.023036160629240788,-0.0240237811852119,-176.04937765978985
2.5376035458617765e-6,224.7007716482163,3503.765655391059,-0.012630594054090758,-0.006174019348254903,3.002630799796167e-6,365.2564659619825,3624.4020691170467,0.004253759747282903,-0.001467750050227243,1.1348158347846338e-9,794.7330894014002,24375.004271168786,-40.87345641382115,95.4736884429087,0.0012340936189882195,4215.64862628094,714.6077305280896,0.022081713798619753,-0.023237531618438566,-177.70660156377778
2.532061417727277e-6,224.70077179863236,3503.765653484577,-0.012422600976077443,-0.006251854190449592,3.0053908476820225e-6,365.2564645594744,3624.402089335206,0.004398930694509482,-0.0016168225253469647,1.7778854960285807e-9,796.0920091766924,14109.179472222917,-30.266513170581714,54.87862818164757,0.001192382012380176,4203.083054634697,742.9014434001641,0.02113172835163748,-0.02275250512541934,-179.5600167632661
2.520786770034012e-6,224.7007717993284,3503.7656558625895,-0.010727979582901096,-0.006521587775822788,3.017608853910365e-6,365.2564627743925,3624.4021144592525,0.00569244503626279,-0.001970616008564358,2.222072097960923e-9,797.4532525785962,8515.354403120122,-26.61852994449385,32.84093554370202,0.0011217260368967085,4196.1259543693905,755.3119033296279,0.020402877162508982,-0.022879603728009672,-181.44555815994195
2.5575860684930318e-6,224.7007710060117,3503.765677396348,-0.0025009903838639955,-0.009005301705195623,3.067255550522429e-6,365.25645888564617,3624.4021734229946,0.012322799897185727,-0.004109057230908103,8.67381750486824e-7,798.8168235802974,544.4995597869614,0.0838103585380101,0.010046809564193843,0.0010475771767868391,4224.32211881785,663.9974271855145,0.024050815145370552,-0.025548283807855565,-182.8049286575865
2.637232613517489e-6,224.70077086981433,3503.765685059615,0.004047167374726676,-0.005263296718547848,3.1092666796918548e-6,365.25645694779024,3624.402200634649,0.017522494379331274,-0.0013897334880631634,7.053481211988908e-7,800.1827261617755,526.1783993677664,0.12132488676528226,-0.02404187234166595,0.0009392030059949462,4236.215111289783,611.8084444855363,0.026406281172652712,-0.0258043503500199,-183.17721063181853
2.5759977330405586e-6,224.70077056482043,3503.7656972418436,0.013813549843271206,-0.001218772141557399,3.176426198186865e-6,365.2564554631848,3624.402224405727,0.024748226266604025,0.001592971022890039,4.4446598966818397e-7,801.5509643098143,717.1687141489186,0.13350640789328852,0.11084965830626223,0.0007973623995117317,4254.226412364064,558.149853892998,0.025915750670141017,-0.026046707922813602,-182.91751544393318
2.5912590495509298e-6,224.7007704117974,3503.7657023716984,0.018687609869020412,-5.220980443711672e-5,3.2086942414262863e-6,365.25645615700444,3624.402218567406,0.028496493198501175,0.0024893391275590824,6.427881678357429e-7,802.9215420180177,690.4791449872922,0.11592835511213384,0.08414871269978559,0.0007512753387683619,4257.813417822129,548.6985019569752,0.028203570679193768,-0.026522134461188895,-182.0714102714254
2.5879122584036396e-6,224.7007703343203,3503.7657046530353,0.020368989170786375,-0.00040203526008504136,3.219658823604345e-6,365.25645715615116,3624.402208506564,0.029765185613844496,0.0022802129612467074,7.500216527846226e-7,804.2944632868152,668.8035364663881,0.10856393245949605,0.06836918484855588,0.0007352508751015545,4256.704599576465,557.1466137303845,0.02995455380869786,-0.026893620148774024,-181.20976487688125
2.5795083898165722e-6,224.70077028807003,3503.7657057538854,0.020269034060217603,-0.0013269896613651044,3.218567765661462e-6,365.2564580514086,3624.4021997014097,0.029663100582697687,0.0016515996104107986,8.032325437770397e-7,805.6697321234781,648.6391580577709,0.10135623298929436,0.056428640217693685,0.0007325203752957423,4255.315030997519,567.8505512429086,0.030853544507034918,-0.027292189873192468,-180.4750191936542
2.569144015639641e-6,224.70077025768953,3503.7657063366332,0.019198264893406,-0.0023583113174770395,3.210885735270746e-6,365.25645872514906,3624.4021936163567,0.028813880172896846,0.0009487314629822867,8.246627070122343e-7,807.047352542129,628.7623923752759,0.09340439341251305,0.046464202775546144,0.0007369565396666333,4254.969445811002,575.8979662696581,0.031106094709845877,-0.027588399232653063,-179.90029190870624
2.5571684135472522e-6,224.70077023699818,3503.76570667569,0.017611741231421122,-0.003292816849624491,3.1996736695370372e-6,365.2564591526628,3624.4021905712248,0.027561724700059076,0.00032158393122738916,8.282289377888185e-7,808.427328563755,608.4333269941577,0.08488581318787358,0.037412287515929094,0.0007461826164694888,4255.866979269233,580.0849989157174,0.031030691087063276,-0.027715269731127815,-179.47225153135972
2.5444732482510935e-6,224.70076991735203,3503.7657142963026,0.015863963010939907,-0.009577310592068577,3.183742092928276e-6,365.2564575523971,3624.4022141380715,0.02615810060016951,-0.004471512510385392,7.325137472698452e-8,809.8096642162184,-228.70100600743606,-0.3955120862413998,-1.2178605054318357,0.000754711252489212,4258.298572540656,606.4631165561359,0.0260133127164828,-0.025048529600737997,-179.05537054173104
2.5332810957001605e-6,224.70076999888005,3503.7657122017777,0.013670826173507289,-0.009323999737105116,3.1680906616560085e-6,365.25645776056115,3624.402213589823,0.024375182471512002,-0.004155590148795972,1.980279102892508e-8,811.1943635342687,-1015.9666313366683,-2.513019711836707,-4.224352332004886,0.0007772421157197363,4255.214815683154,615.14794654102,0.026884936897824376,-0.02435570840814106,-178.71419920527202
2.522780507226679e-6,224.7007700793259,3503.7657100579167,0.011856372421001087,-0.008926083339975337,3.154895750864314e-6,365.25645791948955,3624.4022139785247,0.022881554732099997,-0.0037446599813540198,8.62529172844264e-9,812.5814305595546,-2443.353821862654,-6.217755807088787,-9.672322729418575,0.0007957723057430432,4253.4920036291805,619.2445875302117,0.027401404770167587,-0.024135983735680835,-178.47754596197404
2.512492077639316e-6,224.70077015459384,3503.7657079767323,0.010274064916618393,-0.008509935361329777,3.143266239124681e-6,365.2564580011705,3624.402215328601,0.021567515899415267,-0.0033397894533114,7.400009813460353e-9,813.9708693406357,-2913.5231371114915,-7.246791929963327,-11.402104563662443,0.0008121153150326988,4252.842314812803,619.9202291022797,0.027718120792269686,-0.024236992851976256,-178.34630972465555
2.502043363044716e-6,224.7007702231987,3503.7657060073875,0.008873616624653241,-0.00811082651055692,3.1328977299781763e-6,365.256457990125,3624.4022176649473,0.020394052354966306,-0.002969027063514493,7.678995975780124e-9,815.3626839329938,-2876.5289365562285,-6.802264506526534,-11.168634388678194,0.000827168888953078,4253.006501802441,617.8359117175738,0.027935554863197255,-0.024580547594900682,-178.3102563265111
2.4580705279568077e-6,224.70077025715324,3503.7657052676223,0.00722502402772899,-0.0058886626067143595,3.1217969760377425e-6,365.25645740185007,3624.402228970403,0.01898917228148403,-0.001185162761699568,9.799517354260615e-7,816.7568783990458,465.54995442894125,0.07771688266275134,-0.018724309512126506,0.0008724364163977991,4265.766544762813,566.8958123498091,0.033301612989302794,-0.026540798177148377,-178.15068787953666
2.4464349709565424e-6,224.70077028991923,3503.7657041091566,0.006234138162043164,-0.0061630220095927,3.113062766138733e-6,365.25645683318254,3624.4022388760186,0.01809922531085472,-0.001340823281744099,1.0395357725633397e-6,818.1534568081547,446.5767544894815,0.08332331997715471,-0.019248717658561072,0.000892411196570257,4264.002041244453,570.1517938373001,0.0336049736724473,-0.026569378538914435,-177.96571628389367
2.4374850576800966e-6,224.70077032463067,3503.765702894789,0.00546935938077486,-0.006424922308399828,3.1058591988165654e-6,365.25645628668644,3624.402248369361,0.01739060463816454,-0.0014942780746526516,1.0907563651426757e-6,819.5524232366416,428.3924950473387,0.08748399669897146,-0.01887975495679671,0.0009086525311236794,4261.835346505404,574.3299759470964,0.033680128106537914,-0.026704865271176027,-177.8066188934725
2.42993478424297e-6,224.70077035688826,3503.7657017380798,0.0049060232715915295,-0.006669056262289354,3.1001266306101314e-6,365.2564557743836,3624.402257258699,0.01684778705133681,-0.001641285681749762,1.1306896375479535e-6,820.9537817677972,410.2872622838041,0.09024906821663367,-0.018504895102218803,0.0009207514944940835,4259.645146057338,578.6017457824424,0.033495243458220136,-0.026954132198919102,-177.68585620818612
2.4223468829040227e-6,224.70077038142566,3503.7657007515045,0.004534976184698088,-0.0069027401747825175,3.0959109863373246e-6,365.2564553126277,3624.4022652212107,0.016468984408811574,-0.0017884361881228094,1.1606256284023304e-6,822.3575364918964,391.8753684551015,0.09198952804122171,-0.01859639130360932,0.0009279954743012757,4257.779526342947,582.17522603475,0.03297986742724074,-0.0273489758341339,-177.61129395607085
2.4140132174588395e-6,224.70077039446113,3503.7656999989017,0.004354164139789175,-0.007138630720443177,3.093284605674525e-6,365.2564549236046,3624.4022717768357,0.01625875411136362,-0.0019466951021828898,1.1855490012642392e-6,823.7636915062059,373.1221927596521,0.09329631291044767,-0.019275252372419328,0.0009295122978603724,4256.4906465290105,584.4179718433095,0.03204189413337576,-0.027938324354104035,-177.58706046520234
2.405529196726928e-6,224.70077039463982,3503.765699490058,0.004364378467793843,-0.007384410008532579,3.0923038047860697e-6,365.25645461842316,3624.402276597017,0.016222366613191534,-0.002123268700219343,1.210144554304066e-6,825.1722509149988,354.32381002796086,0.0946756763474185,-0.02030342268069376,0.0009246888857811149,4255.984638186642,584.7265072200021,0.030595962581273995,-0.028772759409013214,-177.61898359740897
2.3983664456640716e-6,224.70077038327494,3503.76569919004,0.004557343998208536,-0.007640298991849577,3.0929534880300207e-6,365.256454395811,3624.40227956298,0.016355102491361465,-0.002320468674714305,1.234646670719761e-6,826.5832188295667,335.8772636419014,0.09625865076447344,-0.021268196196044233,0.0009137523968984025,4256.346308292122,582.7929789800421,0.02861861958048191,-0.029873542640535135,-177.71927133944854
2.394104201462906e-6,224.70077036357793,3503.765699041384,0.0049079360152171885,-0.007895897007925754,3.095105181474583e-6,365.2564542501095,3624.402280649749,0.016635747070863228,-0.0025336987237754,1.254128550994588e-6,827.9965993682306,318.07571987080127,0.09776593845419407,-0.02177075428584522,0.0008980416703438159,4257.5186733558685,578.6723966320754,0.026196573459574598,-0.031219758238490006,-177.9053368030129
2.3937102555881967e-6,224.7007703401301,3503.7656989717307,0.005368128023034905,-0.008150629660717265,3.098492972861041e-6,365.25645419206256,3624.4022795762426,0.017023092291711093,-0.002768271528383579,1.2604863914147337e-6,829.4123966563536,301.02834628321705,0.0987166435522498,-0.021524650362558052,0.0008798442824896378,4259.177381930547,573.2795590649608,0.02354280758836969,-0.03272017043301296,-178.19263403007383
2.3970924319033412e-6,224.70077031907152,3503.7656988787417,0.005861839920008414,-0.008413995218689258,3.102657420910062e-6,365.2564542587255,3624.402275673227,0.017453018838211265,-0.003038345820193412,1.2455685893252084e-6,830.8306148263531,284.65899535705324,0.09862418828572546,-0.02032404990473662,0.0008620240957293704,4260.70155080036,568.4383706546461,0.020991738859858933,-0.034208626293125405,-178.58438934360692
2.4032158527823074e-6,224.70077030720518,3503.7656986320776,0.006311203975473947,-0.008712363014316545,3.1070989477615127e-6,365.25645450938947,3624.4022680027874,0.01786118322831306,-0.0033709807850863423,1.203740931694091e-6,832.251258017712,268.69872265899187,0.09714613072995788,-0.018037797644940498,0.000847019911472502,4261.234866780074,566.713365094937,0.018890298565863845,-0.035474760408776805,-179.06274917293095
2.4105619623486004e-6,224.7007703106602,3503.7656980949087,0.006659609941831775,-0.009059922823496146,3.111395772122753e-6,365.25645500042606,3624.4022558416855,0.018201549655518165,-0.0037808378968571996,1.133506243718944e-6,833.6743303769916,252.61175378912787,0.09399972287700237,-0.014647321927242243,0.0008361617761291651,4259.997174906914,570.3143288825132,0.01748114609743837,-0.03635079346783723,-179.586699449273
2.417887488556593e-6,224.70077033343114,3503.7656971604497,0.006893081381623146,-0.009441060998867178,3.1153265924540583e-6,365.25645576179693,3624.402239065805,0.01846214336560766,-0.004255199400392769,1.0376141018542224e-6,835.0998360578436,235.42389935892044,0.08864035990808954,-0.010477494015820878,0.0008294776013844157,4256.541159931188,580.2540553268016,0.016835865635730557,-0.03678380078957104,-180.0985308065373
2.4248871098815174e-6,224.70077037787925,3503.765695765646,0.007016714481168383,-0.009820519283507302,3.118702230065618e-6,365.2564567938735,3624.4022181141167,0.018642939268963158,-0.004761469743555484,9.247567673544874e-7,836.5277792210219,215.54072791636528,0.07994914299701386,-0.0066411685001517015,0.0008264342722665545,4250.734466582382,596.5028812403467,0.01692162538234936,-0.03681031470627431,-180.5349431957015
2.432484091232908e-6,224.70077044509407,3503.7656939156122,0.007020402243604196,-0.010162056703179143,3.1211210337442337e-6,365.2564580644406,3624.402193912437,0.01872434619263297,-0.005260085623807878,8.145608629507411e-7,837.9581640343948,190.76764352656286,0.06698363732257254,-0.005814573767830146,0.0008268161687770157,4242.646373871346,618.4555560463774,0.017708377027338917,-0.03649154013349051,-180.8397491584792
2.441977980271903e-6,224.70077053175834,3503.765691765918,0.006868312603858766,-0.010465012025521659,3.1219609715698883e-6,365.25645949206876,3624.402168046851,0.01866023238558548,-0.005728434586952417,7.377049773604393e-7,839.3909946729566,160.0973437884496,0.05209646069380855,-0.011257298111792473,0.0008303377349473433,4232.625878856504,645.0831462501542,0.019082568422213227,-0.03587953011969098,-180.98036392192063
2.4532720860983385e-6,224.7007706294862,3503.7656895367404,0.006588745900894367,-0.010741094084415667,3.121249489397348e-6,365.25646096266775,3624.402142518614,0.018467159222643477,-0.006151238905810603,7.165898885555581e-7,840.8262753188429,125.82268242514982,0.041701765978235446,-0.02269324180234219,0.0008346024912959267,4221.445539489828,674.4202475004888,0.020604849860989174,-0.0351128965276285,-180.95752987655715
2.4654527367113307e-6,224.7007707327641,3503.7656872839525,0.0062739289503347855,-0.010951849651272218,3.1197244583831443e-6,365.25646238250107,3624.4021188905404,0.01822913430491333,-0.006487980487264044,7.548010954457883e-7,842.2640101613379,934.0661863052699,0.04039919164820316,-0.03567510105376534,0.0008367131721836654,4209.897533782679,704.1545374695739,0.021832388413915275,-0.03437941769733926,-180.78947914864986
2.4855033317431326e-6,224.70077088393035,3503.7656828808244,0.008326720508572034,-0.012579881544497568,3.1351380377792683e-6,365.25646595526075,3624.402067185438,0.019851205542694608,-0.007871779626550491,6.928188605791802e-7,843.7042033968897,546.0457431796491,0.025884722915380784,0.07079380078090569,0.0007678366269846413,4195.073469575733,751.7348362284928,0.013808063622856004,-0.034430350952005674,-180.30230938768412
2.4996422310059493e-6,224.70077101650185,3503.7656796175397,0.008728118825369481,-0.012560851430952258,3.1380948817026075e-6,365.2564673308266,3624.4020476695155,0.02016797496459127,-0.007969290093127603,7.319468908645912e-7,845.1468592291224,533.8238892075494,0.020158810467842833,0.08831327115959932,0.000749638547236196,4184.687523201786,775.5814815668726,0.012071514435929584,-0.03473532625460382,-179.65212851853855
2.513076123775921e-6,224.70077116019476,3503.765676190559,0.008914310403500925,-0.012426195197061694,3.1396695214123666e-6,365.2564685654428,3624.4020307400197,0.0203107381167051,-0.007945147265354603,7.396451517935888e-7,846.5919818688474,525.2500804656894,0.006606785495375487,0.11324341635940369,0.0007338369997947198,4173.936857419041,799.6058581928903,0.010556989684000994,-0.03500970247012067,-178.91829185398294
2.524226178655871e-6,224.70077131714555,3503.7656725197635,0.008763451679931934,-0.012025751517535354,3.1392238684064197e-6,365.25646955692855,3624.402017629464,0.020196434768166353,-0.00768013393765226,7.229322120495072e-7,848.0395755340764,522.015879651547,-0.010150162732606957,0.15005100852470513,0.0007228405470875428,4162.801310874938,822.3481379031978,0.009710370363372217,-0.03536246073908011,-178.1462628647242
2.5304381994025902e-6,224.7007714797636,3503.7656687806393,0.00812344060006061,-0.011142852781289047,3.136071084135128e-6,365.256470108943,3624.4020111339346,0.019720687396938767,-0.007002579759581273,6.974797951824948e-7,849.4896444500337,524.8178894287191,-0.02027919677456816,0.20009490545416392,0.0007207745182752574,4151.9121139298395,840.3959872016571,0.010271059864268422,-0.035894182446059145,-177.4070779402737
2.5277156152005774e-6,224.70077162337836,3503.765665600342,0.006825914469858098,-0.009651128015145307,3.1295774316681426e-6,365.25646998934656,3624.4020147441224,0.018765866185836044,-0.005809068743243444,6.689582187573474e-7,850.942192849168,526.9238460894508,-0.026307800855110336,0.24985218395256037,0.0007329098269260284,4142.781940217072,849.1398784900246,0.01303494164744413,-0.036522112887851864,-176.82465774804922
2.5145041439073156e-6,224.700771716476,3503.765663757223,0.0049487925245527515,-0.007848457561961801,3.1201721174162453e-6,365.2564691591138,3624.4020288379265,0.0173838443927221,-0.004327314090870619,6.143259387025713e-7,852.3972249711654,519.2347308426852,-0.060537733882703434,0.28455495116389434,0.0007598177643358605,4137.342342721974,846.8289918218344,0.01766177627626494,-0.0368722016336027,-176.53805212857108
2.4969716953921766e-6,224.70077173958242,3503.7656634278246,0.003381068837090616,-0.006536704036308679,3.1126746872994525e-6,365.25646779703953,3624.402050090283,0.01623600239743077,-0.0032101581224793503,5.668454933875521e-7,853.8547450629612,483.8410860071207,-0.1355001797930286,0.2541769647621955,0.0007840189040193171,4137.240211689548,837.1786697869126,0.02092061759614934,-0.03686070014451777,-176.5839310962233
2.4881804777661468e-6,224.7007716760362,3503.7656650166427,0.003817442795851716,-0.008433076874120357,3.1170903015564757e-6,365.25646726670715,3624.402060664914,0.016609836094188958,-0.004717377776900033,9.402884943149189e-7,855.3147573787528,368.701620294076,-0.05346411792554824,0.025453423139143106,0.00075152970587683,4136.001935900039,861.9309830782134,0.014694817518039026,-0.03476219135680944,-176.62189331141377
2.4829273857776814e-6,224.70077167464805,3503.7656650392246,0.003919161521801741,-0.009895532549620617,3.1181066189035503e-6,365.2564668388342,3624.402069216167,0.01670384117436745,-0.005812410112787373,1.1976122933234895e-6,856.7772661800117,354.37133386968895,0.00124860898210961,0.025335632497365118,0.0007218393223945741,4134.624951033378,881.2920414936847,0.008640521771284028,-0.033275070796778515,-176.57938587269933
2.47831924660706e-6,224.70077170475898,3503.765664333541,0.003917515790210022,-0.011610654635009052,3.1179025561526504e-6,365.2564666917934,3624.40207346366,0.016692586886991954,-0.007076258172694068,1.4276191702214711e-6,858.2422757354963,340.9989547155028,0.03143467013976698,0.02600858602146782,0.0006872826871053884,4131.765183626457,906.3657588025179,0.0012197751131851748,-0.03143114105102568,-176.4548846808894
2.471237791796724e-6,224.7007717655342,3503.7656629857174,0.003469859599221985,-0.013178823710202129,3.1147414923235816e-6,365.25646664197524,3624.402076036384,0.016327382096306232,-0.008189492570626471,1.6180062684944823e-6,859.709790321263,327.32499229736277,0.04727556399707405,0.0266931521964205,0.0006564801492446622,4127.631274973721,933.4087817738393,-0.006035946287237244,-0.02931073661112233,-176.28721377951922
2.4607288104045333e-6,224.70077184648935,3503.765661210784,0.00255953690503817,-0.014512440554007081,3.108798858972671e-6,365.2564665663347,3624.402078649724,0.015608666253296745,-0.009088734945115438,1.776154139521021e-6,861.1798142206829,313.63382501618605,0.055613727822331545,0.028109663520241353,0.0006304952232039536,4122.785952158213,960.3220883115939,-0.012804648825663938,-0.027051703565164776,-176.1228897854577
2.4464510134900063e-6,224.70077193772548,3503.765659209751,0.0012256702619785843,-0.01564163911084142,3.1004970900373394e-6,365.25646642455644,3624.402081778856,0.01457440304937927,-0.00980342967955024,1.9121135060663773e-6,862.6523517244483,300.05404936542726,0.05997084097116488,0.03030339918852113,0.0006087459248151235,4117.5962859489055,986.3363939628581,-0.019081160625092835,-0.024742836210674295,-175.99688238842873
2.4276242455777138e-6,224.7007720290278,3503.7656572609953,-0.0005695583243274906,-0.016599750667175568,3.0896114163893124e-6,365.256466218828,3624.4020852314943,0.013194285053015077,-0.010363716432448012,2.035068863073086e-6,864.1274071305893,286.3607305573743,0.06197941910845902,0.032687690140735456,0.0005924668843046772,4112.298681681286,1011.4426992074353,-0.0243929923544843,-0.022345157233105283,-175.93446989915734
2.4037329728614072e-6,224.70077210716667,3503.7656558275316,-0.0029077366800119454,-0.017332474655992233,3.0752637469850608e-6,365.2564659548746,3624.402088791533,0.011388463962449646,-0.01073217657530102,2.153206327398149e-6,865.6049847444851,271.8240507870741,0.06219814770946254,0.03401487445792155,0.000586037016778905,4107.260759738985,1035.5073347863047,-0.027313737430745146,-0.019719579692831675,-175.95600676790338
2.3773416568934868e-6,224.7007721603963,3503.7656553576994,-0.005650403529414135,-0.01770225610553875,3.0575331748471687e-6,365.2564656311661,3624.4020925672617,0.009235433798600586,-0.010812910007297354,2.27108176521012e-6,867.0850888788766,255.58440754910916,0.060938517872237016,0.03314217743409684,0.0005934763975803445,4102.981072413818,1057.2938902819462,-0.02647591679539442,-0.016912973913231287,-176.0744476403801
2.35424091933297e-6,224.7007721879892,3503.765655810449,-0.008314007734321489,-0.0176464953872667,3.0389445258626483e-6,365.2564652538982,3624.4020967665706,0.00709915402055603,-0.010572050916093936,2.385661910484455e-6,868.5677238538793,237.73920473879886,0.05911522779813266,0.030544251816732038,0.0006116662910205033,4099.8443105412925,1073.8863239854122,-0.022771067537560745,-0.014468048544840224,-176.28781382433132
2.4938196082112413e-6,224.70077249886188,3503.765638358925,0.006147689155674764,-0.016628032327065796,3.135432279903249e-6,365.25646603961667,3624.4020873205977,0.01934221080091521,-0.00878584238772219,4.1963604431830967e-10,870.0528939969957,638.2926268312389,805.3129648316801,-0.7205312294294188,0.0003426011744167101,4111.904353780647,929.6573684705337,-0.14063588367437965,-0.05007159862846159,-176.50953056228497
2.320176216560909e-6,224.70077224044377,3503.7656604573594,-0.020903267795523966,-0.023338116517874898,2.9527138677893578e-6,365.25646870305263,3624.4020390664637,-0.002710406139678246,-0.013292901780213494,1.2461902076285145e-9,871.5406036431277,53775.07471203501,220.91829871651242,191.04381394103916,0.0006746607874344514,4074.38179846216,1294.6242467560246,-0.008320215375894932,0.014417546519490215,-176.4242356536572
2.3236675673885205e-6,224.7007723661535,3503.765656329798,-0.02006564093242898,-0.022451341860808313,2.9558484553615237e-6,365.25646854217956,3624.40203769714,-0.001988907412585478,-0.012333296198833554,1.0784090412733602e-9,873.0308571345896,57344.49432134591,273.95204146279156,203.59489994396785,0.0006470957206417246,4066.802808716832,1279.38711535942,-0.01519930141616995,0.009886857737883621,-176.39673310903825
2.335401769410832e-6,224.7007724293785,3503.7656543248395,-0.01916753604096685,-0.02126428495518417,2.957768443688192e-6,365.25646823261326,3624.4020380119473,-0.0013144836331677665,-0.011220647540256376,1.2040921010012272e-9,874.5236588211206,52059.196077620436,244.22200737949422,184.313327719281,0.0006407004072454495,4060.9617923042806,1259.1003980036921,-0.01750003240520281,0.004377127146218773,-176.70487762523578
2.354144484397156e-6,224.70077241509676,3503.7656545640866,-0.018163693480681694,-0.02004509982748806,2.9593541862124685e-6,365.256467719113,3624.402041381931,-0.0006353584674628434,-0.010185257856175377,1.5630722091749572e-9,876.0190130598979,43333.59789871296,174.79495425951154,152.775414256574,0.0006516078837775002,4059.7551841298573,1230.2876722346405,-0.015761636321598327,-0.0012339470579918186,-177.32244860725152
2.377886025702296e-6,224.70077232431072,3503.76565665049,-0.016886605845856384,-0.0189727674302459,2.9625025751044092e-6,365.25646694398085,3624.4020489692352,0.00021743950322163362,-0.009384948467208654,1.576428164270993e-9,877.5169242155486,46924.33803708159,148.5180009630902,165.45061970141384,0.0006731269787357132,4065.2903984562968,1189.0837221416637,-0.011737292511392964,-0.006468090441481865,-178.16575905929668
2.4026094967630782e-6,224.70077216420228,3503.7656600503774,-0.015200088568239878,-0.018174639017958866,2.969315962650322e-6,365.2564658509495,3624.402061737434,0.0014080614943852193,-0.008929530641474276,1.8322546693298647e-9,879.017396660162,42942.29382778358,99.23736770846737,151.02427520474996,0.0006985135568420205,4078.4761476683466,1134.7624670733976,-0.007127501966799231,-0.01099091768144321,-179.13115374193012
2.424978789746424e-6,224.70077193999,3503.765664383069,-0.012886450341026104,-0.017626196507286897,2.9823865121469312e-6,365.25646441458866,3624.4020803440267,0.003164003625272613,-0.008802151017399019,2.142041897041414e-9,880.5204347733065,36696.15695169957,59.3548648076316,128.56851178965022,0.0007223818961060043,4099.1070889589455,1066.8882252331005,-0.0029804717487895514,-0.014996035967560314,-180.13184899968417
2.446757755371339e-6,224.70077164649425,3503.7656697575217,-0.009648387757888005,-0.017151540724664918,3.003694424310477e-6,365.2564626212747,3624.4021056077436,0.005733663417864689,-0.008857719001252554,4.40165420557636e-9,882.0260429420359,16557.44052738068,19.5034514484889,56.69830666204417,0.0007431628808370239,4126.825213746531,982.2497185191004,0.0006615614234229977,-0.019172297620360365,-181.09442348955454
2.4751189699126254e-6,224.7007712772074,3503.765676631629,-0.005334000885114758,-0.01648507804816505,3.0328888949553464e-6,365.25646047455064,3624.402138154791,0.009195685721368954,-0.008854866932428417,3.6375347985791372e-9,883.5342255609067,15495.28866241609,23.657226273893507,52.87532954711453,0.0007625764379327785,4160.51521516366,875.3741297203877,0.004518774219250418,-0.024610080664300257,-181.92431674560117
2.5474348733916656e-6,224.70077070208873,3503.76568821716,0.0016746788837917934,-0.015438938819752134,3.075825225631689e-6,365.2564576054228,3624.402184068433,0.014732249679709285,-0.008635472453606833,2.822395849817745e-8,885.0449870319894,380.72847190666107,5.121159928320104,-0.9988567291185158,0.0007939692215288408,4202.16529028019,722.0590119165837,0.01181394122394471,-0.033515058028158164,-182.49606294511312
2.5347434699007646e-6,224.700770425577,3503.7656906526427,0.010165009515727165,-0.0115179312864439,3.145786764230604e-6,365.2564570859786,3624.402200649643,0.022198479422563377,-0.005810537134064147,7.213551038788051e-7,886.5583317648819,373.06219923620324,0.1353571260712813,0.09715771717211794,0.000853193258828686,4221.605784350102,651.4837671743798,0.022232850384582198,-0.03506436364947087,-182.68565291687182
2.542827309642071e-6,224.70077032369403,3503.7656930189705,0.01133299430239578,-0.010852232073276956,3.1516824719506313e-6,365.25645700172487,3624.4022023993552,0.023117856457930564,-0.0053556012339282255,7.952741531555622e-7,888.074264176722,340.71136067043517,0.06437518451044245,0.1114348619710391,0.0008927800609511374,4221.04184249148,640.6813666760195,0.027941868816058132,-0.03524820976322358,-182.4347351524102
2.5554441859983755e-6,224.70077027797737,3503.765694181269,0.012147649870689258,-0.010142035791027296,3.1554837316940114e-6,365.2564572108223,3624.402199322875,0.023754021251024885,-0.0048441178389952485,9.096671815836327e-7,889.5927886922003,296.76743495371716,0.013426175431342908,0.08709979028708753,0.0009299175891984832,4216.983215932741,644.1431082755181,0.03267964872304779,-0.03456290068235404,-182.12347111919135
2.5651737628647905e-6,224.7007702861166,3503.7656940012876,0.012556294387207479,-0.009577819722793156,3.1575911219771897e-6,365.25645758256314,3624.402193848756,0.024086505991298298,-0.004419827811982828,1.0537206454737548e-6,891.1139097435732,257.1815081145519,-0.004622373100119095,0.058522636563615775,0.0009587940216386256,4210.597983418297,657.5388988496004,0.03599979376961884,-0.033539116046819195,-181.77275232387365
2.5691033764229215e-6,224.70077032650724,3503.7656930181242,0.01264415881721414,-0.009254821591359073,3.1580694833929664e-6,365.2564579489448,3624.4021886732717,0.024171842689805836,-0.004160250809468686,1.189112183564996e-6,892.6376317706762,228.2006096692083,-0.008368237884440414,0.042697561672540386,0.000978551900044096,4203.233457420847,674.6234323885188,0.03812122750406579,-0.0326452200712069,-181.41029250462526
2.5702138462486254e-6,224.70077038248772,3503.7656916766873,0.0125750136305221,-0.009056359843833255,3.157566470431305e-6,365.25645827279,3624.4021842634675,0.024131350148933462,-0.003985334397184031,1.3089024617664337e-6,894.163959220936,204.9594428442468,-0.009256641667579231,0.03458431048447227,0.0009923786085950484,4195.633352095176,692.4456025617562,0.039546430445672395,-0.03192141202596629,-181.0555092380052
2.5697432479016865e-6,224.70077044578204,3503.7656901912887,0.012418167123438706,-0.008923289042246008,3.156418409722965e-6,365.2564585520157,3624.402180575863,0.024018130851215333,-0.003854843182814114,1.4145271450448134e-6,895.6928965493844,184.86273952420328,-0.010114738344267314,0.030726999609203578,0.0010020390099285377,4188.197366774148,709.8137363680356,0.04051502821015808,-0.03134348179934782,-180.71968414329635
2.568142552019891e-6,224.7007705109017,3503.7656887030025,0.01220667250606903,-0.008830954141920965,3.1547979379948117e-6,365.25645879345916,3624.402177452971,0.023857994486216113,-0.0037530555256540792,1.5089917697867568e-6,897.2244482186707,166.79621377157542,-0.011731462908642,0.02956672981974996,0.0010086465961801835,4181.173653528563,726.087217110438,0.04116395824888794,-0.03088797643979841,-180.40964718156832
2.565748301750116e-6,224.7007705740854,3503.7656873043325,0.011965337759001052,-0.008763268809838284,3.1528459201048943e-6,365.2564590069227,3624.402174713358,0.023670776432125937,-0.0036701016153877146,1.5965080634722584e-6,898.7586186990748,150.18964799316888,-0.014368066276784167,0.03034718460163851,0.0010129644248430814,4174.724017752166,740.8937034771049,0.04158193925189229,-0.030534262486677708,-180.12934063254664
2.562801402413399e-6,224.7007706321155,3503.7656860727166,0.011711758489472797,-0.008712457098665066,3.1506592780185717e-6,365.2564591988364,3624.402172240388,0.023470850506933837,-0.0036018738184632453,1.6817990607711304e-6,900.2954124685195,134.79336724453987,-0.018195482269379067,0.03281264729269307,0.0010155722947730245,4168.989586692183,753.9634029612281,0.041829913466378515,-0.030263519242878328,-179.8806891890228
2.5596135416755404e-6,224.70077068292107,3503.7656850548647,0.01146290920261963,-0.008672373516518079,3.148319772857316e-6,365.2564593774779,3624.4021698970837,0.023272287990399158,-0.0035453073710256127,1.7712299459461578e-6,901.8348340125876,120.4948831707489,-0.023370562686629133,0.03697499859780166,0.0010168645481771254,4164.037366975102,765.2153248272454,0.04194947616493672,-0.030058507043878573,-179.66429217118767
2.5565540843778285e-6,224.70077072495656,3503.765684285486,0.011232886109093775,-0.008634042590776643,3.145866829769418e-6,365.2564595454123,3624.4021676262237,0.023086853437654833,-0.0034947409977821504,1.8731903192613309e-6,903.3768878245287,107.33329025839556,-0.03008442730016591,0.043131830166027986,0.0010170599769892413,4159.946486902115,774.5176907593703,0.04196372256046541,-0.029908371007805325,-179.48013727230534
2.554017525929312e-6,224.70077075716924,3503.765683788495,0.011033887413199618,-0.008589902984250884,3.1432856674609077e-6,365.2564597025664,3624.402165395743,0.02292514000888609,-0.0034457702600966126,1.9991596078332746e-6,904.9215784052761,1000.2783086894204,-0.03877904422172844,0.05173848864063488,0.0010161592837560258,4156.789627400895,781.8237938908827,0.041871972245876674,-0.02980108915356346,-179.32857170748926
2.5526132046905016e-6,224.7007707790541,3503.7656835825137,0.010874509709132335,-0.00852919197765662,3.1404437107903868e-6,365.25645984223377,3624.4021632186204,0.022794917515478318,-0.003391905974790981,2.1664771813618335e-6,906.4689102634599,991.0446128941499,-0.05031988093028874,0.0633679278853973,0.0010137671338136525,4154.681617593483,787.0321793539466,0.041633869597688326,-0.029729363007334985,-179.21219853832716
2.553424096485611e-6,224.70077079033908,3503.7656837009667,0.010755242014717434,-0.008436881539652358,3.1369398979764217e-6,365.25645994395614,3624.4021611840312,0.022697094557164767,-0.003324854727417894,2.402261892783579e-6,908.0188879154189,982.8434732367227,-0.06676634881522593,0.07862141499400724,0.0010086224815899463,4153.896710209482,789.7565888413086,0.04112021937171406,-0.029702978131415165,-179.14118071210393
2.559154740841722e-6,224.70077079286065,3503.765684177967,0.010645027537362356,-0.008301086753706442,3.1316901659113636e-6,365.2564599542401,3624.4021595446,0.022604847655959152,-0.003243906240280275,2.751283105876115e-6,909.571515885215,975.0058964794199,-0.09261854808881531,0.09751569849675923,0.00099664450078233,4155.144356928625,788.7015260315534,0.03990876588281353,-0.029810342662742795,-179.15362422102206
2.577659569746588e-6,224.70077080530626,3503.7656847253998,0.010333083014114916,-0.008189710125076782,3.1219452955071845e-6,365.25645972328306,3624.402159175854,0.02233547865657172,-0.0032294115600504055,3.2580828406190517e-6,911.1267987046455,965.9891396561692,-0.1332933263605676,0.11731032826478409,0.0009625608099494469,4160.480969822941,779.713670396705,0.03631353394287423,-0.030492328119569593,-179.4219353491604
2.609053701825392e-6,224.70077099315458,3503.765680539463,0.008188936933375272,-0.009251181525347983,3.1086692427358806e-6,365.2564594666213,3624.402156931777,0.020546951428666277,-0.004216646681109343,3.1480615489288875e-6,912.6847409132567,955.3478027629781,-0.13189386268709288,0.12159724454784698,0.0008689577383739906,4168.278777967565,772.705220423424,0.024718709752072972,-0.0324314711738097,-180.6635394998101
2.6358270192181217e-6,224.70077040294163,3503.7656916888236,0.007850210638117769,-0.010682178074155977,3.1005443394641468e-6,365.25645809192616,3624.402145675562,0.020249005316077307,-0.005236266883656466,4.108042137608008e-6,914.2453470583571,837.2635265683462,0.09251396019053668,0.20086534315731513,0.0009126415441831967,4165.758796777615,755.3661366648435,0.0300974994167837,-0.03430587339353232,-180.36953183884512
2.629315857635013e-6,224.70077045952726,3503.7656898779146,0.009605256786693484,-0.01044112445686609,3.1216140629128862e-6,365.2564584924008,3624.402144149414,0.02164073763978254,-0.004975429904836282,2.477076555692179e-6,915.8086216950308,847.9492317381504,0.12681578786744765,0.25639711660466713,0.000956265386979424,4157.328668846805,757.7314197904074,0.036141821805355016,-0.03476706891729969,-180.04176103231293
2.5700074809673434e-6,224.70077065918088,3503.765684750025,0.01057193490425967,-0.010078815690314514,3.1463072855969256e-6,365.25646065078377,3624.4021279373214,0.022480213791448014,-0.004658559420319391,8.707588738432458e-7,917.3745693861504,917.5983923053855,0.47279105481530204,0.41160634359893766,0.000987277427556984,4150.605251887237,793.0494647121177,0.03909270525085652,-0.031204606554592354,-179.98737184617826
2.577623527253653e-6,224.70077061084032,3503.765686151281,0.011051268287074253,-0.009738288329225657,3.148560574461866e-6,365.25646062062674,3624.4021344732173,0.02286541078954773,-0.0044290459351752276,1.0118964059951095e-6,918.9431947023908,857.0874891491051,0.4086431826433087,0.21419238351584363,0.0009939035227514216,4156.317091679097,777.0005225026778,0.03987603583932541,-0.03149187448766082,-180.0430601869906
2.590322193155577e-6,224.70077054706138,3503.765687815576,0.011471012827425867,-0.009579752372526385,3.149885065570894e-6,365.25646041743653,3624.402140632646,0.023192982408366394,-0.004356260961586725,1.1287350228150978e-6,920.5145022222423,822.1654086833752,0.34503555290798543,0.12469302625473017,0.0009927282751463955,4163.115303174698,758.1492020602343,0.039873707554488116,-0.032112905993276666,-180.22261591259797
2.606144714137241e-6,224.700770469251,3503.765689740551,0.01186440109036108,-0.009498274955443232,3.1510381296123385e-6,365.25646003673785,3624.4021480443844,0.023492568339635693,-0.004354925823915929,1.2132757821058068e-6,922.0884965320231,797.0589726512219,0.30073728705272007,0.08002807253679009,0.0009878022435690895,4171.435176906782,735.0531440671483,0.03950759705071028,-0.03300091385161896,-180.4881203535169
2.6239326258702574e-6,224.70077038096568,3503.765691881805,0.012205649002369524,-0.009459333432333456,3.1519707274912184e-6,365.2564594706715,3624.4021575619004,0.02374303521451767,-0.004396228897220124,1.2687527112369885e-6,923.6651822258963,775.3202994948109,0.2704181944470926,0.0545313410160626,0.000980140855187934,4181.411328885293,707.0774253971177,0.038887592603433364,-0.03416385482464723,-180.82332665840343
2.6423632638669252e-6,224.7007702867606,3503.765694166912,0.012440011479151898,-0.00945520033074729,3.1523674306593337e-6,365.2564587167063,3624.4021695972,0.023898759256110434,-0.004471871104752907,1.296776980455562e-6,925.2445639058777,754.2834539071554,0.24944873851525495,0.03812821752949783,0.0009700046640854892,4192.992048143894,673.970410888688,0.03805140611821362,-0.0356353749238094,-181.21179235249755
2.6066817524546283e-6,224.700770247633,3503.7656946077022,0.013390157245843106,-0.010383309951353066,3.1636347273231214e-6,365.2564573770225,3624.402200672402,0.024711838855787767,-0.0052811765366675935,5.45414009124057e-7,926.8266461818533,143.71160215475277,0.4629820083327249,0.06813580582746916,0.000935894048120625,4205.304007225219,688.4270112713854,0.03304880103247734,-0.0319833125291273,-181.59639610171092
2.6122908490871268e-6,224.70077015690833,3503.765696944063,0.013640974982729363,-0.01021768173502009,3.165290413557467e-6,365.2564571238692,3624.402204563685,0.024906959675554174,-0.005218470626675229,4.5820831504126655e-7,928.4114336715915,1056.7097402917746,0.5135109351178639,0.0750768450726319,0.0009285738597843479,4216.891278097978,660.535260352149,0.032274144985038576,-0.03276612479900458,-181.9715030089481
2.676837402988848e-6,224.70077005634346,3503.7657000871654,0.01145236796461642,-0.00993099897348094,3.1440708164309086e-6,365.25645577227226,3624.402216178517,0.02294399000820162,-0.005077961298331241,1.2425729365195554e-6,929.9989310007563,683.2845752617696,0.225190140260919,0.011275590041790634,0.0009252583852568167,4232.264276473111,553.1675305749636,0.03438781760755622,-0.04206889764092525,-182.37947023157042
2.667354811579945e-6,224.70077005085324,3503.765700529949,0.010024061988827906,-0.0104792596465739,3.1351405766200388e-6,365.2564550244561,3624.402228734849,0.02173648440563051,-0.005553674494446091,1.2039810820317589e-6,931.5891428029217,656.0105256764296,0.2289989097428358,0.009125581953708484,0.0009046862920097523,4242.75050587177,518.3706172198226,0.032469574440718144,-0.044484831283922464,-182.6083859789485
2.6396049130219255e-6,224.70077012803267,3503.7656991586696,0.007628168573217093,-0.011323842531915273,3.120734641216925e-6,365.2564547746179,3624.4022339874173,0.019772870844882138,-0.006220394311875552,1.1813126899386664e-6,933.1820737195845,628.0447421894706,0.23217462160598787,0.012055740563217657,0.0008795539327119689,4248.043107969887,501.36970048708673,0.029548447581859552,-0.04633815264166752,-182.6887786032107
2.577343259501177e-6,224.70077041886864,3503.765693352383,0.0026236208860062836,-0.01263546365219271,3.0912301315097528e-6,365.25645564151074,3624.40222136556,0.015768250923262818,-0.007176667260460731,1.1919167144678468e-6,934.7777284001778,594.5804619912959,0.21872365183747935,0.013224147880226193,0.0008427517583499415,4239.531242891619,537.1645990999853,0.02366698214880077,-0.04586716053607295,-182.59313560717877
2.346544011547549e-6,224.70077263785055,3503.765653780054,-0.027216520236183334,-0.010639743513527242,2.918948809861957e-6,365.25646343291413,3624.4021003650405,-0.00812797621794792,-0.005409894708688,2.5702583932894946e-6,936.3761115020851,521.7657626384629,0.1849142234769459,-0.040902347395208274,0.0006556999872046376,4083.0385875648935,1134.131621270416,-0.017614619292178724,-0.009164788820867189,-181.14291889208084
2.3552243878992186e-6,224.70077239957263,3503.7656583624703,-0.02357330559789309,-0.01092891687232972,2.9408899556402317e-6,365.25646272179847,3624.402116277892,-0.00516624793112482,-0.005576214507790698,2.402827077105556e-6,937.9772276906533,509.3214205780499,0.190121417883246,-0.030467352591689176,0.0007001946976717251,4094.4784642415057,1050.7092718423764,-0.006676798220305082,-0.018501449857246208,-179.9365457766947
2.3719415025036946e-6,224.70077225166966,3503.765660855217,-0.020352175073060627,-0.010874745067363684,2.9598715279821372e-6,365.25646229715073,3624.4021273075646,-0.0025617369427209983,-0.0055331684382029876,2.2666930331655453e-6,939.5810816392068,495.5037093869001,0.1933756321743769,-0.026092511677097353,0.000727834289260005,4101.0251585866445,1007.5352754596587,-0.00011571953672448767,-0.022575931056217646,-178.99524672171384
2.3941218233080944e-6,224.70077213803984,3503.765662521638,-0.017255583643454572,-0.010682133420879321,2.978117498443433e-6,365.25646210164615,3624.4021343766276,-6.551221396022063e-5,-0.005424453709544695,2.136181646178181e-6,941.187678029061,480.955950048715,0.19575969464922754,-0.024975653111588256,0.0007466472278684887,4105.865970741772,978.9722037832396,0.004404365275509351,-0.02493166037239579,-178.30927821734036
2.4196136107924736e-6,224.70077204172068,3503.765663769881,-0.014287626496589299,-0.010422615471322696,2.995709387500459e-6,365.2564620650479,3624.4021383853224,0.002322999210419935,-0.005291593274961983,2.0157309443558784e-6,942.7970215495347,465.9040854382939,0.1974070360943085,-0.02502728283108796,0.0007596189812143738,4110.145401133919,957.4821424159029,0.007682894089297702,-0.02647563132898587,-177.8395599735634
2.4464412763587246e-6,224.70077195495995,3503.7656648018396,-0.011469396096024913,-0.01013877252676789,3.0125586747496085e-6,365.25646214017735,3624.4021398924656,0.004589471480877923,-0.005155321270663695,1.9089467747206934e-6,944.4091168979684,450.44415877074675,0.19839879680219177,-0.02456802290003053,0.0007686794468022413,4114.313003988715,939.9008225001735,0.010165622224269975,-0.027567433384185616,-177.54201116596505
2.472708272046449e-6,224.7007718741815,3503.765665719884,-0.008820280903257224,-0.009858805353777944,3.0285640818126093e-6,365.256462306043,3624.4021390886464,0.006720226622050514,-0.005027105687015067,1.8171047631034746e-6,946.0239687797309,434.60887898774513,0.19883136789531386,-0.022316550547277932,0.0007751683597144776,4118.481186757605,924.7696149087618,0.012133475376992007,-0.02838665851061335,-177.37487513415124
2.496658803983683e-6,224.7007717983284,3503.7656665674267,-0.006364199708408735,-0.009606821871773821,3.043571198753122e-6,365.25646256387216,3624.402135876343,0.008697158477147523,-0.004917206087554064,1.7420941594974164e-6,947.6415819082387,418.4011229392151,0.19857110460783084,-0.017413938275019695,0.000779983735557339,4122.562696392874,911.4957636916422,0.013765781276019958,-0.029037931279435464,-177.30022410178333
2.385436936624851e-6,224.700771727798,3503.765667286043,-0.0048771733438222175,-0.009305785131869838,3.0588763927301326e-6,365.256464130945,3624.402111549249,0.00996979527287843,-0.004669356657766264,1.0165288193839911e-6,949.2619610049669,69.24582754277817,0.3200274011064574,-0.0833874120390483,0.0008016142243746705,4124.891780150744,924.8766611519618,0.016909831237857737,-0.02578669478821226,-176.9331773241247
2.3975558122557056e-6,224.70077169306785,3503.7656676006145,-0.0032441846614557146,-0.009496843657049807,3.068733109464932e-6,365.25646487954003,3624.402098926986,0.011246020089866702,-0.004950820540784978,9.925687566639468e-7,950.8851107994644,52.27781981614956,0.32826512509087946,-0.07981795649277065,0.0007989215518875386,4124.784400896822,922.5581493168025,0.017367921481560022,-0.02654581001930551,-176.60981011842983
2.4096962716753615e-6,224.70077165254887,3503.7656680829627,-0.0016595970120092602,-0.009829816867291147,3.0781561757692156e-6,365.25646571207017,3624.4020847375523,0.012476712986791082,-0.005345785054776237,9.596996333863543e-7,952.5110360293672,35.46991898249434,0.3411692849516429,-0.07512840016904439,0.0007947493892396845,4124.899626940435,919.9936861164465,0.017617132105099024,-0.027388807884527983,-176.3775234634512
2.422389602831882e-6,224.70077160515478,3503.76566875161,-0.00011535976277946372,-0.010309767160934326,3.0871932728213293e-6,365.2564665877346,3624.4020696424523,0.013668426822828587,-0.005852782208094512,9.160286230356399e-7,954.139741440412,973.4005123434712,0.3594626542565108,-0.06706265203752275,0.0007892288711028568,4125.44571429781,916.8508617006984,0.017628402449426366,-0.028287478188908914,-176.26116644981582
2.435963910253011e-6,224.70077154932494,3503.765669634858,0.0013870574134165945,-0.010928960797299967,3.0958682411329526e-6,365.2564674402314,3624.4020546583524,0.014819581506750914,-0.006459044886930829,8.618804796988079e-7,955.7712317864502,960.0698779580972,0.382898693923922,-0.05248716095870787,0.000782614140082359,4126.779896854864,912.4988302316619,0.017368677042270506,-0.029205055258343705,-176.29177661139505
2.4502765436029267e-6,224.70077148264912,3503.765670791068,0.0028254948365436304,-0.011663758836023495,3.104122873397911e-6,365.2564681756572,3624.402041208051,0.01591082062941697,-0.007137219157512393,8.00220187000187e-7,957.4055118294622,949.0038379267805,0.40930183580761914,-0.02657800133717371,0.0007755231245421094,4129.371727891913,906.0663971844316,0.01683997934504925,-0.030086646810100995,-176.49878254100946
2.4645482315117176e-6,224.70077140149442,3503.7656723174036,0.004163373511282409,-0.012468881257688563,3.1118483415990974e-6,365.2564686732943,3624.4020311275467,0.016909051896703622,-0.007841046387414917,7.379317223260583e-7,959.0425863395707,941.4426769464777,0.4318092603673048,0.016852527035214723,0.0007689369381924221,4133.78947799291,896.3589435981091,0.016097881614054895,-0.03087597922951258,-176.89765625861355
2.4770335091631653e-6,224.7007713005692,3503.7656743768616,0.005345369369256434,-0.013283676414477624,3.118850478482877e-6,365.25646879570655,3624.402026565294,0.01776154938777644,-0.008510409519224571,6.884092653942919e-7,960.6824600950549,937.8331191710331,0.4339486114620897,0.08237409014805878,0.0007643507947127761,4140.621987383128,882.0844686817491,0.015289983338748734,-0.03150206266028564,-177.47454233953383
2.484940647437044e-6,224.70077117409056,3503.7656771772913,0.006297272909235682,-0.01405052712290602,3.12475664310398e-6,365.2564684189248,3624.4020296168683,0.018397622850852707,-0.009084045277960313,6.699400929161466e-7,962.3251378823644,-27.90402663861944,0.3912560737080277,0.16114772593953877,0.0007637322022141466,4150.239714835047,862.4926630175411,0.014668368852656356,-0.03185798242680861,-178.17328086263632
2.484353263184449e-6,224.70077102102596,3503.765680839327,0.006909936832187813,-0.014718502536219586,3.1287863931104367e-6,365.2564674914022,3624.402041528462,0.01872291923084884,-0.009506870800152037,7.079578041482576e-7,963.9706244961332,919.6961139304013,0.29519525015026576,0.21485685861108658,0.0007692131394498143,4162.485834037865,838.1103933651168,0.01454713453867044,-0.03179773435216075,-178.89597617533292
2.4924874466639525e-6,224.70077090755152,3503.7656833241786,0.007469415008784511,-0.015002598086760958,3.135935852498765e-6,365.25646642870385,3624.4020588054755,0.019138623986160525,-0.009498777872377968,1.258685070940691e-8,965.6189247391927,342.28907372420673,-17.783983978392833,-1.186917702569097,0.0007698486903905323,4172.886942702774,815.8874841721894,0.013778429625767188,-0.03145040677064679,-179.52495581527344
2.4435273492335405e-6,224.70077067334162,3503.765690224125,0.006703123763121419,-0.015443371186342654,3.1274622376806844e-6,365.25646439156964,3624.4020879665973,0.01811416958144114,-0.009744592381273232,1.0869334216503863e-6,967.2700434225897,844.0048217270995,0.147011870446161,0.13694000607544524,0.0008063689130369799,4192.044787174806,781.234093081987,0.01718810386531535,-0.030168088535488302,-180.0024504783416
2.40506545989539e-6,224.70077048915655,3503.765695815903,0.0058956685650764905,-0.015489379927267887,3.1219847759249116e-6,365.2564624650791,3624.4021195106748,0.01718879876535932,-0.009603044679101697,1.4091955797297677e-6,968.9239853655944,810.7497868702874,0.12845262268175842,0.0828984076103009,0.0008410217543305614,4208.01801283316,751.77619888577,0.020351860227784943,-0.028634223884140608,-180.25006102879018
2.3609101250839625e-6,224.70077031351352,3503.765701558769,0.004793378941905484,-0.015412987438029978,3.1144624445890976e-6,365.2564605206108,3624.402153227611,0.01601158666057741,-0.009366361006047399,1.7592455274858586e-6,970.5807553957186,784.8456105396605,0.11931026345054765,0.04567782350700717,0.0008840880753152103,4222.966599477075,725.4396336857627,0.024308927114442172,-0.026758796347754316,-180.26064578844134
2.317618950073894e-6,224.70077016396885,3503.7657068510557,0.0036059351997135922,-0.015267769411240991,3.1062422987406832e-6,365.25645876286853,3624.4021856210425,0.014783507863065292,-0.009083155103849841,2.090597626035277e-6,972.2403583487285,763.4490691877386,0.11301490509542131,0.02188472429546813,0.0009299749584392931,4235.35522725738,704.8303696883012,0.028364167603108864,-0.024770243485185573,-180.071215583023
2.2818983280239782e-6,224.70077005331368,3503.7657111391427,0.0025552276786567412,-0.01506774307614416,3.098693672202121e-6,365.25645732947606,3624.4022138701007,0.013720104595386768,-0.008767103071832634,2.3559648440375997e-6,973.9027990686593,744.3810331158154,0.10852884862610844,0.007370651353926692,0.0009710144633075855,4244.367480014721,690.5415992308266,0.03181251808081773,-0.02293565048273159,-179.76067062639453
2.258391933136563e-6,224.70076998494272,3503.7657141189043,0.0018028543078655417,-0.01480898445746944,3.0928189774958857e-6,365.2564562684032,3624.402236416358,0.01298117049965942,-0.008413953727497987,2.5197275151190185e-6,975.5680824078287,726.214147847877,0.10600727203592986,-0.000987449763326693,0.0010003125176233927,4250.117906600867,681.3860012430733,0.034195342475974715,-0.02143811659416376,-179.41807392756863
2.2488019988401557e-6,224.70076995346216,3503.7657157790472,0.0014338765224558346,-0.014486250925217492,3.0891535545842485e-6,365.25645555774145,3624.4022529249887,0.012647549426662397,-0.0080175414766565,2.5698750210890974e-6,977.2362132268518,708.0629013166495,0.10569859391416168,-0.005154212446035053,0.0010138109355756052,4253.451477518878,675.061161753692,0.035333542511957576,-0.02037028763410086,-179.109614220872
2.2524827509118605e-6,224.70076994803298,3503.7657163347553,0.001482765026017145,-0.0141082070537326,3.087945531549835e-6,365.2564551432429,3624.4022638484075,0.012741897180048164,-0.007585109600067312,2.5183256487617524e-6,978.9071963946545,689.4058544087782,0.10776926960105153,-0.006007645894409914,0.0010105323284923245,4255.457944776204,669.2712444182883,0.03522707847827256,-0.019755681231005427,-178.86396679395057
2.2675200520329943e-6,224.70076995636867,3503.765716114498,0.001965132292288642,-0.013680362879554504,3.0893671001541576e-6,365.2564549601383,3624.402270105751,0.013259335381807527,-0.007125426840202855,2.3933667859846092e-6,980.5810367884885,670.0200032416041,0.11226161720807261,-0.003541953896476931,0.000991910976035346,4257.170613466568,662.0430023296292,0.03397174587714834,-0.019594103756816857,-178.67910363430823
2.2910662645274872e-6,224.70076996754716,3503.765715498071,0.0028654212435880073,-0.013209359962787413,3.0935557620216707e-6,365.2564549500234,3624.402272704943,0.014162731925009662,-0.0066544998034670354,2.2332023856621758e-6,982.2577392939448,650.0699274632582,0.11865250230801294,0.002590210168690167,0.0009617428869417724,4259.274734986473,652.4794465360474,0.03180038282103606,-0.01982783275429376,-178.53996801590645
2.319508733169261e-6,224.70076997565133,3503.7657148213593,0.004098076276407563,-0.012692865037709323,3.1003658018189626e-6,365.2564550716714,3624.4022724264805,0.015355646720862872,-0.006185271238694079,2.0761769042691483e-6,983.9373088049687,630.1241760127276,0.125583875989618,0.011922834303617059,0.0009261827287855943,4261.912468252628,641.111827988289,0.029184848748822084,-0.020311232580784114,-178.43530063040794
2.3493824681863733e-6,224.70076998050558,3503.7657142888297,0.005514918097825272,-0.01213954601906657,3.1091978026587554e-6,365.25645530544904,3624.4022696355587,0.016695304395056513,-0.0057350362768657515,1.9462234036455644e-6,985.6197502238732,610.7972930357104,0.13169665804883604,0.02232537732867946,0.0008916113846919457,4264.7082568820815,629.7237495952928,0.02673512848906306,-0.020831084897856584,-178.3654026373047
2.3789501344511964e-6,224.70076998482853,3503.7657139277744,0.006994741010188751,-0.011555249678500013,3.119289971702807e-6,365.25645563550626,3624.402264583116,0.018073264164492994,-0.005307187823418558,1.8437024005949236e-6,987.3050684613531,592.3298084204008,0.13704263155186708,0.03144341386591019,0.0008613275380915659,4267.274172739214,619.516654360669,0.024856019712695576,-0.0212657098425887,-178.3382059048071
2.4082204540984404e-6,224.70076999015888,3503.7657136870616,0.008506427855943214,-0.010939054249209896,3.1301996032003915e-6,365.2564560377075,3624.4022576763414,0.0194634204881016,-0.004891898268833149,1.7577788564215449e-6,988.9932684365032,574.6403224699446,0.14263631154307965,0.03840694227253159,0.0008351532231171592,4269.503124406398,610.4658342574637,0.02360142392544016,-0.021632533021555003,-178.36154919205123
2.4379165329088746e-6,224.70076999570142,3503.765713530061,0.01008247062097398,-0.010302514827803576,3.1418647287950182e-6,365.25645648530474,3624.402249401513,0.02089493093863101,-0.004488582088679846,1.6782079093298648e-6,990.684355076826,557.5449354371816,0.14942242462134137,0.043647959828989585,0.0008113114477199253,4271.464044816896,602.1015910952333,0.022809983116145953,-0.02200748986417654,-178.44030954358502
2.468909813630606e-6,224.7007699987989,3503.7657134659985,0.011789283583479554,-0.009669436510662634,3.1545033516145724e-6,365.2564569486616,3624.4022403183003,0.022423738752956765,-0.004108173140057403,1.6001593015283493e-6,992.3783333182511,540.8646375746189,0.15783240702358078,0.0481817426082191,0.0007877801086070967,4273.315379044278,593.9125589655791,0.022249991289694633,-0.02246942231054305,-178.57812257750086
2.6673957804705484e-6,224.70077014195638,3503.7657056568883,0.018217775259559896,-0.002778787210209826,3.1844891954425553e-6,365.25645953403676,3624.4022022951185,0.028193708522901643,0.0013167814883377996,1.6652244037375148e-6,994.0752081051477,848.5094560052321,0.1513414844864087,-0.08303884302828536,0.0006737773784894421,4286.250332207259,498.7504611658598,0.0142594117833837,-0.03627513309555155,-178.67903262854117
2.6825340934751093e-6,224.70077010303518,3503.7657072801953,0.020147847450143593,-0.0024848244577560575,3.200232334771195e-6,365.2564600088673,3624.402192631794,0.02979474377110083,0.0013818748163687208,1.6340002357311763e-6,995.7749843903396,830.7604031009145,0.16472819098023775,-0.07922372167801162,0.000659445611903686,4287.676135501257,495.7455994908114,0.0157504108459399,-0.036311554424119784,-178.8277212074297
2.695617409972065e-6,224.70077006996402,3503.7657088407627,0.021981632695148173,-0.0021816507782823555,3.2156412403267775e-6,365.2564601894895,3624.402186772779,0.03131094316858195,0.0014432071855405451,1.596862876325651e-6,997.4776671351194,813.9004320215421,0.17971098651030604,-0.07114436911245675,0.0006476659325129724,4288.665504990442,493.4525120354985,0.01760048490473004,-0.036153656220045016,-179.10571335665196
2.7064804347033188e-6,224.7007700472964,3503.7657101522127,0.02361327087042811,-0.0018762212214407615,3.2298988472400326e-6,365.25645997926193,3624.402186141468,0.03266282077149704,0.0015027110366561778,1.5583055886808306e-6,999.1832613092631,798.4157067843664,0.19364857442777056,-0.05837116028973416,0.0006385137718719627,4289.151643824725,492.21330498428216,0.01941406885527138,-0.035741240492887016,-179.54360551675762
2.6691680208343883e-6,224.70076989185642,3503.765714636782,0.026608760674139493,-0.005127462055923803,3.2651979253324025e-6,365.25645849556344,3624.4022037668774,0.03503649635548315,-0.0012227056199559617,1.004423615050655e-8,1000.8917718910444,-5783.582935683878,19.782927867109123,-18.65574955431294,0.0006218569754060014,4290.642490186802,511.08737154122076,0.016006515433023234,-0.0328119388322233,-180.10652721268318
2.690968244661325e-6,224.7007698744736,3503.7657149552247,0.028274813085783633,-0.005116966331358609,3.277735482409833e-6,365.2564577569099,3624.402210457413,0.03643967408357091,-0.0013686276538492942,1.3253917768469593e-8,1002.6032038672498,-5049.118200290813,12.059246338083156,-16.301627626236584,0.0006090944718593422,4290.811939864567,509.18367400237935,0.015592471048411466,-0.03357300403229952,-180.78269018545416
2.701649955797792e-6,224.7007698982352,3503.7657137837214,0.028370216929067067,-0.005311605947215263,3.2787286981777636e-6,365.25645661321965,3624.402222757542,0.03657973890390115,-0.0016581947710598572,3.793574191302821e-8,1004.3175622331921,-1738.7563436994135,2.959719401936552,-5.899023458097595,0.0006085961257537182,4288.151019480173,513.9940422187084,0.01482158196527981,-0.034188508291837685,-181.65362989214248
2.6878932599089395e-6,224.7007700046057,3503.765709722134,0.025388572139331503,-0.005898247346394211,3.257651057353389e-6,365.25645531537737,3624.4022368883147,0.03425620563581273,-0.0022057959791327952,9.583963854185244e-8,1006.0348519927262,-524.5519700155259,0.5167831700593849,-2.0904584384680325,0.0006322289378645251,4279.798739058495,532.9152730415655,0.013831745967748752,-0.034323853648757376,-182.63316075510224
2.553260060090781e-6,224.70077042440255,3503.7656924546527,0.01032423938316536,-0.009992235197133222,3.155067568158688e-6,365.25645476705165,3624.402240753451,0.02238691635825915,-0.00522709209088217,9.883483167323824e-7,1007.7550781582629,1240.5327777893965,0.005137903192218983,-0.027863496620613187,0.0007771918305117235,4250.135500355369,623.1984808497385,0.008273843122731828,-0.031125416664143386,-183.17791984236283
2.404093511726517e-6,224.70077126883808,3503.765669867172,-0.004986891459384435,-0.007416810044229444,3.061592767825669e-6,365.2564583098858,3624.402184035752,0.010077511040969878,-0.0026677566563563632,5.255463179129641e-8,1009.4782457507837,2123.8111395724,0.5218701796145115,4.169121249516885,0.0010862037673267221,4216.79083149206,686.6046209981355,0.02272945135539233,-0.025217571553469965,-182.56198085474378
2.3293903970929092e-6,224.7007713474558,3503.765665128935,-0.010102176924109583,-0.008754021037452688,3.023072038882022e-6,365.2564619005118,3624.4021308607425,0.005782437338026149,-0.003369900893613116,1.6971292476175515e-6,1011.2043597998545,514.8938644069191,0.209464990154912,-0.043763351608380505,0.0012551820905677402,4215.751030982204,709.5277371754952,0.025332218348646136,-0.02294669164460889,-181.1032546170061
2.315487668828193e-6,224.70077122689835,3503.765665470075,-0.011310277436161179,-0.008811892485318462,3.0127009577914586e-6,365.2564641906487,3624.4021005349678,0.004784690236044154,-0.0031957461607472885,1.8615803297222648e-6,1012.9334253436444,500.9104773556893,0.22502136157885208,-0.043377820184259605,0.0013309986998226333,4230.88859990958,678.4671785472808,0.025629328821223842,-0.02299897974301922,-179.22892332077538
2.3203108068006846e-6,224.7007710467286,3503.7656683446717,-0.011415819882077355,-0.008601964245205944,3.0095953314929694e-6,365.2564663989698,3624.4020702652606,0.004705777003377375,-0.002901431987126059,1.8444236613132796e-6,1014.6654474289344,484.8528518488426,0.24154450146776582,-0.050694474912244464,0.0013687123255315546,4248.898782326752,638.2951322423459,0.025935482538970166,-0.02317869223355164,-177.39759467910372
2.33528430043866e-6,224.7007708514098,3503.7656725946686,-0.010836406093738683,-0.00832513123204897,3.0118044637029187e-6,365.2564684596649,3624.4020407638304,0.005196475066509028,-0.0026484729096831533,1.7302883407791331e-6,1016.4004311111357,467.75503465773807,0.25730719771420196,-0.062245221592581036,0.0013744942437245243,4266.101849841428,599.3257718936616,0.02617584417854236,-0.023438532424831095,-175.82066492338066
2.355698814256912e-6,224.70077066464077,3503.7656774088637,-0.009762996324012563,-0.008083687690563734,3.0181720759410585e-6,365.2564701948987,3624.4020147618144,0.006091201580913379,-0.0025040959951957028,1.5728371114528133e-6,1018.1383814543041,450.04343762254086,0.27096361103274186,-0.07693700704223153,0.001354376196037904,4280.881237493113,565.9985199687949,0.026223216674082974,-0.023805462721079557,-174.60406116864175
2.3788608627228926e-6,224.70077049755,3503.765682231831,-0.008324466486269036,-0.007914221131724263,3.0275848416955987e-6,365.25647145546077,3624.401994730779,0.007276932245933446,-0.002472570785263088,1.4052492016688583e-6,1019.8793035311543,431.91088135352976,0.28173445331626235,-0.0942306628856985,0.001316105244292577,4292.871197286479,539.1656628899674,0.026012388728088417,-0.02430672144963714,-173.7643863998737
2.3752216640346373e-6,224.70077036375102,3503.7656875614425,-0.006278987323105985,-0.007751622272706449,3.0509951603235085e-6,365.2564721885868,3624.401983908994,0.008927187390125947,-0.0024767005528379565,7.503540479682071e-8,1021.6232024230748,2260.8822493246894,0.5596491075333507,4.828343297405396,0.0012477312849172933,4298.887715672005,528.1990289156968,0.025054146667038864,-0.024467373187029556,-173.1229602073424
2.395655699563415e-6,224.70077021505304,3503.7656921361026,-0.004602083086644453,-0.007929831261511203,3.061792696363163e-6,365.25647259270534,3624.4019748323044,0.010272740937254507,-0.0027547403882368796,9.014052808752973e-8,1023.3700832201431,1893.7225865668413,0.6317717340810796,3.728290622765672,0.001202944160248877,4307.920610637485,510.80345598341205,0.024316376299368243,-0.02494345465002767,-172.7460416205945
2.418487157600324e-6,224.70077009373972,3503.765696069251,-0.0027609242986968274,-0.008041892500980844,3.0735611281000716e-6,365.2564724546906,3624.4019736972164,0.011747426308611959,-0.002985313596046247,9.542314505858706e-8,1025.11995102114,1727.0565363995524,0.654176848649245,3.2502717117709943,0.0011553125277592334,4315.364555481245,495.0218660419696,0.02342854495725272,-0.02564858055978343,-172.61128913913169
2.4425952622701714e-6,224.70076999581724,3503.7656994054896,-0.0008228646213596006,-0.008090062640490692,3.0859071111934374e-6,365.25647184027133,3624.4019797517776,0.0132988651079398,-0.0031623000275931928,9.902650311554547e-8,1026.8728109335648,1591.8072711616142,0.7176624041722555,2.8677566150737004,0.0011076675943447413,4321.429643634688,480.72846619802743,0.022421481786337037,-0.02651252612698328,-172.66798603528736
2.467107143340424e-6,224.70076991654173,3503.765702229665,0.0011654621273485698,-0.008072447792095136,3.098576180860585e-6,365.2564708136037,3624.401992310088,0.01489052444678171,-0.003279442040984479,8.197176701666842e-8,1028.62866807365,1679.4389371493935,0.9293306772141465,3.1687811151741605,0.001061554038438541,4326.406882691884,467.5772619287952,0.02130074570477281,-0.027486569955948,-172.867526933722
2.491542849575276e-6,224.70076985137052,3503.7657046326913,0.003169769636865955,-0.007995855409434078,3.1113658644302214e-6,365.25646943588345,3624.4020107352817,0.016496219654747846,-0.00334021597966512,5.3706851267831025e-8,1030.3875275663768,2073.50622984398,1.5487407275322396,4.401562778205612,0.0010177836972907633,4330.557496626647,455.3307911048924,0.02006390085578,-0.028528351111631958,-173.16812028862674
2.5158731416726494e-6,224.7007697978718,3503.7657066640318,0.005160377580953297,-0.007829441573547112,3.1240308795162987e-6,365.2564677554602,3624.4020346981843,0.01809335184865396,-0.0033210927488198845,5.96504483999886e-8,1032.1493945454893,1778.2829703700586,1.676900272136466,3.5247595587037237,0.0009772524162571347,4334.142070206866,443.38713423513866,0.018769673283380747,-0.02961891804651076,-173.53577184914718
2.539343326457904e-6,224.70076975204054,3503.765708407426,0.0071055533993292655,-0.00764212367975872,3.1364090687021196e-6,365.256465807506,3624.4020636944565,0.01965483604586402,-0.003274446807941798,5.1201321994582655e-8,1033.91427415351,1790.4254615134432,2.2659837437912373,3.583408661628869,0.0009398539046690423,4337.143814705228,432.41845351120486,0.017403132427644838,-0.03073835240486551,-173.93795534723523
2.5617631745929788e-6,224.7007697126283,3503.7657098875666,0.008975170873172282,-0.007432361625224768,3.1482731919100804e-6,365.2564636153363,3624.4020974954888,0.02115529945850041,-0.0031989068183147728,3.933821220011297e-8,1035.6821715417532,1903.0692845207566,3.3398854722516425,3.9445685702978257,0.0009059896428613893,4339.667556937986,422.2739845266924,0.0160241544159687,-0.03188764137079415,-174.34848297043106
2.58284811515705e-6,224.70076967874897,3503.7657111155518,0.010726178474876055,-0.007230883106237702,3.1592882601593533e-6,365.25646119257345,3624.4021358094983,0.022559565058403692,-0.003118475540215214,3.165985030142558e-8,1037.4530918703451,1867.525458027508,4.667609507464316,3.850093702183918,0.0008760011511354569,4341.678922794842,413.25647915197237,0.01470347843666103,-0.0330596223768068,-174.74632602336925
2.6023173644186854e-6,224.700769650246,3503.7657120923895,0.012317952160385707,-0.007059292895294709,3.169153600416568e-6,365.2564585450183,3624.402178340584,0.02383433451258462,-0.0030499702206700937,2.7992956786058556e-8,1039.227040308232,1549.745585218071,5.811690568667444,2.8952922702052994,0.0008501078660250795,4343.145082365342,405.6278512488245,0.013511828099591647,-0.03424098879643328,-175.11475516921138
2.6206491185316665e-6,224.70076962546588,3503.7657128315423,0.013739196214266903,-0.006984595895318636,3.1776379133342194e-6,365.2564556758659,3624.4022246006766,0.024972911893951063,-0.0030448275846568108,8.948634969727743e-9,1041.0040220331996,864.4909235376903,19.36166356104079,0.8027558101225343,0.0008275470992608068,4344.0798962788085,399.6650262721158,0.012388995608407638,-0.03544080565400928,-175.44130764944452
2.6349898353230976e-6,224.70076960643402,3503.765713421493,0.014943551642907098,-0.006846218337766258,3.185048707482319e-6,365.25645254050335,3624.4022753832373,0.025922204594002157,-0.002981122845890169,2.3429607549682343e-9,1042.7840422318868,735.3632865789835,71.36256369394414,0.457244983448199,0.0008104222710926496,4344.660497139062,394.64350283764975,0.01170094063190517,-0.03656475018616809,-175.71286287060624
2.6470516219084104e-6,224.7007695920474,3503.765713821031,0.015940182581302375,-0.006747553318344413,3.1910438120937756e-6,365.25644913174534,3624.402329954019,0.026699702437469577,-0.0029386780559461914,2.252151638682276e-9,1044.5671060998018,611.7421521210978,72.23115549501136,0.13425475174704876,0.0007969481072610268,4344.765881022018,391.0672399275877,0.01125553046730176,-0.037651581840828535,-175.94412652505537
2.6590083093691597e-6,224.70076958224584,3503.7657139642342,0.016713812892656225,-0.006751525437341503,3.195140100363365e-6,365.2564454040154,3624.402388469971,0.02730785021345265,-0.0029697821162283336,2.410992478289317e-8,1046.353218841336,-226.80704054356303,6.195712492975297,-2.395816850720366,0.0007864318794192703,4344.43112942483,388.9332479269226,0.010976882778944309,-0.038715446165302744,-176.12804948437062
2.6690067462639083e-6,224.7007695737881,3503.765714047624,0.01734376756574201,-0.006791865242114661,3.198378511784826e-6,365.2564413206065,3624.402451440588,0.02779501071101636,-0.003022692112967014,3.356720488092338e-8,1048.1423856697804,-400.2303851215735,3.7246301902921592,-2.9120670229207066,0.0007783167766103721,4343.937282097522,387.74274386990976,0.010838497827698242,-0.03969753110722393,-176.26977672482886
2.677386512600091e-6,224.70076956672094,3503.7657140840897,0.017850236031465894,-0.0068471983576498295,3.2008842415933284e-6,365.2564368188629,3624.40251950657,0.02817909209431701,-0.0030823497219127183,4.229038546769808e-8,1049.93461180734,-408.72718431406076,2.342590370858743,-2.9236553465795896,0.0007722146606773825,4343.347924736112,387.2099010656804,0.010824137628040827,-0.040594903699064544,-176.37876507070717
2.6843882538767864e-6,224.7007695605403,3503.7657140967904,0.018253921167454088,-0.006915106379998169,3.2027853747767755e-6,365.25643182731454,3624.402593507959,0.028478252840228147,-0.003148073529579948,5.461906173710189e-8,1051.729902485149,-293.3964100741629,1.406646504899187,-2.5565251636799196,0.0007677110801692741,4342.722368459658,387.1605513823259,0.010902358243579918,-0.041402057686655676,-176.46337563424467
2.6903417889812346e-6,224.70076955430568,3503.7657141121017,0.01858413541795236,-0.0070049726563069055,3.2042497784273854e-6,365.25642626528673,3624.4026745162814,0.028717325081368535,-0.003228024401884475,6.093741604509013e-8,1053.5282629432868,-281.4814852198518,0.8771104137750445,-2.4986752383354793,0.0007642722094369243,4342.111228968398,387.5231795128602,0.011013234647806854,-0.04211516961906206,-176.52780250130743
2.6954126788528352e-6,224.70076954943997,3503.765714101332,0.0188383395251763,-0.007078875775781116,3.2052617891639867e-6,365.256420009437,3624.4027642162487,0.02889670331416767,-0.003293633826303782,8.852761783381253e-8,1055.3296984307926,-61.44356504919051,0.41919046819555933,-1.8134937047321185,0.000761938692081892,4341.49562985302,388.06826497624763,0.011197188195472442,-0.04274167296732669,-176.58181495707717
2.6993986655720806e-6,224.70076954370717,3503.765714131395,0.01905176581293157,-0.007175565577679833,3.2060607334507307e-6,365.2564129496548,3624.402864150259,0.02904170427678926,-0.0033747287084647903,9.500981799374841e-8,1057.1342142056812,-56.43112123884367,0.21730936718248878,-1.769003690243751,0.0007601588946367146,4340.956938682664,388.8504908672226,0.01137443641907721,-0.043274140529770445,-176.62257056435934
2.6594519004606543e-6,224.70076949352446,3503.7657157640438,0.020534572196825918,-0.006885729230801935,3.2173304483982846e-6,365.2564049629494,3624.402981784718,0.030229057675372272,-0.0031672243435153236,1.5897942526394041e-6,1058.9418155349567,78.8521682524628,0.11302359842718639,0.051918936928895536,0.0007457985221992001,4344.516351094446,383.5045669519132,0.009255508486484331,-0.043497998212868254,-176.57229174556744
2.663029292857752e-6,224.7007694771924,3503.7657161353386,0.02100338809138614,-0.006852473626768341,3.21984219293806e-6,365.25639559381966,3624.4031138304927,0.030576422491466856,-0.003148071544684449,1.7155439059132047e-6,1060.7525076946329,1124.938218795684,0.11243600879045271,0.046695506914211114,0.0007419180874963426,4345.2291159505185,381.47265119406956,0.009024266949612426,-0.044010287892761395,-176.51155453706872
2.6659153461707827e-6,224.70076946153694,3503.765716502195,0.021432328257937974,-0.006806567378493461,3.2220724796203973e-6,365.25638469022914,3624.4032667628962,0.03089282078703068,-0.003118143750095227,1.8537530420374677e-6,1062.5662959697413,1112.254027078292,0.11220129193703358,0.0423534788325908,0.0007386302930669091,4345.9179325604155,379.5715781841422,0.008845408431097938,-0.0444511046809251,-176.4456856662567
2.6681139993543787e-6,224.70076944659067,3503.765716860542,0.021820770848674363,-0.006747923966287432,3.2240009447598428e-6,365.25637188893353,3624.403445672466,0.031177697269697147,-0.003077294874617397,2.0074986807685436e-6,1064.3831856543522,1099.6944317188518,0.11236617041113962,0.03870644526218395,0.0007358872499492837,4346.570359243101,377.7937747487447,0.008718041408500205,-0.04482885839398333,-176.3768174588812
2.669653585730724e-6,224.70076943230947,3503.7657172087106,0.022171746231311643,-0.006680159860651158,3.2256290717235065e-6,365.2563567134007,3624.403657210085,0.03143342461178428,-0.0030284659621626973,2.1804074252602382e-6,1066.2031820515874,1087.2290384205078,0.11298572032758798,0.03560124008965977,0.0007336080405841041,4347.16239313748,376.2023471652954,0.008633353423313016,-0.04514599051531981,-176.30710754881667
2.6705051651069312e-6,224.70076941872966,3503.765717542515,0.022481145484091893,-0.0066053911758853084,3.2269079605940653e-6,365.2563385343914,3624.403910111377,0.03165669605541204,-0.0029731226512604214,2.376733025446124e-6,1068.0262904736371,1074.8342608242824,0.11411840863266344,0.03291819555007345,0.000731796279995851,4347.6703382982505,374.84816891517875,0.008594539049779772,-0.04540445297620814,-176.23889290144444
2.670681139454407e-6,224.7007694059377,3503.7657178550553,0.022748102715332966,-0.006526777452860556,3.227800858782161e-6,365.2563165061163,3624.404216084594,0.03184677240128925,-0.0029136345882630537,2.602429799151874e-6,1069.852516241775,1062.493431656714,0.11581351335263447,0.030537970893376225,0.0007304106908849977,4348.06521767827,373.7925430897372,0.008596157192225206,-0.04560842925352105,-176.17485896169111
2.6702094505902672e-6,224.70076939374655,3503.7657181465534,0.022974041589046923,-0.006446030016006864,3.228279899532854e-6,365.25628945152374,3624.404591407177,0.03200479826182894,-0.0028513126955029807,2.865830090093183e-6,1071.681864686373,1050.19506276688,0.1181232708427965,0.028344657853694014,0.0007294000831566196,4348.341967681516,373.04322839984803,0.008629783305109218,-0.045763071910231705,-176.1182583828759
2.669054496097009e-6,224.70076938232936,3503.7657184069485,0.023151798906902103,-0.0063695204326713745,3.22824384948692e-6,365.2562557490005,3624.405058407342,0.032125187930251965,-0.0027908932395517695,3.1774027468974033e-6,1073.5143411469182,1037.9228488520114,0.1211107629428584,0.026255862200465635,0.0007287824099439452,4348.451608037435,372.7411414768395,0.00869477149324414,-0.045864779974644825,-176.0732374628081
2.667239462046089e-6,224.7007693717608,3503.765718627087,0.023281004220521973,-0.006300293619222375,3.2276214505368905e-6,365.25621306448187,3624.405649196797,0.032207795557484084,-0.002734564136043406,3.5532301668528653e-6,1075.349950972027,1025.6574843114333,0.1248155466950571,0.024187045412614377,0.000728503868295071,4348.35647453665,372.97635869471156,0.008779432757701633,-0.04591588466365332,-176.0453770311765
2.6647718811394096e-6,224.70076936225468,3503.765718791302,0.023356856610768983,-0.0062450913688197685,3.2262793351419018e-6,365.25615803915866,3624.4064098000945,0.03224905720874874,-0.0026872818919391546,4.0160246442424846e-6,1077.188699519462,1013.372137764546,0.12926545866275496,0.022074003678451654,0.0007285138043640799,4347.993171196684,373.9233041062122,0.008866221062360763,-0.04591493204416207,-176.04265217870665
2.6616899107213577e-6,224.70076935423694,3503.7657188761154,0.023378091365181264,-0.006203656424477857,3.2240621963049736e-6,365.2560856572773,3624.407408768939,0.032248313293328584,-0.002648350549549015,4.601391486036879e-6,1079.030592156147,1001.0363502179531,0.13443602918052727,0.019850165218616992,0.0007287243075611008,4347.284897537876,375.74891890467,0.008932530778082981,-0.0458628699661839,-176.07721980471007
2.6579743492226437e-6,224.70076934896778,3503.7657188270327,0.023337008644360054,-0.006188341235049124,3.2207026711112955e-6,365.25598855194085,3624.4087458846875,0.03219985607718383,-0.0026266350966327834,5.363202673498876e-6,1080.8756342581823,988.6093724763298,0.1402031094069033,0.017459565050014912,0.0007289772572119331,4346.022719349601,379.0004735149447,0.008929952930001943,-0.045749582245922564,-176.16886865991447
2.6535425522056302e-6,224.7007693493573,3503.7657185357143,0.023214999801142402,-0.006207558921681743,3.2157570307725177e-6,365.25585607409096,3624.410563045271,0.03208924718429599,-0.002627043191465602,6.385717952795035e-6,1082.7238312108614,976.0397172003006,0.14622141317009538,0.01487810990862005,0.0007290800943511692,4343.8457707832395,384.5385673286354,0.00879009574031723,-0.04556112375176454,-176.3518034127169
2.6478725700782268e-6,224.70076936271855,3503.765717762145,0.022943288855080502,-0.006290380565467274,3.2083455324389844e-6,365.25567467634244,3624.4130317317863,0.031861965662513744,-0.0026687305098748054,7.793871197686013e-6,1084.5751884086849,963.2634064751215,0.15171740447289145,0.012101443820964522,0.0007290129944210569,4339.936506569019,394.40825679854925,0.008430983456353368,-0.045237078306281577,-176.68764970077729
2.638938995856298e-6,224.70076940870072,3503.7657159359314,0.022261124279911934,-0.006518573372162699,3.1964373426735773e-6,365.25543691872303,3624.4162005389044,0.03131030558266921,-0.0028064396121549834,9.724627668866542e-6,1086.4297112553804,950.1812183842379,0.15503638887237708,0.009147921427822545,0.0007300531714752868,4332.420467676025,413.4109890753015,0.007883682290622715,-0.044574908745721044,-177.28622045757177
2.6201442488737125e-6,224.70076953934029,3503.765711747001,0.02029388016723232,-0.007112247651355787,3.175480178359523e-6,365.25519083896666,3624.4191941507183,0.02973862161015439,-0.0031881863494159497,1.2060925424385645e-5,1088.2874051639126,936.5520964117169,0.15251706327411285,0.005990318797006531,0.000739099385130549,4316.998300240311,452.9924376413482,0.007896242897570637,-0.042912725582389386,-178.30873281293566
2.5778001048962554e-6,224.70076985609853,3503.7657032759857,0.015034049028757475,-0.008425584426165035,3.1402379889683367e-6,365.25520975713283,3624.417373319806,0.025556617056700582,-0.00404741023204909,1.316118151086459e-5,1090.1482755565025,921.3209862287189,0.1361463547598084,0.0023652587563074427,0.000779272100042462,4286.597654817724,532.8269026163447,0.011512911822165564,-0.03878914038877211,-179.7743101788808
2.5329280396221416e-6,224.70077028860942,3503.7656936757426,0.008173051136987602,-0.009762855252267244,3.1135525279177526e-6,365.2558538686982,3624.402861674474,0.02010677408291465,-0.004915637485709853,9.19047959254957e-6,1092.012327864643,897.2479602199937,0.09851020595349579,-0.00577838099496461,0.0008502570552452836,4249.764896664068,628.6879777715155,0.018912589147332227,-0.033821135950822055,-180.99468095639259
2.5212861993837397e-6,224.70077059491632,3503.765687898156,0.005431608368182705,-0.01039560352597237,3.1236998205005326e-6,365.2567001412816,3624.360193087799,0.01793917675921436,-0.0053978957259690034,1.0386000052474463e-7,1093.8795675291144,-11.363233348232386,5.974088441722025,-0.1786783382896552,0.0008899105235325183,4233.666761535383,671.2198457958727,0.023058947866074476,-0.03202867515492057,-180.96738981485694
2.5359932900829054e-6,224.7007706426904,3503.765687510369,0.006644555308557742,-0.010302593315348697,3.143318834333051e-6,365.25720500388144,3623.9639128544104,0.019124704498623323,-0.005518869284984984,4.504289588918516e-6,1095.7499999999998,698.9920277531032,0.17401992892327278,-0.14111216576223337,0.0008450077096182249,4236.23896499866,660.3563670499396,0.019716082030767055,-0.030720905331555307,-182.54173973406924
