mu_1,P_1,t01,ecos1,esin1,mu_2,P_2,t02,ecos2,esin2,mu_3,P_3,t03,ecos3,esin3,mu_4,P_4,t04,ecos4,esin4,lprob
2.1136948162244807e-6,224.69834723111708,3503.8297087265873,0.01107978057376695,-0.007301817452561264,3.0920923593453242e-6,365.2582573403814,3622.9732053150988,0.02223415727307101,-0.0045585318620608925,1.5671554437780862e-8,730.4999999999997,543.8649417895363,0.0067417122464296445,0.008995864460063473,0.007164097790365992,74717.70723785493,182297.31118694902,29.770131434180882,-49.803559557337465,-243.3216699532579
2.197564123612445e-6,224.70076851281732,3503.765637106435,0.012498856608041856,-0.009771446661912046,3.0575219943963728e-6,365.22851976842924,3624.8109155398633,0.02330817744249926,-0.004309660296759682,5.563394608015542e-7,731.4912815421117,-44.912587522411975,0.2777325686245702,0.10961128585597825,0.0008244735446788624,4252.179125685986,568.699371926019,0.022071118065677624,-0.04306792211141681,-175.24522377835487
2.211232505446521e-6,224.70076841069402,3503.7656418837737,0.013347087936153459,-0.010369168091556366,3.070810330753968e-6,365.24750291816486,3624.5405203850873,0.024077888973739633,-0.004972029138369088,7.689964104220636e-7,732.4839082438338,658.897886420689,0.16777659047462207,0.039488158749690465,0.0008151582844108363,4260.829999611094,555.3686482224709,0.020989864143013532,-0.04307884430640164,-175.04967250428072
2.2162048110555995e-6,224.7007683328504,3503.7656453520144,0.013635954836841989,-0.010983250655123383,3.075804938273556e-6,365.25221355444694,3624.470237465572,0.024375235575265358,-0.0055619448111285,7.456604250614957e-7,733.4778819305361,641.7377335211224,0.14550923113707873,0.025051875600570102,0.0008087359166889493,4263.446396437639,554.3472419137836,0.019889911945736527,-0.04292460222740305,-175.11179278315743
2.218196859561426e-6,224.70076827846916,3503.765647704375,0.013830808491026756,-0.011526150549166184,3.0786840118422463e-6,365.2540405382707,3624.441945407046,0.024580362878155713,-0.00606821311806543,6.499290820989575e-7,734.4732044300633,624.4961230707927,0.1378007157870762,0.022162599848482515,0.0008027134469788429,4264.530960096479,555.5233515283909,0.018843779283739003,-0.04286931048388653,-175.23531987236797
2.218162215556133e-6,224.70076825065553,3503.765648939757,0.014010743370241814,-0.011964657046854742,3.0810111733541216e-6,365.25496597187254,3624.4271144749437,0.024756549570634213,-0.006471655217682703,5.686144896701387e-7,735.4698775727428,605.5740115313089,0.13029113485907112,0.02101169713789497,0.0007968652572760686,4264.76502133707,557.3583198676668,0.017879033238213306,-0.042930020880452974,-175.37197466149246
2.2154018210688584e-6,224.70076830136856,3503.7656471055643,0.014066041177433122,-0.010985532110190809,3.082746949665571e-6,365.255662584897,3624.4109112968144,0.024744403445809644,-0.0057231265064833555,4.4681318960115007e-7,736.4679031913829,338.2506304382232,0.10017832129475338,-0.06130878718758653,0.0007993057702355995,4262.986506548925,554.2175682912531,0.018315893972074285,-0.04396359078328407,-175.48854110046048
2.2145405504007284e-6,224.70076829195443,3503.7656476250886,0.014093900870044937,-0.011069937047533507,3.0837221230924834e-6,365.2559255442889,3624.407735419841,0.024762055922448404,-0.0057732746294091326,5.136106546942256e-7,737.4672831212823,327.75783726857253,0.1012358967766094,-0.04479855625454193,0.0008008479897916721,4264.24694967242,552.5508407638898,0.01845830188472468,-0.043828163970400034,-175.40688309937494
2.2128783763425947e-6,224.7007682875129,3503.765648077642,0.014034829601561192,-0.011210329613387682,3.0842338050673977e-6,365.25610032010457,3624.40563659975,0.024712879582727974,-0.00586604350306227,5.757613973958469e-7,738.468019200227,316.73814134373805,0.10168727060218341,-0.03385551065571506,0.0008037072479649126,4265.660124586274,551.2107354416078,0.01867335956034619,-0.04358441201432678,-175.31545420697162
2.2098680832691652e-6,224.7007682924284,3503.765648350968,0.013846442998989274,-0.011391602483908895,3.0839963441747127e-6,365.25622405609903,3624.404177419695,0.024564009827565046,-0.005986096496866791,6.368933526748161e-7,739.4701132684996,305.86012668502934,0.10158111136016452,-0.026067428675653433,0.0008084617122055784,4267.1461442240625,550.2876299310997,0.01902382780070806,-0.04321042086026909,-175.2090322941603
2.2048930450071874e-6,224.70076831010783,3503.765648360358,0.013480139870202367,-0.011580291544668993,3.082698726747227e-6,365.25631612176204,3624.4031207251633,0.024277888735495197,-0.006104319936545149,6.997700191502107e-7,740.4735671688774,295.3579039670491,0.10096512001307847,-0.020210812494057716,0.0008156848771907237,4268.553434299597,549.8763679031667,0.019565567098010963,-0.04269348052482891,-175.0833633878913
2.19743913670654e-6,224.70076834283935,3503.765648039569,0.012894906469719464,-0.01173577853995402,3.0800842043719697e-6,365.2563868692817,3624.4023322894786,0.023822944106213193,-0.006186834255046346,7.67136970032076e-7,741.4783827466409,285.2181628492058,0.09990694313160824,-0.015597807537925699,0.0008258407407493706,4269.670202974867,550.1187943362431,0.02033052009109919,-0.04203087501941373,-174.93295405696236
2.197663524243212e-6,224.70076838169746,3503.765642649438,0.012994500057684526,-0.014222681316793245,3.077221121751735e-6,365.2565127945464,3624.4007788224244,0.02399135580446439,-0.008277581958349479,1.1295864382313297e-6,742.4845618495722,468.8543319022956,0.08914140480968227,-0.03148492522724148,0.0008220801366698525,4271.571918660585,565.5251354776883,0.017472881311690766,-0.040372661505096,-174.50021428241357
2.1949523350976016e-6,224.7007684165169,3503.765641229736,0.012497023586982348,-0.014838370313649745,3.0745581784687932e-6,365.2565747890487,3624.3999536038536,0.023615459099732058,-0.008726228118111917,1.2979688368251316e-6,743.492106327963,458.110572515498,0.09015931626695241,-0.036012560726260315,0.0008335191431866045,4273.240423613172,568.9682077865406,0.017334669164510312,-0.03919773943408594,-173.80849649709126
2.1916561108800142e-6,224.70076847708876,3503.765639320315,0.011896611529778138,-0.015424751859219554,3.071560469773652e-6,365.2566205692918,3624.3993863349347,0.023169990643002323,-0.009136889435636413,1.4585617210522616e-6,744.5010180346137,447.63587634664714,0.09102238103527033,-0.039442662023085114,0.000845974123435928,4274.3962298702045,573.4415478837486,0.016973209745608737,-0.03785773287341056,-172.96448480661934
2.188557897088858e-6,224.7007685602093,3503.7656370409914,0.011255568449224042,-0.01587604899677433,3.0685514873288153e-6,365.25664559583913,3624.399120781254,0.022702914819239504,-0.009429670569596054,1.5914447947067867e-6,745.5112988248413,436.9837724019624,0.09189741721435524,-0.0415701535052879,0.0008587283477823332,4275.125608291431,577.916696936643,0.01641469079322401,-0.03647205210488097,-172.01612215153946
2.186298229896964e-6,224.70076865452444,3503.7656346944686,0.01063814618975179,-0.01606945186357972,3.065787552842585e-6,365.2566484237121,3624.399166466217,0.022259752470607744,-0.009513090164733574,1.6762227756854784e-6,746.5229505564778,425.94426977502076,0.09297089150943047,-0.04221540547079002,0.0008713054313173807,4275.634211326968,580.9379623675817,0.015801621995946053,-0.035214788029470256,-171.04556113348679
2.184791918878248e-6,224.70076874521124,3503.765632632164,0.010062794127892983,-0.015928108801639054,3.0632150528503916e-6,365.25663245007655,3624.3994697839394,0.021848075638819346,-0.009331524382343921,1.7041929340728553e-6,747.535975089879,414.4653236376871,0.09428168436999836,-0.04133630794418734,0.0008839206209813545,4276.130310383716,581.3908809942775,0.015365014625038689,-0.03423339443343327,-170.14576821128887
2.1833493742120023e-6,224.7007688207089,3503.7656310855814,0.009499398930158488,-0.015458486143583538,3.0605137026327325e-6,365.25660466987176,3624.3999293596253,0.021438045125120552,-0.008893096547032605,1.6828802837358e-6,748.5503742879232,402.5844052408435,0.09570809743658118,-0.0390833591707095,0.0008972439911525472,4276.730705837062,578.9943906907667,0.015304575555469368,-0.03359079857455467,-169.38407229947956
2.18123247290776e-6,224.70076887562237,3503.765630112638,0.008908291648182076,-0.014750025221206109,3.0573719312131085e-6,365.256572515747,3624.4004396655328,0.020994759851404633,-0.008269755318577186,1.6298153126388544e-6,749.5661500160163,390.37438356738454,0.09707596796375889,-0.035794459025329496,0.0009117204219936476,4277.4628749121675,574.2683865355935,0.015671906450438745,-0.033262141083365615,-168.7824685768017
2.1780343038292658e-6,224.70076890997652,3503.765629641715,0.008270294452249295,-0.01392801941881901,3.053670032602894e-6,365.25654140399354,3624.4009249712626,0.020502125806906028,-0.007560989786306483,1.563323634799144e-6,750.5833041420982,377.9076178448509,0.09825754034911777,-0.031887772825787135,0.0009272765588957494,4278.284006520184,568.1554333560089,0.016374126391701344,-0.03317475145746446,-168.3259958764991
2.1738032220624457e-6,224.7007689261717,3503.765629557804,0.007603682065416529,-0.013110055985390636,3.049557452698783e-6,365.25651412346747,3624.401347343129,0.01997503770513441,-0.006860817971978863,1.4965687179601075e-6,751.6018385366401,365.2385467258999,0.09922818349352612,-0.027758159728882497,0.0009431891892563008,4279.129878370713,561.5829710307631,0.017224042360291514,-0.033263989442006064,-167.98398696891908
2.168776813801293e-6,224.70076892735025,3503.7656297463955,0.006939921657555412,-0.01237771145219916,3.0452786735081053e-6,365.2564915526852,3624.401695977179,0.01943962212617699,-0.006234937115102197,1.4374922742967069e-6,752.6217550726549,352.4046953248219,0.10002102733010945,-0.023704221477853192,0.0009585897018167823,4279.929650892282,555.2457028806537,0.018042024054723174,-0.03349099700805482,-167.72714854428807
2.1631679632789883e-6,224.70076891630373,3503.7656301180045,0.0063092972295653235,-0.01177383900817372,3.041070284070839e-6,365.2564735017457,3624.4019750239027,0.018921369235536,-0.005718294908071575,1.389912956563181e-6,753.6430556256937,339.4278219137997,0.10069067737141799,-0.019916927670563658,0.0009727387733917625,4280.613864115689,549.585563111442,0.018704940773457312,-0.03384147238008014,-167.53582329724978
2.157160281207043e-6,224.70076889528477,3503.765630604295,0.005738672902491993,-0.011315694315350993,3.037139589262786e-6,365.25645936691774,3624.402194216387,0.018442969438776952,-0.00532568358763822,1.3551015434447407e-6,754.6657420738561,326.31954948510617,0.10129955311706532,-0.016513622942774697,0.000984961021248844,4281.121854935603,544.8180030065018,0.019131853555850994,-0.03432578179049216,-167.40252181419996
2.1508536953604924e-6,224.7007688663882,3503.7656311482083,0.00525024357133154,-0.011007486289552112,3.033664930731796e-6,365.25644847377254,3624.4023640010673,0.01802359942211244,-0.005061758715416786,1.3326995734643574e-6,755.6898162977869,313.0883936857713,0.10190990510779595,-0.01356931802619791,0.0009946091051931236,4281.359250656359,541.130844725471,0.019275126730584968,-0.03496240998680489,-167.33254448603628
2.144314110027791e-6,224.7007688320761,3503.7656316915977,0.004864235300557227,-0.010839809664871023,3.0308135023040682e-6,365.25644021704477,3624.4024935751495,0.01768119228498491,-0.004920488095579056,1.32090807908264e-6,756.7152801806864,299.7457780605845,0.10258524893120598,-0.011113825872382044,0.0010010084438152574,4281.1972329817445,538.6545127172951,0.01911774310892429,-0.03577780714691608,-167.3448282610935
2.137632967879555e-6,224.70076879517453,3503.76563218079,0.004606279440494745,-0.010804650422165094,3.028803653275147e-6,365.2564341189834,3624.4025900660686,0.01743885164995333,-0.004897884644563803,1.3160611851619407e-6,757.7421356083066,286.32012276415674,0.10340408564850018,-0.00916358543312849,0.001003216832891582,4280.457995395334,537.6191171171927,0.01864429211939068,-0.03678826617498053,-167.4734383601374
2.1309150549110563e-6,224.70076876021145,3503.7656325519893,0.004502543528955692,-0.010877221853489789,3.027883163238866e-6,365.2564298294619,3624.4026585292872,0.017321635015756582,-0.004976864248590568,1.3114755618194553e-6,758.7703844689623,272.87290317872237,0.10444571361538305,-0.0076662791394987335,0.0010002504691473777,4278.897066765939,538.3161058353575,0.017883556644503956,-0.03797696211442909,-167.76814452077355
2.124331820736206e-6,224.70076873257406,3503.765632771378,0.004579267643957963,-0.011024328252383015,3.0283382423599038e-6,365.25642710294517,3624.402702286072,0.01735666744903031,-0.005134270011553963,1.2959974332405447e-6,759.8000286535273,259.52000954245574,0.10578168443852344,-0.006497301341437837,0.0009911848874579676,4276.282603052965,541.1056120294555,0.01691123544041524,-0.03924665052809828,-168.28912581806304
2.118157218088052e-6,224.70076871642414,3503.7656329052716,0.004853574171676714,-0.011195352322042405,3.0304167478619146e-6,365.256425740281,3624.4027238607077,0.017565380731114282,-0.00533246833590523,1.2531461714203337e-6,760.8310700554443,246.4500920958397,0.10743723367099751,-0.005392507394116961,0.0009758412349337218,4272.61091589713,546.0827159278574,0.015911918648209542,-0.040364124571614715,-169.08648818767549
2.112960154978371e-6,224.70076870970794,3503.765633218954,0.005331990742269854,-0.01132752753478012,3.034240430320831e-6,365.2564255171575,3624.4027263041567,0.017959321608835285,-0.005521514177664617,1.163617929851392e-6,761.8635105707225,233.91478360620724,0.10934846220362875,-0.003880224313883135,0.0009554523152008819,4268.484346380414,552.433947111286,0.015204327355306548,-0.04095988221472624,-170.15745756502514
2.109700096535688e-6,224.70076869957722,3503.765634205561,0.006009292580180535,-0.011351553563199989,3.0396836720715323e-6,365.25642614500896,3624.4027142064415,0.01853461695809379,-0.005639509858385067,1.0134272947063779e-6,762.8973520979469,222.21940695687843,0.111292833097048,-0.0011335505167926019,0.0009331681658316294,4265.425507523568,557.6570534783813,0.015225450814172207,-0.04065119699318611,-171.39729950799966
2.1097013606215047e-6,224.70076866861075,3503.7656362968537,0.006877662168915455,-0.011202840161410755,3.0463649505605184e-6,365.2564273584733,3624.4026926733422,0.019274730065776152,-0.00561861252959805,8.044739174631229e-7,763.9325965382757,211.71795041210495,0.11275570481918565,0.004382164079447397,0.0009129237333128455,4265.318478674168,558.0620792438832,0.016340388269532366,-0.039362183248940696,-172.59517345545922
2.19209025163349e-6,224.70076834755773,3503.7656454646467,0.016885307398374665,-0.011552019970069745,3.1054324272085822e-6,365.256432896525,3624.4026092456884,0.027174126073068596,-0.006123116331560957,3.508927613925996e-7,764.9692457954503,708.6459976500281,0.19308444019105214,-0.026873828935400915,0.0007612831029555833,4270.1960785094425,524.7220952899821,0.02030318377557711,-0.05125462935588662,-173.4750891124313
2.16602291541662e-6,224.70076837604665,3503.765648448005,0.018216700965067938,-0.010228205271739203,3.1156369021925485e-6,365.2564365667705,3624.4025554365,0.028182592112890956,-0.005018565317442642,4.5265033610458016e-7,766.0073017757921,682.7459060157729,0.18750602452372603,-0.009979667684814666,0.0007479224214630391,4273.697497265634,520.5077183844692,0.023059263785653178,-0.04705267178853954,-172.9601679034383
2.131132956165715e-6,224.7007684339751,3503.7656491153048,0.01735213744209184,-0.00931505397015693,3.110652645406463e-6,365.25643944273276,3624.4025144234506,0.027442131960483077,-0.004176829245108757,5.549262796304012e-7,767.0467663882129,665.0258506557482,0.18038070522188313,-0.004424186710329443,0.0007606221580923479,4275.693249630582,519.9923000307908,0.02572897744818895,-0.04320508597386836,-172.18268931018594
2.0948075202360147e-6,224.70076849997866,3503.765648642228,0.015373871605445323,-0.008635111260116794,3.0978260480396224e-6,365.2564415360173,3624.4024856648225,0.025819822015850286,-0.0034885602396416246,6.238985543725332e-7,768.0876415442119,649.9017605766003,0.17511892770633541,-0.0010438871999230502,0.0007882490810376356,4277.603277717824,518.9720331566665,0.028206163611546434,-0.0398612327249827,-171.33969665280142
2.061476531665932e-6,224.70076856130083,3503.7656476749803,0.012929563418695618,-0.008145932406724048,3.0815928096144685e-6,365.25644297854916,3624.4024668247093,0.023832922487141934,-0.0029413930324739706,6.612094577320001e-7,769.1299291578828,635.6191208050072,0.17133697515643437,0.00197095703325062,0.000824864136782882,4280.0896665030805,515.9150261338211,0.030355848117110347,-0.037044609287455295,-170.52553723355
2.033423460498422e-6,224.70076861013064,3503.7656466043422,0.010480829640084897,-0.007831556585034998,3.0650496430900617e-6,365.2564440062366,3624.4024540355117,0.021846484433517308,-0.00253743344052739,6.7763890874643e-7,770.1736311459184,621.6209951613255,0.1689813680673977,0.0049397476562970865,0.0008650713161284727,4283.188687114831,510.7428358654507,0.03209039559958695,-0.03481737952583763,-169.770405705572
2.011077720472922e-6,224.70076864362366,3503.765645620708,0.008254030173009921,-0.007661507359421535,3.0497083841549326e-6,365.25644482536933,3624.402443882114,0.02003870565451248,-0.0022600033128816026,6.835849754868527e-7,771.2187494276101,607.7587524966915,0.16794315848367547,0.007901436484606906,0.0009052222120122849,4286.717144717378,503.9024595973202,0.03340753098425046,-0.0331646737728779,-169.0739233147077
1.994117148265458e-6,224.7007686617258,3503.7656447904046,0.006311629753941919,-0.0076018701752131315,3.0360174039748434e-6,365.25644557108495,3624.4024339972184,0.018459934522056746,-0.002085170690336593,6.854414726054975e-7,772.2652859248561,594.0340568901435,0.1680684671246754,0.010807484610565625,0.0009434869329469104,4290.475627150206,495.940385740691,0.03435182501663436,-0.03201573040163253,-168.42900305196437
1.9821508782340735e-6,224.7007686657426,3503.765644115078,0.004635819261213823,-0.007614671822616404,3.023921538669653e-6,365.2564463178061,3624.4024229345305,0.017098955206214513,-0.0019833164179258295,6.855651350696129e-7,773.3132425621601,580.5009763582893,0.16928120461823368,0.013602540494263937,0.0009793898863876833,4294.321550765924,487.28218329309624,0.03499711113527664,-0.031281999340758544,-167.83296990895866
1.9750625721781396e-6,224.70076865788306,3503.765643554765,0.0031848633471649106,-0.007662082681188047,3.0132326494030644e-6,365.25644710157934,3624.4024098825707,0.01592703099732751,-0.0019242484144170197,6.828459270847254e-7,774.3626212666401,567.2333589649284,0.1717086415061245,0.01627817678058173,0.0010131241664484408,4298.145125596164,478.2771278240589,0.03541394705885168,-0.030881922317123202,-167.2901480897369
1.972899663637639e-6,224.70076864108262,3503.765643048332,0.0019146097579844693,-0.007709076927297693,3.0037653876472685e-6,365.25644793474635,3624.4023945505173,0.014913680416099017,-0.0018796699592034663,6.740745868295245e-7,775.4134239680261,554.3010472787491,0.1757008807519424,0.01892307301277927,0.0010452204894760776,4301.855426162647,469.25644403548347,0.035666034794480474,-0.03073714083072163,-166.80932793756907
1.975620626510409e-6,224.70076861910195,3503.7656425208293,0.0007828657683696629,-0.007728926622553264,2.995349295605126e-6,365.2564488163724,3624.402377092739,0.01402871691886976,-0.001827251657094817,6.556289205476466e-7,776.46565259867,541.7599980886904,0.18180862788186367,0.021726550640867228,0.0010763779016856436,4305.354674753514,460.6072812844935,0.035810028997359036,-0.030767473817648203,-166.39830890786152
2.019256376598089e-6,224.70076861304562,3503.765642768373,0.002218060252221391,-0.006527665316684219,3.0102965945691544e-6,365.25644931798143,3624.4023754857685,0.01540536041848973,-0.0007625611179908969,1.2719557658638186e-6,777.5193090935425,-47.59254236842005,0.10043435282442569,-0.010240388884878437,0.0010448517707711614,4313.360010164338,437.8417975884103,0.03154136482564082,-0.03236332204353683,-165.84329973109683
2.0129678696400514e-6,224.70076857577195,3503.7656426981116,0.0012304952927673278,-0.006409928200428376,3.0035696731427466e-6,365.256449970194,3624.4023600961837,0.014635049350826636,-0.0006175225342128674,1.3401377509449843e-6,778.5743953902435,718.5530383831292,0.09779130799195938,-0.009089065640130841,0.0010742569741867462,4317.0991284383435,429.37129593544915,0.03139220697560312,-0.03224302194763493,-165.30089211126963
2.009484826117829e-6,224.70076853791673,3503.7656424432735,0.0002840459614737988,-0.0063524768339202516,2.997350682311908e-6,365.25645063433797,3624.402343845335,0.01391377857275329,-0.0005376696360900602,1.40075196461976e-6,779.6309134289988,707.5843782117154,0.09474947902368816,-0.007800543843344124,0.0011053160149532499,4320.362083167715,423.0113902434203,0.031234928292607326,-0.032067014939027666,-164.89150894372227
2.0085172689798425e-6,224.70076850309616,3503.765641969484,-0.0006317962436977884,-0.006355167262873906,2.9915165396871805e-6,365.2564513163991,3624.402327572834,0.013229841659984252,-0.0005197296376962269,1.4552258939409673e-6,780.6888651526704,696.9439766007224,0.09136920498550147,-0.006443955684870681,0.0011382259057266296,4322.955029717801,419.12507858111104,0.031107221591862688,-0.0317925643870969,-164.60838049898553
2.009540678053207e-6,224.7007684751711,3503.7656412437586,-0.001520870848084358,-0.006408711574329946,2.9859692581020844e-6,365.2564520190147,3624.402312004751,0.012575198758384554,-0.0005530198744221307,1.5058486095942697e-6,781.7482525067533,686.5208546929764,0.08774848475194755,-0.005095944613693823,0.0011727771750640657,4324.707454553984,417.8157713706696,0.03102114301595296,-0.031412634231233305,-164.43861070291442
2.011863193275242e-6,224.70076845868203,3503.7656402137704,-0.0023847707865213607,-0.006501907161385168,2.9806380062598226e-6,365.2564527420883,3624.4022975908247,0.011943600899267286,-0.0006256667471459103,1.5540011568614008e-6,782.809077439386,676.1978803930439,0.0839664919548667,-0.003835134143845182,0.0012084179096577285,4325.4089894410035,419.2160387880112,0.03097199502885098,-0.03094091097000405,-164.3732741525756
2.014726206504614e-6,224.70076845908392,3503.7656387983525,-0.0032225364863055876,-0.006622897888292167,2.975499291430355e-6,365.25645347699316,3624.402284606175,0.011331409218282932,-0.0007260802271795138,1.5991308808911192e-6,783.8713419013474,665.8715186814962,0.08005188012826331,-0.002727710225600179,0.0012441771335829294,4324.810424689598,423.5645678703546,0.03093349195290747,-0.03040278353338815,-164.41258773971762
2.0172850272017253e-6,224.70076848262497,3503.765636894997,-0.004038223265508818,-0.006764109415143385,2.9705273081546764e-6,365.2564542020989,3624.4022732995904,0.010732016049208825,-0.0008460237404097031,1.6386903483593787e-6,784.9350478460666,-129.46623376461446,0.07596372806940255,-0.0018180556238899688,0.0012789163982043542,4322.623665684574,431.2756113648228,0.030879517651227283,-0.02981923022437821,-164.56529031944007
2.0188066176548406e-6,224.70076853538004,3503.7656344022807,-0.004837574549779613,-0.006916911078684691,2.9656979550676306e-6,365.2564548718776,3624.402264155302,0.010138246340547259,-0.0009760172554884784,1.6690286685133437e-6,786.0001972296211,644.9628081736607,0.07161931754843397,-0.0011033723723325839,0.0013113627036816548,4318.615616883435,442.6544878147053,0.030782630718412366,-0.02921455701364386,-164.84467223841386
2.1460587882982226e-6,224.70076885405217,3503.7656232677527,-0.008335878505432624,-0.006115446595908902,2.93559132017969e-6,365.25645571362975,3624.402247506905,0.007453321814064186,-0.00014067612010251708,6.491675981818552e-8,787.0667920107429,585.6001570233702,1.6812046803494014,0.7248868005382071,0.0014266733269313618,4309.04814009513,449.24989396475956,0.03589095344359211,-0.03084511210895117,-165.02768819321855
2.0553819103613337e-6,224.70076956320017,3503.7656123041097,-0.008576781682471103,-0.0057349773573902845,2.9462084668577406e-6,365.25645905754504,3624.4022175345194,0.007197734595114376,-0.00033101504775116054,4.0520176368560233e-7,788.1348341508244,226.52170350305238,-0.13371934153061388,-0.00918006028886483,0.0013066570407473724,4259.911661690134,548.1304445405333,0.03224870970180033,-0.028539409951559534,-165.0551115969059
2.0609269155641413e-6,224.7007697665862,3503.76560756511,-0.009647635074983379,-0.005527502980070146,2.9391539297388175e-6,365.25645871488877,3624.402226790795,0.0063558709350012505,-0.00019808118442047568,2.815692464259912e-7,789.2043256139162,162.71194286680873,-0.24112829005128378,-0.1376474478860434,0.0013044096274763327,4247.399543780649,569.293888269006,0.03121987310184021,-0.028522436395457307,-164.70402228390023
2.0585338381396834e-6,224.70076996186302,3503.7656028610795,-0.010860906540746973,-0.005405525991810232,2.9308797874085246e-6,365.25645817873516,3624.402236934239,0.005358299190569663,-6.777446310043545e-5,2.296693079396814e-7,790.2752683667376,133.89047046606152,-0.34789625449383454,-0.1979425881737338,0.0013151062937760874,4238.338361288341,583.9764756138962,0.03032860184990492,-0.028377964278141852,-164.49602742128033
2.0696524434369566e-6,224.70077020504834,3503.765596730728,-0.012003190557378408,-0.005096387569892005,2.9229197849523697e-6,365.25645733785774,3624.402249485096,0.004393339673092962,0.00015894026495421985,9.979877049115035e-8,791.3476643786731,156.57332194214302,-1.096135073953989,-0.13086126322926847,0.0013041355526048773,4225.889422431999,605.9502178635449,0.028640128839415337,-0.02906702699286723,-164.5174965670044
2.0866168733797682e-6,224.70077044788115,3503.765590418573,-0.013185973614709063,-0.004761742785495203,2.9144510781233314e-6,365.25645627212253,3624.4022647676416,0.0034158832953888915,0.00042354798619065684,9.742678032020269e-9,792.4215156217833,386.2715507242936,-12.979550662808556,0.7886525521558834,0.0012935269828783563,4214.530175018055,625.9473812285362,0.026789280845442846,-0.02989944951416531,-164.777182831387
2.102422753518764e-6,224.7007706691516,3503.765584280685,-0.01433702257813524,-0.004535079640657115,2.906260820732521e-6,365.25645503366604,3624.4022820228856,0.002471369677875974,0.0006417914488300243,4.377513058034391e-9,793.4968240708014,1857.8395606882807,-30.24918209912398,6.627360039064837,0.0012941381335249747,4206.056169939508,641.9084348388234,0.025069476965451656,-0.03060705968277739,-165.3816585489665
2.119130500101529e-6,224.70077089825296,3503.7655781418866,-0.015273018725076045,-0.004283633660066298,2.8999280660874273e-6,365.2564537566679,3624.402299758441,0.0017062178829200742,0.0008503575905301109,2.525947029590098e-9,794.5735917031434,5004.76412458051,-53.347098821188055,19.080259303633195,0.0012861765733710856,4196.7602322506655,659.7636948640705,0.023107990815663025,-0.0313687699257786,-166.40716690020062
2.134257208966644e-6,224.70077112107214,3503.7655724495016,-0.015866806157636488,-0.004030895657197452,2.896301078897905e-6,365.2564524963633,3624.402317207515,0.0012141388690876957,0.0010167949534781037,2.3742093634111645e-9,795.6518204989056,6988.968519665095,-56.29425134589018,26.914224194389273,0.0012655337032672122,4186.438450426717,679.6935122913047,0.02090197627036366,-0.032280707644041874,-167.8942024229556
2.144520989917067e-6,224.7007713093631,3503.7655679618188,-0.015951292397824293,-0.0038317927969430117,2.89637051233871e-6,365.2564512827466,3624.402333956664,0.001119075247535246,0.0010877534559623116,2.1631066304724616e-9,796.7315124408747,8854.754135787522,-59.75575086368203,34.26655299356497,0.0012283934904488447,4175.447400409022,700.7422493570384,0.018459518626424882,-0.03347118221984608,-169.82513553444022
2.1464972136877527e-6,224.70077141121976,3503.7655658912317,-0.015267493481924271,-0.003801925918812604,2.9015542623508438e-6,365.2564500591586,3624.40235081277,0.0016200117660051844,0.0009721605461758113,6.156170532631161e-9,797.8126695145241,3369.2645137554555,-19.517717149239658,12.657325323579183,0.001173167361033557,4165.310568807757,719.9847148399348,0.015876360459418058,-0.035077684637495124,-172.10007755667755
2.1397382058160405e-6,224.70077134833275,3503.7655679507225,-0.013385376412091317,-0.004130259680689074,2.914231862937918e-6,365.2564486597746,3624.402370140922,0.003063815146471477,0.0005303840945545797,1.2255253821624588e-8,798.8952937080256,1714.0815635039996,-8.48662771210546,6.1722590359872544,0.0010997918472177043,4158.980983452262,732.5097137537766,0.0133388995223568,-0.03722403650806465,-174.5087848550411
2.1004268145729266e-6,224.70077097385823,3503.7655783040814,-0.00808855479338634,-0.004303938800195769,2.946871815825164e-6,365.25644652757194,3624.4023995913644,0.007065789345373117,3.49398358750026e-6,6.529683989195625e-7,799.9793870122451,225.1731688243737,0.1504278844798629,0.12981954856211148,0.000943261897481911,4160.543618561068,734.7164872347493,0.008676910199344577,-0.04143583187515136,-176.61427051025575
2.085785311481238e-6,224.70077034378536,3503.7655954240718,-0.0011034194806536707,-0.005549286463043583,2.9903564723205277e-6,365.256444461398,3624.402429119135,0.012538228131474613,-0.0011544234545739806,5.561339984737123e-7,801.0649514207533,202.9632043805405,0.1766548924449172,0.07067107976287128,0.0008385128169490955,4177.63482158342,696.7244574597903,0.008580596721279685,-0.0449608269306427,-178.18831444912965
2.1002315968764217e-6,224.70076957218862,3503.7656164264686,0.00852333427593731,-0.006796840594241135,3.050704609495714e-6,365.25644286446146,3624.4024538577155,0.02016575466205893,-0.002293546822166747,4.523374667173646e-7,802.1519889298232,177.97902869071146,0.19563889622900135,-0.03405351955377585,0.0007362753084209552,4205.772616603388,639.9354075631913,0.010728424461170158,-0.04864622552057403,-178.93532922395573
2.0898460855764102e-6,224.70076846825393,3503.7656438397244,0.020949523550451633,-0.016428432353871675,3.132036868087672e-6,365.25644249680164,3624.402461522822,0.02984512519128777,-0.009872434649966715,6.30304900065721e-7,803.2405015384401,362.9747675256989,0.1464193750676908,0.05628871917050798,0.0006154966743856302,4231.577527392298,617.7247352385365,0.00509975919884899,-0.05690099637898518,-178.71409006961542
2.121245703784363e-6,224.70076825678163,3503.765650538803,0.02530365670042173,-0.015713485390505228,3.159964010759561e-6,365.2564433905578,3624.4024512980563,0.033345714884011037,-0.009357363662479981,6.058667116756369e-7,804.3304912482988,353.3439351020003,0.13469986300853157,0.09263819944163447,0.0005917969256924672,4246.142670620216,585.3058863247282,0.00945866144931094,-0.05799232953832752,-178.1871439807255
2.1473611230641217e-6,224.70076816001685,3503.7656537560893,0.027123061886429246,-0.014856231213887551,3.1717045450690793e-6,365.2564444052202,3624.4024393743084,0.03486889410910936,-0.008678455327640479,5.744638244960257e-7,805.421960063811,341.3133242148967,0.11370349004091612,0.11659038842298887,0.0005891315373256952,4254.723646102702,566.5519393590996,0.01358456442641493,-0.05766846014513387,-177.55679016773368
2.1686249498342432e-6,224.70076813035948,3503.7656548512896,0.027417461601601804,-0.014112870277925389,3.173496594406784e-6,365.25644530616387,3624.402428744738,0.035193534148225215,-0.008056244294240044,5.470536810320116e-7,806.5149099921107,326.1604579949829,0.0881495766698605,0.12869428483063827,0.0005962569498449855,4258.601493010051,558.089902626502,0.01668931527564324,-0.05666761538398481,-176.91013672170678
2.1853509515928777e-6,224.70076814157747,3503.765654683452,0.026754640970205128,-0.013507477318476372,3.1689688847575446e-6,365.25644598694066,3624.4024208260553,0.03476065117676962,-0.0075165948731435285,5.302680152063073e-7,807.609343043052,306.9799750214184,0.061967446918922586,0.12811837763862027,0.0006090338792684688,4259.035345960476,557.0816551645077,0.018982994123834033,-0.055178139622528634,-176.28819784941547
2.1979343070931446e-6,224.70076818462763,3503.765653641665,0.025432328013236482,-0.012912673525208541,3.1599987419491417e-6,365.25644643497236,3624.402415861106,0.03380192555754926,-0.006958280534580773,5.293248553685906e-7,808.70526122922,282.8183504176628,0.03915458751026271,0.11398028866942041,0.0006261614442433681,4256.825301222387,561.3974436678507,0.02092839914763309,-0.05325101545699906,-175.70318323926037
2.2032664160951378e-6,224.70076825210322,3503.765652081386,0.023625207149599863,-0.012170749133345985,3.147772472328842e-6,365.25644666200725,3624.4024140346223,0.03244287886431451,-0.00625805446299272,5.459301038478171e-7,809.8026665659274,256.75001490984204,0.025891446195971644,0.09325303498146949,0.0006470074658309365,4253.562695104255,567.7975631568665,0.022835750918932682,-0.05092511919301136,-175.15302918840766
2.1980087647891886e-6,224.7007683179458,3503.7656507190277,0.021558309471252833,-0.011403179461007003,3.1339799406465822e-6,365.25644663614236,3624.402416163762,0.0308458068410691,-0.005529604409512236,5.707566071420262e-7,810.9015610712249,236.83348065035153,0.02427024627832492,0.08202387034521956,0.0006701952495871864,4251.810887235977,571.9624792769018,0.024583561096716514,-0.0484283545403596,-174.63897319202852
2.1863347203118486e-6,224.70076837167662,3503.7656497277035,0.019442273260816757,-0.010724213158690678,3.1200073773733164e-6,365.25644640101336,3624.4024216102607,0.029186163415335538,-0.0048746447679751635,5.946368722017217e-7,812.0019467658985,223.6637758095346,0.028397289821270922,0.08206879564744253,0.0006947031727551273,4251.822487971485,573.332479685234,0.026141577211295796,-0.0460050572695624,-174.16215247264836
2.172503283449239e-6,224.70076841672392,3503.7656489540645,0.017398040804223375,-0.010114255908880695,3.1065719531715494e-6,365.25644603561653,3624.4024291876904,0.027572406186656993,-0.004279673445227729,6.160968299519252e-7,813.1038256734797,214.68252141250375,0.03516228504421204,0.08873488834451537,0.0007198510850913585,4253.053286626482,572.5482279810585,0.027571178262704183,-0.043777209875105076,-173.71605351961318
2.15911216602202e-6,224.70076845767306,3503.7656482358443,0.015506373815777689,-0.009558043809123909,3.0941348479647905e-6,365.25644560581486,3624.402437861161,0.026076840054300603,-0.0037325689916670535,6.371716361283552e-7,814.2071998202424,208.1116919021693,0.044176102000697895,0.09851465497799682,0.0007446494446510879,4254.932679312652,570.3980260416571,0.028848662608262892,-0.04182756305499864,-173.29106371397708
2.147636436270683e-6,224.7007684997754,3503.7656474060036,0.013802707666894155,-0.009050678262369015,3.0828492826645755e-6,365.25644515848586,3624.402446795793,0.024732501207425636,-0.0032273203976895867,6.603337584940255e-7,815.3120712352136,1017.8927491794067,0.05533991342665426,0.10874267482970963,0.0007681089952867942,4256.783991916267,567.8822224139375,0.029921161619606854,-0.04020596358857739,-172.87934646168222
2.138729742511925e-6,224.7007685488299,3503.7656462957634,0.012286055624894605,-0.008581520518985353,3.072611579249023e-6,365.2564447268504,3624.4024552995147,0.02354034014600682,-0.002751564243413779,6.864453539476853e-7,816.4184419501704,196.86350034507691,0.06765362211454741,0.11745412496849815,0.0007893534406340172,4257.87495325426,566.0307785172432,0.03074537363540032,-0.03894552490843925,-172.4788173623169
2.1322371160024797e-6,224.70076860904052,3503.7656447939603,0.010923614309389382,-0.008136696678684505,3.0631327743075696e-6,365.256444327427,3624.4024629307287,0.02247369460484396,-0.0022904335963792317,7.14001528858406e-7,817.5263139996503,190.2011382525758,0.0795616214922121,0.12394990340005764,0.0008079462731526347,4257.698161228859,565.496878543215,0.03132106750610138,-0.0380519273077989,-172.09632039031615
2.1274236735739897e-6,224.70076868203643,3503.765642871358,0.00966738872422062,-0.007706006423884392,3.0540758805703016e-6,365.25644396433717,3624.402469474747,0.021492541031534095,-0.0018337468251542813,7.395493076801217e-7,818.6356894209481,1000.9380436848184,0.08957994831239945,0.1285983352759623,0.0008239674160665266,4256.055050645782,566.5098890703866,0.031693528028132835,-0.037502080531764334,-171.74860529656092
2.1233302021650847e-6,224.70076876650333,3503.7656405852467,0.008478654456475054,-0.007283510891137254,3.0452246256498347e-6,365.256443628051,3624.4024749962714,0.02056341144453815,-0.0013779237958399886,7.589264243473338e-7,819.7465702541268,173.2296018064618,0.09684445156780015,0.13230444961170773,0.0008378239564234972,4253.078765567543,568.8303134962157,0.031925261560688714,-0.037253495050994,-171.4600381828756
2.118923800746062e-6,224.7007688588233,3503.765638058834,0.007328760532349857,-0.006873490652923376,3.036482913757628e-6,365.2564433049583,3624.4024796967856,0.01966091538369712,-0.0009302882577988696,7.686950246430986e-7,820.8589585420144,983.966678716432,0.10094023215519876,0.13586401214835087,0.0008501722170450716,4249.108808311961,572.0340014101276,0.032089753853338905,-0.03723981552738934,-171.25719873559504
2.1134239157439596e-6,224.70076895300204,3503.76563547114,0.006221417477599529,-0.0064906994683187605,3.0279957556282617e-6,365.2564429739128,3624.4024839708086,0.018785478463123343,-0.000509298005605986,7.671054025556348e-7,821.9728563302142,973.9945573736886,0.10176913648161247,0.13974134888255244,0.0008614703340739654,4244.67227667984,575.4853554951372,0.032224116873162394,-0.03739225830864178,-171.16201569891658
2.10630434080434e-6,224.70076904228313,3503.7656330121713,0.00517519248876208,-0.006152286417788686,3.020016560914559e-6,365.2564426137503,3624.402488265733,0.017950514066550446,-0.00013629976028050228,7.549412313279138e-7,823.0882656671029,963.018951358156,0.09935673755597664,0.1439058213409513,0.0008720669357657388,4240.35395124029,578.5107503687641,0.03234593138948763,-0.037640731697412916,-171.18616871997685
2.0973317628276364e-6,224.70076912044183,3503.765630850188,0.004216307293234731,-0.0058638660588250565,3.01282810145199e-6,365.25644220259284,3624.4024930804485,0.017176288972273076,0.0001771682313266829,7.348438282996321e-7,824.2051886038369,950.8423381670572,0.09366078235853428,0.14791910094210295,0.000882203207875992,4236.730938026964,580.3438028963154,0.032463315692885686,-0.03792825666164119,-171.32891498960663
2.0865059971767477e-6,224.70076918240022,3503.7656291176104,0.0033646523032533357,-0.005617967023640509,3.006632091447778e-6,365.2564417178322,3624.402498928629,0.016478715449354253,0.00043204834208305685,7.113506951991662e-7,825.3236271943582,937.1089525585212,0.0847696872221369,0.15080658034119904,0.0008922401696607158,4234.3127718440355,580.1592941232043,0.03260404063351054,-0.03821398127713992,-171.57856850928385
2.0740283612444497e-6,224.7007692250639,3503.7656278970203,0.002624735151337462,-0.005395830282845012,3.001483698081077e-6,365.25644114027284,3624.4025062511596,0.015861228264308677,0.0006410175044235014,6.897593142703571e-7,826.4435834953932,94.92870320162737,0.0731039155302721,0.15118711446967528,0.0009027687934049385,4233.4660999180705,577.2014797657292,0.032828759098802784,-0.03847130071981605,-171.91626690321638
2.060278402683803e-6,224.70076924660668,3503.7656272468143,0.0019838331488990844,-0.005178832333074662,2.997273171106554e-6,365.2564404543037,3624.4025153888933,0.015312671312814673,0.0008201727119946817,6.748761900418361e-7,827.5650595664621,903.2637510553327,0.059676086156124804,0.1476649651028485,0.0009147543046129944,4234.39368220598,570.9455512398805,0.03323985450212249,-0.03867025161347275,-172.3203362787014
2.0460117919712873e-6,224.70076924654543,3503.765627191706,0.001438043960334374,-0.004972841043277068,2.9939148340082336e-6,365.25643965959523,3624.4025263660787,0.014828105285050743,0.0009680387245756292,6.699661342134319e-7,828.6880574698768,882.7059640152835,0.046161377749912996,0.13937023698977127,0.0009287335887189814,4237.022186726722,561.5909486487634,0.03388146552350589,-0.038783155071791885,-172.7697826606103
2.0320906205658738e-6,224.70076922456445,3503.7656277571286,0.0009902897005199794,-0.004808865142546876,2.9913382278418037e-6,365.2564387723617,3624.402538894285,0.014407346764343543,0.0010653237242366806,6.77093330928686e-7,829.8125792707508,859.6911596949896,0.03420484089524926,0.1259057306197622,0.00094481450946021,4241.0976628186245,550.0436441880663,0.03473496273111495,-0.03876280413866306,-173.24521836374657
2.0194824264852075e-6,224.7007691813158,3503.765628938173,0.0006667160166496488,-0.0047421219268797,2.9896223899644664e-6,365.2564378388777,3624.402552187979,0.01406926705559787,0.0010737579389905301,7.00262294068194e-7,830.938627036997,834.3790095196094,0.026154404885464323,0.1072382242843003,0.0009619008349811449,4246.133400623858,538.0441853259643,0.035647730024288615,-0.03856816723124846,-173.7263391237643
2.009178338735183e-6,224.7007691224327,3503.7656305638247,0.0005125608732413893,-0.004818425121294571,2.9890671642477235e-6,365.2564369517234,3624.402564672476,0.013857988926042702,0.000960603556621702,7.472707988931267e-7,832.0662028393373,808.7107101010135,0.026375454290495585,0.08611922265684648,0.0009772409910072878,4251.305746604341,527.9520599128768,0.036339519486529546,-0.038224409577462835,-174.18963988892781
2.001558966082635e-6,224.70076906147142,3503.7656322271882,0.0005156595721293141,-0.0049854404396614165,2.9898169069864676e-6,365.2564362032175,3624.402574744523,0.013787531648260314,0.0007663788467803791,8.206498355868413e-7,833.1953087513007,786.7493264798617,0.036700780088336264,0.0692017785541509,0.0009889195790152266,4255.870709289487,520.8247833045925,0.0367005181360426,-0.037835131766231524,-174.61258038328072
1.9963477861702318e-6,224.70076900714164,3503.765633696874,0.0006078426795305505,-0.005173057286093259,2.9916317288752012e-6,365.25643561504796,3624.402582030977,0.0138172261789292,0.0005447584119572951,9.122886157514027e-7,834.3259468492328,769.4347067916708,0.052457890534935145,0.05848903442427703,0.0009976297035118814,4259.671727118539,516.1760867766639,0.036867160269337194,-0.03744138910078134,-174.97687282414628
1.9937858903132003e-6,224.7007689642523,3503.7656348587357,0.0007513052367703208,-0.0053656267986684865,2.994272871623468e-6,365.2564352111856,3624.402586137693,0.01391709879308752,0.0003090349967161233,1.010946384354507e-6,835.4581192122938,755.1393140670731,0.06914689898230013,0.051668333228332024,0.0010035200910546705,4262.403846047147,514.1391972542585,0.036894280277186525,-0.0370733687713835,-175.2676760052289
1.994496805699044e-6,224.70076893908595,3503.7656355395784,0.0009337003288137393,-0.005565283143143105,2.9975730645034345e-6,365.25643504492825,3624.4025861857594,0.01407613102370269,5.9287780740267646e-5,1.1048139804034423e-6,836.5918279224687,742.5686684145788,0.08484465547298849,0.046836089802187966,0.0010056909888845867,4263.43886941159,515.5222987661955,0.03674164102065423,-0.03679773297224872,-175.47756387442197
1.999045479576396e-6,224.70076893778284,3503.7656355576023,0.0011558426553083952,-0.00578150039281354,3.001410537821687e-6,365.25643517367575,3624.4025812754644,0.014293262431945421,-0.0002113626110685146,1.1814712739210589e-6,837.727075064564,731.0414385955769,0.09906666924501423,0.043021294244612984,0.0010029020471399167,4262.1090700605955,521.274718822958,0.036329443438405,-0.036690990221758445,-175.61065758620552
2.0074557287116053e-6,224.700768963428,3503.765634823367,0.0014157212608005535,-0.006026713676694312,3.0056192070080087e-6,365.25643563169206,3624.4025709869074,0.014562488647361113,-0.0005125523215077819,1.2310538263671877e-6,838.8638627262189,720.2003517545726,0.11202923558961299,0.03973450493681979,0.0009946774972751226,4258.037719820217,531.9637614075393,0.03562013945915313,-0.03679057955212134,-175.68126181083005
2.019085831846575e-6,224.700769014462,3503.765633392047,0.0017004088371409163,-0.006307703314332894,3.0099582703931406e-6,365.2564364069981,3624.402555737573,0.01486613154971583,-0.0008487006745616514,1.249416530476769e-6,840.0021929979022,709.8297788268087,0.12424591786430123,0.0366785953456536,0.0009817882320605445,4251.364402933623,547.3381441111475,0.0346540894688929,-0.03707802745968727,-175.7072306472228
2.032786304276039e-6,224.70076908589374,3503.765631429495,0.0019911765491714114,-0.006630055048399165,3.0141738174319293e-6,365.2564374555063,3624.402536489456,0.015180165716611339,-0.0012226245746790917,1.2379875930347928e-6,841.1420679729226,699.7696686989199,0.13630203059433296,0.033642845144575224,0.0009657936656734602,4242.575143728277,566.7048840198545,0.033522676948264024,-0.03748424439509913,-175.70263931413646
2.047267111337814e-6,224.7007691710179,3503.7656291525263,0.002264816679615512,-0.006995123080426239,3.0180217626424183e-6,365.2564387115054,3624.4025144986535,0.015477659209577546,-0.0016330738955722974,1.2021078938326794e-6,842.2834897474261,689.893235174816,0.14878756927668957,0.030442196220697812,0.0009485153742147586,4232.3384239799325,589.0915560112563,0.03234183973906129,-0.03791745829543255,-175.6738663290425
2.061420593672344e-6,224.70076926377723,3503.7656267551693,0.002499792504257006,-0.007401343663641468,3.021307897582894e-6,365.25644010900726,3624.4024909352293,0.015734789750700303,-0.0020765858064142047,1.148433472382043e-6,843.4264604204067,680.0968816477636,0.16228844838833065,0.026893392344352434,0.0009314262760085489,4221.259789801685,613.6126000375367,0.031209955289414757,-0.03829358032554191,-175.61954566101372
2.074387606501668e-6,224.70076935959182,3503.7656243846736,0.0026711930464961833,-0.007840563326592841,3.023850926273083e-6,365.256441587405,3624.4024667894987,0.015927772631550225,-0.0025443034690037216,1.0835885970876109e-6,844.5709820937038,670.2999247937244,0.17739884010340987,0.022758299796051186,0.0009157182067351539,4209.796888296663,639.566485828042,0.03022109009588671,-0.03854190095018519,-175.53260633054714
2.0856285050061045e-6,224.70076945547967,3503.76562213587,0.0027547446409316844,-0.008302072873327645,3.025500915701505e-6,365.25644309458846,3624.402442845966,0.016035847590582377,-0.003025632024933405,1.0136882161097788e-6,845.7170568720094,660.4360447140268,0.19470019547941428,0.017651004423031864,0.0009021894588350331,4198.247489062478,666.4502020711451,0.02944616478828437,-0.03861483155444742,-175.4027794226993
2.094771809297914e-6,224.70076954925005,3503.7656200776464,0.0027236690340838705,-0.008774998093340135,3.0261131430464806e-6,365.25644458297916,3624.4024197733575,0.01603843611380252,-0.003509867342163071,9.446786909068574e-7,846.8646868628738,650.4538813201732,0.21463840251105487,0.010922951261468711,0.0008914988899117975,4186.802816101892,693.9241382840512,0.028949964055872746,-0.03847269715535299,-175.21879541692257
2.101561349548857e-6,224.70076963846572,3503.7656182826076,0.0025549839125897523,-0.009254212760497644,3.025579211638106e-6,365.2564460067914,3624.402398186705,0.01591924672328025,-0.003991315184074854,8.832329521258172e-7,848.013874176704,640.3201748963647,0.23723996424797017,0.0015006956019675765,0.0008841964073781945,4175.607005808604,721.7812791021304,0.028785872834253032,-0.038075211422790856,-174.96992117197578
2.10582642508769e-6,224.70076971945775,3503.765616856877,0.002234280567505093,-0.009760086018676919,3.023838500313731e-6,365.2564473241974,3624.4023786157695,0.01566862692476083,-0.0044854936408215765,8.38306082160788e-7,849.1646209267741,630.0020209699193,0.26138285236716563,-0.01229181304726732,0.0008806093522047204,4164.803681592962,750.0722871202595,0.028965504291523683,-0.03736351113574159,-174.64652918024734
2.1073402465066314e-6,224.7007697881473,3503.765615947233,0.0017412968760635611,-0.010367323148747953,3.020752865049001e-6,365.25644852487227,3624.4023610822983,0.015268882841099115,-0.005052981918130044,8.213457013264692e-7,850.3169292292225,619.3662147386384,0.2839208268909237,-0.03219960891706785,0.0008809006301782077,4154.359206871898,779.9170913695764,0.029459522192835826,-0.03620749312719476,-174.2401213739445
2.1055557563754175e-6,224.7007698461056,3503.765615622374,0.0010007499762808428,-0.011138129511087337,3.0156907733766286e-6,365.25644967987506,3624.402344336942,0.014648640997947469,-0.00574338525695891,8.34480494862831e-7,851.4708012030627,607.947678442833,0.3014585553110232,-0.05713540061924887,0.0008860681636477139,4143.73270910611,813.7263347634789,0.03036753430000859,-0.034433732678572804,-173.74806181162467
2.1000752554589086e-6,224.70076990170617,3503.7656157666293,-9.494175283955942e-5,-0.011934361012827561,3.0077508840272833e-6,365.2564508613875,3624.4023271767105,0.013709552198893514,-0.006441302517718839,8.583306158959077e-7,852.6262389701801,595.1723085940916,0.3148763464775945,-0.08263498728531406,0.0008990249123811876,4132.3699619782155,851.9677056739996,0.03207991971829127,-0.03206998434073986,-173.18947174546315
2.0920263220243353e-6,224.70076995685298,3503.765616232879,-0.0014710712551583454,-0.012476999753502015,2.9973093758814643e-6,365.2564519738535,3624.402311065308,0.012512568034768318,-0.006919467248780611,8.697584144064372e-7,853.783244655343,580.9415986449744,0.32793831399938816,-0.10550724833674069,0.0009212559206979507,4120.975259130351,890.0861479691321,0.03476106540584506,-0.029515088192984193,-172.61198318975494
2.083910434710363e-6,224.70077000678506,3503.765616825692,-0.0028461465285523455,-0.012582678123178315,2.9861585617108997e-6,365.25645280699644,3624.4022992600617,0.011294958503621215,-0.007031674015578052,8.545169284009095e-7,854.9418203861995,565.3551846460053,0.3442935031946365,-0.1249409599343095,0.0009497102388656379,4111.319785841226,920.8364209900141,0.037963594106859413,-0.027339368191448152,-172.07519505612908
2.0776479142971122e-6,224.7007700499872,3503.7656172090983,-0.00395066887330033,-0.012221923313625944,2.976187430031887e-6,365.2564531848559,3624.4022945320407,0.01029122346031886,-0.006758418532703932,8.062691008781922e-7,856.1019682932885,548.3529418866307,0.36780906563831356,-0.14096967549194309,0.0009787082235091513,4105.041416778272,938.1978932481497,0.041008193507976506,-0.025983300336074697,-171.6280307534507
2.072991306344528e-6,224.70077008915536,3503.765617120986,-0.004719882099175008,-0.011446467711720193,2.9682177062873478e-6,365.25645305348587,3624.4022978031826,0.009572555675584491,-0.006148799609686119,7.358684073063328e-7,857.2636905100361,530.3322363569007,0.4009617116044215,-0.15127155302556242,0.001005111192415614,4102.689990170154,940.1063437981387,0.04359882389087236,-0.025558690737873757,-171.2910795662428
2.0678833118602444e-6,224.70077012547333,3503.7656165941194,-0.005278112275504829,-0.01032344956510226,2.96189241620552e-6,365.2564524532839,3624.4023085301656,0.009048854062615777,-0.005266596201550238,6.70806717927783e-7,858.4269891727677,513.0772914827086,0.440272059388128,-0.14852808542190582,0.0010308053491905873,4103.870238467893,928.0901208717297,0.045955263255245425,-0.025874401094362325,-171.06068014600623
2.0601662882131676e-6,224.70077015323204,3503.7656159793682,-0.005793192876719427,-0.008992295512101532,2.9562847088168442e-6,365.256451445737,3624.4023257549725,0.008579190158308582,-0.004229908399887628,6.38546185017858e-7,859.5918664207034,498.86501513948366,0.4716176112996067,-0.12807630745802917,0.0010596409079831372,4108.046876140689,905.826166352672,0.0483848825163339,-0.026522669627857976,-170.93597409272616
2.0500151721488896e-6,224.7007701605375,3503.7656157981846,-0.0063189090110248175,-0.00777906898222052,2.9507388071292613e-6,365.2564501336479,3624.4023476904767,0.008100751765718847,-0.003298711994442439,6.403780351332863e-7,860.7583243959702,486.74598913622987,0.48390633985706305,-0.10473629298027588,0.0010909545483506113,4114.681026270189,879.4831482413507,0.05069675718824626,-0.026996328825232938,-170.94568129179106
2.0395842953207377e-6,224.7007701452241,3503.7656161354203,-0.006770349743604871,-0.006869071140923801,2.9456165893663178e-6,365.2564486361642,3624.4023723817613,0.007675311686380337,-0.00261623671484279,6.473895589730537e-7,861.9263652435983,474.0810033813652,0.4878708657786725,-0.09346435947798884,0.0011193729994648275,4123.273993609259,852.4587411339895,0.05244638500415883,-0.027217462036840414,-171.13536663692557
2.030498292711101e-6,224.70077011497244,3503.765616715606,-0.00707427771303671,-0.006230689414288886,2.9416710785772204e-6,365.25644706043306,3624.4023983249904,0.0073730054888352815,-0.0021509011926178346,6.289790241112027e-7,863.095991111532,459.4983002041451,0.4999432853071334,-0.09704435098948075,0.0011395327209745285,4133.219642008847,824.9874609044684,0.053380362928992675,-0.02742384044048362,-171.5305633082753
2.0240023120235335e-6,224.70077007922947,3503.765617227456,-0.007191026248544237,-0.005828495684044979,2.939658504312718e-6,365.25644554269724,3624.402423652864,0.007242297297781574,-0.0018661150175289546,5.572656557888939e-7,864.2672041506282,440.75633130160116,0.540744842998446,-0.12202189940910863,0.0011453708371073673,4143.490182414017,797.859157115006,0.053249420877069416,-0.027874231993243983,-172.1180871300884
2.0495303998393206e-6,224.7007699671341,3503.7656172974416,-0.003073826183385764,-0.010214098244923947,2.9595157923235152e-6,365.2564459578259,3624.402423959209,0.010323529699014681,-0.005090022639539717,2.056018676928662e-6,865.4400065146618,193.01714975775923,0.1066396620026121,-0.045716029181578605,0.0009264493837382003,4143.792552693719,835.1734562458255,0.03345262900507897,-0.02934244777281524,-172.59432318940082
2.059220283645134e-6,224.70077016216942,3503.765611210197,-0.0017807868496715305,-0.010975903097685152,2.9709484127657297e-6,365.25644636581495,3624.4024238733086,0.01141871754111523,-0.0056955771597448045,1.9215079916116654e-6,866.6144003603337,185.24747288864023,0.08444144420947827,-0.04047701662695516,0.0008204451468347019,4134.029376988092,841.8815959206961,0.02108881134941751,-0.03397665510625174,-172.94568455582842
2.193264211602409e-6,224.70077139005357,3503.7655733368206,0.01819645164703901,-0.025609147058684282,3.108367636145385e-6,365.2564516274048,3624.402359997189,0.02754225923607526,-0.017139147044764495,1.667875439349616e-6,867.7903878472672,230.01020307206798,0.05570218591369132,0.02809137981170635,0.0003339423335595988,4051.3835134203596,974.8108736916602,-0.1393762943528089,-0.0725334327134742,-172.79415891051266
2.1923700818234776e-6,224.7007716472489,3503.7655656076545,0.020926074812600278,-0.02931120125504478,3.132234832413296e-6,365.2564524651685,3624.4023487106692,0.029970123329699762,-0.01975843061198713,1.7635148996307713e-6,868.9679711380203,234.63048913622418,0.06931565095915253,0.052538875087609134,0.0002667828897963906,4033.6042530442496,971.4126693383912,-0.20884900565043882,-0.09486890538839156,-171.9296434466166
2.148010974756731e-6,224.70077171518557,3503.765563675567,0.01781453965084008,-0.030848769661833905,3.117640321341861e-6,365.25645236314284,3624.402348572895,0.027725294509754857,-0.02069864594541184,1.8612177348695319e-6,870.1471523980819,229.9396835599682,0.07298549783913251,0.06335679218918923,0.00025295424734315773,4028.4629680948597,963.169405346972,-0.22911426888312494,-0.10427064308462637,-170.9880461363324
2.0933468679519153e-6,224.70077171068914,3503.765563992467,0.012851332549317716,-0.031296316081824774,3.0903826619716177e-6,365.2564519381804,3624.4023523087217,0.023971296106072168,-0.020821457312593963,1.9479461471117696e-6,871.3279337958827,221.31621011149144,0.07028808877387119,0.06933188106261437,0.00025832658995340283,4028.2767285204754,955.6415457546476,-0.22289779422578612,-0.10627985562785135,-170.09478269753134
2.035800213239402e-6,224.70077166189316,3503.765565827728,0.007006110527963478,-0.030758938022000703,3.0571634897701157e-6,365.25645139073174,3624.4023577311646,0.01948343625560992,-0.02021183937273621,2.022481312339202e-6,872.5103175027928,210.006376684459,0.06213758355577919,0.07321391486062968,0.00027796085654817695,4031.0570877530213,947.7515098863793,-0.1985770483172502,-0.10330988114689532,-169.30295936818808
1.9800751867298433e-6,224.70077158460495,3503.7655687443525,0.0009847879211005914,-0.02932781066106423,3.02265271547453e-6,365.25645084635113,3624.4023634083633,0.01482919279542203,-0.018934801804408805,2.0881340948696138e-6,873.6943056931319,1070.1267111835075,0.049633772041605725,0.07602588102099217,0.0003096021172425821,4035.5859077205814,935.5364695233048,-0.16476563702256283,-0.09834628425885501,-168.6215353691066
1.9309907532211226e-6,224.700771492084,3503.765572261389,-0.004484638376708329,-0.027275262473070692,2.9911527294002046e-6,365.25645038911966,3624.4023682206025,0.010588251372042234,-0.017192376447790276,2.150388111356071e-6,874.8799005441672,1055.6714187018968,0.034501833977775336,0.07770768041909726,0.00034979749265186467,4040.857029499552,914.7181673540447,-0.12957290198240315,-0.0942135297076163,-168.03990361489588
1.891512375291113e-6,224.70077139514345,3503.7655758896494,-0.008952237190170399,-0.025094980325511718,2.9651255533879526e-6,365.25645005861685,3624.4023714004916,0.007116158193607388,-0.015359697721303097,2.21594379842683e-6,876.0671042361236,163.66638990070092,0.019083288670499625,0.07790954492927762,0.00039384623246349566,4046.1564716233543,884.6665365830452,-0.09810892837324323,-0.09208929059578037,-167.54950471151693
1.8629726861330166e-6,224.7007713026002,3503.765579205776,-0.012272835917768678,-0.02339804662039839,2.945271166063305e-6,365.2564498490609,3624.4023726788582,0.004523100554675658,-0.013912076809089248,2.2907252242456124e-6,877.2559189521812,146.31033678815172,0.00619968911537916,0.0768280113090554,0.0004354564452428887,4051.0271026185087,850.3643272365438,-0.07327256516948578,-0.09159800976942171,-167.15740917699964
1.8452073189578556e-6,224.70077121691688,3503.7655820912537,-0.014533065725629658,-0.022518135458801797,2.9310312021067468e-6,365.2564497230094,3624.4023723891073,0.0027361991077044035,-0.013119320258704058,2.3746065436533294e-6,878.4463468784862,129.84653332930642,-0.0025835085961906324,0.07529360811299524,0.0004696426255445085,4055.319794632544,818.365535498582,-0.05555511895293273,-0.09186913593083593,-166.88857239635786
1.836668119688539e-6,224.70077113324848,3503.765584746004,-0.015952672406585343,-0.0223200625504,2.92118477582329e-6,365.25644964330115,3624.4023711394,0.0015836338585067489,-0.012885852121829074,2.461251161951396e-6,879.6383902041476,994.0092221607641,-0.008026422317173649,0.07389140669511322,0.0004965297381041522,4059.2543625659882,790.8057923691346,-0.042992939490305464,-0.09232141518974518,-166.77592399150694
1.8361016110544228e-6,224.70077104620094,3503.765587382093,-0.016698778174478717,-0.02252101686636722,2.9148437062392385e-6,365.2564495858742,3624.4023694301814,0.0009372481179918447,-0.012996873060338384,2.5429920981510027e-6,880.8320511212488,99.44662191867398,-0.011541908486038832,0.07271782174106813,0.000518672666167515,4063.1417386661583,766.7550975809553,-0.033430221871006034,-0.09268889507298389,-166.85291242762295
1.8430365810722962e-6,224.70077095369456,3503.7655900887194,-0.016855962581855444,-0.022892561482760476,2.9115894460084397e-6,365.2564495380903,3624.402367568214,0.0007330314694408222,-0.013278795612325377,2.6126359249961968e-6,882.0273318248443,966.6600607540106,-0.014177612716737726,0.07165171471031839,0.0005381426285866092,4067.162812710586,745.2070033460783,-0.025571415108185145,-0.0928351667636719,-167.15330152562325
1.8576849590149815e-6,224.70077085533185,3503.7655928739987,-0.016449287869542185,-0.023251551799236245,2.9113358716115986e-6,365.2564494870138,3624.402365818072,0.0009531518314755783,-0.01359283982847076,2.6618730925673923e-6,883.2242345129705,952.8268508168252,-0.016558678613439293,0.0705697597836179,0.0005562535591416937,4071.484451272747,725.6193168557213,-0.018752141337532283,-0.09263999280150574,-167.71113223889347
1.880574603239373e-6,224.70077075057313,3503.7655957027605,-0.015471193576620468,-0.023419043353995635,2.914210260025188e-6,365.25644940666893,3624.4023645794437,0.0016068439099790294,-0.01380232293614611,2.678231505570904e-6,884.4227613866443,54.13165892739471,-0.019122807048447262,0.06946261967469435,0.0005738537103375786,4076.4622589770975,707.6667216931521,-0.012679871057551886,-0.09194687605157183,-168.55657821333952
1.912339817750652e-6,224.70077063480852,3503.7655985745796,-0.013882170377063817,-0.02318250082001009,2.920568225744918e-6,365.2564492323702,3624.4023647351814,0.002732005370006281,-0.01374064355703923,2.639955026323644e-6,885.6229146498689,923.7531194683366,-0.022288368565201944,0.0686117542817932,0.0005917796764394284,4083.0127621652314,691.032604826127,-0.007302397732074988,-0.09043016289066426,-169.70534305167754
1.9534501027226217e-6,224.7007704905528,3503.765601691388,-0.011579835024265432,-0.022240383344023902,2.9312135087172746e-6,365.2564488015418,3624.40236846608,0.00442418217763025,-0.013163327891881797,2.505246803612753e-6,886.8246965096414,908.5617964051795,-0.026883974803070275,0.06899477879758262,0.0006118458397162764,4093.443068267677,674.6922683430854,-0.0026746479521963236,-0.08735874976971746,-171.1378849011072
2.003067371570326e-6,224.7007702750691,3503.7656057519753,-0.008360244830755826,-0.020166055211166194,2.9477817501867204e-6,365.25644776363436,3624.4023806696755,0.00687727222576382,-0.011712563767698927,2.1999555569972473e-6,888.0281091759499,893.9391998152988,-0.03477313425700063,0.07339528342593683,0.000638375043179881,4112.327198136162,657.0036362043874,0.0011716293861636906,-0.08121867999647414,-172.75932746106062
2.052345333338189e-6,224.70076996337193,3503.765611451262,-0.0043873650943991056,-0.016961924345940824,2.9703249523211166e-6,365.2564458464263,3624.402406022509,0.010013420068411275,-0.009355212879445006,1.7038291920136371e-6,889.2331548617852,884.331179071156,-0.04573950444759278,0.08852446354476062,0.000675488577722164,4141.8605101886615,639.843371682254,0.004423503076469806,-0.07102165589893632,-174.3470049618031
2.08550506580719e-6,224.70076966483524,3503.7656172949883,-0.0008720435695125903,-0.013922658689347323,2.9920985980410556e-6,365.2564437384024,3624.4024360780336,0.01286347784288318,-0.007097432297093458,1.2491908287015705e-6,890.4398357831375,888.6902629594276,-0.03869955489075439,0.12185507364685061,0.0007160860057090489,4171.390234315124,630.4793538124665,0.007492034726586073,-0.06009919985218932,-175.64708461350506
2.103148853460915e-6,224.7007694626319,3503.765621657733,0.001647061272428707,-0.01178839990038355,3.0086885283946885e-6,365.2564421793329,3624.402459650342,0.014932496842994351,-0.005529340323403796,9.952192209729707e-7,891.6481541590075,899.6690286519864,0.00658920105839695,0.15149936344468024,0.0007534397127201725,4192.230214466872,626.648428106235,0.011010274163665786,-0.05194535521064276,-176.60427486110422
2.1137729534781535e-6,224.70076933833985,3503.7656245290864,0.003416688441915578,-0.010407870866972958,3.0205998787695715e-6,365.25644121273933,3624.402475008296,0.016389072642129444,-0.004536285366800348,8.534358900768834e-7,892.8581122114036,902.3100300827813,0.060234607968610784,0.15538756934925615,0.0007857076582025558,4204.958132117906,624.1504636798687,0.014660382350506493,-0.046781458039359666,-177.29818359322437
2.121042128515941e-6,224.70076926219417,3503.7656263256895,0.00470196964508671,-0.009494484863893324,3.0292943489718574e-6,365.2564406491758,3624.4024844502474,0.017447762407984894,-0.0038943209751880247,7.484526190013178e-7,894.0697121653532,898.0032775283695,0.10642954497294775,0.1436433273638944,0.0008118625213390103,4212.427765951133,622.637478945305,0.01782117204313783,-0.043575353583391783,-177.80760739022122
2.1261023055482803e-6,224.70076921667462,3503.7656273647754,0.005683955413516752,-0.008869590637698667,3.0359314634106156e-6,365.25644034904803,3624.40248988366,0.018257444842523573,-0.0034648372191307315,6.552966085646277e-7,895.2829562488989,890.02216945048,0.1467665267857099,0.12444025246733592,0.0008321804124037975,4216.534215394583,622.2376840489148,0.02034353225426569,-0.04157058153956798,-178.1845356590701
2.129472130580777e-6,224.70076919214554,3503.765627852572,0.006467020506347251,-0.00843951281269809,3.0412000588380334e-6,365.2564402296067,3624.4024924876358,0.01890332801321273,-0.0031762985919179514,5.676291809729173e-7,896.497846693111,879.6624100200555,0.18525085575028996,0.0992177736345528,0.0008473012344466926,4218.3621291426325,623.0477358213781,0.022258458548983784,-0.04032598533055739,-178.46318476345238
2.1314234811940417e-6,224.70076918250027,3503.765627940386,0.007105858046283844,-0.008148040795435752,3.04547171304731e-6,365.2564402345054,3624.4024931018184,0.019430060565545006,-0.002986314677902872,4.844920570162563e-7,897.7143857320834,866.907534011498,0.22488192300681953,0.06575731751118283,0.0008580140987634528,4218.640133597549,624.9227359041737,0.02364994391180654,-0.03957699510593336,-178.66743214130494
2.13222195697448e-6,224.70076918370899,3503.765627736968,0.00763486436274162,-0.007959365298076464,3.048982064328241e-6,365.25644032754,3624.4024922836597,0.01986555621690795,-0.0028685188499283096,4.0638494402232933e-7,898.9325756029453,850.7159558126613,0.267280372224035,0.01873694563158062,0.0008650288699614681,4217.852909877931,627.6975799270427,0.024601433946107896,-0.039161948439317355,-178.81498492870813
2.1320677436892585e-6,224.70076919286814,3503.765627327529,0.00807364937764623,-0.00784589364080426,3.051871461185772e-6,365.256440482564,3624.4024904557127,0.020225870042518402,-0.0028027772452737082,3.3322607548340083e-7,900.1524185458579,828.8470425146202,0.31252184461501814,-0.051119500056266365,0.0008690492805470787,4216.368111052221,631.1205542227766,0.025195577021828456,-0.03897445716234708,-178.9196985844776
2.131099988360231e-6,224.70076920762364,3503.7656267821308,0.008437725970865787,-0.007796844724313992,3.0542571537886648e-6,365.2564406828231,3624.4024879038957,0.020523654895436425,-0.002782636823700002,2.6383172211152496e-7,901.3739168040263,796.8087190291903,0.35771747819162314,-0.16099575247954578,0.000870529946104159,4214.465233095712,635.0223367519562,0.025479026001563262,-0.03894114770161036,-178.99289417078572
2.129150702755631e-6,224.70076922604636,3503.765626163783,0.008727282715064538,-0.007794293553383462,3.056159239526949e-6,365.2564409176556,3624.402484848031,0.02075966551946312,-0.002795169085506435,1.9619094895315054e-7,902.5970726236955,743.9850258510032,0.3901679617802755,-0.3508809978033493,0.0008700457970444294,4212.413740100056,639.1451280882153,0.0255115123785265,-0.03899956732624414,-179.04416468659056
2.099801569372374e-6,224.70076927280283,3503.7656243296674,0.009816247800898424,-0.008132919304480415,3.0624107075259106e-6,365.25644223214516,3624.402465443002,0.021650134927609463,-0.003049800657151003,2.2317545800671102e-7,903.8218882541624,1049.4747661780634,-0.3043134674882061,0.23713658923585515,0.0008617283954979128,4202.718705365816,669.3582458828234,0.024170512971656878,-0.03803317368866837,-179.07894467795404
2.104191917941814e-6,224.70076930068007,3503.765623509303,0.010010589319193098,-0.008180079891146955,3.0632671141338057e-6,365.25644243432725,3624.4024619935726,0.021802657675173514,-0.0030995716851048975,3.253383715835141e-7,905.0483659477729,133.45523939751686,-0.1721037624923826,0.20952291456872474,0.0008557836903905021,4200.038672455107,673.395474109243,0.023542189783073632,-0.03847539793147464,-179.0796096078486
2.1674430795918675e-6,224.70076932582558,3503.765621021767,0.012186262200425626,-0.010837054499644335,3.0772827081382245e-6,365.2564427577743,3624.402456765038,0.023436696237692928,-0.005254302622002709,1.0478989790240758e-6,906.2765079599326,487.7760517777729,0.07000944201104609,-0.06653560264767505,0.0008086739580300569,4185.399111042816,694.3897003549619,0.01746864423987506,-0.0418959330972382,-179.0697241843977
2.1649301015219405e-6,224.70076936292682,3503.7656199717217,0.012299312516742471,-0.011008045108393876,3.0780662504237905e-6,365.2564429992579,3624.402452764611,0.023500399537015253,-0.005387789111761128,1.1295577815283116e-6,907.5063165491049,473.2396243994991,0.06149381078046357,-0.08301616253483188,0.0008000654341708042,4181.834431737641,698.9338734728583,0.016407066572825445,-0.04268022489700885,-179.03655230700798
2.1624651916822902e-6,224.70076939845217,3503.765618958883,0.012316541339574995,-0.011190392492923295,3.0784181735723395e-6,365.2564432333431,3624.4024489876174,0.023483470969823655,-0.005531802030983674,1.2030209006018205e-6,908.737793976818,457.8808950517727,0.04502884273487738,-0.10983398795497731,0.0007909105293532451,4178.4685069970055,702.2999064850278,0.015267097635427348,-0.043619001812695575,-179.00146389208973
2.160262489542633e-6,224.70076943022482,3503.7656179878845,0.012193998848834941,-0.011354741670557878,3.0783994568166187e-6,365.25644346403516,3624.402445683458,0.023353605638587294,-0.005664136340640747,1.2473262027634751e-6,909.9709425076719,441.8526697635907,0.001557259238615868,-0.1543710351884504,0.0007816578377569027,4175.426571223124,704.3233130630769,0.014100203285049694,-0.0446798597107934,-178.9591418303795
2.167651125954729e-6,224.70076949889108,3503.765614712524,0.009877002168341826,-0.01158408865049164,3.0746825158270703e-6,365.2564439112458,3624.4024233037912,0.02148981536796287,-0.0059404264092538595,3.0262538021289905e-6,911.2057644093358,646.4989937974327,0.10640086693669676,0.09752585368073607,0.0007572112336599607,4176.436550433724,692.7090526761879,0.010288235207405006,-0.047503120983859864,-178.58138688083935
2.155979314973393e-6,224.7007694633801,3503.765614853407,0.009661931213333209,-0.0106035660913127,3.0785488657238065e-6,365.2564433977321,3624.402433691157,0.021423463885846938,-0.005168646810869733,4.626540598069424e-6,912.4422619525595,629.1089707837963,0.11778814144293699,0.05797560692365387,0.0007641959125811886,4179.586697191684,703.472644805664,0.010348966176930423,-0.04428509815034766,-178.07777794481785
2.152251639714319e-6,224.70076930976495,3503.7656188950223,0.01000933015933394,-0.008446907068515655,3.0754960953030467e-6,365.2564422103184,3624.4024647137717,0.021858711123030488,-0.0033978251683303897,5.4854759926378704e-6,913.6804374111712,605.1447794178737,0.1245876795759409,-0.010467476684668528,0.000809596043078809,4185.172217181287,705.8763993184634,0.0166098703647906,-0.03969057800532391,-177.67249501967964
2.14857850522897e-6,224.70076920603842,3503.765622309072,0.01024812399053628,-0.006904827302787025,3.0733135479088244e-6,365.25644123573267,3624.402486724211,0.022174153160791424,-0.002100620314756883,4.871468319801766e-6,914.9202930620876,589.3882317370753,0.1249454563921965,-0.031246929738649617,0.0008692256554018772,4190.058144994079,698.3547402116485,0.024614281762667365,-0.03670746597245447,-177.63434464008083
2.141700668497283e-6,224.7007691872136,3503.7656238515287,0.010156528598215692,-0.0064136089691068845,3.0712909437500307e-6,365.25644080827067,3624.4024948861465,0.022148544496130726,-0.0016886283431331883,3.7565184102673143e-6,916.1618311853119,577.3990126766802,0.12668636346738768,-0.033881455066065394,0.0008996776063705308,4195.109397934028,691.2743670136778,0.028217279731799754,-0.03515446059401263,-177.91375402802427
2.1383470723294653e-6,224.70076918403595,3503.7656247601044,0.010086547707306825,-0.0064258240275063844,3.0695628139698073e-6,365.2564406161733,3624.402497524535,0.02209349643813619,-0.0017076955390204088,2.8088294785190073e-6,917.4050540639452,565.7350607440213,0.12829573556844842,-0.03683791911491704,0.0009090463516548293,4199.841808674767,683.5373068132964,0.029248850503304693,-0.03466174160716427,-178.2401445499954
2.136904110348234e-6,224.70076917940983,3503.76562546065,0.010003317884463982,-0.006608680862171815,3.0680782163144585e-6,365.2564405008076,3624.4024982758,0.02201123879587038,-0.0018749055903582014,2.130817267444889e-6,918.6499639841821,554.4443511831169,0.12900027666963865,-0.04013794928182247,0.000909347426148162,4204.441479755952,675.3516414271849,0.02923572471295633,-0.03460822367467179,-178.5216119528127
2.1357850125593897e-6,224.70076917135955,3503.7656261053444,0.009849876565255846,-0.0068306717989453,3.066463670943504e-6,365.2564404026562,3624.402498544415,0.021868772882723375,-0.0020766885282996364,1.6599559318851303e-6,919.8965632353243,543.9131198271984,0.12782117648168403,-0.043023687884466894,0.0009064496646024132,4209.126990562359,666.8391463918628,0.028837388389567536,-0.03468865567767615,-178.74942683400235
2.1341474460547907e-6,224.7007691615593,3503.7656267275206,0.00959125672956875,-0.007048037996303775,3.064405103202696e-6,365.25644030516037,3624.402498770177,0.02164175934587644,-0.002273933156521901,1.328002146768763e-6,921.1448541097757,534.6901917899689,0.12351740373253849,-0.044897723024467755,0.0009024828550853086,4213.975946991688,658.0613382922431,0.028286794126011584,-0.03479421596645161,-178.92949981509045
2.1317107412685266e-6,224.70076915248512,3503.7656273045327,0.0092077891272833,-0.007258005937131594,3.0616686816547646e-6,365.2564402111202,3624.402498978064,0.021313997567460267,-0.0024621461672413923,1.087200576351727e-6,922.3948389030548,527.6045021385823,0.1145652799472559,-0.04501947158056039,0.0008977696717971475,4218.907437355594,649.1284367759014,0.027620662174729693,-0.034920074417136696,-179.06458345278247
2.1283883705872807e-6,224.70076914763175,3503.765627766254,0.00867684333230418,-0.007470811646787427,3.058019260790621e-6,365.25644013824143,3624.402498925024,0.020865205938850023,-0.0026470651581229675,9.085081151866963e-7,923.6465199137916,524.1325731315138,0.09957242578117267,-0.04136152610030286,0.0008918754630074137,4223.65390627898,640.342098904059,0.026796314132993503,-0.0351108289986164,-179.15156831784952
2.124544849575736e-6,224.70076915110099,3503.765628004033,0.007985800540697757,-0.007714720648297746,3.053280950100962e-6,365.256440116091,3624.402498174508,0.02028151221868037,-0.002849073968186086,7.784644830205695e-7,924.899899443739,526.6904818013578,0.0787609673537549,-0.029491127525820865,0.000883745041923164,4227.692897318326,632.2332023479456,0.025705041342388688,-0.035469387333871,-179.1819718917533
2.1515681799870756e-6,224.7007696598601,3503.765615490455,0.008220184183216002,-0.012762485138479095,3.0458643513360407e-6,365.2564448514492,3624.4024103200113,0.019752952719115372,-0.0069023680304843025,2.5238180964049955e-8,926.1549797977691,-1968.3481306203512,0.03400919554022394,-7.1227029195327525,0.0007119859066351319,4168.529739743477,652.2472435526587,0.00729008492540103,-0.058414332486840664,-179.0684925674966
2.147942685002229e-6,224.7007698903263,3503.7656106188747,0.006594926845712462,-0.013415770247193183,3.034810262150997e-6,365.2564464398506,3624.4023844006224,0.01834542420255531,-0.00746124037623048,1.4042361592392733e-8,927.4117632838863,-4162.951420452081,5.620022177744909,-14.421766219660936,0.0006768728182719664,4153.5732861887445,655.4247321094516,0.002942419177891028,-0.06513539966644663,-178.82506009927945
1.8281838382072238e-6,224.700771783624,3503.765584078231,-0.02112657378449721,-0.030106999502249984,2.877173483235794e-6,365.25646009007073,3624.4022081068583,-0.004382393482744896,-0.020251226930121245,4.444850833512654e-6,928.6702522132235,307.1381548759049,0.16113694168785087,-0.045932094193633796,0.0005614170134427362,3928.8811609173563,796.1627042697626,0.023374554772985525,-0.12603230946764166,-176.28607981156128
1.7998371200910807e-6,224.70077177759993,3503.7655844604333,-0.024915478800624336,-0.030369955134417582,2.8560616115911594e-6,365.2564588404462,3624.4022315876546,-0.00737812821290265,-0.020321451349541077,4.239722120006923e-6,929.93044890005,292.4570204830242,0.16626058725464918,-0.05532794552995168,0.0005529968855129285,3937.4250248784247,799.1149814304441,0.01655966019775419,-0.12435565427542929,-174.33074302980913
1.7765244220916375e-6,224.7007717839392,3503.765584136757,-0.02831168515406322,-0.029528949630020757,2.837573320729756e-6,365.2564572275324,3624.4022590412196,-0.010059409717672206,-0.01951390424537839,4.0092698287354365e-6,931.1923556617783,277.83841536143797,0.1725719994880335,-0.059913288778672046,0.0005432962490905064,3952.438975194436,803.371303587794,0.0068288230368991,-0.12043665541539295,-172.37496267211893
1.760522442611674e-6,224.70077177380955,3503.7655838990554,-0.03093663634094807,-0.02768251047658922,2.823591015879831e-6,365.25645533002336,3624.402289553008,-0.012115604685403,-0.01791389181737773,3.7444631973294968e-6,932.4559748189619,263.34490422798063,0.18134032154054466,-0.06045605745397119,0.0005376231203781272,3973.777667265593,812.0092956529699,-0.004314267404363833,-0.11260076440706825,-170.50600877889502
1.7549387393327899e-6,224.70077170560316,3503.7655847586448,-0.03227425932379857,-0.02510945367836331,2.8165524636439656e-6,365.2564532338163,3624.40232243885,-0.013115806579355242,-0.01575055219691487,3.430506024323086e-6,933.7213086953069,248.94681695992824,0.19411656356816553,-0.05895353387710392,0.000542267102766569,4000.2758881006134,825.9840315380736,-0.013796604641816182,-0.09999373694175315,-168.81493640000758
1.7623760518475843e-6,224.7007715660355,3503.7655869615114,-0.03179482341361056,-0.02237171298124907,2.8191397116997754e-6,365.2564512148418,3624.4023546463777,-0.012618926438191387,-0.013492094297445262,3.083541199653794e-6,934.9883596176691,234.69789972713875,0.21088296451065772,-0.05856266471310716,0.0005585164102837115,4026.757667294109,839.9576702537864,-0.018276225394571625,-0.08571297512458996,-167.43208185028092
1.7819112730375303e-6,224.70077140332242,3503.7655893782476,-0.02952460939696739,-0.019953043945356172,2.831488780539968e-6,365.2564496622835,3624.402380833252,-0.0106629746467517,-0.011550787920516609,2.7466402376501756e-6,936.2571299160654,220.75720393262472,0.22866701578909,-0.060699597492254745,0.0005786450979931288,4047.1702918999754,848.4553145167654,-0.018340675993223574,-0.07443182289761181,-166.52866385069314
1.8095867594626553e-6,224.70077126353843,3503.7655910930207,-0.02610171726033767,-0.017914465170160168,2.8505184697201394e-6,365.2564487023506,3624.4023985213266,-0.0077879599177753354,-0.009978178761914265,2.4433693127498667e-6,937.527621923671,207.0999768932865,0.24451560913424392,-0.06446656819558208,0.0005955425949025951,4060.4928466925603,854.2857166837691,-0.016867835839603166,-0.06676575274853652,-166.19731816704916
1.8418153784580798e-6,224.70077115576873,3503.765592032494,-0.022143311543913802,-0.016197154873573778,2.8729830200153958e-6,365.2564482164094,3624.4024087412868,-0.004500674806658351,-0.008713306761293841,2.1750158745934174e-6,938.7998379768305,193.50204683160948,0.2575481936161743,-0.06939219013863444,0.0006073054211619573,4068.810236819087,860.9142340094453,-0.015476583932782223,-0.06136056945537668,-166.3870184878111
1.876239222495923e-6,224.7007710698767,3503.765592496348,-0.018035963725392002,-0.014792043565174023,2.896655974326982e-6,365.2564480240554,3624.4024137417173,-0.0011120910753230956,-0.007730939670073687,1.934680993391117e-6,940.0737804150556,179.65876168079038,0.26831786696424476,-0.07614888725428456,0.0006150247874926186,4074.5218736208753,868.3620760001893,-0.014486966411060233,-0.05719526523416651,-166.9623568864122
1.9112686531618455e-6,224.70077099283125,3503.765592812474,-0.014003551488857274,-0.013693427653611557,2.9201195712095692e-6,365.25644797518714,3624.402415584095,0.0022021065984159623,-0.007009722205940737,1.7124536701816636e-6,941.3494515810362,165.1971825270303,0.27807306170678814,-0.08620645239353321,0.0006205836204494114,4079.3890131985154,875.0942544680008,-0.013721686312763713,-0.05375928191412647,-167.778285692527
1.9455108999580088e-6,224.70077091503555,3503.7655932246194,-0.010191847861729974,-0.012864260001301711,2.9424056336189625e-6,365.25644797842045,3624.4024156175014,0.005330393612253744,-0.006505709857412856,1.50038943807153e-6,942.6268538206376,149.66045782617658,0.28800718695456834,-0.10159278814055714,0.0006258587855478403,4084.393256000825,879.5769074365996,-0.012855243230510488,-0.050842185644699917,-168.7164339140395
1.977722301588767e-6,224.70077083171066,3503.76559386145,-0.0067008475339166325,-0.012241953413393611,2.9628363984447147e-6,365.25644798922855,3624.4024145763397,0.008198031464085627,-0.00615762494540193,1.2922752984078642e-6,943.905989482912,132.3620081134894,0.29914364682223166,-0.12532895877929287,0.0006321383774753859,4089.9183167355122,880.8862233425434,-0.011643917962257699,-0.04838129617518771,-169.69144319925405
2.0068386992186995e-6,224.7007707420884,3503.7655947544404,-0.0035980783580812307,-0.01176149814078995,2.9809520164372388e-6,365.2564479936221,3624.402412784889,0.010754948347473812,-0.005905307336427741,1.0848078694704135e-6,945.1868609200957,112.12386565916863,0.3119433182468324,-0.16237522890002445,0.0006399760485317721,4095.9786738993953,878.7094960005691,-0.009999867991008257,-0.04637842239227975,-170.6461417731387
2.0322073753610228e-6,224.70077064832282,3503.76559586034,-0.0009090354343450912,-0.01138134088966177,2.9965643314389407e-6,365.2564479952299,3624.402410337475,0.01298269448423858,-0.005710663261431302,8.762562494486752e-7,946.4694704876204,86.57228891796804,0.32559288410328324,-0.22230376008752492,0.0006491311671682252,4102.347244839605,873.4372305285319,-0.008017612249677068,-0.044835308141016154,-171.54538596404478
2.053711707924467e-6,224.7007705544398,3503.7655970818587,0.001385712733263582,-0.011080901141485515,3.009785519827105e-6,365.2564480048484,3624.40240724478,0.014895820646033137,-0.005555885838525236,6.659522151690567e-7,947.7538205441107,50.268640544243276,0.3347767325360686,-0.32608714984481296,0.0006586871521041546,4108.701302779754,865.7802314958631,-0.005923699335276889,-0.0437564559040923,-172.37126624585645
2.0642563998851124e-6,224.70077033888094,3503.7656008092235,0.00309466255198108,-0.00870208046757794,3.023517108555099e-6,365.25644671579636,3624.402417727913,0.016410655786411165,-0.003409537346269107,1.3943984116416141e-6,949.0399134513954,401.40553167777585,0.1005454199032439,0.14893285433742884,0.0007153737077617629,4122.910248535949,821.3394273533245,0.0060899490239714445,-0.04390491274204154,-173.00257823790912
2.0684624231004157e-6,224.7007702783152,3503.765601483639,0.004466585502804503,-0.008465376616045961,3.031752744043716e-6,365.25644697064337,3624.4024112345815,0.017576848467273656,-0.0032257411184443054,1.3904040204555447e-6,950.3277515745054,379.66341457439495,0.07464084584970157,0.14388240592959947,0.0007211341245478471,4127.14174565945,813.4076271745746,0.007272370970613018,-0.043639400337855024,-173.44668519113887
2.072630771443857e-6,224.70077022891013,3503.7656019406772,0.005649798995360946,-0.008256672540720622,3.038507856428812e-6,365.25644723726066,3624.402404322261,0.018582895891526653,-0.0030516664492343227,1.4177922870137114e-6,951.6173372816811,357.0047972512218,0.05433340861784426,0.1322021385856528,0.0007246577524945596,4130.853646828729,805.0757223403945,0.008037879233578177,-0.043715514495100374,-173.86170924371473
2.077149814697494e-6,224.70077018864052,3503.765602219468,0.006685517388127651,-0.008073824501244702,3.0440811826192323e-6,365.2564474909128,3624.4023975070418,0.019460578497921363,-0.002886229926245166,1.4668814077581844e-6,952.9086729443794,334.72409996068103,0.040528481014818346,0.11734491641420657,0.0007259388790980962,4134.13815002344,796.3784769637867,0.008387930343371958,-0.0440958228934216,-174.25562683276732
2.0822762393798577e-6,224.70077015525197,3503.765602367896,0.007604222476936529,-0.00791491110548094,3.048707928451845e-6,365.2564477064383,3624.4023912726466,0.02023439625561118,-0.00272845996794926,1.5277361686730754e-6,954.2017609372712,313.52725887947724,0.032068586946744936,0.10192237981693651,0.0007251481319432888,4137.140780347702,787.2804993131227,0.008341994087506313,-0.044729598648502185,-174.6363664413767
2.088133316244481e-6,224.70077012638163,3503.7656024369207,0.008423843480467957,-0.007772276476895687,3.05253073904357e-6,365.25644785585956,3624.4023860999114,0.02091972701766956,-0.002572209638560026,1.5926079713582543e-6,955.4966036382539,293.4806159162269,0.027198326540150582,0.0871183874906875,0.0007226255577987204,4140.053161142733,777.6077120860707,0.007938704846818965,-0.04556726992489626,-175.00994234163392
2.0946349448505544e-6,224.70077009980602,3503.765602476799,0.009147939573007711,-0.007633826512773511,3.0556071225402874e-6,365.25644791019545,3624.402382468015,0.02152097599254731,-0.0024079638528202267,1.6552381746828098e-6,956.7932034284477,274.3092419727609,0.024454548722550224,0.07322181363843083,0.0007188158971820876,4143.090511004794,767.0836694775707,0.00722985402488664,-0.0465626015513204,-175.37898017650252
2.101563043946051e-6,224.70077007321353,3503.765602542832,0.009768083092344913,-0.00748625363611354,3.0579068934561784e-6,365.2564478380158,3624.4023808751076,0.022033207833900375,-0.0022245957795479646,1.7120554165471536e-6,958.0915626922078,255.60215442186393,0.022950672824738255,0.059994925724694476,0.0007142977194107293,4146.466985286843,755.4018509420353,0.006290785350303112,-0.04766722064115865,-175.74153352506468
2.1084026530659815e-6,224.70077004463906,3503.7656026850427,0.01026189430972471,-0.00731091191741548,3.0593301802257325e-6,365.2564476113006,3624.402381770578,0.022440592131222854,-0.0020071526791369185,1.7607527257224097e-6,959.3916838171212,236.92408278730957,0.022279305402546818,0.04710814811659669,0.0007097538230433059,4150.372402098862,742.2495974747779,0.005226853288823382,-0.04883399984737575,-176.0902434231573
2.114398436987387e-6,224.70077001196447,3503.7656029601767,0.010597050638127777,-0.007086900391294555,3.0597228362153983e-6,365.25644720419956,3624.402385578413,0.022719506425604042,-0.0017389735512734583,1.8007995737937141e-6,960.6935691940188,1178.5660271621612,0.022464589956248823,0.03425221593747899,0.0007060207682324127,4154.990768214615,727.2911552245521,0.004187685190448283,-0.05000941685708608,-176.41204329457338
2.1185496359426455e-6,224.70076997350284,3503.76560341954,0.0107308779443034,-0.006789974433373697,3.058879494168775e-6,365.25644660121907,3624.4023925854376,0.02283771597540888,-0.0014013414318607002,1.8336159072261986e-6,961.9972212169715,1160.1419201512706,0.023920031476585016,0.021323566109749077,0.0007040788356783351,4160.46383135563,710.2208630876389,0.0033740181294776546,-0.051135821094152226,-176.68871935477785
2.1197266234543158e-6,224.70076992814023,3503.765604108143,0.010618917489074543,-0.006403592602777143,3.0565991918607195e-6,365.2564458037757,3624.4024028509293,0.02276034108316836,-0.0009827779997359394,1.8622203176826694e-6,963.3026422833033,177.64980742341513,0.027355350667832557,0.008606828405871368,0.0007049940803729814,4166.856954725804,690.9331287929087,0.0030220253091738057,-0.05213990357267848,-176.89861368542876
2.1166574630624936e-6,224.7007698757502,3503.7656050573714,0.010207229522178082,-0.005904473829579215,3.0526280567714746e-6,365.2564448322565,3624.4024161774264,0.02244321849931828,-0.00046677373932215295,1.891226769056435e-6,964.6098347935872,1121.1712789461728,0.03352471007700067,-0.0030735316412357377,0.0007101388251420224,4174.179821720123,669.358076071499,0.0034394347713130827,-0.05293497367140572,-177.01952822039323
2.1083263901632864e-6,224.70076981712018,3503.765606284939,0.009464723857631845,-0.005297518013011122,3.046862125712103e-6,365.25644372967196,3624.4024320660124,0.021857562317631488,0.00013912309325067666,1.9243780612903363e-6,965.9188011516578,135.40402965938233,0.04278608929004577,-0.01235982853742794,0.0007207464149660656,4182.347358031692,645.7860167634283,0.004878682545460244,-0.05341756161017331,-177.03245886883752
2.0941586207026825e-6,224.70076975410183,3503.76560779003,0.008381020745647349,-0.0045928633344469675,3.039293689761281e-6,365.2564425539808,3624.4024498169833,0.02098840513852899,0.0008232904709224467,1.9631206101799288e-6,967.2295437646076,114.86796482401094,0.05473347141367537,-0.017763691920922007,0.0007381152451448185,4191.212997986148,620.6250137461461,0.007547636457058227,-0.05348345347612898,-176.92531201111893
2.074158110967078e-6,224.70076968954905,3503.7656095436478,0.006987420674694011,-0.0038323995771691348,3.0301719721565806e-6,365.25644137243717,3624.4024685966974,0.01985383717693959,0.0015475093197010775,2.005338138749934e-6,968.5420650427995,95.53334558057463,0.06817459127729582,-0.018222776173905636,0.0007631194630355326,4200.564860792251,594.6289323659893,0.01146756631653997,-0.05303921787886968,-176.69565586316736
2.049331368019474e-6,224.70076962684308,3503.7656114874503,0.005372885924846263,-0.0030695561688818033,3.0200581149398487e-6,365.2564402510026,3624.4024875454893,0.01851941136594891,0.002263771929212547,2.046195004630868e-6,969.8563673998635,77.69481671270805,0.08152997273064477,-0.013476965315890233,0.0007958279630411473,4210.107116615462,568.781196426285,0.016434677258455415,-0.05205454797120701,-176.3522477774035
2.0219304750362426e-6,224.7007695696345,3503.765613525531,0.0036885434869536704,-0.002381476318319433,3.0098372031314954e-6,365.2564392575463,3624.4025056616756,0.01710495421391449,0.0029051261581989323,2.079822109607395e-6,971.1724532527085,61.369928595910714,0.09327342180475362,-0.004260720579425983,0.0008346586650632077,4219.359333848206,544.6268794377436,0.02196343283856395,-0.05059142291116728,-175.91587743249463
1.995413767833846e-6,224.70076952133903,3503.765615528931,0.0021258513841335754,-0.001837560934525661,3.000564704659333e-6,365.256438463929,3624.4025217141993,0.015767758910682664,0.0034117797262905804,2.100130047447991e-6,972.4903250215192,46.39380405848215,0.10242141026447411,0.007695951571359686,0.0008757478869922353,4227.611773853378,524.1530130757363,0.027372803766823845,-0.04883357543704654,-175.4193859862081
1.973592931588154e-6,224.70076948241243,3503.765617414768,0.0008515904236063644,-0.0014761900540016997,2.993070988934277e-6,365.2564379256863,3624.4025345432347,0.014650341936153083,0.0037526236664470547,2.101004555594161e-6,973.8099851297687,1006.3017358175541,0.10904931077086834,0.0200664650538609,0.0009139924498434225,4234.206577030047,509.0814532141533,0.032055321822642896,-0.047006474953891306,-174.90486051383698
1.9589995133643606e-6,224.7007694498982,3503.7656191871024,-5.070812031711342e-5,-0.0012885851061957422,2.9877481663459158e-6,365.256437656183,3624.402543542377,0.01382957220780346,0.003935816435196901,2.0762470916705866e-6,975.1314360042157,994.4853658209768,0.11425922649798703,0.031059699215747985,0.0009453354740984376,4238.908257184893,499.9833559213606,0.035717940513953925,-0.04527272506312677,-174.41648787517602
1.9525730691701628e-6,224.70076941840225,3503.7656209335278,-0.0005693723805507363,-0.0012568453046745104,2.9846483931111624e-6,365.25643763322944,3624.4025486550486,0.013322249451441726,0.0039770222111317755,2.019639255225366e-6,976.4546800749116,983.20057072247,0.11959748301431508,0.03988355270134011,0.00096781964667695,4241.901364874131,496.5354834284923,0.03833983539500642,-0.04368559329710304,-173.99140246898344
1.953936141137161e-6,224.70076938155677,3503.7656227936995,-0.0007340299584071333,-0.0013747357147575734,2.98365445102958e-6,365.2564378100802,3624.402550278205,0.01310718253635544,0.0038814410977678552,1.9248559739752905e-6,977.7797197752088,972.3190287399058,0.12664927640395493,0.04669200372084675,0.0009815784639799904,4243.6589787866415,497.88080608856694,0.04006354703992132,-0.04221374224415524,-173.65268385404082
1.9625820247500257e-6,224.7007693329228,3503.7656249174684,-0.000561369752292058,-0.0016709466941939657,2.9847082715290225e-6,365.2564381438583,3624.402548839063,0.01316981827364107,0.0036262547514685595,1.785470253416391e-6,979.1065575417575,961.8560329638759,0.137347714629677,0.05176425614340131,0.0009869764586805303,4244.614114830291,503.46415328174345,0.040985971503084695,-0.04081097761502876,-173.40656657362447
1.977778230335881e-6,224.70076926823768,3503.7656274002325,-7.484640299381372e-5,-0.002176969411410025,2.9876663580198866e-6,365.25643860274937,3624.402544682541,0.01348905709084625,0.0031877326168148297,1.6001267078106761e-6,980.4351958145186,951.8532771063416,0.15424749291261008,0.05512058083066852,0.0009847463547616837,4245.121127678038,512.6928795349912,0.041211489920632095,-0.03944605025556697,-173.24375013462267
1.9988243816349156e-6,224.7007691860314,3503.7656302596297,0.0007067622033570831,-0.002923866504375034,2.9923613676288733e-6,365.2564391737843,3624.4025379494983,0.014047617043477774,0.002543188593324964,1.3738032785462932e-6,981.7656370367597,942.217835851765,0.1814466498952481,0.05565509685211418,0.0009753259037241609,4245.356940029493,525.1179358043219,0.0408057960372694,-0.038123813069743356,-173.14399030615135
2.0253518823639305e-6,224.70076908791867,3503.765633426682,0.0017680772190140407,-0.003925669580525455,2.9985376473160937e-6,365.2564398598593,3624.4025286178994,0.014831274341986257,0.0016856867147421175,1.1184695500592364e-6,983.0978836550681,932.1611479167763,0.22625729569655184,0.04875096785466129,0.0009588697367694139,4245.374027506452,540.1856661497036,0.039810346321729924,-0.03689167637505977,-173.08282192935147
2.286410973084495e-6,224.70076871539476,3503.765646527762,0.002470006489800358,-0.008464497560342555,2.9772624483546756e-6,365.25644083610865,3624.4025112712625,0.014738823254318776,-0.002108536136516823,2.1815404285802276e-6,984.4319381193473,230.9013376292827,0.06769706599042534,0.0972841475985493,0.0009975525535343044,4250.682768486525,595.6378568975473,0.042376723599034584,-0.029404721306148237,-172.9851192459947
2.313426220591923e-6,224.70076869247094,3503.7656477819014,0.0025343578497931986,-0.00854377326954614,2.9765561566546262e-6,365.2564418746067,3624.4024943838617,0.014788341804333372,-0.0022832424620371733,2.4855025052618884e-6,985.7678028828287,214.90381597473544,0.06420900213190754,0.0845310050409518,0.0010083274676627638,4249.116079363354,603.1020965838659,0.04486772425203373,-0.02872814823429564,-172.69191097214483
2.3313643733202188e-6,224.7007686758772,3503.7656486160736,0.0028084875004174606,-0.008616730449982025,2.978272041860652e-6,365.25644294842084,3624.402476508844,0.015036162182459787,-0.002454515582181616,2.711233463951542e-6,987.1054804020692,201.01043736332807,0.06397926917090138,0.07598976263282883,0.0010108142756107563,4246.906132400107,610.1165632799347,0.04677221409963965,-0.02850506593589094,-172.44533730673083
2.342331109805297e-6,224.70076866245157,3503.7656491681964,0.00326234212078822,-0.008689235052171973,2.98193602543554e-6,365.2564440022067,3624.402458620597,0.015449167252839947,-0.002628022358881981,2.873723114727643e-6,988.4449731369634,188.4251693886632,0.0656356544340402,0.06969291907293226,0.001006736605208836,4244.378261753079,616.3563688818411,0.04824503713023895,-0.028639345387997065,-172.25938979139562
2.3483979222371143e-6,224.70076865009284,3503.7656495408446,0.00387466561948968,-0.008774429008842706,2.9871598637736445e-6,365.2564449965956,3624.4024413914053,0.01600245324868391,-0.002815327233427632,2.98825739574805e-6,989.7862835507393,176.67394158555695,0.06844757681803093,0.06455220654383316,0.0009974787197504606,4241.692474787891,621.8523055677312,0.049387673022594156,-0.02905718969960353,-172.14597973737992
2.351200472040056e-6,224.70076863767508,3503.7656498000133,0.0046268697272569504,-0.008880282600915047,2.9936236836292244e-6,365.2564458969972,3624.402425390978,0.016675146956649164,-0.0030229016402862595,3.067001584176909e-6,991.1294141099719,165.46087381082205,0.07197655962706348,0.0599446929860742,0.0009841766077559044,4238.9593178022305,626.6424532670651,0.05026511407466497,-0.029705766834119043,-172.11565354882984
2.352091504361035e-6,224.70076862491504,3503.7656499790273,0.005499468003929969,-0.009017457027720754,3.001047968279705e-6,365.2564466736825,3624.4024110782316,0.017447157269436905,-0.003259439076498904,3.120208295583526e-6,992.4743672845793,154.56461313188086,0.07586762222340136,0.05545099079031315,0.0009677867750683252,4236.198336535883,630.9268417328918,0.05091158093462681,-0.03054433535499289,-172.1782426084435
2.351909409340688e-6,224.7007686121271,3503.7656500864846,0.006464434687314556,-0.009196541128289958,3.009145192963252e-6,365.2564472936709,3624.402398947764,0.018293010330749475,-0.0035327327208055505,3.154631493563542e-6,993.8211455478353,143.8253217489078,0.0798025580617572,0.05080976891954393,0.0009492351101682465,4233.421257612175,634.8945913159571,0.05133424250846041,-0.031535952148614814,-172.3431639311375
2.351162764800586e-6,224.70076860085783,3503.7656500910603,0.007476677174194489,-0.009426551638164261,3.0175476851947223e-6,365.25644772281794,3624.4023894953098,0.019174537679649054,-0.0038489531701163446,3.1750303499267967e-6,995.1697513763655,133.10183065943522,0.08340562515402601,0.04584395397283992,0.0009295573791951153,4230.573842810295,638.8529287452692,0.05151598317953741,-0.03264034080742151,-172.61912851073734
2.349847491840511e-6,224.70076859424606,3503.765649912163,0.008454335720226552,-0.009709597784339807,3.025679913448277e-6,365.25644792106016,3624.402383296895,0.020025391698979603,-0.0042077912188085,3.18384103566803e-6,996.520187250161,122.27205202549409,0.08620225825211518,0.040427904086972256,0.0009102114040260601,4227.566088164486,643.1544264287445,0.051419388351195035,-0.033801668489692786,-173.0128493322937
1.970797960543272e-6,224.70076869986335,3503.7656508177247,0.006022359244022546,-0.007374563586526782,3.0579868812691633e-6,365.2564455132267,3624.4024200631757,0.01795805141974361,-0.002383983766864271,1.908818890694258e-6,997.8724556525744,557.0789066496624,-0.07249532706260842,-0.08923991549012467,0.0010035184787207125,4230.492884789061,636.7268535603745,0.05794732226676459,-0.029470870013362512,-173.30922345753694
1.972968317215838e-6,224.70076868974783,3503.7656507340907,0.006643191969226207,-0.007908661323951405,3.063321578606941e-6,365.2564454346607,3624.402417880819,0.018477324929164207,-0.0028993363996900083,2.0032240386564695e-6,999.2265590703288,553.2913605195023,-0.07227311275671329,-0.07550034486154479,0.000986919881368081,4227.1011599433305,645.6590638741453,0.05732040528848029,-0.030231100128802153,-173.71434673353053
1.970366269332391e-6,224.7007687043626,3503.765649824875,0.006776143924024484,-0.008485186674306167,3.0655766022336413e-6,365.2564450456106,3624.402420122687,0.018610054160387177,-0.0034353285143618106,2.1255005485018845e-6,1000.5824999935246,551.893177721256,-0.06784685185906826,-0.05761536110423832,0.000977843007784737,4222.870508481223,656.499825282044,0.056146176832235974,-0.03087396992563437,-174.2271569938927
1.9580269298183913e-6,224.7007687631858,3503.7656475638455,0.005980321695222064,-0.009086005230489514,3.062173280936586e-6,365.2564443515124,3624.402426719106,0.018003169012048525,-0.003963797050521802,2.318436228386265e-6,1001.9402809156369,552.8243662207474,-0.05520722382099214,-0.03570577823496676,0.000984125774752251,4216.973926463258,671.6140367628319,0.054284269513470644,-0.031118672938860795,-174.80289312545
1.9289891170499833e-6,224.70076889823707,3503.765643101858,0.003683644130910243,-0.009686225375263887,3.0498780571679282e-6,365.2564434986766,3624.4024356190325,0.016195141321642313,-0.004443827529398878,2.6570924471166154e-6,1003.299904333529,554.5566233626638,-0.031053106213117906,-0.012973896396668589,0.0010179403958291043,4207.948672424784,695.1182490030519,0.05163935886583968,-0.030584424263285837,-175.32668794528504
1.8769068447970347e-6,224.70076914859385,3503.7656354480573,-0.00047897056061242324,-0.010254160084816007,3.0269383275646525e-6,365.25644290242604,3624.402441205408,0.012879615356153071,-0.004823389756842085,3.2426927973239803e-6,1004.6613727474479,554.215723557303,0.002045672463682182,0.005185877402157772,0.0010947316610242811,4194.304294265066,731.5298094493692,0.04831718559736167,-0.028957361683387195,-175.56749794171492
2.2107396332282715e-6,224.70077029287987,3503.7656021943517,-0.011671225799092551,-0.009386483983756478,2.9049855063981214e-6,365.25644668252966,3624.402378188611,0.004289931840682906,-0.004085255422755276,3.3308058255331905e-6,1006.0246886610378,1013.1960927587819,-0.052993685782641624,-0.05725069316068259,0.0013549111236457955,4141.009092875148,823.5676019369001,0.044097415250959844,-0.027769433514048383,-174.7549048469559
2.1874276307161944e-6,224.70077071100155,3503.7655909426076,-0.01536061774973198,-0.00877840571960386,2.8800753535678242e-6,365.25644881483976,3624.4023489507153,0.0012756361345274592,-0.003268645508760962,3.358433541786133e-6,1007.3898545813361,986.5401312162876,-0.08227032943873724,-0.08934671336626251,0.001530532039007081,4133.598408118211,835.330379822548,0.04432924079145326,-0.02586028760900301,-172.60241037726126
2.167910629665863e-6,224.70077088769756,3503.7655848904114,-0.017045636293909226,-0.008475738799056142,2.867486630371081e-6,365.25645096662976,3624.4023197347346,-0.00010335756286353278,-0.0026514288877316898,3.2438550084618085e-6,1008.7568730187861,962.0973689743463,-0.10004159037492523,-0.11795108989216113,0.001643912375648674,4138.850272128636,819.2487745665742,0.04423115153143263,-0.025136072577783004,-169.9471453284265
2.1515778372462247e-6,224.70077090129297,3503.765582454891,-0.017705238320049343,-0.00835877914280158,2.8614976558129984e-6,365.2564530973405,3624.4022903616483,-0.0006273883488882748,-0.002206546446737738,3.0637796161613182e-6,1010.1257464872343,937.4357840376371,-0.1080004882223927,-0.14588837418676706,0.001706659206228884,4150.731507262727,790.063207789644,0.04375085745758225,-0.024979904565864422,-167.17955944183888
2.1388019337835536e-6,224.7007708055739,3503.7655827155254,-0.01777045108955525,-0.008332865414035046,2.859729548579232e-6,365.25645516631903,3624.402261213714,-0.0006486238195229718,-0.0018992630348173287,2.8937807944729296e-6,1011.4964775039418,-99.44540780516269,-0.10375712222889787,-0.17244748017348377,0.0017311556124735717,4165.820179094122,755.6473500621146,0.04301793909216118,-0.025080206959421394,-164.57758178214306
2.1294334135729986e-6,224.70077064121423,3503.765584969428,-0.01744053026797347,-0.008333409239554066,2.861098322672319e-6,365.2564571230606,3624.4022329850845,-0.0003349918615552575,-0.0016959797773919102,2.76580844369703e-6,1012.8690685895821,888.0728641214168,-0.08904764755866687,-0.19300147877456267,0.001727282362392806,4182.007167324565,720.2696145461514,0.04218414424826207,-0.025307990962440772,-162.34089475481548
2.1229574086699547e-6,224.7007704418703,3503.7655885790655,-0.01681489978995801,-0.008322000337066777,2.8650239425886882e-6,365.2564589108811,3624.402206514145,0.00022632042806128958,-0.0015690573211037885,2.6697983981662105e-6,1014.2435222682528,867.98874642796,-0.07148745624653507,-0.20413930284885615,0.0017022057343061415,4197.812494592285,686.5776348745881,0.04136870013035936,-0.02561726917576053,-160.60280549650517
2.118840450904146e-6,224.70077023204198,3503.7655929966722,-0.015947012405602944,-0.008293538543961556,2.871153360033662e-6,365.2564604519883,3624.40218299763,0.0009866117382162194,-0.0015078985686567644,2.5859556601460086e-6,1015.619841067473,852.3636137359814,-0.05759256910574177,-0.20675995977472436,0.0016610100047589158,4212.290898139816,656.231934189331,0.04060725387347706,-0.026000908863410527,-159.42738763197093
2.1167354960677423e-6,224.70077002740035,3503.7655977794907,-0.014872357965098877,-0.008262475396705726,2.8791673783182916e-6,365.25646166725375,3624.402163708184,0.0019126699437763902,-0.0015109466039174141,2.5047322335420243e-6,1016.9980275181956,840.4189526823474,-0.04928276833580451,-0.20345907669546415,0.001608020978931286,4224.972156524139,630.0466503317233,0.039872227048853445,-0.02646356975479121,-158.80802353344387
2.1164627374987023e-6,224.70076983681653,3503.7656025959045,-0.01362357458358172,-0.008245594952633778,2.8886904844152996e-6,365.256462503075,3624.402149580891,0.002974403021299036,-0.001575032964966436,2.4261937526949206e-6,1018.3780841548039,831.1142937218549,-0.045520522702719377,-0.1963251589071085,0.0015474219474666251,4235.749467814082,608.101842311129,0.03911996749277206,-0.027008668738068696,-158.68129951377708
2.117842604181064e-6,224.70076966446055,3503.7656072246455,-0.012234520603047541,-0.00825293793417409,2.8993272544481273e-6,365.25646294221264,3624.402141030428,0.004142018050052895,-0.001691707437904154,2.3528503027707736e-6,1019.7600135151242,823.5359150650446,-0.044518474151457745,-0.18678413434059285,0.0014830519056616212,4244.738075378939,590.0153417028316,0.038316649317898986,-0.027629354544905522,-158.9525862314088
2.1206550640263054e-6,224.70076951144816,3503.765611538991,-0.010739602445798106,-0.008288417227624797,2.9107120467610796e-6,365.2564629999705,3624.4021379875844,0.005386814170382966,-0.0018502242699515075,2.2868515246271584e-6,1021.1438181404238,816.9522548158391,-0.044705160204046995,-0.17584778626267006,0.0014180155091818361,4252.143634890301,575.2425968879586,0.03744449930633721,-0.028310331533153984,-159.52085297782213
2.124567909934435e-6,224.700769377114,3503.765615481896,-0.009171241062369752,-0.008349939873472701,2.922549512734804e-6,365.2564627119708,3624.402140082466,0.006682910041000168,-0.002038455411880939,2.227353118521475e-6,1022.5295005754184,810.7818490465771,-0.045145812187883605,-0.16440535271416998,0.0013545569143383093,4258.209680961666,563.1974347658579,0.036496556622643325,-0.029029471214599742,-160.29491314445585
2.129223125013521e-6,224.70076925988357,3503.7656190406606,-0.0075590340549652555,-0.008432419050677613,2.934605736700941e-6,365.2564621236378,3624.402146793546,0.008007380192095537,-0.002245034687178018,2.1721902473800535e-6,1023.91706336828,-219.32238183100213,-0.045392962746808305,-0.15315405968509288,0.0012941443678546759,4263.169934939478,553.3458487718437,0.03547535423877293,-0.02976471506345981,-161.20038749644604
2.134286260647148e-6,224.70076915783383,3503.7656222296173,-0.005928867182577478,-0.008530666509163905,2.946698922621794e-6,365.2564612820999,3624.402157565739,0.009340548808661883,-0.002461105744267208,2.118644585471127e-6,1025.306509070634,798.136795467075,-0.04540370460536751,-0.142550673409414,0.0012376244615617316,4267.218501235454,545.2715983108438,0.034390523134968015,-0.030495449509088363,-162.1802860046906
2.139464821058255e-6,224.70076906909816,3503.7656250728205,-0.004302661181623008,-0.008638765884569424,2.958686942676536e-6,365.2564602303821,3624.4021718932427,0.010665715840866835,-0.0026790547401078827,2.0643067629433872e-6,1026.6978402375732,791.2605194365644,-0.04526408184475453,-0.13285193685953023,0.001185409799490002,4270.512222103846,538.6515736821577,0.0332565122089879,-0.031206334902733123,-163.19247073441994
2.144546546130945e-6,224.7007689919157,3503.765627598963,-0.0026996701361521017,-0.008753830337496072,2.9704476821590617e-6,365.2564590055305,3624.402189341402,0.01196809135552227,-0.0028949517715733063,2.007513904126892e-6,1028.0910594276525,-244.16125825631826,-0.045151566148087095,-0.12412727844520795,0.001137613794398438,4273.165524743245,533.2685306927501,0.03208948165728097,-0.031887957008889294,-164.20626770175198
2.149371675328567e-6,224.70076892476402,3503.7656298344923,-0.0011365989641975785,-0.00887090302213659,2.981873514502095e-6,365.2564576373184,3624.4022095639834,0.013234454928354124,-0.003103848725093842,1.947163116991533e-6,1029.4861692029037,776.1238960993559,-0.04519268210182479,-0.11638650249387551,0.0010942262150966365,4275.283757588731,528.8996873600906,0.030910044019367908,-0.03253833859785193,-165.19940370945164
2.1538281834455705e-6,224.70076886630147,3503.7656318050854,0.00037122861359896637,-0.008990961299244761,2.9928649649706546e-6,365.2564561502286,3624.402232258677,0.014452568879407664,-0.003306159243359804,1.8829252109424052e-6,1030.8831721288307,767.8842945254952,-0.045524155546922594,-0.10954751245421798,0.0010551012862478552,4276.923038265917,525.471583181463,0.029736772548769483,-0.03315708510952458,-166.15569089291668
2.157887957231958e-6,224.70076881550983,3503.765633528547,0.0018103548069086843,-0.009110410242568964,3.0033253558453515e-6,365.25645456096925,3624.40225720071,0.01561131164333325,-0.003498819478932925,1.815427360322289e-6,1032.282070774423,759.2202477528822,-0.046164369852234995,-0.10352937535940618,0.0010200724427660186,4278.150846558524,522.824473902552,0.028590900168492667,-0.03375368496369944,-167.0634777147663
2.16149061892511e-6,224.7007687713627,3503.765635026636,0.0031677722292250423,-0.009230805943101508,3.0131667435077285e-6,365.2564528832269,3624.4022841664087,0.016699982847689972,-0.003683076333326999,1.7449661667436264e-6,1033.6828677121518,750.1497559856499,-0.04716392525674369,-0.09828154428263138,0.0009889628639116485,4279.013237224554,520.8998661560942,0.027492711912023123,-0.034332635915232314,-167.9147106781518
2.1646559145720307e-6,224.70076873308716,3503.7656363155634,0.004433245521527858,-0.009349414655100443,3.0223124213171697e-6,365.2564511241314,3624.402312978947,0.017709980687179817,-0.00385686818591906,1.6725331325068628e-6,1035.0855655179842,740.6709745529134,-0.04850008824899134,-0.09376155106019968,0.0009615726271448209,4279.565497861987,519.5680541138481,0.02646228430774428,-0.03490476913716186,-168.70439969311562
2.0507684662166953e-6,224.7007685682559,3503.7656419967925,0.006900243779025183,-0.009309740273987765,3.056531586382288e-6,365.25644781625726,3624.4023737979737,0.0196182119186942,-0.0039306837218790955,2.2076878420226626e-6,1036.4901667713773,270.56597187866976,0.07298145794062103,0.05150589735103752,0.0009351859074899612,4292.730950451532,501.99450093407023,0.02399405927153764,-0.0339048347991746,-169.35519087595424
2.0602059232237367e-6,224.70076854559466,3503.7656427085894,0.007914294893419719,-0.009433472879018962,3.0624282705353917e-6,365.2564459975152,3624.402403068968,0.020421664000799384,-0.0040875980923799245,2.131319302817762e-6,1037.8966740552937,256.1924908423134,0.07133095855739784,0.05131767176222291,0.0009149637323567652,4292.28586958847,501.9683492795632,0.02325425270146935,-0.03459919210240444,-169.94386186949652
2.0688712688159995e-6,224.7007685265037,3503.7656432871017,0.008829678949949914,-0.009559150946885562,3.0676501208419116e-6,365.256444087133,3624.402433946744,0.021141538481003794,-0.0042391178680666304,2.062311706686297e-6,1039.3050899561968,241.88237249184704,0.06997167166358952,0.051067579287354434,0.0008973144907237346,4291.6511609276795,502.42444713093033,0.02258079749932215,-0.035280585611576265,-170.48979979323343
2.0768673879881215e-6,224.70076851067378,3503.765643743822,0.009647219412262622,-0.009684248865182281,3.072202217962693e-6,365.25644208451797,3624.4024662956203,0.021778729841274408,-0.004383716686059083,1.9988954148770786e-6,1040.7154170640633,227.68295560186476,0.0689040668575455,0.050851867113825666,0.0008820227866385027,4290.863883293088,503.2852970116115,0.021976829406299487,-0.035948466156801646,-170.99376128627418
2.0842808807493093e-6,224.70076849760875,3503.7656440966994,0.01036833311178769,-0.009810602287304187,3.0760950270681874e-6,365.25643998738394,3624.402499992757,0.022334782443845548,-0.004523276713361193,1.9391823900003785e-6,1042.1276579723813,213.6618865365173,0.06815762119328599,0.05073019852027205,0.0008688857889806543,4289.960360367896,504.5039021827743,0.021444196324759357,-0.03659677017882625,-171.4576503705226
2.0911599366123556e-6,224.70076848706773,3503.765644359064,0.010995976610836249,-0.009932807822512171,3.079355199062851e-6,365.2564377894765,3624.4025349872118,0.02281267984255143,-0.004653900978298881,1.8820533374558458e-6,1043.5418152781613,1243.4006543025018,0.06772420572999126,0.0507598744503559,0.0008577260179708931,4288.979673069036,505.988823554117,0.02098833923829143,-0.037219046993408576,-171.88417223763696
2.0975997813835577e-6,224.7007684787505,3503.765644543703,0.01154029841580665,-0.01005236410904683,3.082054390884422e-6,365.25643548403536,3624.402571246115,0.023221039250082707,-0.0047774977742123005,1.8262381468560662e-6,1044.9578915819359,186.31833953407562,0.06762212922036427,0.05097940976841199,0.0008482296774745029,4287.938856941799,507.7164323932793,0.020594252573252134,-0.0378116978499881,-172.27646363898356
2.1036173789290624e-6,224.70076847239537,3503.765644663875,0.012005071046528494,-0.010167412112675338,3.084225894734889e-6,365.2564330610263,3624.402608805961,0.023563651532854092,-0.00489295726288178,1.7708913082349024e-6,1046.3758894877656,173.07845951313055,0.06787266821703049,0.051414068459966135,0.0008402343701134504,4286.867977277764,509.6164414736519,0.0202630665884219,-0.03836808604421706,-172.6377554210264
2.1092097899170664e-6,224.7007684677201,3503.76564473279,0.01239746203162569,-0.010278742939302504,3.085927414576713e-6,365.256430507397,3624.402647785618,0.02384701401337793,-0.005001420102679634,1.715550087316681e-6,1047.7958116032485,160.14822381311615,0.0684838680807116,0.05208822159695403,0.0008335499124830255,4285.7801856953365,511.67418858090053,0.019990096031147715,-0.03888050449965139,-172.9711129795097
2.114402605670716e-6,224.70076846452002,3503.765644759704,0.012725798121682029,-0.010385244669175939,3.0872203861113877e-6,365.2564278068022,3624.4026883657616,0.024078360505798323,-0.0051025029230264175,1.6600222022943684e-6,1049.2176605395164,1196.7646447865843,0.0694902607880321,0.05300616700036746,0.0008279775808142486,4284.689441639558,513.8442453859166,0.01976753876218946,-0.0393478645304487,-173.279274091984
2.1192207723536176e-6,224.70076846273247,3503.765644748782,0.012999514048700617,-0.010487595825898319,3.088173436825294e-6,365.2564249408997,3624.402730784442,0.024265713278714334,-0.0051973044247496875,1.6043012328299867e-6,1050.641438911249,1185.923202852602,0.07093572490119292,0.054163014094053,0.0008232990068035513,4283.591694150395,516.1245873927822,0.01958164151946053,-0.03977090405859836,-173.5645800108039
2.1236252380177883e-6,224.70076846202676,3503.7656447118607,0.013221656394897145,-0.010584743146551669,3.088813283223161e-6,365.25642188375224,3624.4027753983964,0.024412134667869054,-0.005285190636729639,1.5488360765690989e-6,1052.06714933667,1175.422648093185,0.07286274315462327,0.05554820387827654,0.0008194611056847762,4282.510939584475,518.4492405760843,0.019438170767299305,-0.04014713630209818,-173.82897794425173
2.1276185427679945e-6,224.70076846229904,3503.765644653191,0.013399032820183614,-0.010677678391204872,3.0891912546315755e-6,365.2564186058004,3624.40282262278,0.02452348901937457,-0.005367481513846033,1.4937408617175168e-6,1053.4947944375594,1165.248472360399,0.07531048720433216,0.05719011117934323,0.0008163209923621251,4281.447768356587,520.8192208184167,0.019327853664690406,-0.04047668021812196,-174.07406856654978
2.1312097646258035e-6,224.70076846348488,3503.765644575243,0.013536553843723294,-0.010766864566708022,3.0893399064577547e-6,365.2564150727697,3624.4028729403517,0.02460394013327411,-0.005444835712145448,1.4392093189774371e-6,1054.9243768392516,100.46812377291914,0.07834271512737562,0.05910192452054862,0.0008137877140706063,4280.3922573711425,523.239819326986,0.01924854058269991,-0.04076231194765041,-174.30117376172004
2.1344087132635187e-6,224.70076846544634,3503.7656444818244,0.013639230561026134,-0.010851645423684782,3.0892942503927907e-6,365.2564112412584,3624.4029269644357,0.02465775493639126,-0.005517029278528738,1.3858812008039172e-6,1056.3558991706475,1145.854087301025,0.0820402968495876,0.061261576545818174,0.0008117760716841514,4279.352757537653,525.6773031952772,0.019196317300862287,-0.04100746779031086,-174.51140736036078
2.137241574566569e-6,224.7007684679918,3503.765644377661,0.01371181068764988,-0.010933000954650768,3.089084559952258e-6,365.2564070577154,3624.40298544437,0.024688891212167892,-0.005585156176438648,1.3339370028261534e-6,1057.789364064211,1136.613606702883,0.08647694180355346,0.0637124683431186,0.0008102150053865551,4278.334063033878,528.1132504201564,0.019168042592126566,-0.04121581321417493,-174.7057375963904
2.1397186626268744e-6,224.7007684710965,3503.7656442633343,0.013756563792749223,-0.011012221767895201,3.0887254699338036e-6,365.25640246271837,3624.4030491983012,0.024699335198761933,-0.005650439880571425,1.2837601449438396e-6,1059.2247741559827,1127.6568965045462,0.09173796023058636,0.0664714561130807,0.0008090526353572456,4277.328817080989,530.5627691987221,0.01916108666875755,-0.04138914648989513,-174.8850369960823
2.1418865232182377e-6,224.70076847470693,3503.765644139559,0.013778044668177503,-0.011086647562764155,3.0882441646964077e-6,365.25639737874627,3624.403119296626,0.02469278955218187,-0.005710974920007772,1.2358596607318658e-6,1060.6621320855759,1118.970866710162,0.09792464351983773,0.06955530124228532,0.0008082283504929082,4276.34565440107,532.976876649085,0.019172960780369,-0.04153368933496094,-175.05011867312896
2.1437698056831073e-6,224.70076847870732,3503.76564400866,0.013778653498454932,-0.011159775648644054,3.087652761997036e-6,365.25639171568037,3624.403196960696,0.02467121070933613,-0.005769715899945285,1.1902022233301145e-6,1062.1014404961898,1110.5632396243448,0.10522074436247847,0.07297293949825502,0.0008076915264342715,4275.374049763735,535.3954296089743,0.019199781365071583,-0.04165064175510499,-175.20176176496474
2.1454099728655673e-6,224.70076848308278,3503.7656438707095,0.01375989259592277,-0.011229768456879561,3.086957021083887e-6,365.2563853607988,3624.4032837200143,0.024635883525159157,-0.0058252750505816174,1.1470784667661475e-6,1063.542702034607,1102.4093166972818,0.11373723468767942,0.07681309172257342,0.0008074255783811311,4274.419509387852,537.7846445206021,0.019242864065631703,-0.041743800122425255,-175.34072817881327
2.1468842310874344e-6,224.70076848778154,3503.7656437251017,0.013728687628074575,-0.011297374322467022,3.086195798627986e-6,365.2563781735751,3624.403381472436,0.024592223305805024,-0.005878530027619728,1.106820856305646e-6,1064.9859193512048,1094.5181857743803,0.12370430809189538,0.08106857305228606,0.0008073115887080673,4273.47760359429,540.1467076532972,0.01928946632152882,-0.041820106369696346,-175.46777556348826
2.1482033733878486e-6,224.70076849282646,3503.765643571348,0.01368398622713018,-0.011363591321572927,3.0853577640888404e-6,365.25636998952655,3624.4034924168477,0.02453947498426844,-0.00593020180875892,1.0699002349411547e-6,1066.4310950999538,1086.8787838975315,0.1353308609399557,0.08572967469559525,0.0008073621069880158,4272.53854453208,542.5078434321186,0.019343070356161913,-0.04187869097530279,-175.58366880526313
2.1494435929312592e-6,224.70076849810735,3503.7656434102296,0.013629873949414785,-0.011427908162449601,3.084460232063846e-6,365.25636058907617,3624.403619500644,0.02448081750753768,-0.005980047659598459,1.0366463614371657e-6,1067.87823193843,1079.4903548471434,0.14891370364651382,0.09077943774686546,0.0008074942973705369,4271.615988932578,544.8173113233661,0.019393768001360338,-0.04192732079526064,-175.6891952586886
2.1506172926380426e-6,224.70076850362992,3503.765643241494,0.013567425029904948,-0.011489725555316837,3.0835053307387994e-6,365.2563496995659,3624.4037663698937,0.02441724957646713,-0.006027538519370261,1.0082327653289316e-6,1069.327332527811,1072.3157588541187,0.16467851012305795,0.0960852519050916,0.000807704665944172,4270.704386718521,547.0928780275706,0.019443616379000318,-0.04196499502543736,-175.78518726182853
2.1518076267734163e-6,224.70076850936024,3503.765643063914,0.013501411954544743,-0.011550439801047127,3.0825107226534493e-6,365.2563369736772,3624.403937653984,0.024352380269118894,-0.00607394105628731,9.852572275987209e-7,1070.7783995328907,1065.318622453355,0.18297529780788382,0.10146251462022511,0.0008078926650015861,4269.798861670039,549.3333504748085,0.01947976878887197,-0.04199827118270299,-175.8725580173391
2.153022110390273e-6,224.70076851538514,3503.76564287475,0.013432766407269316,-0.011608132720786733,3.0814735828503903e-6,365.2563219585548,3624.404139399596,0.024287068617014695,-0.006117688887196549,9.704555609630807e-7,1072.231435622075,1058.355348254279,0.20380998995774918,0.10638228734127717,0.0008080380550968864,4268.892874393612,551.5518440772994,0.019500965676038044,-0.04202708725183699,-175.95235868250185
2.1731011763182926e-6,224.70076849000756,3503.765643304647,0.01269828625013644,-0.01327735798984881,3.076422676621355e-6,365.2563027101838,3624.4043879217206,0.02371365791928333,-0.007471773262524293,1.0639936454341684e-6,1073.6864434673914,676.0814786267748,0.2226053342618467,-0.07924815355236485,0.0008101338995284294,4265.241360568669,567.7356227775489,0.01923768750188495,-0.04152486233049419,-175.9985836076824
2.1729522024607747e-6,224.70076849207376,3503.765643240287,0.012609176640624196,-0.013442408228586824,3.0751232525061853e-6,365.2562803296948,3624.4046866805993,0.023637104316994822,-0.00760081267476954,1.2403376118931486e-6,1075.1434257444962,666.6685471687504,0.2145727542143233,-0.07113083491420706,0.0008103332831290233,4264.590259705289,570.2369690537062,0.01920616727238209,-0.041460950793183494,-176.03220001713368
2.1725130011510916e-6,224.70076849507598,3503.765643158399,0.01249631838575916,-0.013608186252731441,3.073551121588212e-6,365.25625297744347,3624.405050991162,0.023542330092263024,-0.0077294460352279794,1.449422469550147e-6,1076.6023851326725,656.8823357971713,0.2083644777706762,-0.06425322683000133,0.0008107993054020842,4263.880997561089,572.9192977512768,0.01919609580382888,-0.04137166903109873,-176.06417750330058
2.1717407154708778e-6,224.700768499544,3503.765643046236,0.012355756849041392,-0.013780247590928807,3.071639546431756e-6,365.2562191377326,3624.40550045583,0.02342599820273652,-0.00786197262138995,1.7033269129309825e-6,1078.0633243148432,646.83234670176,0.20340843071429943,-0.058286542476184,0.0008115169084859134,4263.062877403602,575.934705757816,0.01920043298663019,-0.041252004480838635,-176.096242371689
2.1705502867514354e-6,224.70076850632944,3503.7656428841965,0.012177078182343204,-0.01395677691570923,3.0692654577069302e-6,365.2561767430995,3624.4060614980526,0.02327977037531706,-0.007996439119138632,2.0185957189491622e-6,1079.5262459775677,636.5898747686217,0.19928891499492254,-0.053006457102711645,0.0008125908607177167,4262.085519978009,579.392761526875,0.019228707235954417,-0.04109584485624005,-176.13089534872026
2.168815205376975e-6,224.70076851687944,3503.765642637779,0.011947107851036363,-0.014148615421561022,3.0662704115513834e-6,365.2561230418745,3624.4067684299557,0.023093069402886447,-0.008141005176449813,2.420360803345479e-6,1080.9911528110558,626.2133536428678,0.19546218993517525,-0.04829944428756541,0.0008140610579062621,4260.819466214892,583.6686591813202,0.01927405255452965,-0.040888039613506046,-176.1719858224791
2.166406659291595e-6,224.70076853359893,3503.765642249066,0.011647408930648112,-0.014356544024793503,3.062434464433087e-6,365.25605433855964,3624.407665865017,0.022851283914421698,-0.008295459689261502,2.945084525044207e-6,1082.4580475091627,615.7419862158919,0.19143807534734297,-0.04409088367991433,0.0008160278646647571,4259.11957647147,589.0982588386213,0.019335633323119054,-0.040616435925950926,-176.2257024102486
2.1631993182826356e-6,224.70076856056352,3503.7656416177647,0.011257127038554549,-0.01458437685183111,3.0574982405145055e-6,365.25596604528675,3624.4088052245897,0.022538033482951574,-0.008461987055505034,3.6442749451080565e-6,1083.9269327694042,605.1980245849234,0.18674011354867392,-0.0403586074300519,0.0008184924332527063,4256.729524682786,596.2779632805232,0.019390562518795913,-0.04026554928218556,-176.30222758562334
2.159017982673443e-6,224.70076860452707,3503.765640579268,0.010743892897021453,-0.014830594389874167,3.051129061982025e-6,365.25585343211077,3624.410228517946,0.022128380780885467,-0.008638151477618303,4.5860402851790985e-6,1085.3978112929517,594.5886978067749,0.18089204758029406,-0.03712401589565212,0.0008214776445161382,4253.2544392240725,606.0858061101595,0.019407841025378795,-0.03981122938199036,-176.4182535124057
2.1538020092549684e-6,224.70076867598084,3503.765638876938,0.010072816770846454,-0.015056347017663048,3.043043430161347e-6,365.2557141784606,3624.411920272501,0.021596245015357462,-0.008791345424621018,5.84253570560695e-6,1086.870685784647,583.898359160248,0.17356494350704763,-0.03438465730696158,0.000825010027661753,4248.206829452359,619.3209538371016,0.019355861999517728,-0.039246200460793794,-176.59986433603203
2.147694951950872e-6,224.70076878866257,3503.7656361760987,0.009216343414627948,-0.015169389872206888,3.0332995392063452e-6,365.2555561968246,3624.413669338669,0.020922902044397184,-0.008846675257688966,7.4272751352909475e-6,1088.3455589529976,573.0667765702286,0.16471625261398443,-0.032153308518793916,0.0008290650500715422,4241.077385265345,636.4407263693564,0.019202307605198143,-0.03858830051951082,-176.88249991392377
2.1414414720592517e-6,224.70076895265854,3503.765632226412,0.00820034072372505,-0.014968973603432604,3.022980496062924e-6,365.2554124203178,3624.4147897837784,0.020132265619646584,-0.008644039236400647,9.131638565736744e-6,1089.8224335101909,561.9350513734114,0.1547962779997217,-0.03046646851145574,0.0008335700722607599,4231.847942550763,655.9187790048517,0.018973117530918578,-0.03795807087238344,-177.29805344895368
2.1370327941653135e-6,224.70076915260645,3503.7656273559605,0.007225056034992239,-0.014201283752054476,3.0153205758136145e-6,365.2553556348551,3624.413675922212,0.019381644527396887,-0.007986272298829136,1.0254936828953675e-5,1091.30131217209,550.0733864293402,0.14501399075917332,-0.029829905760325286,0.0008375178305852779,4221.880185709254,672.4451047380899,0.018723161772744388,-0.0376676116621649,-177.83541084660015
2.166668763258162e-6,224.70076931494816,3503.7656220015565,0.009249004503255553,-0.011243379638853813,3.052953099327623e-6,365.25621601511176,3624.396629402746,0.020915352546528085,-0.005656167762191023,2.3855352435974035e-7,1092.7821976582486,1295.3952102941912,0.3469549185347613,1.4379130091968435,0.0007963307870036811,4209.357797096025,672.2771076406735,0.013337185199624879,-0.041203960501080376,-178.65050468793495
2.1912553228547338e-6,224.7007694653412,3503.7656189548075,0.010922744895951334,-0.010576739980042466,3.101274970811744e-6,365.25772457610725,3624.34662536354,0.022230451152091754,-0.005211187412579882,6.336899746960032e-6,1094.2650926919055,735.5863378470234,0.27317062619606425,0.05467077948858111,0.0007697221410127152,4204.637410869001,674.4612425095654,0.009652828687676663,-0.04315998877522303,-178.33178673843787
2.177873528949744e-6,224.70076955075112,3503.765615709468,0.011536428937107069,-0.01466142905106709,3.0908486345182954e-6,365.25706003171814,3623.608867220321,0.02286808500690216,-0.008852944313749413,3.4037284658722465e-6,1095.7499999999998,717.2135866112837,0.24044067263070726,0.057462665442317755,0.0007412457614221682,4206.942229959624,696.9686915376242,0.004711994844588856,-0.039362603189144106,-178.5551369905486
