mu_1,P_1,t01,ecos1,esin1,mu_2,P_2,t02,ecos2,esin2,mu_3,P_3,t03,ecos3,esin3,lprob
2.9852259814480914e-6,224.70077025328408,3503.7657366958556,0.04647394719209345,-0.01110676839627221,3.40043027604514e-6,365.2564529421104,3624.4024098308205,0.05084907895455218,-0.007654345197749711,4.16594548737151e-5,1826.2500000000005,1106.089212794999,0.18721321437033164,0.039849158734528024,-243.67943736344824
2.9509685796592676e-6,224.70077038877577,3503.7657338815156,0.04424624104393115,-0.006439183829605722,3.384662543898728e-6,365.2564529912289,3624.402405950672,0.049088799425362484,-0.0039574000762062425,4.029178424711683e-5,1831.6804633299885,1082.6913244395687,0.1769305201734502,0.04926166627188443,-243.65120115360477
2.9028718401944293e-6,224.70077052727567,3503.7657310742516,0.040833077083325744,-0.0024220043416128757,3.3609880480506567e-6,365.2564528900094,3624.402404721617,0.04639736943341232,-0.0007596228376720921,3.668270563951527e-5,1837.1270744666722,1062.1010884885366,0.1626646305912678,0.06219560592541383,-243.64832013191227
2.8478385085263747e-6,224.70077050313418,3503.765729632135,0.04541371998264662,-0.0047165861641657566,3.402118571842321e-6,365.256453484137,3624.402391949032,0.049947889971535916,-0.0024480701252819607,4.043768257036608e-6,1842.5898814265186,578.3976389776625,-1.1259616281578144,-0.35656391335514914,-243.63104259498317
2.814006803369076e-6,224.7007705361093,3503.765728693873,0.04588995532444706,-0.0032421096167031416,3.4082527692900157e-6,365.25645361589244,3624.402388299026,0.05027567358218995,-0.0012511209472231854,4.892065744483284e-6,1848.0689323687736,601.4376642033587,-0.9268499242770415,-0.28190530664145447,-243.58019039510145
2.780602162250558e-6,224.70077056830036,3503.7657278245924,0.04607585908896157,-0.001897419169941826,3.4121173531161736e-6,365.256453687713,3624.4023857466977,0.05038086196411391,-0.00015430775438992868,5.706554879921013e-6,1853.5642755958886,619.8915928640214,-0.7839149019980669,-0.21883720399792772,-243.5345581466213
2.7491557241725086e-6,224.70077060057253,3503.765727014715,0.045936514422706846,-0.0006629302857772516,3.4133079986768793e-6,365.2564537003363,3624.402384320623,0.05023721066367299,0.0008553622822268643,6.528199564881114e-6,1859.0759595539444,641.0431793416636,-0.6704067130623529,-0.1570120130255132,-243.491338763496
2.7218627112009675e-6,224.70077063595826,3503.7657262132443,0.045415870008578066,0.0005421469686391214,3.411160323191082e-6,365.256453649302,3624.4023841245057,0.049803159218743655,0.0018382620880611307,7.423288358789471e-6,1864.604032833079,673.6005385532222,-0.5708521826034504,-0.08635776896207928,-243.44582753272365
2.7039566020558324e-6,224.70077068225805,3503.7657252991594,0.04428467826110063,0.0019405258945350671,3.4031858971157185e-6,365.25645350034824,3624.402385732375,0.04890662229943664,0.002962766838957914,8.55796390143391e-6,1870.1485441679188,732.8610759186929,-0.4661313677492287,0.007379056892962121,-243.39027924482838
2.7923944183020473e-6,224.7007708611755,3503.765723042457,0.03508798412053784,0.007006356602448556,3.3165172338468276e-6,365.2564520535814,3624.4024074879735,0.0418716630187868,0.0068398082247011875,1.7776971046804984e-5,1875.709542437999,967.8023160679245,-0.020668817099868942,0.1712024817719398,-243.28778037834738
2.8476820465281028e-6,224.70077086526462,3503.7657227483087,0.035069684346481896,0.006942179376125337,3.307973034727679e-6,365.2564518979875,3624.4024094744286,0.04191418867283041,0.006763782241452015,1.844308986189937e-5,1881.2870766682074,987.7190458383835,-0.014205220920703117,0.18560755628429706,-243.13438045605773
2.907616808012166e-6,224.70077086739028,3503.7657222922107,0.03545013953250244,0.006591779912890163,3.3026111378235125e-6,365.2564520492915,3624.4024072289676,0.042265412302125674,0.006457544536511404,1.9580394790370763e-5,1886.8811960292078,1001.8669305143818,-0.007992202458375543,0.20021279201640121,-242.94392340710817
2.960957377237583e-6,224.70077087712323,3503.7657215306704,0.03589737030427138,0.006557549097554962,3.298857405518272e-6,365.25645242589974,3624.402401402355,0.042654604847533764,0.0064050591480395245,2.1062112707637642e-5,1892.491949837876,1001.961944954009,-0.0058031772920932615,0.21021925073214298,-242.72680539454717
3.0090597732711257e-6,224.7007708927465,3503.76572056109,0.03629927871563868,0.006849360861377645,3.295468642767654e-6,365.2564529085319,3624.4023936882577,0.04299924750983125,0.006615119684750018,2.2659097275439234e-5,1898.1193875577349,992.8953989964008,-0.006643238300720988,0.21690929835751718,-242.49498136731637
3.052851652055631e-6,224.7007709113677,3503.7657194826015,0.036604936687056666,0.007388429918646091,3.291904652373806e-6,365.2564534292834,3624.402385125541,0.043263227547870306,0.007025990223553819,2.4232995660419635e-5,1903.763558799389,978.3529313960404,-0.009414868084830838,0.2214227670762463,-242.2596786346597
3.0917913342038634e-6,224.70077093115665,3503.7657183642086,0.0367751868443242,0.008125106155656998,3.287937358438844e-6,365.25645394155464,3624.402376438091,0.04341754689126341,0.007599074760030887,2.5687596041768208e-5,1909.4245133209647,960.2252276012027,-0.013593293320976635,0.22440873343462728,-242.0319600374259
3.1244471448923437e-6,224.70077095069598,3503.765717268087,0.03675761828808202,0.009007356561682629,3.2833631085243195e-6,365.25645440684895,3624.402368233618,0.0434213882489283,0.008293964204843992,2.6954321945619076e-5,1915.1023010285455,939.5587892628284,-0.018804763572567565,0.22621111462474958,-241.82233399637965
3.1494480835328217e-6,224.70077096900087,3503.7657162449154,0.03651420666951261,0.009987812723140385,3.2780820220850762e-6,365.25645479438685,3624.4023610203662,0.04324488460013774,0.009073433238662481,2.7988250165739632e-5,1920.7969719766147,917.0266298275661,-0.02477123600857237,0.22707273759872929,-241.63982344582982
3.1656963656294373e-6,224.70077098540435,3503.7657153351215,0.036015703917131645,0.01102169518954507,3.2720240811506425e-6,365.25645508128196,3624.4023551949444,0.04286483516468104,0.009901918836265164,2.8768754060854393e-5,1926.5085763684947,892.9922106202405,-0.031325470806959625,0.2270959243853149,-241.49103656670167
3.1727013009151613e-6,224.70077099914718,3503.7657145741637,0.03526232173437169,0.012044609555156342,3.265274941485554e-6,365.2564552551697,3624.4023510111892,0.04228117961370073,0.010727790696698969,2.9285422055684887e-5,1932.2371645567912,867.8397439684054,-0.038313906810392984,0.22647509246749267,-241.37959574192521
3.170626667525501e-6,224.70077101002033,3503.7657139801277,0.034252940967662335,0.013011162632700902,3.257812193750274e-6,365.2564553131807,3624.4023485757543,0.04149300556414324,0.01151420099318346,2.957483902893179e-5,1937.9827870438357,841.735872232001,-0.045412613830120414,0.22516595274385515,-241.30607724797753
3.159990475905339e-6,224.70077101782235,3503.7657135634086,0.03299986596893189,0.013874339184191327,3.2496733468007516e-6,365.2564552605293,3624.4023478664512,0.04050983783768156,0.012222955166264959,2.9671053061283995e-5,1943.7454944821325,814.7419278533698,-0.05251905490841281,0.22313972796444265,-241.26841872194814
3.142072236087642e-6,224.7007710227576,3503.765713317385,0.03154423525229345,0.014616426289787354,3.2410080427854716e-6,365.2564551107266,3624.4023487405047,0.039364368802409816,0.012838959581534495,2.962878388562099e-5,1949.525337674805,786.8761667900903,-0.05935762297210565,0.22034525495917184,-241.26262108002732
3.11780703265006e-6,224.7007710254459,3503.7657132257373,0.029897900512004978,0.015243451224087008,3.231783773628718e-6,365.2564548799934,3624.402350997581,0.038065666179954355,0.013366523519996553,2.9518837024584837e-5,1955.3223675760373,757.6613200676811,-0.06580603515310277,0.21636902360226595,-241.28353230755874
3.0876654331329935e-6,224.70077102751898,3503.765713253292,0.028042596136504786,0.015817191998651153,3.2217834748675186e-6,365.25645458852136,3624.4023543845997,0.03659837030223843,0.013855143903263178,2.9461656018168263e-5,1961.1366352915345,2686.56514314761,-0.07170036072436801,0.20989494700165207,-241.32551233995792
3.0466366735683635e-6,224.70077103937115,3503.7657132339514,0.025634040618620926,0.016834226060799987,3.2088746887422524e-6,365.25645426192364,3624.40235867181,0.03468375080337496,0.014706708165599438,3.0004358566010426e-5,1966.968192078966,678.9591458023843,-0.07657022223825322,0.19229462362253538,-241.382512806872
2.3747793522612675e-6,224.70077123384405,3503.765715165063,-0.007998971325739797,0.022232407144933002,3.0293534238785204e-6,365.25645225710934,3624.40238574726,0.007421964265794306,0.019364744836011832,5.4036270899605295e-5,1972.8170893484182,2325.9974137997124,0.005656012908749313,0.023314476066502828,-241.29085686125998
2.301908893294257e-6,224.70077117230332,3503.7657172225377,-0.014500502449052538,0.019898274830464427,2.992356963145356e-6,365.2564519841469,3624.402389694776,0.0021999164059599437,0.017600481529114264,5.8839126128925694e-5,1978.6833786628497,2305.514461824862,0.013392336153864294,0.026047143632079023,-241.17639127331591
2.2458417815594644e-6,224.7007710986038,3503.76571938575,-0.019870847342046843,0.017454793531862845,2.9627539137949864e-6,365.2564517576976,3624.402393201373,-0.0021127589064000242,0.015751736691494718,6.300784347051151e-5,1984.5671117385432,2288.2838578873457,0.018211490704278098,0.028884931228814668,-241.05597675094344
2.196938849722775e-6,224.70077101510313,3503.7657216968296,-0.024619082366721414,0.014847818520817757,2.937761415700323e-6,365.2564515484093,3624.402396613178,-0.005930231025431564,0.013777739241098307,6.676883573694563e-5,1990.4683404455636,2272.079936196608,0.02138213833317901,0.031365888764662835,-240.93141963760382
2.1523798942395943e-6,224.70077092533407,3503.765724115148,-0.02904832560995673,0.012145630817521978,2.9153693562438717e-6,365.2564513427052,3624.4024000490913,-0.009493520831343886,0.01173205577665786,7.028533492724876e-5,1996.3871168082146,260.1004301101556,0.023553722178078176,0.03350982681622098,-240.8032100863378
2.110888076641145e-6,224.70077083251738,3503.765726591251,-0.03335422442858182,0.009419717543267064,2.8942285817672204e-6,365.25645113235635,3624.402403550456,-0.012956984115899023,0.009670589407501854,7.371007855757234e-5,2002.3234930054973,239.08778289074903,0.02520110376068085,0.0353725627704477,-240.67086032238333
2.07194985740948e-6,224.7007707399291,3503.765729063843,-0.03763088909290862,0.0067517788249408794,2.8736564551647854e-6,365.2564509128458,3624.4024071211784,-0.01639401303079985,0.007657058097396076,7.715309784614483e-5,2008.2775213715697,2226.8193866866177,0.026646862191586542,0.037016288385828024,-240.53323942816206
2.0353205433656915e-6,224.70077065069162,3503.7657314706744,-0.041877930764819854,0.004205346718090639,2.853573815043673e-6,365.25645068210554,3624.4024107419827,-0.019803736159502757,0.005740557979774618,8.069749161908204e-5,2014.249254396209,2212.5755609047446,0.028157356583602383,0.03844471516864147,-240.38896834270975
2.0008262060898405e-6,224.70077056796998,3503.7657337437345,-0.04604784603853283,0.0018330564639664534,2.8341492014440902e-6,365.25645043875204,3624.402414395691,-0.023148343380441628,0.00396139559598941,8.438196518029081e-5,2020.2387447252734,2198.3617569493445,0.02986937008890013,0.03960796837054161,-240.23687229773665
1.9685329144777533e-6,224.70077049473028,3503.7657358131264,-0.050045878749544546,-0.0003329159883020047,2.815754214347179e-6,365.2564501832477,3624.402418054999,-0.026352747052607213,0.0023434518275047486,8.820905394355032e-5,2026.2460451611676,2183.7427580615163,0.03183206596137671,0.040421263035788337,-240.07644324155942
1.9388026913724735e-6,224.70077043352907,3503.7657376104444,-0.05376372308568194,-0.002275057209958459,2.7987612569714408e-6,365.2564499175589,3624.402421693864,-0.029330657303804554,0.0008987964713262505,9.213659856435432e-5,2032.2712086633082,2168.275234846711,0.03399323006728741,0.040815349220794356,-239.9081916110403
1.912122106955922e-6,224.700770385871,3503.765739086924,-0.057117313485606794,-0.003999450071238195,2.7834079929733604e-6,365.25644964468165,3624.402425291597,-0.03201445279511574,-0.00037889031761013204,9.611204655533935e-5,2038.3142883485848,113.36431469104112,0.03626688390312719,0.040774809110860975,-239.73376692379105
1.8890685553620325e-6,224.70077035222593,3503.765740215744,-0.06004318443243173,-0.005523560112262351,2.7698563832003557e-6,365.25644936681584,3624.4024288633154,-0.0343522519628852,-0.0015048214015221059,0.00010006758625417089,2044.3753374918388,2133.826515763707,0.03855529230148799,0.040337230733384834,-239.55585599953133
1.870141299875527e-6,224.70077033211246,3503.765740994361,-0.06252739560920624,-0.006854911521681131,2.758088443384305e-6,365.2564490824625,3624.4024324865486,-0.036330704412811124,-0.0024862246456252147,0.00010393802868775545,2050.4544095263254,2114.839300309727,0.04076200408795832,0.039620624079587094,-239.37800208850535
1.8556504929170515e-6,224.7007703244809,3503.7657414378996,-0.06459124770429461,-0.007992574015718417,2.7479768744392856e-6,365.25644878601827,3624.402436294648,-0.037964244649976754,-0.0033235957329958246,0.00010765725269563945,2056.551558044187,2094.941517702968,0.042790808370640504,0.03875591115374535,-239.2044787012764
2.5605978560595294e-6,224.70076981706669,3503.7657420620785,0.043735916545464305,-0.01497527609681123,3.416260547970526e-6,365.25645049640525,3624.402425757556,0.048310742917742504,-0.009783596806459722,1.7417129742228855e-5,2062.6668367969255,1196.9145102810621,-0.26824270845480513,-0.6725169818671948,-239.02979196608953
2.5865739903779468e-6,224.7007698188493,3503.765741830392,0.04438727918895042,-0.01463160991380124,3.4185972907368817e-6,365.25645054730563,3624.402423850303,0.04887249750899903,-0.009492812922331473,1.780916972242249e-5,2068.8002996958758,1152.8565748666028,-0.24585102971047354,-0.6895975142427065,-238.79016525072691
2.613803981279745e-6,224.70076982421676,3503.765741594637,0.04490091914810522,-0.014155498384937128,3.4199925314141563e-6,365.2564504994487,3624.4024237481794,0.04933392722412064,-0.009103927383378724,1.8413316039567266e-5,2074.9520008126815,1119.7889121335386,-0.22165219076637513,-0.6928023724145667,-238.58127051459994
2.6419133791856603e-6,224.70076983363478,3503.765741362431,0.04526746533310908,-0.01357276514754554,3.4202886775566603e-6,365.2564503536643,3624.4024254177207,0.04968527515726793,-0.008637717170274348,1.924797352223622e-5,2081.1219943797714,1097.899747399433,-0.19613903473810762,-0.6817652362869052,-238.41174805426425
2.6702878193324855e-6,224.70076984755786,3503.7657411360465,0.04548880522872391,-0.0129158183883271,3.4194359721992525e-6,365.25645011827305,3624.4024286878825,0.04992507249948907,-0.00811959298478252,2.0346152419511174e-5,2087.310334790838,1087.0937381896454,-0.16989277451652737,-0.6566966757693973,-238.2878233444914
2.697675253127492e-6,224.7007698665613,3503.765740913966,0.045544478085317475,-0.012196431090346125,3.4172893977435038e-6,365.25644980806436,3624.4024332801696,0.05003354673848536,-0.007557753014671684,2.1716759639338588e-5,2093.5170766013166,1086.2834228838942,-0.14457668503612206,-0.6196484588890127,-238.21171998317757
2.7221235034581736e-6,224.70076989098794,3503.7657406978683,0.04538047846500767,-0.011457180630014092,3.4134926895384403e-6,365.25644944220016,3624.4024388188277,0.04996353450405717,-0.006983716115402209,2.3412196395646083e-5,2099.742274528866,1094.7028370527917,-0.12109344705057823,-0.5724199545019266,-238.18039828628733
2.7405795546019806e-6,224.70076992175288,3503.7657404782626,0.044868969776770906,-0.010762666306808848,3.4072039182701707e-6,365.25644904411286,3624.402444834457,0.0496085963699408,-0.006444996860328255,2.5547957391250243e-5,2105.9859834538515,1111.8518606948066,-0.09953350814114496,-0.5166753526297468,-238.18482023891102
2.748695880772986e-6,224.7007699597088,3503.7657402514383,0.04377462389519084,-0.010252956524186738,3.396834846360527e-6,365.25644864083625,3624.4024507826853,0.04877620953327945,-0.00604704883647275,2.8347427102003624e-5,2112.248258419828,1137.1528682856535,-0.07884228233088283,-0.4542318629604768,-238.2098674964915
2.741655190571285e-6,224.70077000626483,3503.765739990989,0.04175624407664756,-0.010100723914244554,3.3800943784856876e-6,365.2564482670073,3624.4024560484545,0.04719106150858197,-0.005919591976177891,3.2084667162673244e-5,2118.5291546340286,1167.3600618247453,-0.0572153104925217,-0.389697891722414,-238.23570895758692
2.71897722396236e-6,224.70077005936963,3503.765739694635,0.038663983835254864,-0.010471010744489015,3.3560532685816374e-6,365.2564479601134,3624.4024601295973,0.04473544559138484,-0.0061887978961468176,3.6822169210035876e-5,2124.8287274678414,1194.560438275848,-0.0341219645246052,-0.33174132725841515,-238.2431945202679
2.688143782660878e-6,224.70077011504756,3503.7657393409745,0.03489524976528494,-0.01128543791285527,3.327632441407755e-6,365.2564477418218,3624.4024629021446,0.04173369518362211,-0.006796084267530632,4.219393879430013e-5,2131.147032457311,1210.2661293810738,-0.011021690016031874,-0.28776925088446526,-238.2228239643465
2.6581790721974994e-6,224.70077017155157,3503.765738886068,0.03110474371616612,-0.012311442047010873,3.2994763100940844e-6,365.25644760450587,3624.402464634932,0.038713851965036836,-0.007565524509194697,4.780829085808482e-5,2137.48412530362,1212.6832468513203,0.010803061641707834,-0.257525641660294,-238.1770493404837
1.7917368135812645e-6,224.70077092812863,3503.7657328921114,-0.08649067207691859,0.0035160401771039173,2.629245097984781e-6,365.256443789529,3624.4025108954547,-0.05468124082567942,0.005696734043214753,0.00012476709772961796,2143.840061873582,1903.5172053930328,0.040170202927963305,0.07579704648585121,-238.10035687025328
1.8074734137898155e-6,224.70077096500313,3503.7657322512337,-0.08342783800200153,0.00627524651129969,2.6415132397718925e-6,365.2564438059242,3624.4025122426283,-0.05222431679589344,0.007831343227921351,0.00013257555989891853,2150.2148982001327,1895.999532663586,0.0534024679939952,0.07854252990239685,-237.97048339716744
1.831497810893147e-6,224.70077098729251,3503.765731752205,-0.07890588748590475,0.008855850688429293,2.660403423654725e-6,365.25644382716575,3624.402513756401,-0.048606119054440046,0.009821735504221425,0.00014359187264080563,2156.6086904828267,1886.291554696658,0.06923685654655481,0.0792508744241326,-237.81893217916283
1.863711313192858e-6,224.70077099353557,3503.7657314182375,-0.07301624496882643,0.011138396046584011,2.68566795374384e-6,365.2564438416522,3624.402515653512,-0.04389930657987711,0.011574333181445972,0.00015908325395335967,2163.0214950883296,1874.52832114838,0.0872707847877076,0.07781015719083473,-237.64111892147332
1.9034250932201681e-6,224.7007709812043,3503.7657312948586,-0.06599630637615138,0.0129375953555789,2.716288622220174e-6,365.2564438391074,3624.402518250255,-0.038293105621351985,0.012944773828246962,0.00018093939766436937,2169.4533685509186,1860.6946970836218,0.10676826689843343,0.07416353149290114,-237.43346145854696
1.948170124389733e-6,224.700770948056,3503.765731434542,-0.05841926680492076,0.014056796719540524,2.749444284802157e-6,365.2564438115496,3624.4025220525627,-0.032244337698509,0.01378140807422584,0.0002112341811388265,2175.904367572977,1844.7299799782547,0.12625696877285233,0.0685564619840345,-237.20610232151878
1.9906261423892064e-6,224.70077089904964,3503.765731821005,-0.05167435533061907,0.014524673536910887,2.778298166259396e-6,365.25644375942966,3624.4025278308372,-0.026858303526436447,0.01411350524276694,0.00024818901266567537,2182.374549025498,1826.599321239928,0.14254167596293527,0.06222987387456107,-237.02289042006333
2.0139150694435236e-6,224.7007708622155,3503.7657322610426,-0.048656028350753146,0.015043337686615142,2.7899997806951e-6,365.25644369960156,3624.4025360557116,-0.024429945551558183,0.01450481697209233,0.0002723697137259625,2188.8639699485816,1806.2826362748601,0.1492512537743667,0.05860587333206547,-237.06615988298657
1.9968653650008148e-6,224.70077087831845,3503.7657326104486,-0.05262088332979305,0.01640658017929057,2.771527652180949e-6,365.2564436456382,3624.4025445924985,-0.027543377383581175,0.015583761375245036,0.00025243886188725233,2195.3726875519424,1783.2824655978848,0.13906042049052975,0.061573399525451565,-237.4861929824884
2.776743738419953e-6,224.70076970262483,3503.7657543030296,0.03813961400027603,-5.950286243243231e-5,3.3445859089495754e-6,365.25644675769814,3624.4024975079133,0.044410790760511604,0.0020411372946782507,1.2385871719366918e-6,2201.90075921541,-9940.280830510555,5.617641732144639,-15.340603975243136,-237.4582571116271
2.776491443456592e-6,224.70076973106532,3503.765754126222,0.038784820220023365,0.00048033472203787476,3.3491451209582522e-6,365.25644668927595,3624.4024982982696,0.044918459642958763,0.00244492793438451,1.5507810222136776e-6,2208.448242489437,-7769.399496317329,4.456032073898534,-12.173118827563416,-237.47016092493178
2.7781938229881602e-6,224.70076975927444,3503.7657538909225,0.03941833690045899,0.0008760782457604038,3.353452967693248e-6,365.25644662547245,3624.402499137661,0.045423382821550895,0.002729492335619846,1.473143010891903e-6,2215.015195095608,-8173.578396169325,4.4737537762236546,-12.67919998297378,-237.542398955461
2.7821577511138497e-6,224.7007697868279,3503.76575360619,0.040045426434498974,0.0011181295831625914,3.3575524154894556e-6,365.2564465670766,3624.402500022348,0.045929696464683985,0.0028884482350649042,1.1221412137028316e-6,2221.6016749271384,-10866.602818592753,5.40848288693785,-16.421332416218142,-237.66021550920993
2.789829532022856e-6,224.70076981523766,3503.7657532470844,0.04083470218781201,0.0011910956259730994,3.362735994957571e-6,365.25644650668005,3624.4025010960977,0.04657047410794395,0.002908932225563293,1.1152931919012673e-6,2228.207740049401,-10805.698990202694,4.992296121457317,-16.2596295772385,-237.80861683801865
2.802345328428064e-6,224.7007698432614,3503.765752843679,0.04182447254106348,0.001105908637366231,3.369232182321899e-6,365.25644644625163,3624.402502346655,0.04737742202149846,0.0028005567739053574,1.4780382789341867e-6,2234.8334487004254,-7873.591159400641,3.431270535417747,-12.064785777360056,-237.9730739463336
2.822093188263737e-6,224.70076986879027,3503.7657524400224,0.04310715699251396,0.0008551874793514331,3.3776185149900685e-6,365.2564463847309,3624.4025038175723,0.04842654890770603,0.0025577711019879636,2.3294963308263733e-6,2241.4788592914165,-4683.007946969551,1.9460153788059944,-7.53653205671016,-238.1396501788912
2.854122465385011e-6,224.70076989198913,3503.765752031594,0.04495030330909778,0.0003889051734203342,3.3897676683295227e-6,365.25644632798986,3624.4025055780216,0.04993458422060856,0.00213950966819489,4.336418617834847e-6,2248.144030407269,-2174.772824229752,0.9293042572813184,-3.994911098080997,-238.2934011567403
2.9007036289406246e-6,224.7007699111592,3503.7657516740464,0.04722094333399532,-0.00038810312975331155,3.404657478941814e-6,365.25644632017423,3624.402507275625,0.05180044903342559,0.0014729583874435045,7.632208451431684e-6,2254.8290208070816,-931.6995794506818,0.4513511321992157,-2.2480220765072434,-238.41574563697833
2.950695775221262e-6,224.70076992669232,3503.765751470242,0.04918679391649643,-0.0016151127029124803,3.4174615322435356e-6,365.25644644269244,3624.4025081133404,0.05343013357939938,0.0004562873940775784,1.2164922183725693e-5,2261.533889424678,-324.45570759343855,0.24494854020355972,-1.4025048151433357,-238.48860175211695
2.976913622494599e-6,224.70076993958793,3503.7657515389888,0.04989212774001868,-0.0032048820785001673,3.4221974802050813e-6,365.25644670096096,3624.4025074331676,0.05402929000973213,-0.0008314040806883461,1.6619273005780046e-5,2268.258695369125,-60.41961110765477,0.18355185897974624,-1.0269668881388607,-238.51889099653218
2.9796711647612866e-6,224.70076995003,3503.7657518192805,0.04970499786275731,-0.004974163162100747,3.4214738049455793e-6,365.2564470107114,3624.402505758005,0.05388820689490413,-0.0022505665461106054,2.0432538506249883e-5,2275.0034979252523,57.714415222558976,0.1768845900516151,-0.8399252414791853,-238.5353850193474
2.9717966918244032e-6,224.70076984259126,3503.7657564977367,0.06504038093626878,0.0012667887626549874,3.5491249232348466e-6,365.2564471541938,3624.402519528953,0.06599430439766425,0.0026168806026817715,2.7154280397412098e-5,2281.7683565541793,2368.085658485874,0.46545569867249525,0.6206392501159259,-238.52871380368754
2.9468612064943473e-6,224.70076983514778,3503.7657573902343,0.06444476068166263,-0.00028315738837127034,3.5456156892174207e-6,365.25644755273225,3624.4025154207375,0.06547847466841158,0.0014157005247237586,2.5693499940652807e-5,2288.553330893834,2389.9264859800714,0.5001331750260873,0.6731206255948107,-238.32239325399243
2.919165605589084e-6,224.70076983972265,3503.7657579473107,0.06355436024513919,-0.001816007971946,3.5398200101695005e-6,365.2564479850008,3624.4025104187026,0.06472452527717923,0.0002288819679124008,2.3736322987976094e-5,2295.3584807594825,2424.256206468986,0.5384413360469472,0.7461117059617257,-238.1483140332977
2.891288506993098e-6,224.70076985679867,3503.765758135085,0.06244605052877583,-0.0033240776358014618,3.5321785674785686e-6,365.2564484443649,3624.402504647357,0.06379648488215575,-0.0009391773697520786,2.1237851630648377e-5,2302.1838661442553,2480.6849885178576,0.5848452864046879,0.8519874137882637,-238.0107894721606
2.865421814729306e-6,224.70076988556207,3503.765757958136,0.06120271740846073,-0.0047736809286144126,3.523224714615731e-6,365.2564489232589,3624.4024982692217,0.0627629312890327,-0.002063406205914979,1.8283083623361786e-5,2309.0295472196776,2573.1557269986306,0.6456140248861115,1.0088746246951228,-237.91065059646138
2.8427582287858283e-6,224.70076992393385,3503.765757460813,0.05987043401173587,-0.0061210404434279796,3.513281300332266e-6,365.2564494111617,3624.402491489431,0.061662376867402294,-0.0031102327275867913,1.5037601840703513e-5,2315.8955843361923,2724.8850171142844,0.731694087340873,1.2470801509644889,-237.84642257369626
2.8240502500268306e-6,224.7007699689334,3503.7657567123483,0.05850643737512045,-0.007326922119262007,3.502805794028307e-6,365.2564498975159,3624.4024845294807,0.0605415840503398,-0.004049486501158795,1.1704882825410333e-5,2322.7820380237044,2979.248008124298,0.8644284353346781,1.6236238382939536,-237.8155700278129
2.8094444633745027e-6,224.7007700173838,3503.76575579112,0.05715548445048777,-0.008375194401008156,3.492202247679796e-6,365.2564503714519,3624.4024776121646,0.05943664093532791,-0.004868913016034499,8.442596507384575e-6,2329.6889689921054,3437.305993075729,1.0949236705674672,2.2725660089374062,-237.81532463040307
2.7984640149517708e-6,224.7007700666937,3503.7657547657946,0.05583149925942982,-0.009262781103350971,3.481666420647192e-6,365.25645082253004,3624.4024709338955,0.05835850417640644,-0.005566068021181862,5.327590693052631e-6,2336.6164381318117,4418.878002918912,1.587249033946787,3.62048248429435,-237.84292679267853
2.790699930524781e-6,224.7007701146904,3503.76575369184,0.05456902784155302,-0.010008840551938436,3.4715351322468056e-6,365.25645124480343,3624.4024646093767,0.057334060474487775,-0.006155862610503844,2.3761817003407104e-6,2343.5645065143017,7761.480569512295,3.287135666077771,8.12337411645941,-237.8954494915963
2.786763885896376e-6,224.70077015611298,3503.765752677541,0.05350404840931022,-0.010559134303765719,3.4629331053832198e-6,365.2564516373764,3624.4024588421685,0.05647401262614567,-0.006596084237987004,5.309233030947445e-7,2350.533235392652,28735.555746991085,14.30064865002366,36.16105959897821,-237.96990231841139
2.787128439625614e-6,224.70077018987314,3503.7657517442713,0.05269935083814973,-0.010921820844637307,3.456334352069062e-6,365.2564519953822,3624.402453792069,0.055830656061934165,-0.006893905377956205,2.0199212938228579e-7,2357.5226862020795,72200.18174608175,38.836708227024985,93.9996878222986,-238.0661580193268
2.7888199629043966e-6,224.7007702203427,3503.765750825605,0.0519312804861901,-0.011250856536131096,3.450083190488996e-6,365.2564523153551,3624.402449242522,0.055221031577442334,-0.007168175704108587,1.2526728273556e-7,2364.5329205604835,113926.34864790452,65.93121706805341,149.18219951422188,-238.18202232923338
2.7904935329843984e-6,224.70077024679946,3503.765749938756,0.05116967915388034,-0.011577718076249995,3.44402784063328e-6,365.25645260033207,3624.4024450138368,0.054618335134276136,-0.007441673309517745,6.892086216863122e-8,2371.564000268986,201619.83094023616,128.7906836504995,264.9239769753523,-238.31256781036532
2.791147153506505e-6,224.70077026874628,3503.765749097451,0.05039362293469584,-0.011891380317338338,3.43809384077665e-6,365.2564528508532,3624.402440983322,0.05400441955219906,-0.007704100215782716,4.784556785695151e-8,2378.61598731248,280841.44273946766,204.23114249524852,368.7811493049864,-238.45207695043814
2.7902565548723863e-6,224.7007702865159,3503.7657483043204,0.04957545329274209,-0.012154621078733375,3.4321256513264813e-6,365.2564530574747,3624.4024371184823,0.05335635176791422,-0.007925409169038425,2.9955866432129545e-8,2385.6889438601725,426531.4083869998,367.63892599714404,559.5383874012814,-238.5925121253026
2.7889871690812447e-6,224.70077030477648,3503.7657474830726,0.04869151856883502,-0.012224267607771393,3.4258423020632664e-6,365.2564531907311,3624.402433723201,0.052657591839534904,-0.007995745572488253,3.03248068066352e-8,2392.7829322661355,392693.3231696415,413.4597722749742,513.4405116739719,-238.72528041313006
2.7901209879662734e-6,224.7007703325388,3503.7657464770955,0.04780540929223671,-0.011966211971920939,3.4193809884220836e-6,365.25645323491256,3624.402431200364,0.051962998737502264,-0.007815492597662347,2.7648947963018874e-8,2399.898015069855,395346.66578830243,506.29910130687335,515.3782111020623,-238.84507905247588
2.794723716731329e-6,224.70077037375412,3503.765745204447,0.04702903584451089,-0.011423055687457771,3.4133454921271827e-6,365.25645322095784,3624.402429426246,0.05136197039092605,-0.007419624398928547,2.589662076255636e-8,2407.0342549967827,387581.0556912654,584.091659779906,503.7077833021356,-238.95531060900336
2.801847092214518e-6,224.70077042545128,3503.765743711678,0.04639147432734864,-0.010736375948688046,3.407976698359903e-6,365.2564531841748,3624.40242803358,0.0508749463475611,-0.00691684184003552,1.9634985530877965e-8,2414.1917149588826,471843.25669496844,811.621831977744,611.8653942304468,-239.0631573987715
2.8105996330743154e-6,224.70077048358468,3503.7657420729156,0.04587247045225878,-0.010005265016115268,3.4032151220895203e-6,365.25645313952157,3624.402426828314,0.05048422320294068,-0.006382953690153425,2.2031190330974208e-8,2421.3704580551976,390491.7926492643,749.8628268514373,504.50800332962154,-239.17494483303818
2.820469402945324e-6,224.70077054543887,3503.765740338949,0.04544947052093512,-0.009277280313644361,3.398960337545319e-6,365.2564530903815,3624.4024257198403,0.050171068155758385,-0.005854283579070602,1.9616941193324934e-8,2428.5705475723967,406223.09584955673,864.8714986382556,523.3702709047857,-239.29358657528468
2.83117590982643e-6,224.70077060925385,3503.7657385482175,0.045115141718453926,-0.008570623043455449,3.3952044995040774e-6,365.256453038433,3624.402424665471,0.04992942823126284,-0.005344490281669404,2.0942700458135956e-8,2435.7920469853357,350055.67364990327,827.2649964294462,449.38437188391833,-239.42021039738705
2.842239923905243e-6,224.70077067429827,3503.7657367151214,0.04485392114975964,-0.007908413080040134,3.3918673003801853e-6,365.25645298692217,3624.402423555546,0.04974643187320124,-0.00487131226957854,2.0204937680704715e-8,2443.035019957618,327360.9051341863,873.4284800609465,418.87427012301254,-239.55350392476154
2.9510123578932755e-6,224.700771180951,3503.7657245836226,0.04510797388291944,0.001794229576039356,3.3854363006460555e-6,365.2564546061788,3624.4024093889993,0.04995006434228795,0.0027980363122159673,5.742749214727655e-5,2450.2995303421526,1128.17846924746,0.020163204498540126,0.24335210400593546,-239.5795102718794
2.9516927529991203e-6,224.70077122753338,3503.7657232503625,0.04551664919591686,0.0015132759446019632,3.3890378365731915e-6,365.2564550385958,3624.402402945698,0.05025477461016064,0.002548250789109796,5.7203004749549774e-5,2457.58564218172,1112.9703248643461,0.02374908996155443,0.25259329398333613,-239.53182086248762
2.9487093849191205e-6,224.70077127280166,3503.7657219571106,0.04573181576807714,0.0011857485933195412,3.391516849268611e-6,365.2564554425538,3624.402396880374,0.05040493519474111,0.0022599300209103818,5.6759494504494614e-5,2464.893419709535,1097.2585330720915,0.026539951591458878,0.26202908872765796,-239.50323595815496
2.9428158800815354e-6,224.70077131564372,3503.765720731616,0.04580081723197185,0.0008057610700655108,3.3931703375366753e-6,365.25645581123274,3624.4023913203473,0.05043892707795947,0.0019281693759659196,5.603206555740945e-5,2472.222927349815,1081.274595540287,0.028233443422333828,0.2720144230649029,-239.4947300908318
2.934654876091012e-6,224.70077135503868,3503.7657196004598,0.04575662131341658,0.0003658891511638835,3.394189848359649e-6,365.2564561389648,3624.4023863745406,0.05038374615963749,0.001547015224111443,5.498230878603966e-5,2479.574229718345,1065.17934573703,0.02852256662913254,0.2828411631270402,-239.50667209419404
2.9252014550935597e-6,224.70077138976902,3503.7657185925964,0.04565695318755028,-0.0001458681003557824,3.394923575025913e-6,365.2564564221067,3624.402382123184,0.050286166624236794,0.0011067655368444148,5.353890852685731e-5,2486.947391623051,1049.405275100374,0.026937691816602643,0.29510534201009303,-239.53880729986017
2.9151474695351884e-6,224.70077141887552,3503.7657177322153,0.04554796556745774,-0.0007369574057348557,3.3956583643816994e-6,365.25645665874447,3624.402378607696,0.05018335766000719,0.0006017315658861321,5.163131680628039e-5,2494.3424780645664,1034.5576387436322,0.02288628190074925,0.309644577117129,-239.59027453409234
2.9052330180440943e-6,224.7007714414231,3503.7657170427406,0.045475950460485366,-0.0014206037989336045,3.39666710521448e-6,365.2564568494219,3624.4023758335175,0.05011265964274201,2.166666480953914e-5,4.918880330667122e-5,2501.759554236811,1021.32908053067,0.015368131231519163,0.3275151948073498,-239.65964261297594
2.8962312724987964e-6,224.70077145665454,3503.76571654068,0.04550271632162486,-0.002200746066398115,3.3983384299119145e-6,365.2564569966142,3624.4023737630096,0.05012345380882547,-0.0006361801217832663,4.611939299992377e-5,2509.1986855275622,1010.9735004257307,0.0028556753958666253,0.35052171253074643,-239.74494946660596
2.8886895881571457e-6,224.70077146400388,3503.7657162416695,0.045671808107507976,-0.0030876791043558923,3.4009323231960114e-6,365.2564571049816,3624.402372324315,0.050250476815577844,-0.0013793765666207485,4.231748930108401e-5,2516.6599375190262,1005.4568670448509,-0.01748269742130527,0.38155622181950327,-239.84373408714072
2.883057535698061e-6,224.7007714632142,3503.765716153536,0.04602657027005521,-0.004095252561372719,3.404711821132608e-6,365.25645718125674,3624.402371402706,0.05052797772158851,-0.002218078397775355,3.7657594939626286e-5,2524.143375988429,1008.3986397767353,-0.05103201191834091,0.4258622462988291,-239.95306295406817
2.8796968314510787e-6,224.7007714541763,3503.7657162835935,0.04659715108498838,-0.005255620568578454,3.4098327291276673e-6,365.2564572346668,3624.402370846319,0.050979672666560436,-0.003176682148889566,3.1961614200918154e-5,2531.649066908586,1027.7514238214853,-0.10984525611762623,0.4945174569851447,-240.06957154967762
2.8791177777602973e-6,224.70077143701872,3503.7657166280665,0.04741172707561624,-0.006627312352677635,3.416400869765962e-6,365.2564572770164,3624.402370447521,0.05162763828118369,-0.004299957015332845,2.499743488678477e-5,2539.1770764484877,1084.9036037215515,-0.22535684306720336,0.6157980638263015,-240.18960799049108
2.8806644157941586e-6,224.7007714154033,3503.7657170719954,0.04832254158611281,-0.008221218134996128,3.4232541570666657e-6,365.2564573253318,3624.402369852844,0.05235453294696254,-0.005593171555109393,1.694958546195997e-5,2546.727470973881,1245.2614473706474,-0.48666661377356807,0.8704718508588389,-240.30995581212665
2.8799770808263126e-6,224.70077140151074,3503.765717218037,0.048791115751212775,-0.0097265366040761,3.426691484979128e-6,365.2564573907458,3624.4023686662463,0.052732138116129014,-0.006805560766175122,9.920091840389865e-6,2554.300317047856,1651.5500317165677,-1.055793773173675,1.4232946543487914,-240.43030393261705
2.874117712553068e-6,224.70077140051387,3503.7657169167614,0.04860782272296869,-0.01079426379029007,3.4255861273639197e-6,365.2564574547007,3624.402367144476,0.05259257114223603,-0.007662550500645096,5.456310804737929e-6,2561.8956814314315,2515.9113134950276,-2.133241537847554,2.5232136586913705,-240.55363841877684
2.8644367328056654e-6,224.70077140666154,3503.765716377343,0.048020737402631276,-0.011470547205232039,3.4217959540004755e-6,365.2564574978943,3624.402365697554,0.052132272203734224,-0.008204504627551418,2.749899552186312e-6,2569.513631084145,4486.188402540375,-4.389294434097093,4.960384223148875,-240.68151527367297
2.852281421490893e-6,224.70077141610201,3503.765715728062,0.04718141664192394,-0.011844403065236106,3.416389564460604e-6,365.25645751272424,3624.402364517909,0.05147240193279715,-0.008504256449672518,1.363208494784659e-6,2577.154233164641,8624.630596387697,-8.781826526042682,10.020153486688045,-240.8133667996864
2.838599515908964e-6,224.7007714264189,3503.7657150537716,0.04619163963845534,-0.012016891989767516,3.4100286825580867e-6,365.2564574991853,3624.402363627774,0.050693781124049826,-0.008642691768729567,6.971054929360766e-7,2584.8175550312662,16613.415716756663,-16.599250930442853,19.725861094700917,-240.94781327727242
2.8241641812890407e-6,224.7007714370469,3503.7657143769106,0.045137213143648415,-0.012039406944721618,3.40328227280847e-6,365.25645746187377,3624.4023629600433,0.0498641480147421,-0.008660948457749106,3.9474595002197514e-7,2592.503664242659,29389.1744087222,-27.833082416833662,35.17188950218912,-241.0832036042733
2.809039253830814e-6,224.70077144806834,3503.765713705955,0.04403052082132272,-0.011954407651969057,3.3962115069525815e-6,365.25645740383817,3624.4023624624365,0.04899271638803074,-0.00859286930631174,2.364512205865226e-7,2600.212628558349,49509.1811558584,-43.48971823730713,59.39691949433783,-241.21779706865436
2.7937466555130593e-6,224.70077145975722,3503.7657130371645,0.042902508370004866,-0.011755956784932933,3.3890164886599765e-6,365.256457325428,3624.402362155923,0.04810455947200388,-0.008434706035578162,2.3043167781332331e-7,2607.9445159393526,51576.17997504719,-41.061442935798176,61.728210406312776,-241.3502394453713
2.778463841474008e-6,224.7007714730645,3503.76571235324,0.04178529701120783,-0.011467419431238845,3.3818937908876387e-6,365.25645723223477,3624.4023619382506,0.04722406502102978,-0.00820502821541975,1.3762712908628736e-7,2615.699394548772,87564.696497801,-62.28313604911808,104.78382459630194,-241.47873340286515
2.220654771824992e-6,224.70077153615875,3503.7657173583493,-0.01959936002901521,-0.0028301568011733923,2.9868867106483466e-6,365.2564582392371,3624.402334916722,-0.0020150785489736825,-0.0011479971842112996,0.00014078605420073283,2623.477332752399,2403.335435745113,0.05751593499546216,-0.018424630582654977,-241.58771449768233
2.276886374215216e-6,224.70077156896386,3503.7657157987855,-0.013177262434263945,-0.0036256069991706815,3.024527641598758e-6,365.25645842566166,3624.402332182543,0.003166579431376406,-0.0017462955967536614,0.0001306608853529213,2631.2783991193073,2402.480033148486,0.052037978083203935,-0.01458237708633702,-241.59551248894482
2.3372771560228442e-6,224.70077159169404,3503.7657143827155,-0.006512587639855577,-0.004688503007307838,3.0641360947182114e-6,365.25645865518385,3624.402328883356,0.008535693985489506,-0.002555727078721934,0.00012111695772025945,2639.1026624224733,2400.7168675087487,0.04629575381890481,-0.010351811809643233,-241.5907137283808
2.3917029294564722e-6,224.70077160651348,3503.765713164384,-0.0006391599058444366,-0.005738628398168449,3.099507943209475e-6,365.25645893506584,3624.402324665545,0.013255504429722582,-0.00335467851994026,0.00011395407026335449,2646.9501916393706,2395.03417998764,0.04168125274039226,-0.006176904109245629,-241.5782104660543
2.4355592953783483e-6,224.70077161800165,3503.765712104065,0.004013894649624379,-0.00662266912771334,3.127780466486067e-6,365.25645924653065,3624.4023197178367,0.016984234300248806,-0.0040207188150425,0.0001094796792785907,2654.821055952582,2385.1649727770337,0.03897287490460036,-0.00235788685270913,-241.56291145013063
2.4705372244017272e-6,224.70077162775354,3503.765711168055,0.0076500991600301355,-0.007347785612402082,3.149943028100788e-6,365.25645956439087,3624.402314481997,0.01989066838292571,-0.004558791383998848,0.00010693933178848304,2662.715324750408,2372.3010265466287,0.03795715458508969,0.0010345067100082145,-241.54824792089153
2.4996315062732227e-6,224.7007716349917,3503.7657103563024,0.010582970951085444,-0.007966726003619928,3.1677708735716503e-6,365.2564598687691,3624.402309338423,0.022230104346500364,-0.00501066157217003,0.0001055769237348752,2670.6330676274806,2357.471009876729,0.03816128637012406,0.004012159373913907,-241.5364484427057
2.5249287377122223e-6,224.70077163874154,3503.765709678946,0.013026031429838884,-0.008509539587785771,3.1825001714241364e-6,365.2564601472129,3624.4023045288363,0.024175620071229916,-0.005400336423644275,0.00010494102557505703,2678.574354385375,2341.230486422904,0.03923206248076036,0.00660390458159834,-241.5290629272413
2.5478308155454147e-6,224.70077163796984,3503.7657091514593,0.015113915507661366,-0.008997338483226733,3.194911031535984e-6,365.25646039045216,3624.402300227155,0.025836350420324502,-0.005744912420096207,0.00010476899066858856,2686.539255033225,2323.8684778082893,0.040955497174510455,0.008812866663731213,-241.52723269080047
2.5692723481162444e-6,224.70077163206665,3503.7657087840103,0.016934399805990784,-0.009437962229031217,3.205514309055302e-6,365.25646059218144,3624.4022965501335,0.027283208472908858,-0.006050983264120777,0.00010489669021709792,2694.527839788341,-388.98696452117053,0.043175062680449496,0.010661539536333574,-241.5317975122562
2.589808664758531e-6,224.7007716205191,3503.765708588849,0.018533696173901222,-0.00983025546272463,3.214565611911971e-6,365.2564607470774,3624.402293589853,0.02855347690451978,-0.006317966480730404,0.00010524879420511104,2702.5401790768296,2286.2789951737022,0.04582589530260127,0.012157609868313936,-241.54333557518137
2.609930524700124e-6,224.7007716029313,3503.765708574848,0.019952618184276818,-0.010179060361800253,3.222297212614473e-6,365.25646085175515,3624.4022914083,0.02968013188774299,-0.006550051007713993,0.00010577323414216943,2710.5763435342124,2266.183474712546,0.04886187453391095,0.013331746082227446,-241.562180200888
2.629911227570772e-6,224.70077157920613,3503.7657087474604,0.021208804692279207,-0.010479965236769206,3.2287957362225894e-6,365.2564609037437,3624.402290048289,0.030677308103870277,-0.006744028446747085,0.00010645457759670219,2718.636404006051,2245.276576117666,0.05226909689643668,0.014214822607540185,-241.58843113196383
2.6500592389595007e-6,224.70077154928026,3503.7657091110937,0.022320870595926832,-0.010727691682605574,3.234153205617014e-6,365.2564609018914,3624.4022895331022,0.0315598044896516,-0.006895946693740387,0.00010729125302700705,2726.72043154857,2223.5175989805366,0.0560367581315913,0.014815729855910063,-241.62196720366694
2.6705002155103184e-6,224.70077151326348,3503.765709668327,0.023290071199537198,-0.010915239677548032,3.2383555499325924e-6,365.25646084562305,3624.402289875462,0.03232862611368315,-0.0070004498434850316,0.00010830829854964234,2734.8284974292865,2200.9551707992673,0.0601848781442436,0.015183353920007818,-241.66246266574802
2.6914736447335632e-6,224.70077147130868,3503.7657104189684,0.02412941935031658,-0.011037710918245043,3.2414645002227703e-6,365.256460735747,3624.4022910684657,0.03299400854654777,-0.007053754034338581,0.00010952417526233869,2742.9606731276276,2177.606213284062,0.06471681565437043,0.015357035357426356,-241.70940784892565
2.713029058363313e-6,224.70077142366148,3503.765711363005,0.024830463854641573,-0.011095421720362132,3.243402330147844e-6,365.2564605740048,3624.4022930890296,0.033549175571796944,-0.007056190228164477,0.00011098938429926814,2751.117030335578,2153.5358538426676,0.06964792987505558,0.015386557612516293,-241.76213384101052
2.7353190090088893e-6,224.70077137060534,3503.7657124978377,0.025399363360004507,-0.01107911857702813,3.2441925850525282e-6,365.2564603623142,3624.4022959133363,0.03399892586852619,-0.007000420102428284,0.00011273479712769601,2759.297640958298,2128.7962398348814,0.07497582389392077,0.015329930018200268,-241.81984134944557
2.7582978703510287e-6,224.70077131267317,3503.7657138167815,0.02582428487615031,-0.010982727992534821,3.2437475518412636e-6,365.2564601045725,3624.402299485615,0.03433365530682361,-0.006881513703073267,0.00011481826489192171,2767.502577114764,2103.4559448740197,0.08067814536488435,0.015242256151812872,-241.8816337131838
2.78192967912292e-6,224.70077125025074,3503.7657153152923,0.02609829140152913,-0.010809997384233178,3.2420152333729005e-6,365.2564598045466,3624.40230375237,0.03454779424135254,-0.0067023024435415865,0.00011728758032115199,2775.7319111384018,2077.6689203867954,0.08672970429615719,0.015199625043760278,-241.9465543863791
2.8061526313969723e-6,224.70077118391555,3503.7657169833637,0.02621544737369149,-0.010561288905939204,3.2389561179626163e-6,365.25645946722955,3624.4023086420675,0.034636619733445125,-0.006462945874694776,0.00012018748208547788,2783.9857155777254,2051.5839654410593,0.09307439142613763,0.01527103739415805,-242.01362858191376
2.8308034559107802e-6,224.7007711142097,3503.7657188101057,0.026167512439451434,-0.010244601956569217,3.2345306509787683e-6,365.25645909817297,3624.4023140726354,0.03459367083613,-0.006169625733736737,0.00012355067477404463,2792.2640631969753,2025.356201555769,0.09962554457841323,0.015501010118522918,-242.0819080221926
2.8557507233950455e-6,224.70077104175002,3503.7657207817224,0.025956132583086124,-0.00987037256230076,3.22877147601234e-6,365.25645870347927,3624.4023199560415,0.03442030193159395,-0.0058303759665720815,0.0001273984635541893,2800.567026976761,1999.1823568688467,0.10629647636230297,0.015947241502646432,-242.15051658927968
2.8806476789684254e-6,224.70077096729028,3503.765722881338,0.025565674469268797,-0.009451453361565415,3.2216114047373613e-6,365.25645828946847,3624.4023261968214,0.03410427257829383,-0.0054553630911524376,0.00013174781778355814,2808.8946801147054,1973.2035299841102,0.11297127328212178,0.016620200714187478,-242.2186935666724
2.9053727747844057e-6,224.7007708913464,3503.7657250922393,0.025008823788104685,-0.00901334876270105,3.213173689210067e-6,365.2564578627068,3624.402332698826,0.033656020781832434,-0.005064709917280783,0.0001365803560119368,2817.2470960260875,1947.596265365003,0.11955209256613299,0.0175223855665503,-242.28583137054864
2.9296041227120945e-6,224.7007708147805,3503.7657273924283,0.024283250015740204,-0.0085715498589457,3.2034954713988882e-6,365.25645742937934,3624.402339370296,0.033073797173456994,-0.0046708194153105564,0.0001418749343779716,2825.624348344491,1922.4573216113217,0.12593779880372988,0.018639383100002124,-242.35150521235641
2.953177691014353e-6,224.70077073805086,3503.7657297657115,0.02339801824455579,-0.00815429793054599,3.192681912310011e-6,365.25645699487524,3624.4023461311817,0.03236529573008665,-0.004296222349191248,0.0001475989487875623,2834.0265109224547,1897.8864226060903,0.13206497409106577,0.019929018253842502,-242.4154936251416
2.9758274969767333e-6,224.700770661988,3503.765732187031,0.022363584492266688,-0.007784659344064349,3.180866822592781e-6,365.25645656504105,3624.4023528944454,0.03153895664008232,-0.003959587799324386,0.00015368957705272343,2842.453657832121,1873.9344345172153,0.13786310315070188,0.021345788198825707,-242.4777899336739
2.9973655214320292e-6,224.70077058708765,3503.765734638285,0.021191565506175587,-0.007488746789945202,3.1681805766449676e-6,365.2564561436885,3624.402359603879,0.030604504377829883,-0.003682079614807245,0.00016007715231575092,2850.9058633658938,1850.6514369325012,0.1433083006887355,0.022837129194879437,-242.53860568591287
3.0174576835824608e-6,224.7007705144556,3503.765737086278,0.019901248574667154,-0.007267058786370064,3.154840406939301e-6,365.25645573520353,3624.40236618943,0.029576781824145557,-0.00346480115629853,0.000166660043770244,2859.383202037081,1827.939395264676,0.1483610429125973,0.02435340634098104,-242.5983671572222
3.035771068947983e-6,224.70077044524115,3503.7657394915464,0.018540921284755353,-0.007119570233872944,3.1412807031796746e-6,365.25645534211264,3624.402372611712,0.028493284116715412,-0.0033086711078403183,0.0001732123082972109,2867.8857485805697,1805.7044311612462,0.15300309081711044,0.02587850151975621,-242.65770501011852
3.0515181572113652e-6,224.70077038181458,3503.7657417786186,0.017191093891521465,-0.006994210199975312,3.1282536702172407e-6,365.256454966386,3624.402378830917,0.027415175212777816,-0.003173847573516891,0.00017933545852614433,2876.4135779534713,1783.6090780600584,0.15718694297695882,0.02744110169669962,-242.71743127010737
3.062980360680631e-6,224.7007703295042,3503.765743778268,0.016075849904960464,-0.006727149572625758,3.1177426103865016e-6,365.25645460701537,3624.4023848524016,0.026512355283772663,-0.0029330705516971917,0.00018398567274294025,2884.966765335788,1760.8012592042749,0.16079694927029684,0.029251230427904864,-242.77846959386008
3.066586103549247e-6,224.70077029873164,3503.7657451619643,0.015643943178622995,-0.005964787488596575,3.1137060763420107e-6,365.25645425858613,3624.402390751124,0.02612405655823062,-0.0023109253909945325,0.00018507858074689773,2893.5453861310734,1735.4794931369065,0.16357751054518446,0.0318231227637759,-242.84159718238348
3.059122983292149e-6,224.70077029785443,3503.7657456698457,0.01631826569249458,-0.004356445275363992,3.1197948236731817e-6,365.2564539079041,3624.4023967680178,0.02656999310124033,-0.0010350350264157644,0.00018077670590523369,2902.149515967098,1705.722932789287,0.16531988780691345,0.03576778151909934,-242.90673385725617
3.043673663545917e-6,224.70077031479082,3503.7657456837132,0.017655830466575408,-0.0022409321674753922,3.13206555865609e-6,365.2564535474577,3624.402403095754,0.027515194867928593,0.000627594194361151,0.00017323163828955905,2910.779230696517,1672.8424244783191,0.16636572746010034,0.04078781111509486,-242.97244243931164
3.024903338459364e-6,224.70077033304818,3503.765745706763,0.01896322507526369,-0.00021906201111464226,3.144506369907471e-6,365.25645318305067,3624.402409669632,0.028436851143922387,0.0022064770045868974,0.0001653726038939104,2919.434606397537,1639.7367281211039,0.16720853103362643,0.04622014541179441,-243.03694578008736
3.0046041846053413e-6,224.70077034736093,3503.7657458810063,0.020024946030475072,0.0014783273478837402,3.1552522254780115e-6,365.2564528222048,3624.4024163494078,0.029174881169900607,0.003521774301722855,0.00015797319392182893,2928.1157193745885,1607.6727403901468,0.1680473528594461,0.051857631197716504,-243.09894525045812
2.983386249200261e-6,224.7007703576063,3503.765746186559,0.02087424827585031,0.0028148927739562973,3.164528760273524e-6,365.25645247066325,3624.402423016845,0.029758099778552018,0.00454553276273004,0.00015082687063590295,2936.822646158996,1576.921690263971,0.16891225454711073,0.05776043154495627,-243.1574538672196
2.9618287105714935e-6,224.70077036442748,3503.765746581278,0.021602237345409354,0.0038081386782702962,3.1729994737610774e-6,365.2564521334332,3624.4024295675677,0.03025909694637336,0.005291959516574421,0.00014361919853724653,2945.5554635096573,1547.4427320761013,0.16980236419718328,0.06408202759961774,-243.21151936201838
2.94065852715378e-6,224.70077036823474,3503.76574703081,0.0222985941695502,0.004477213110015134,3.1812873880687515e-6,365.25645181542234,3624.4024358983256,0.030749378399691454,0.005776642327967438,0.0001361167952217248,2954.3142484137147,1519.1873627012576,0.17073319468609338,0.07101842045829167,-243.2600751393587
2.920474388316247e-6,224.70077036960936,3503.7657475007263,0.023049725550549145,0.004843298479597128,3.1900029554912725e-6,365.2564515220839,3624.402441902585,0.03129737069046121,0.006016422285785632,0.00012811258529473262,2963.0990780872376,1492.0855626145174,0.17168314339672644,0.07885914199187781,-243.3018815191973
2.9018668608537298e-6,224.70077036898826,3503.7657479620434,0.023923355661127372,0.004932535385745795,3.199609665769199e-6,365.2564512591599,3624.4024474649914,0.03195714164827564,0.00603253606524245,0.00011952528174864603,2971.910029975905,1466.1089438630295,0.17265456311011088,0.08796390771849955,-243.33552270236945
2.8848238023221517e-6,224.700770367541,3503.7657483796856,0.02493666626003773,0.004777034428792944,3.210253863025443e-6,365.2564510341091,3624.402452448647,0.03274153803612648,0.005851075422028415,0.00011039983994386543,2980.7471817556766,1441.2033670372853,0.17354463319572402,0.09879330659645595,-243.35944672026525
2.8688708177718483e-6,224.70077036684228,3503.765748715626,0.026060019048286576,0.0044185128553841406,3.221778240650225e-6,365.2564508540746,3624.402456723227,0.03362635997206284,0.005506287330989202,0.0001008720969878104,2989.610611333494,1417.3974463929862,0.17419227103526072,0.11193573523412902,-243.3720471550384
2.852832591809672e-6,224.70077036916175,3503.765748928826,0.027213571415074914,0.003920329872746746,3.2337079299759653e-6,365.25645072542045,3624.402460185467,0.03454625392175855,0.00504995644048449,9.117773865312903e-5,2998.5003968479577,1394.6047913294647,0.1742238309000941,0.12812093151597748,-243.3717804365852
2.835068236591016e-6,224.7007703767736,3503.765748984043,0.028272208714707127,0.0033456021390370007,3.245254779412628e-6,365.2564506525015,3624.402462766488,0.035399767618510415,0.004534296815431422,8.162997427448163e-5,3007.416616670018,1372.6947222626477,0.17300977321030717,0.1481004493290964,-243.35729621014568
2.8138933025792946e-6,224.700770391345,3503.7657488634345,0.029123693997091044,0.0027641694664295143,3.2557132692479665e-6,365.2564506357322,3624.40246447692,0.03609545309514826,0.004016968121255577,7.254699035710349e-5,3016.359349403665,1351.2143866158028,0.1695103656314397,0.17259306857094733,-243.32754894230476
2.7875766152265544e-6,224.7007704137976,3503.7657485650693,0.029675900995790778,0.0022270003582175566,3.2645260096683527e-6,365.2564506719956,3624.4024653953115,0.036557732795218394,0.0035405441139208455,6.427357295121391e-5,3025.328673886623,1328.9697780593874,0.16208606224328118,0.20182323622745357,-243.281862966167
2.754454506806596e-6,224.70077044379553,3503.765748115254,0.029886894788389413,0.001769909170840068,3.2715033445109385e-6,365.2564507532727,3624.4024657011983,0.03675023347914627,0.003135003166689524,5.7265963977060794e-5,3034.3246691910463,1302.5967752783154,0.14832134918142437,0.2343623698651514,-243.21989747200843
2.7110042575088e-6,224.70077048119424,3503.7657475526016,0.02963763837223295,0.001378716629416272,3.27607921439629e-6,365.2564508671061,3624.4024656731817,0.036573158072130164,0.002789574265987223,5.223158435221913e-5,3043.3474146242124,4307.003524966917,0.12516360201703122,0.26461242214350306,-243.1413316148819
2.65074826942398e-6,224.70077052690928,3503.765746900722,0.028618479472867477,0.000905120152256451,3.27658626288722e-6,365.2564510018379,3624.4024655656563,0.03577558441703542,0.002386492885724351,5.021139980352477e-5,3052.396989729226,1195.853319596808,0.09098920645285304,0.28026577465451363,-243.04489389364707
2.5675052470514857e-6,224.70077058339265,3503.7657461551016,0.0260370604228638,4.894946805974468e-5,3.2676117157440076e-6,365.25645115669226,3624.4024652636217,0.033727842043209444,0.001693882492525853,5.266644912730208e-5,3061.473474285716,1085.0092040887002,0.05276635528590594,0.2667005234424639,-242.9270077492303
2.474295972407824e-6,224.700770647124,3503.7657453756747,0.02143430597188755,-0.0011092520194582517,3.2440000708505776e-6,365.2564513340625,3624.402464301683,0.0300628923161199,0.0007873089030016679,6.0934666458149074e-5,3070.5769483105423,952.1108404465426,0.03104363124269229,0.22688081103844898,-242.7835059212178
2.3867411488889007e-6,224.70077071438354,3503.7657446279513,0.015177764721980323,-0.002010796447614904,3.2069158618302863e-6,365.25645152315064,3624.4024627479516,0.02505339130781349,0.00010395864627577854,7.574689431674756e-5,3079.707492058499,833.3892512202968,0.033034386825070726,0.18112813576346723,-242.61362062908557
2.3049620129066884e-6,224.70077078439428,3503.765743945194,0.007689824259730479,-0.0023598579604945154,3.1601284878359446e-6,365.25645170746475,3624.4024610848132,0.019020190044392066,-0.00013108343216219968,9.762330284208508e-5,3088.865186023024,3828.2439831502356,0.04695144069995924,0.14204560496941968,-242.41819713501198
2.25075766933157e-6,224.70077084470748,3503.7657432626534,0.002016181662283931,-0.002135902169315707,3.1237738698559188e-6,365.2564519122499,3624.4024589999826,0.014425038583344827,8.864240976057483e-5,0.00012070932377250363,3098.0501109369043,673.5067227989824,0.05993251570048198,0.11839316987841528,-242.19884186747933
2.226304619438235e-6,224.70077089806512,3503.7657423900837,-0.0009153930752597894,-0.0015538869551675314,3.1038918836705006e-6,365.25645217271426,3624.4024558984124,0.012035993464797326,0.0005889504024298945,0.00014038503988172157,3107.2623477729967,625.5904529559734,0.06910337201060554,0.10629270577633718,-241.95827148104496
2.216463652628733e-6,224.7007709530861,3503.7657412940403,-0.0024868114265703912,-0.0007624992912297683,3.0919786363644006e-6,365.2564524832725,3624.402451886032,0.010741662013819875,0.0012554931027487415,0.0001581524266124675,3116.5019777449247,3702.1724018207224,0.07624162429689522,0.09921242213874491,-241.6981295828999
2.2140487378362362e-6,224.70077101293225,3503.765739988058,-0.003410917951774399,0.00015916474143436307,3.0837092394204154e-6,365.2564528360873,3624.402447107114,0.009967008258144576,0.0020280845965852984,0.0001750616661151206,3125.769082307815,549.9983089742453,0.08217480818960729,0.09464386906649586,-241.41932546342372
2.2159077464019304e-6,224.7007710786745,3503.765738486002,-0.004005273644284065,0.0011558479778945212,3.0771919546488973e-6,365.25645322612013,3624.4024416557527,0.009456047795405365,0.0028643917468250788,0.000191535005805551,3135.0637431590035,517.0128455174247,0.0872388862993122,0.09157039562205765,-241.12274475511333
2.2206552729823216e-6,224.70077115063629,3503.765736795935,-0.004406250757049726,0.002187696319095403,3.071650321481526e-6,365.256453649796,3624.402435599168,0.009099763781369598,0.0037334252247974093,0.0002076319472148081,3144.386042238757,3630.2844648381792,0.09158530636882554,0.08952454821466145,-240.80953157061805
2.227440623259818e-6,224.70077122882498,3503.7657349281644,-0.004696243579269279,0.003223050335408965,3.0666383902006436e-6,365.2564541031062,3624.4024290132825,0.008832867753580026,0.0046104593079325995,0.00022329685061976036,3153.736061730997,456.18154065243925,0.09530603168981489,0.08824210742719255,-240.48119035473718
2.2357694625629947e-6,224.70077131307772,3503.76573289088,-0.0049197018192195284,0.004239843824817959,3.0619379543903917e-6,365.25645458181754,3624.4024219733747,0.008620797623893325,0.005477939751936658,0.00023843185386488187,3163.113884064024,3590.6273828968874,0.09847942624934153,0.0875483725281616,-240.13960626258833
2.2453074055208088e-6,224.7007714030816,3503.765730695968,-0.00510204738476151,0.005221237116673831,3.0574497975053876e-6,365.2564550812534,3624.4024145669937,0.008444281078136617,0.006322195026876266,0.000252898010344317,3172.519591911244,399.6798807984464,0.10116244426586336,0.0873372372082234,-239.78701818562516
2.2557858277222714e-6,224.7007714983635,3503.765728357696,-0.005260964713811537,0.0061610110371056355,3.0531176048594555e-6,365.25645559597444,3624.4024068921485,0.008290332483085054,0.007137766278373841,0.00026655092195549,3181.9532681918968,372.47006845272085,0.10339310085626381,0.08752896102846162,-239.4259608189328
2.266973773096027e-6,224.70077159837027,3503.765725891175,-0.005409269056250253,0.007054701650874951,3.0489101452442144e-6,365.2564561202763,3624.4023990474493,0.008149640445039645,0.007920385492467714,0.00027928432115405634,3191.414996071788,345.7281614101456,0.10521841040060999,0.08805905289550253,-239.0591863175778
2.278690649348723e-6,224.70077170241527,3503.76572331378,-0.005551380810552675,0.00790018376079036,3.044847576966984e-6,365.25645664827454,3624.4023911336326,0.008019613117724141,0.008667515348127314,0.0002909698565943675,3200.9048589640215,319.3310692589157,0.1066700395015334,0.08888788667382808,-238.68957388708415
2.2907004898364145e-6,224.7007718097653,3503.765720646516,-0.0056957878124166295,0.008701341295767662,3.0409160217913998e-6,365.2564571739402,3624.402383255494,0.007893802642035343,0.009381316718581063,0.00030154727074565766,3210.422940529735,3503.600864890904,0.10777642572930773,0.08997708874862455,-238.32003397128932
2.3028214944566664e-6,224.70077191957452,3503.7657179106413,-0.0058453367489577955,0.009460006760200701,3.037138155256477e-6,365.2564576912665,3624.402375512295,0.007770475025035698,0.010062247082010695,0.00031093032781382384,3219.969324678838,3487.1442681549884,0.10855724583544663,0.09130327200637348,-237.95341333733367
2.3148662530651584e-6,224.70077203096713,3503.7657151289795,-0.006001705212204445,0.010182235828376114,3.0335363913687755e-6,365.25645819448266,3624.4023679994866,0.007648423718782534,0.010714107137220666,0.00031906092694544675,3229.54409557075,241.24003117592306,0.1090247040570243,0.09284942206468064,-237.59240610343156
2.326632694347112e-6,224.7007721431251,3503.765712322789,-0.006168685980238244,0.010868263832035732,3.0301126388743234e-6,365.2564586787249,3624.402360794051,0.007524321875679638,0.011336097907082789,0.000325955454856859,3239.147337615148,3454.4745508821748,0.10920484874330093,0.09458767429956817,-237.2394754640788
2.337947328600947e-6,224.70077225517662,3503.7657095153654,-0.006347220106614182,0.011524931317156097,3.026886554247434e-6,365.256459139193,3624.40235397425,0.0073973337944193834,0.011932803867927862,0.00033156209347562577,3248.779135472696,3438.1597800824156,0.109095312309505,0.09652085808512072,-236.89678955118777
2.3486602639851455e-6,224.70077236633273,3503.765706726453,-0.006538258330733408,0.012153361198000366,3.0238672672199223e-6,365.25645957226004,3624.4023475931003,0.007266140954402383,0.012504202776707045,0.0003359196027705817,3258.439574055811,3421.8106063159057,0.10871328162545801,0.09862967659509671,-236.56617378268695
2.3585988099884904e-6,224.7007724758917,3503.7657039757473,-0.006746372111894779,0.012758687922535017,3.0210363808795486e-6,365.25645997490005,3624.4023416968785,0.007126417569831128,0.013053706486984937,0.0003390661545381037,3268.1287385294,3405.3836719752353,0.10805894220765085,0.10090606057416568,-236.2490805154827
2.3676527413392344e-6,224.7007725832084,3503.7657012799173,-0.006972494839855662,0.01333955112955402,3.0183929653446615e-6,365.25646034532,3624.4023363082306,0.006976735886982383,0.013579604940403561,0.00034105317689594035,3277.8467143116113,3388.875839726225,0.10714240862782354,0.10334105980998375,-235.9465755606683
2.3757028525505517e-6,224.70077268770163,3503.7656986549373,-0.007220485137451822,0.01390062096450096,3.0159138079198676e-6,365.25646068204856,3624.4023314450756,0.006813240035846523,0.014085104193802224,0.0003419305386723969,3287.5935870745907,3372.2537760185473,0.10595796240328427,0.10593014180034241,-235.65933979916574
2.3826757293268793e-6,224.70077278893714,3503.765696112695,-0.007493107878011707,0.014439032453005856,3.01357473802018e-6,365.25646098516734,3624.402327098591,0.006632899767953161,0.014567555111839693,0.0003417787272118484,3297.3694427452338,3355.529865416402,0.10451322395888007,0.10866555470579965,-235.38768326119754
2.3884740449038154e-6,224.70077288663612,3503.7656936618782,-0.007797129384641644,0.01495797169815524,3.0113232097924917e-6,365.25646125523065,3624.402323253021,0.006429453811608048,0.015029249000987883,0.00034068302657962624,3307.174367505946,3338.6785473310756,0.10280330149996071,0.11154160790473203,-235.13156863319605
2.393055577523855e-6,224.7007729804894,3503.765691311096,-0.008137255972695415,0.015454233488015156,3.009118667662323e-6,365.25646149347193,3624.402319880296,0.006198380149067454,0.01546745547633603,0.0003387215683796895,3317.008447795401,3321.7062513982096,0.10082595019083787,0.11455039106340278,-234.8906409725771
2.396365184332767e-6,224.70077307042928,3503.765689063219,-0.008520462972169462,0.015930619412330836,3.0069024885037175e-6,365.25646170194443,3624.40231694032,0.005933358341801476,0.01588435001019125,0.00033597615643609204,3326.8717703093025,3304.590450055829,0.09857202726040208,0.1176905896018196,-234.66426078085473
2.9608381311546462e-6,224.7007725978347,3503.765697572203,0.04959530470106058,0.001986006912127531,3.4025463643343757e-6,365.2564632053585,3624.4022903273944,0.053168246783546626,0.004350675126182458,6.389122575172434e-5,3336.7644220011503,792.6354331531677,0.8268390426584088,-0.27372855547357616,-234.40472004762267
2.9543873431982442e-6,224.7007726769169,3503.765695216985,0.04951436587250962,0.001661426161953179,3.4027116912828995e-6,365.25646355310596,3624.402285199424,0.0531048381003534,0.004089520894978492,6.0707781832783213e-5,3346.686490083004,750.023485328691,0.8753628188928773,-0.28371941804661466,-234.1243538700334
2.9456042513775604e-6,224.70077275187506,3503.765692946598,0.04934855909351016,0.0012484612218603677,3.4025096385489282e-6,365.2564638701534,3624.4022804898727,0.05297416055382002,0.003756010934986275,5.713975453361675e-5,3356.638062026255,705.3356500483253,0.934412171110551,-0.29459511346642386,-233.85435140459143
2.9346855177220692e-6,224.70077282288432,3503.7656907583723,0.049100117260926265,0.0007629738329261817,3.401934311889581e-6,365.2564641589183,3624.402276166546,0.05277842064814868,0.003363217066490045,5.321180741806761e-5,3366.6192255623946,658.3707280321548,1.007064887431472,-0.30636906480038434,-233.59377220136273
2.92135242317173e-6,224.70077289004675,3503.7656886579125,0.048729710915408696,0.0002053287933455463,3.40068946650255e-6,365.2564644208713,3624.4022722075015,0.05248632592246482,0.002912320831794022,4.894440745858599e-5,3376.630068683794,609.080229274714,1.0979635125352656,-0.31881600713736596,-233.34149747921032
2.9057608013971435e-6,224.7007729530307,3503.765686653305,0.04823220195256975,-0.00042793634901357674,3.3987072046851345e-6,365.2564646580096,3624.402268578223,0.05209402051308501,0.0024013667528052377,4.4320619696554436e-5,3386.6706796444632,557.1610286781943,1.2148852517417172,-0.33193460346241693,-233.09626286788352
2.888295520758225e-6,224.700773011915,3503.7656847456587,0.04760688049400592,-0.0011224066241333499,3.395937921842084e-6,365.25646487405186,3624.40226523096,0.05160147195390248,0.0018426957200819419,3.945075215721677e-5,3396.7411469608514,503.3248496729637,1.3667683556968475,-0.3448738797328693,-232.85668576624727
2.8690766400439247e-6,224.70077306622562,3503.7656829521093,0.04683954988937316,-0.0018718328734590945,3.3922426778309897e-6,365.2564650695874,3624.4022621601944,0.050997302652989726,0.0012424161172555532,3.434184247436579e-5,3406.8415594126145,448.567648907486,1.5715119330466103,-0.35621279516793136,-232.62128206788225
2.848772087382274e-6,224.7007731158163,3503.7656812779373,0.045939212162270184,-0.0026729687093481787,3.3876148731101304e-6,365.2564652494071,3624.4022592965707,0.05028917864861252,0.000604154228782686,2.9155349547466616e-5,3416.9720060433983,396.18422915120794,1.85222332611316,-0.3627473596982928,-232.38845893782428
2.828812162796643e-6,224.70077316096334,3503.7656797176082,0.04498621027750705,-0.003488311719165063,3.382541506951089e-6,365.2564654185669,3624.4022565985256,0.04954145178620588,-4.188135054486147e-5,2.4145440363851033e-5,3427.1325761616263,355.20040973224303,2.238477892526778,-0.35578026210123426,-232.15645068889694
2.8105332509845955e-6,224.70077320188247,3503.765678268271,0.044055978595094566,-0.004318273614057198,3.377462435309575e-6,365.25646558278754,3624.4022540043698,0.04881400345191937,-0.0006956278891942718,1.9605271256370873e-5,3437.3233593412856,345.05719913040275,2.7611182877862075,-0.31701466740585793,-231.92312268297752
2.796012797293725e-6,224.70077323993632,3503.7656768992365,0.043300941809930715,-0.005140513327900438,3.37333863655313e-6,365.25646575076405,3624.4022514301673,0.048227428623991694,-0.001339609419462126,1.595999877327695e-5,3447.544445422717,406.4743091697289,3.401476859298326,-0.20836154135229495,-231.68547507163134
2.7882180399646356e-6,224.70077327778918,3503.7656755508315,0.04296886128521345,-0.005961559630156073,3.3717550336314816e-6,365.2564659361845,3624.402248726092,0.047976696576358266,-0.0019799185908735816,1.3905006671252272e-5,3457.7959245134066,598.4061562976812,3.9232234657544516,0.02591534164479418,-231.43844548940143
2.7910340233678405e-6,224.70077332126044,3503.765674087869,0.04339958643677651,-0.006811322912636899,3.3747908414233924e-6,365.25646616464,3624.4022454215424,0.04832559131118866,-0.002639849562053791,1.412276207244206e-5,3468.0778869887804,4390.282191774884,3.881271083858509,0.39281431404221206,-231.17186018537114
2.808434960079481e-6,224.70077338814394,3503.7656721339495,0.04488520215950274,-0.007758028804447562,3.383652417797991e-6,365.25646648892854,3624.402239900464,0.04948167997585604,-0.003367576913741097,1.7928704501774062e-5,3478.390423493002,1252.3753436200755,3.0286173724025494,0.79815410531616,-230.86165594357277
2.837545024731211e-6,224.70077352883683,3503.7656683500422,0.04684350263621901,-0.008282306688775849,3.3928530135370755e-6,365.25646705505125,3624.4022270865917,0.050944083080571655,-0.003745623801889336,2.6344113513534412e-5,3488.73362493977,1345.8858008217055,1.9290349073535007,1.032872209010957,-230.45933825453997
2.858319887699046e-6,224.7007737295719,3503.765662868219,0.04802994335705564,-0.007662371748270685,3.398195881545435e-6,365.25646788650886,3624.4022110654582,0.05184017397465338,-0.0032359403332652198,3.587460129377606e-5,3499.1075825131206,4625.057631646462,1.387865528286559,0.9131091131548056,-229.9814329565828
2.8740120946809573e-6,224.7007739543485,3503.7656567919626,0.049051538906797525,-0.006647997380590112,3.4040581622261652e-6,365.25646883359343,3624.402195104949,0.05264492358813547,-0.0024260458086685205,4.602305038414104e-5,3509.5123876682305,902.8086052819714,1.1187438890221142,0.749387998004658,-229.47903868149115
2.8874627909111214e-6,224.7007741966805,3503.7656503090184,0.04998446758664059,-0.00543085211077917,3.4099712821181244e-6,365.256469855018,3624.402178751021,0.05339299657420357,-0.001461128099009624,5.7131565763273164e-5,3519.948132132229,724.6829683219902,0.950464535711208,0.6138129891323293,-228.96487214324577
2.8356408905437163e-6,224.7007744679296,3503.765645908097,0.04479108047689568,-0.011588011478784419,3.3802257591590514e-6,365.2564745307435,3624.40211448702,0.049096944822684674,-0.006836808255498295,1.1547319875330585e-7,3530.4149079049894,-389255.8779597821,-354.1602713048431,-347.9127478310741,-228.39052771371954
2.8434714876420908e-6,224.70077462811668,3503.7656412259735,0.044592464644513365,-0.01147853386425015,3.3780081402727827e-6,365.2564756224641,3624.4020970385445,0.04893146201092411,-0.006751653847806124,1.1245549605796161e-7,3540.9128072599633,-409683.6812453605,-373.9720311272427,-364.98730416328476,-227.60377069304593
2.8513189086575327e-6,224.70077478030015,3503.7656366809815,0.044353366203246564,-0.011352206152442116,3.375519590688811e-6,365.25647667445173,3624.402080087765,0.04873458103924098,-0.006654026586755062,1.1748869040011117e-7,3551.441922744979,-401120.8677824874,-367.8299129666865,-356.31297332120107,-226.80969500223352
2.8593500269204596e-6,224.70077492390158,3503.7656322843836,0.04409079532734071,-0.011213700626509046,3.3728743229390438e-6,365.25647768101385,3624.402063710374,0.04852008045090275,-0.006547759856310528,8.686581431571998e-8,3562.002347183062,-554658.4341694443,-510.9930904988692,-490.6555767531604,-226.01084912842265
2.8669378982690703e-6,224.7007750574214,3503.7656280791325,0.043759785127818536,-0.011069389589453218,3.369774912756556e-6,365.25647863351037,3624.402048009129,0.04825176934781953,-0.006437740439716925,1.1801169655823719e-7,3572.594173673251,-416128.3786576448,-385.67740865922474,-367.36628309854405,-225.21074524252674
2.8746301071602303e-6,224.70077518094146,3503.765624058079,0.0434080203585007,-0.01091962061733996,3.366542448036818e-6,365.25647952907195,3624.4020330329595,0.047968236945992886,-0.006324531121914716,1.09844919687973e-7,3583.217495591423,-455515.98165073147,-424.6751926015487,-400.79373092276114,-224.41146807212382
2.882070354146544e-6,224.7007752933847,3503.7656202521875,0.04301262006005398,-0.01076624208535831,3.363026553590516e-6,365.2564803605058,3624.402018872465,0.047650939576839246,-0.006209518096080611,1.0210621091647972e-7,3593.872406591111,-498739.82696293265,-467.7159108753023,-437.3733829250268,-223.61597679913305
2.889252187642873e-6,224.7007753947276,3503.765616662531,0.042578610552957974,-0.010615992599184873,3.359268445634589e-6,365.2564811256864,3624.4020055535652,0.047304225809641734,-0.006098149843528518,1.0769863571874796e-7,3604.559000604334,-480376.1896573212,-453.59870844087885,-420.0556463453065,-222.8269024435831
2.8961549651783355e-6,224.70077548442185,3503.7656133043574,0.04210955562743978,-0.010470636872063954,3.3552921549096816e-6,365.25648181990266,3624.401993138943,0.04693081188431857,-0.005991880470907606,1.1053351033441655e-7,3615.277371842423,-474970.5570959232,-451.7492633708716,-414.09721417346975,-222.04646637712716
2.9027867582058523e-6,224.70077556228586,3503.7656101836715,0.04161263741997441,-0.010330668845858443,3.351148936291926e-6,365.25648244010614,3624.4019816665123,0.046536363744446696,-0.005891170324437222,9.864831029608701e-8,3626.0276147968516,-539685.2532160651,-516.9963890129259,-468.9229521697071,-221.27669047808283
2.9089896605691026e-6,224.70077562841286,3503.765607301096,0.04107891459778486,-0.010202652165426396,3.346783967350285e-6,365.25648298544104,3624.4019711426945,0.04611398801374259,-0.00580126629367368,1.0819997868127202e-7,3636.80982424007,-497961.96990918444,-481.17370242043864,-431.47577399729744,-220.51970462893547
2.9147649835034507e-6,224.70077568283682,3503.7656046581606,0.040515535079726266,-0.010085386748982456,3.3422471350674322e-6,365.2564834538261,3624.4019615910265,0.04566914673265511,-0.005721271484639278,1.2032085624610978e-7,3647.62409522634,-452638.97758252866,-441.46534044100594,-391.14647001644227,-219.77694912395677
2.9201583420165306e-6,224.70077572593647,3503.7656022469087,0.03993092585214797,-0.009986813067966145,3.3375959224701353e-6,365.2564838456895,3624.401953000133,0.045208653245753926,-0.005657579488911086,1.2588257263117507e-7,3658.4705230925724,-436774.1537464027,-430.4185814398136,-376.3491373721426,-219.0496627422214
2.9251759731228832e-6,224.70077575800943,3503.765600062779,0.039332389208548736,-0.009903663000405372,3.332881733003405e-6,365.2564841606075,3624.4019453707806,0.04473813293123901,-0.005607658942025458,1.1421353493655497e-7,3669.3492034591686,-485590.6964397738,-483.8041399723477,-417.0148111381978,-218.3388102620788
2.9296365502744015e-6,224.7007757793825,3503.7655981016997,0.038709459919598885,-0.009841999299924492,3.3280375441361957e-6,365.25648440007024,3624.4019386756568,0.04424921362571617,-0.005576367323214209,1.4919028249293224e-7,3680.2602322308658,-373978.76643755764,-377.65935411428734,-320.4893953990738,-217.64556826691137
2.9336662397463237e-6,224.7007757905914,3503.7655963529264,0.03808061165945476,-0.009799373990076375,3.3231865444629854e-6,365.25648456403917,3624.4019329113453,0.04375618348369477,-0.005561829750260591,1.5816181656696797e-7,3691.2037055975698,-354715.11589294294,-363.18235220030556,-303.1308336158885,-216.96998997620776
2.937200130375189e-6,224.70077579238452,3503.7655948024926,0.03744414586051298,-0.009778108911150744,3.318318990102242e-6,365.25648465594145,3624.4019280279617,0.04325773385946125,-0.005565948619944598,1.852959936768289e-7,3702.179720035222,-303835.5412867802,-316.07904209920184,-259.0442228394594,-216.3126476272669
2.9402042936997988e-6,224.70077578514488,3503.765593443977,0.0368047738175168,-0.00977860153975059,3.3134700550643614e-6,365.25648467731673,3624.4019239991517,0.042757259917155455,-0.0055891423260078675,2.607206912673382e-7,3713.18837230664,-216123.0445360251,-229.0255000822053,-184.05379189239784,-215.67375592863564
2.942805866081252e-6,224.700775769971,3503.765592254567,0.03617861819975432,-0.009801629620638054,3.3087437898243144e-6,365.25648463171547,3624.4019207783813,0.04226730439280791,-0.00563204576557662,3.253856525704351e-7,3724.229759462368,-173106.70216473573,-187.13046913738256,-147.20982839960735,-215.05302151033604
2.944809248045802e-6,224.70077574707608,3503.7655912353925,0.035555265658468775,-0.009838458024482194,3.304079002054405e-6,365.2564845219663,3624.401918327266,0.04177931826318021,-0.005687814556337409,5.118211317951459e-7,3735.3039788415385,-109505.16556152444,-121.29708092673413,-93.26989222610673,-214.45060982173297
2.3663989255133152e-6,224.70077517969392,3503.765623121963,-0.027628821133407696,-0.01503914587916858,2.921557006332161e-6,365.25648325740184,3624.401918588469,-0.009564587117428958,-0.009649582488178843,0.0006418089246890437,3746.4111280727266,1916.6957453467196,0.01791764043872869,0.0217324048174937,-213.74137525689451
2.3784664387379107e-6,224.7007751087904,3503.765623290727,-0.02629253774365614,-0.015611109044785777,2.929056800317944e-6,365.2564833009733,3624.401913638189,-0.008452759638757024,-0.010152651189886982,0.0006349576438425724,3757.5513050748114,1887.4820814373916,0.014945129192470338,0.02033220459122963,-212.9000716669041
2.39066159580057e-6,224.7007750302118,3503.7656235336685,-0.02483327097170083,-0.01612673579737945,2.9373136290300214e-6,365.25648330404124,3624.40190922235,-0.0072402759001670555,-0.010608116750642346,0.0006267204011060401,3768.7246080578407,1856.5762124854439,0.011631339513089888,0.018657706680718613,-212.04471620726912
2.403178466926224e-6,224.70077494516428,3503.7656238193463,-0.02323360251239619,-0.01656554424298676,2.946431171589493e-6,365.25648326925915,3624.40190531208,-0.005913712881310583,-0.010999148633875775,0.0006171880478305429,3779.9311355238947,1823.7963907723781,0.007975544936432627,0.016658069692449023,-211.17451452712226
2.4162455660518856e-6,224.700774854972,3503.765624113194,-0.021477034091171632,-0.016904175525292615,2.9565079006018223e-6,365.25648319846596,3624.4019018879676,-0.004460463498235385,-0.011306676567714993,0.0006064708334550125,3791.1709862679563,1788.9754949965513,0.003985145088922943,0.014277210967411757,-210.28885374691987
2.4300058871567315e-6,224.70077476169195,3503.7656243722918,-0.01956734574665381,-0.0171205072586758,2.967519336980499e-6,365.25648309278336,3624.4018989348856,-0.002884743304051195,-0.011512462597458325,0.0005949320932462399,3802.4442593787803,1752.2116764716156,-0.0002676613876271401,0.011493238513089777,-209.38746182139033
2.4444443494903974e-6,224.70077466752258,3503.7656245651087,-0.017537454007360995,-0.017203044574546654,2.979270899892874e-6,365.2564829519455,3624.401896452734,-0.0012145937081895833,-0.011606810886322965,0.0005832696142506538,3813.751054239768,1713.9778422188683,-0.004614165427987753,0.008342860419756095,-208.4706438283184
2.4592148590042596e-6,224.70077457437463,3503.7656246896195,-0.015461721363565016,-0.017162131110344127,2.991325597302115e-6,365.2564827745273,3624.40189446352,0.0004884708357506265,-0.011597502763639968,0.0005725300547644805,3825.0914705298446,1675.183396479005,-0.008771717466789989,0.004951947748853802,-207.53952699489773
2.4737250234577772e-6,224.70077448306702,3503.765624781741,-0.013435769833695628,-0.017032505003677218,3.0031267827549317e-6,365.2564825584859,3624.401893006556,0.0021464656159406936,-0.011512112407857215,0.000563770201614518,3836.465608224338,1636.9724647111213,-0.012426517766212626,0.001522787296913578,-206.59613417396852
2.4872804225118267e-6,224.70077439273723,3503.765624916548,-0.011546976041593193,-0.016854957346221267,3.014169629795897e-6,365.25648230258525,3624.401892128941,0.003689129227402589,-0.011383344001508835,0.0005577937204409601,3847.873567595849,1600.1906634707314,-0.015316163459670575,-0.0017574868236101332,-205.64314781196992
2.4994295519191103e-6,224.7007743018842,3503.765625160982,-0.009839936201902521,-0.016660629708439862,3.024201210790401e-6,365.256482006738,3624.4018918683632,0.0050817302599935965,-0.011236507392856672,0.0005547928180313794,3859.315449215156,1565.1607642528381,-0.017346580598583065,-0.004772376111371081,-204.6834941852872
2.5099609365189486e-6,224.70077420898568,3503.765625562553,-0.008324323884351685,-0.016464129151121876,3.033169848642225e-6,365.2564816719134,3624.401892248198,0.006318015058714282,-0.011083702299058792,0.0005545665403247281,3870.7913539520864,1531.7392032913076,-0.01855123391258906,-0.007494079726755278,-203.72001593958575
2.5188628765498825e-6,224.7007741130336,3503.7656261441507,-0.006989031404824824,-0.016271129800614386,3.0411408746459937e-6,365.25648129895285,3624.4018932866234,0.007408330464377279,-0.010929849020936789,0.0005567409935540236,3882.30138297641,1499.6500948187706,-0.019030014457589613,-0.009932362889150793,-202.75533643308904
2.5262113114437734e-6,224.7007740134303,3503.765626914798,-0.0058159856856614825,-0.01607814239441529,3.0482188636524117e-6,365.25648088921093,3624.4018949907877,0.008368379645747548,-0.010772432578124819,0.0005609514829622837,3893.8456377587318,1468.5381067293347,-0.018895161064776036,-0.012124143036244686,-201.79185153995007
2.5321299532922077e-6,224.70077390992205,3503.765627874394,-0.00478580565012313,-0.01588218896675093,3.0545119567614347e-6,365.2564804435166,3624.401897369083,0.009214560870176336,-0.010609272063336516,0.0005668774146714589,3905.4242200713843,1438.133350648399,-0.018252469602585964,-0.014101008012093325,-200.8317671294394
2.536744605949773e-6,224.70077380246843,3503.765629017998,-0.0038810721454724793,-0.01567879947128016,3.060117686361746e-6,365.256479962801,3624.4019004247666,0.009961488477208789,-0.010436898419886166,0.0005742590990193912,3917.037231989328,1408.1983587449458,-0.017194952221130967,-0.015895498918560187,-199.8771420753919
2.540198332339083e-6,224.70077369128916,3503.765630334735,-0.003085555994667867,-0.015469608223627852,3.065123374296145e-6,365.25647944763455,3624.4019041601805,0.01062254381638376,-0.010256724834455128,0.0005828623932630778,3928.6847758910476,1378.6268597327453,-0.01580934283223078,-0.017521261641719656,-198.92992564321585
2.542599433274703e-6,224.7007735765146,3503.765631818231,-0.0023870351607443436,-0.015249548426909157,3.0695941497216484e-6,365.2564788989491,3624.401908573603,0.011207828753352923,-0.010064727110188531,0.0005925540966136159,3940.3669544594572,1349.2614414728669,-0.014153070251106875,-0.019002518671085575,-197.99198933159977
2.5440744073653587e-6,224.70077345847724,3503.7656334561643,-0.001773336372038034,-0.015021311809943826,3.0735932810119374e-6,365.25647831708534,3624.4019136660468,0.011727231108971843,-0.009863126286060621,0.0006031658036728751,3952.083870682805,1320.0598347258192,-0.012291373657713496,-0.02034718635520968,-197.06515533975545
2.5447460029517963e-6,224.70077333755597,3503.765635235382,-0.0012331297440482288,-0.014786222244593795,3.077177925249424e-6,365.2564777026111,3624.401919433393,0.012189858773126078,-0.009653059583375959,0.0006145560720338122,3963.8356278555793,1290.9826030718884,-0.01027942828187045,-0.02156393283263361,-196.15122368679536
2.544721352038669e-6,224.7007732140168,3503.7656371464127,-0.0007571302363894494,-0.014543085339222644,3.0803948755447264e-6,365.2564770560909,3624.401925871988,0.01260314419139547,-0.009433601316103598,0.0006266374222560401,3975.622329579423,1261.959568746043,-0.008153974196244838,-0.022667533562049036,-195.25199856615922
2.5441203077266827e-6,224.70077308835928,3503.765639172874,-0.0003356807951198258,-0.014297231180905139,3.083290489271882e-6,365.2564763778141,3624.4019329768043,0.012974690940217377,-0.009209188794433462,0.0006392519929520104,3987.444079764043,1233.0221641038409,-0.0059678794464234275,-0.023658457849231478,-194.36931398326126
2.5430408413148717e-6,224.70077296089414,3503.765641304716,3.876559282133408e-5,-0.01404850435972512,3.085901697498998e-6,365.25647566825006,3624.4019407426545,0.013310435641866436,-0.008979816500022926,0.0006523273159523772,3999.3009826281327,1204.1405343388124,-0.0037472425220119597,-0.024546173358351565,-193.50505770347013
2.5415822677764028e-6,224.70077283199117,3503.765643529444,0.0003738759587820207,-0.013801676254814352,3.088265785295396e-6,365.25647492771947,3624.4019491632766,0.013616312512036146,-0.008749494786316625,0.0006657418736331073,4011.1931427002733,1175.3355072905988,-0.0015278531136258885,-0.025334931110005475,-192.6611928870136
2.539864782764652e-6,224.70077270208813,3503.7656458322995,0.0006784837084439044,-0.013556125306393415,3.090426363919461e-6,365.2564741565818,3624.401958232964,0.01389917060013774,-0.00851797909387156,0.000679373004465585,4023.1206648198804,1146.5757116750137,0.0006606989738124792,-0.026036662084283842,-191.8397760741227
2.537975360024311e-6,224.7007725715402,3503.7656482019956,0.0009585970056359061,-0.013313090883190683,3.092412622627422e-6,365.2564733552462,3624.4019679446237,0.014163595010966718,-0.008286540720340404,0.0006931256411434984,4035.0836541381123,1117.862509637259,0.0027970364498285556,-0.026658009662955548,-191.04297073575108
2.5360089335958606e-6,224.70077244067514,3503.76565062732,0.0012214221850635535,-0.013076767502881005,3.0942619115308806e-6,365.2564725238584,3624.401978293658,0.014415052285563787,-0.00805890837766724,0.0007068686938129421,4047.0822161188003,1089.2252131173134,0.004855454905277728,-0.027203211898489326,-190.27305564002504
2.534043053192929e-6,224.70077230981641,3503.765653098257,0.0014718558327122694,-0.012843199459454713,3.0959991175744905e-6,365.2564716630851,3624.4019892703554,0.014657217259012575,-0.00783222120528988,0.0007205402470001808,4059.1164565393774,1060.6139706029576,0.0068285481110786335,-0.027685357984656104,-189.53242732982474
2.5321663849413104e-6,224.7007721792778,3503.76565560394,0.001716646279668594,-0.012616896198164659,3.0976620686057963e-6,365.2564707730886,3624.4020008701495,0.014895160833702816,-0.007610585831033079,0.0007339827892787086,4071.186481491814,1032.0625792291287,0.008691051108338035,-0.028108906711618847,-188.8235968485726
2.5304606145958655e-6,224.70077204938474,3503.765658134116,0.0019614004331108418,-0.012393741582349495,3.0992811724067393e-6,365.2564698545252,3624.40201308349,0.015133053391295056,-0.007391109805110089,0.0007471083667204885,4083.292397383551,1003.5244027389044,0.010435957379791765,-0.02848646374566647,-188.14917996893985
2.528961767594244e-6,224.7007719203037,3503.765660684354,0.002208803574073718,-0.012175490416918079,3.1008756907660523e-6,365.25646890801886,3624.4020259002573,0.01537278765762487,-0.007175682603439267,0.0007598422741806828,4095.4343109384363,5070.458355537185,0.012056750925095436,-0.028820562098563752,-187.51188164458821
2.527747836543786e-6,224.70077179234372,3503.7656632448793,0.0024644431018522894,-0.011958639895701286,3.102479341852804e-6,365.25646793434595,3624.4020393090173,0.015618500799698447,-0.006962001968158394,0.000772077897828523,4107.61232919767,946.5234829479895,0.013545476535457492,-0.02912260996086162,-186.91447428604886
2.5268562002812855e-6,224.70077166566855,3503.7656658111505,0.002732062444698133,-0.011743786771521787,3.1041201082012654e-6,365.25646693432446,3624.4020532979944,0.01587286597718949,-0.006751069521839305,0.0007837099026804617,4119.826559520744,918.0300107489943,0.014893850827102612,-0.029397707276244096,-186.35977066757184
2.5263307257457124e-6,224.70077154047095,3503.765668378089,0.0030148015915431848,-0.011527929355526465,3.105821211188089e-6,365.2564659090874,3624.4020678505776,0.016138133482743174,-0.006540996407815771,0.0007946693790317858,4132.077109586391,889.5227129447343,0.016101006602131613,-0.02965317256475517,-185.85059141137103
2.5262266889933463e-6,224.70077141698454,3503.7656709387675,0.003317773538194013,-0.0113081315158397,3.1076205749689756e-6,365.2564648597852,3624.402082950045,0.016418039562659557,-0.006330002243138634,0.0008048380410903011,4144.364087393532,860.97604636906,0.01715945088094074,-0.029898207719647137,-185.38972793866515
2.5265321257301604e-6,224.70077129521823,3503.765673495177,0.0036407080624070464,-0.011084842684025837,3.109525638803885e-6,365.2564637880809,3624.4020985723237,0.016712204588009802,-0.006118936982476961,0.0008141837223364149,4156.687601262231,4989.094820908576,0.018071843487768264,-0.03013361872839822,-184.97990127725205
2.5272919178934145e-6,224.70077117535607,3503.7656760422446,0.00398845101960944,-0.010854516049589842,3.1115751994248445e-6,365.2564626955185,3624.402114694273,0.017024204783008763,-0.005905538449931584,0.0008226003184237359,4169.047759834643,803.7924581717833,0.01883284929204143,-0.030367621127052935,-184.62371771286578
2.5285133071797786e-6,224.70077105743428,3503.7656785803892,0.004363216341028193,-0.010616658736935755,3.113793943501136e-6,365.2564615840384,3624.402131287319,0.017355605288370875,-0.005689957746045616,0.0008300114801232703,4181.44467207599,775.1380440712876,0.019439184382275466,-0.030603599654464415,-184.32362202613194
2.530191362176134e-6,224.70077094147712,3503.7656811108614,0.004765914353127389,-0.010369226867276236,3.1161984822136998e-6,365.25646045593544,3624.4021483167176,0.017707002287015727,-0.005471015267571006,0.0008363843065193918,4193.878447275487,746.4387746295968,0.019893508136206915,-0.030845034200671986,-184.08184926953376
2.532323024644085e-6,224.70077082738624,3503.7656836375554,0.005199476083882737,-0.010114922951325938,3.1188205112650816e-6,365.2564593135665,3624.4021657461208,0.01808062706742253,-0.0052514956316887795,0.0008416163293248988,4206.349195047345,717.7352248548455,0.020186468942705864,-0.03109233613886034,-183.90037610922627
2.5349239836223968e-6,224.70077071519904,3503.76568616054,0.005666880371825382,-0.009850774518989452,3.1216894348778227e-6,365.2564581596396,3624.4021835338626,0.018478720936771956,-0.005029468464454792,0.0008456462961988768,4218.857025331714,689.0094760695151,0.020316116058976163,-0.03135162876690219,-183.7808728781794
2.537961699877737e-6,224.7007706047482,3503.7656886868162,0.006168378897943898,-0.009578568182806686,3.1248195572252305e-6,365.25645699728534,3624.4022016314093,0.018901528100327494,-0.004806772748810406,0.000848444830855806,4231.402048395657,660.2954305296943,0.02028155200776832,-0.03162177015223134,-183.72465723626237
2.5414419868662136e-6,224.70077049588807,3503.7656912210937,0.006707468090940533,-0.009300161390611947,3.128244213438063e-6,365.2564558297209,3624.402219987896,0.019351826127559535,-0.004585376376358701,0.0008499289818709079,4243.984374834124,631.620430375891,0.02007350291333862,-0.03190465646487608,-183.73265073893143
2.545372149637154e-6,224.7007703883763,3503.7656937704155,0.007287209623926868,-0.009017999501137302,3.131991719169133e-6,365.25645466037696,3624.402238548512,0.019832095003512098,-0.004367583707598052,0.000850033382725139,4256.604115570922,603.0065387099573,0.019684491690201367,-0.03220303082453595,-183.80533956726086
2.549746859114049e-6,224.7007702820077,3503.765696341566,0.007910568637980434,-0.008735049190263418,3.1360899887511162e-6,365.2564534931603,3624.402257251019,0.020344827566046098,-0.004156128540555645,0.0008487055251101743,4269.261381859701,574.5000037948206,0.019105893323887378,-0.03251541117117106,-183.9427411257295
2.554605749301939e-6,224.70077017666478,3503.765698937884,0.008582636350563121,-0.008451658472837631,3.1405771413168357e-6,365.25645233206995,3624.402276032638,0.020894131348327707,-0.003951572701305013,0.00084586643357569,4281.956285284929,4828.065200196619,0.01832547513705778,-0.03284589784262849,-184.14437798225293
2.559940710899396e-6,224.70077007184005,3503.7657015728187,0.009305882826138577,-0.008176038222255332,3.1454758085020543e-6,365.25645118128557,3624.4022948239453,0.0214822194165166,-0.003760569918351908,0.0008415010910767411,4294.688937762877,4812.5906363501945,0.017334601886561583,-0.03319125820678992,-184.4092616414029
2.565844082086823e-6,224.70076996733783,3503.7657042502206,0.010088784669129436,-0.007910528678653949,3.1508383589754647e-6,365.25645004504906,3624.4023135575476,0.022115901243034496,-0.003585218603645709,0.0008354998724328598,4307.459451542603,489.8951874901764,0.016111890402394052,-0.03355622534936293,-184.7358879541561
2.5723737940505574e-6,224.70076986288035,3503.76570697661,0.010936492797778464,-0.007658750834598243,3.1566954869348738e-6,365.25644892776864,3624.402332161749,0.02279943291348093,-0.0034283200532466,0.0008278471320240456,4320.267939206949,462.11236920624066,0.014644870181945083,-0.03394213727842324,-185.12224677123262
2.5796389285662237e-6,224.7007697582053,3503.765709756772,0.011857155194202091,-0.0074238791960088155,3.163095156993341e-6,365.25644783368665,3624.402350567566,0.023539410546838977,-0.0032923289777134577,0.0008184905993416119,4333.114513673527,434.5619783136718,0.012913583455547691,-0.03435378048304461,-185.565847286326
2.587753607254547e-6,224.70076965297343,3503.7657125974247,0.012860057566387702,-0.0072115835610580105,3.1700904463896714e-6,365.2564467670793,3624.4023687044364,0.024343376695849493,-0.0031816049484969765,0.0008074017383032432,4345.999288195712,4753.281597797617,0.01089603365743754,-0.034791698557010114,-186.06376079511452
2.5968650545144316e-6,224.70076954701648,3503.7657155000225,0.013953529333437293,-0.00702335597799178,3.1777240928656387e-6,365.2564457319298,3624.4023865063937,0.02521803869380933,-0.003096936243027203,0.0007945886870946089,4358.922376363657,4739.172992738799,0.008572730006643683,-0.03526279196269265,-186.61268060675886
2.607143093404122e-6,224.7007694401908,3503.765718464709,0.015147553093694487,-0.0068602756294445745,3.186048435566437e-6,365.25644473188834,3624.4024039110386,0.02617141603273059,-0.003038720182898316,0.0007800726856132353,4371.883892105262,4725.328154047216,0.0059213454400305066,-0.03577413266637976,-187.20899830511524
2.6187284654366703e-6,224.70076933238968,3503.7657214912456,0.01644903172906639,-0.006723640102058162,3.1950964712900255e-6,365.25644377023167,3624.4024208609035,0.027209161059221977,-0.0030073033134064386,0.0007639545755139432,4384.883949687216,326.84157437601084,0.0029269949979964568,-0.03632969119367718,-187.84889368983048
2.6317852932340406e-6,224.70076922353465,3503.7657245772975,0.01786572096054451,-0.00661444218961169,3.204906059495634e-6,365.25644284977835,3624.4024373035054,0.028337565948286878,-0.0030027476472785112,0.0007463397971129132,4397.922663715979,4698.3283777847655,-0.00042915759252322173,-0.036936157139362734,-188.5284338929018
2.6464506236655647e-6,224.70076911386147,3503.765727713017,0.01940181092433824,-0.00652640047686165,3.215494355184574e-6,365.25644197242224,3624.402453199421,0.029560133660749725,-0.003019104976552531,0.0007274199682835531,4411.000149138803,4685.0486078515105,-0.0041519553108108,-0.03760309155756164,-189.24367636190982
2.6628006533631348e-6,224.700769003515,3503.7657308905195,0.021056813553357562,-0.006457118892564046,3.2268502558153785e-6,365.2564411395252,3624.4024685136637,0.03087673547989439,-0.0030534323061504657,0.0007074426205851267,4424.116521244741,4671.8244947276835,-0.008239388600460898,-0.03833547029851842,-189.9907684777159
2.6808533981057967e-6,224.70076889285488,3503.765734096919,0.022825500332390784,-0.006400660282212609,3.238936087321629e-6,365.2564403517484,3624.4024832211285,0.03228353295629965,-0.003099920469777187,0.000686698365811639,4437.271895665665,4658.579788535297,-0.012678378098022866,-0.039137710580799685,-190.766036401889
2.7004859534646725e-6,224.70076878232055,3503.7657373179013,0.02469119380756723,-0.0063517836370034575,3.2516418645635155e-6,365.2564396086922,3624.4024973075566,0.03376769952649535,-0.0031531263351979163,0.0006655907562756198,4450.466388377287,4645.248933468227,-0.0174265519604204,-0.040007743832503405,-191.5660558256264
2.7215456444377565e-6,224.70076867235778,3503.7657405388695,0.026636669832683847,-0.00630632388662894,3.2648579382968147e-6,365.25643890957855,3624.4025107657876,0.0353159289890153,-0.0032086912613821608,0.0006444539194096979,4463.700115700177,4631.784525822378,-0.022443511648294362,-0.04094240370815412,-192.38769807917657
2.7436835618847616e-6,224.70076856362013,3503.765743742001,0.028629188065135,-0.006258342113567966,3.2783743265773182e-6,365.2564382524855,3624.402523602915,0.03690265330369844,-0.0032606799346391216,0.0006237343271404238,4476.973194300791,4618.1458038593355,-0.02764709404865874,-0.041929360061564176,-193.22814700122203
2.7664928739241574e-6,224.7007684567096,3503.765746911116,0.030633051375752875,-0.0062057636728015085,3.2919606192609166e-6,365.2564376352141,3624.4025358311965,0.03849988994754436,-0.0033064832333940795,0.0006038042262345641,4490.285741192503,4604.330680200071,-0.03294926779745975,-0.04295132730225915,-194.0848864329659
2.789587376575947e-6,224.70076835216008,3503.765750031846,0.03261664842001736,-0.006146549154860851,3.305412140475962e-6,365.25643705530985,3624.402547470343,0.04008273754197386,-0.003343811593586526,0.0005849189383322613,4503.637873736631,4590.337993162369,-0.03826831623413144,-0.043993217304227096,-194.9556629853933
2.812535181233779e-6,224.70076825047622,3503.765753091504,0.034545799098176816,-0.006081989007948595,3.3185034225293198e-6,365.25643651032016,3624.402558542027,0.04162418073199766,-0.003373201088062662,0.0005672855593845531,4517.029709643474,4576.200892844654,-0.04351775524404231,-0.045033991556857195,-195.8384344382232
2.835060103302436e-6,224.70076815203012,3503.7657560789708,0.03640046847207345,-0.0060111054519805035,3.3311001171580903e-6,365.25643599795677,3624.4025690686385,0.043108262917075264,-0.003393729467031119,0.000550951285574237,4530.46136697335,4561.917017753103,-0.04864139080089931,-0.04606647905315872,-196.73131625894402
2.8568317769076297e-6,224.7007680571717,3503.7657589857376,0.03815695969726189,-0.005936058736245341,3.3430397034186157e-6,365.2564355158988,3624.402579075775,0.04451611519625922,-0.0034069965649397922,0.0005359808586117859,4543.932964137639,4547.517159095301,-0.053569494542821956,-0.04707472760012666,-197.63253648375564
2.8777250421351276e-6,224.70076796603055,3503.765761806365,0.03981060104618587,-0.005858980155545752,3.354291297091353e-6,365.2564350628725,3624.4025885775495,0.04584378130480317,-0.0034148595152074597,0.0005222631344937184,4557.444619899815,4533.013163357171,-0.05828736805494776,-0.04805694218561874,-198.5404042879355
2.897640015620696e-6,224.70076787880797,3503.765764534247,0.041356388904399626,-0.005779797068278303,3.3648130003980658e-6,365.25643463744365,3624.4025975909562,0.0470871345363901,-0.003417482467670103,0.0005097150149872626,4570.996453376511,4518.39953388465,-0.06277278289304573,-0.049013445373080014,-199.45329251169704
2.916525329454753e-6,224.70076779562558,3503.7657671647635,0.04279419324486699,-0.005699264879712715,3.3745986145538987e-6,365.25643423853916,3624.4026061292984,0.04824586804585965,-0.003415705677335235,0.0004982312756189695,4584.58858403856,4503.672167195526,-0.06701592809716198,-0.04994654021001044,-200.36963123936383
2.9343752203892067e-6,224.70076771653552,3503.765769694514,0.044127954135167596,-0.005618517151025518,3.3836718097364088e-6,365.2564338653886,3624.4026142020575,0.049322900491984976,-0.0034106739878259134,0.0004876918539054318,4598.221131712045,4488.827565753837,-0.07102055885591875,-0.05086064170348613,-201.28790862029226
2.9512152156927345e-6,224.70076764160234,3503.7657721195933,0.045362862089104054,-0.005537593155302832,3.3920621733971454e-6,365.2564335173373,3624.40262181651,0.050322166166753494,-0.003402662209595119,0.0004779830838072243,4611.894216579362,4473.842252853381,-0.0747931204758809,-0.051765207314639884,-202.20667555248622
2.967007170695959e-6,224.70076757090902,3503.7657744378766,0.046500279367917466,-0.0054587295051957,3.3997779018883015e-6,365.2564331937787,3624.4026289828903,0.05124459767459033,-0.0033935982142173156,0.0004690411988720056,4625.607959180275,4458.738783988727,-0.07832656037819423,-0.052656299508923116,-203.12455191485046
2.981801288680919e-6,224.70076750450812,3503.765776646259,0.04754668730235291,-0.005381134339176475,3.4068582935045087e-6,365.2564328942629,3624.40263570718,0.05209518052673638,-0.0033830832995647713,0.00046076745564919345,4639.36248041298,4443.49553001631,-0.08163340671851435,-0.0535426634324394,-204.04023243520226
2.9956568128571592e-6,224.70076744239697,3503.765778743028,0.04851073163337795,-0.005305488278438455,3.4133642217913883e-6,365.25643261863945,3624.402641991775,0.052880605699760934,-0.0033717998135997904,0.0004530623385411923,4653.157901535174,4428.097813229857,-0.08473136212701134,-0.05443302899224649,-204.95249178587065
3.008588610941262e-6,224.70076738465193,3503.7657807257006,0.049395700096047254,-0.005232196689634759,3.4193141228834268e-6,365.2564323663777,3624.402647844743,0.05360337979990281,-0.0033602244654369917,0.000445879280001261,4666.994344165115,4412.5412922254945,-0.08761963610959497,-0.05533047985395621,-205.86018810149577
3.0206086533192936e-6,224.70076733128732,3503.7657825940278,0.05020600356713661,-0.005162967628192008,3.424741094492022e-6,365.2564321372682,3624.402653272684,0.05426688311280155,-0.003349794717586542,0.00043916408642028865,4680.871930282706,4396.843797413067,-0.09030458079450529,-0.05623279141192266,-206.76226506180453
3.0317407818187557e-6,224.70076728243433,3503.7657843437246,0.050944955836864314,-0.005094365202452711,3.429665235028094e-6,365.25643193079827,3624.402658281776,0.05487364655160027,-0.0033379000286641665,0.0004328752041033996,4694.790782230561,4380.959779979993,-0.09278713453924696,-0.05715214790947151,-207.6577524401016
3.0420007458617344e-6,224.70076723804615,3503.765785976181,0.051616472525682286,-0.005030692302925393,3.4341152523052365e-6,365.25643174677174,3624.4026628787074,0.0554266765249872,-0.0033280420792891415,0.0004269721180228119,4708.751022715088,4364.925743705459,-0.095073663801743,-0.05808281432153144,-208.54576541189465
3.0513959496936824e-6,224.70076719824596,3503.765787489065,0.0522230918186863,-0.004969601404615281,3.438109086467288e-6,365.25643158474855,3624.402667072882,0.05592790620968214,-0.0033184120408638667,0.0004214366605647109,4722.752774807571,-374.0302842885461,-0.0971566531586479,-0.05902812182708728,-209.42550262041513
3.0599728901129638e-6,224.7007671629374,3503.7657888841754,0.05277003066200737,-0.004914923009264394,3.441684088480956e-6,365.25643144469285,3624.402670868087,0.056381388333718564,-0.0033121564374966593,0.00041621332615777995,4736.796161945258,-404.41012217273203,-0.09905651661194678,-0.059984908655008315,-210.2962433492894
3.067745201586517e-6,224.70076713226896,3503.765790157643,0.053260498232969626,-0.004861449705072372,3.4448664786050043e-6,365.25643132621536,3624.402674270372,0.05678958227147779,-0.00330515286437194,0.00041127967871345427,4750.881307932429,-435.02875693015426,-0.10076981938779432,-0.06096745140541025,-211.15734397380658
3.074702555576288e-6,224.70076710624855,3503.765791310837,0.05369373671967397,-0.004812597930610979,3.447646795048929e-6,365.25643122884435,3624.4026772918014,0.05715184960731177,-0.0033002102870059937,0.0004066384054474059,4765.00833694152,-465.8437570026327,-0.10228660475616587,-0.0619647366214856,-212.00823379899074
3.0808767199566127e-6,224.70076708487434,3503.7657923446627,0.054073958388248286,-0.004769467376180967,3.4500578386353623e-6,365.25643115236915,3624.4026799409103,0.05747147171597797,-0.003298249313713504,0.0004022697153995695,4779.177373514195,4282.3408881496025,-0.10360830490148276,-0.06297331779842029,-212.84841048164168
3.0862969938900216e-6,224.7007670681298,3503.7657932581956,0.054404183083923516,-0.004729549417528942,3.452122745291744e-6,365.25643109658074,3624.4026822199075,0.057750767330503924,-0.0032973187379229793,0.0003981262623918867,4793.38854256245,4265.337026952361,-0.10475380222410102,-0.06400651605972811,-213.67743531433499
3.0909272837209922e-6,224.700767056035,3503.7657940543936,0.05468294079599101,-0.004696223694650608,3.4538341571496135e-6,365.25643106093213,3624.4026841465115,0.05798851514918015,-0.0033001281555666254,0.0003942384706690883,4807.641969369716,4248.222134582677,-0.10569909051171215,-0.06504310364590578,-214.49492831424246
3.0948219802012907e-6,224.7007670487155,3503.76579472902,0.05491436720030656,-0.004664807387925053,3.4552198373041033e-6,365.2564310453564,3624.402685720445,0.05818798167311925,-0.003303022213012036,0.0003905764270715378,4821.937779591961,4230.924455571133,-0.10644961337097902,-0.0661023781567479,-215.30056334304885
3.097976646869586e-6,224.70076704591835,3503.7657952891577,0.05509894642719282,-0.004641366153265805,3.4562873738994953e-6,365.25643104931294,3624.402686955773,0.05834947184790319,-0.003310842807408594,0.00038711912174723117,4836.2760992587955,-622.7608102574542,-0.10701990624877536,-0.06716844869736863,-216.0940633178315
3.1004312891137717e-6,224.70076704781545,3503.7657957320876,0.055239642455028465,-0.004622231102943714,3.4570553497952416e-6,365.2564310727094,3624.402687858393,0.05847532848150223,-0.0033207493855192645,0.0003838741026792263,4850.657054774591,4195.965783720309,-0.10739309980336295,-0.06824527232144406,-216.8751956504511
3.1021943879498308e-6,224.70076705426033,3503.7657960614874,0.0553376740719778,-0.00460841019486894,3.4575366529891616e-6,365.25643111506844,3624.402688438687,0.05856646840120682,-0.0033335491227327067,0.00038081627084003233,4865.0807729195885,4178.287779717177,-0.10758358746016976,-0.06933065304575968,-217.6437678365584
3.103225607845372e-6,224.70076706535988,3503.765796276121,0.05538953314256114,-0.004600042595690235,3.457706277849596e-6,365.25643117604324,3624.4026887042314,0.05862008329187769,-0.0033493943387465945,0.00037796746922897745,4879.547380851015,4160.482931170362,-0.10757185945272091,-0.0704208905992267,-218.39962338807237
3.1036241891601343e-6,224.70076708096244,3503.7657963790602,0.055403315227394424,-0.004597613789098428,3.457622988991268e-6,365.256431255611,3624.402688659044,0.05864257930828337,-0.0033687073953695005,0.0003752827829520366,4894.057006104212,4142.547458488024,-0.10738197369524363,-0.07152122509029075,-219.1426380272733
3.1033120650772295e-6,224.70076710113779,3503.7657963711613,0.05537252156494966,-0.00459925536261926,3.457241715049434e-6,365.25643135296673,3624.4026883192855,0.05862875688607372,-0.0033900436147992203,0.00037280222674579167,4908.60977659375,4124.485409865732,-0.10698664946517773,-0.0726211457292517,-219.87271619017355
3.102352246141473e-6,224.70076712567993,3503.765796256571,0.05530224044735063,-0.004606814600124649,3.456601675515523e-6,365.2564314679915,3624.402687689056,0.05858263402376082,-0.00341486343637221,0.0003704804138914836,4923.205820614565,-816.897060237587,-0.1064134406654029,-0.07372364288937339,-220.58978787921095
3.1007332645856837e-6,224.70076715473638,3503.765796033493,0.05519071311928547,-0.004619023757419841,3.4556871214483722e-6,365.25643160042284,3624.4026867756315,0.058502807184289136,-0.0034422491382173587,0.0003683483967943513,4937.845266843083,4088.0014732938002,-0.10563700627268977,-0.07482511681745611,-221.29380577313233
3.098496130236722e-6,224.70076718799666,3503.765795708312,0.05504206255462067,-0.004636684982268615,3.454533720585826e-6,365.25643174977483,3624.402685587152,0.05839249825399787,-0.003472768677330475,0.00036635642221867785,4952.528244338363,-882.9643393249333,-0.10469152457383238,-0.07593087034418217,-221.98474266409735
3.0955749664674e-6,224.70076722561151,3503.765795280159,0.05484980461792588,-0.004660273026817224,3.453093399847305e-6,365.25643191563137,3624.4026841347118,0.05824657322207302,-0.003506907036877699,0.0003645575559405018,4967.254882543213,4051.024118816439,-0.1035411889600414,-0.07702467284976429,-222.66258916374574
3.0920446299960864e-6,224.70076726731276,3503.7657947543507,0.05461961143467118,-0.004688326964469354,3.4514068920933605e-6,365.2564320974687,3624.40268242659,0.058069519412382475,-0.003543486704129411,0.0003629051625153048,4982.025311285365,4032.3491694512054,-0.10221686089002072,-0.07811708499509964,-223.3273516598716
3.087875810341327e-6,224.7007673131377,3503.7657941306366,0.0543501052435763,-0.004720131893744355,3.449469559554971e-6,365.25643229518374,3624.4026804650684,0.05786019433012959,-0.003581896398306443,0.00036140391997512396,4996.839660778593,4013.519769721133,-0.10071160501056503,-0.07921050974660394,-223.97905047347777
3.083032803093177e-6,224.70076736295127,3503.7657934140325,0.054037071760734606,-0.004756478497999055,3.4472512508903426e-6,365.2564325078095,3624.402678269038,0.05761525769024956,-0.0036228303794443462,0.0003600779361157825,5011.69806162387,3994.5802367720976,-0.09901796704149717,-0.08028728042433599,-224.6177182436907
3.0775392200309507e-6,224.70076741673088,3503.7657926043153,0.053683461558104495,-0.004797094449715865,3.4447751178096414e-6,365.2564327354501,3624.402675834805,0.05733699921855407,-0.003666028965227986,0.000358905785695226,5026.60064481052,3975.4688574006987,-0.09714303651315798,-0.08136293625979671,-225.24339849141916
3.071412451568612e-6,224.70076747417832,3503.765791710052,0.05328905775482518,-0.004842105307038629,3.442039932421596e-6,365.2564329770051,3624.4026731848517,0.05702527830743182,-0.0037116292663230462,0.00035788827747064,5041.547541717371,-1085.3079708189412,-0.09509570679805726,-0.08242070426195193,-225.85614425919746
3.0646162821536736e-6,224.70076753524594,3503.765790732349,0.05285113685818021,-0.0048922009099525935,3.439027175035482e-6,365.2564332320181,3624.4026703236386,0.056677886955796716,-0.0037601712003697955,0.0003570286211248394,5056.538884113915,3936.8578633061006,-0.09287477042993204,-0.08346586706279337,-226.45601700290297
3.057116467068725e-6,224.70076759989294,3503.765789673519,0.052367363853887273,-0.004944211889856365,3.4357255412278766e-6,365.25643349995164,3624.4026672615637,0.056292943329612787,-0.0038090932439969623,0.00035633969412691237,5071.574804161465,3917.310627167655,-0.0904736242486316,-0.08449411406353699,-227.04308542538402
3.0489334202742877e-6,224.70076766784717,3503.7657885398407,0.05183902435558591,-0.004999725940827596,3.432144450609942e-6,365.25643377997625,3624.402664011125,0.05587145039088377,-0.0038596517036511946,0.00035580485711763233,5086.655434414327,3897.5933440357744,-0.0879091669919746,-0.0855061503712241,-227.6174245460854
3.040020321395155e-6,224.7007677389976,3503.7657873356397,0.05126191818103154,-0.005059295072718245,3.428257605733782e-6,365.2564340713674,3624.402660585663,0.05541006313519834,-0.003912272605934725,0.00035544940545195633,5101.780907820964,3877.7183879267177,-0.08516867705261182,-0.0864920141454371,-228.1791147196671
3.0303801193515973e-6,224.7007678134453,3503.7657860580885,0.05063642312023202,-0.005120668456473006,3.4240672377438097e-6,365.25643437411037,3624.4026569830985,0.0549090493945968,-0.003965159143425726,0.00035527245657506645,5116.951357725169,3857.628958159374,-0.08225572892833728,-0.08746078133307907,-228.7282407625567
3.019944999671544e-6,224.70076789060283,3503.765784723479,0.04995654317984673,-0.005186737741282507,3.4195388775408004e-6,365.2564346860461,3624.402653240273,0.05436359425882686,-0.0040205441815351715,0.00035529070040594214,5132.166917867241,3837.4003883929167,-0.07917616898663916,-0.08838659309647723,-229.26489112743948
3.0087023014719145e-6,224.70076797079838,3503.7657833241137,0.04922065258289886,-0.005253295812273328,3.4146571722609266e-6,365.2564350076521,3624.4026493471297,0.053772417537073805,-0.0040751437840432485,0.0003555224003650884,5147.427722385163,3816.9324251220446,-0.07591368170176617,-0.08928537912999591,-229.78915705832094
2.996652422163378e-6,224.7007680535006,3503.7657818735956,0.04842770010383315,-0.0053252313723583895,3.4094204377786637e-6,365.25643533720347,3624.4026453333577,0.05313465574556775,-0.004132762508732547,0.00035597039007649264,5162.733905815791,3796.3112546911566,-0.07248800701158413,-0.09013424319961179,-230.3011318221149
2.9837087985513967e-6,224.7007681388151,3503.765780370978,0.047571339301259355,-0.005398539703205098,3.403788275731072e-6,365.2564356742042,3624.402641204646,0.052445187052534564,-0.004190217474861223,0.0003566768094238097,5178.08560309602,3775.4635797095734,-0.06887745230746675,-0.09093499951205324,-230.8009099407899
2.969891287600423e-6,224.70076822635397,3503.765778826032,0.04665170082647068,-0.0054766250701070406,3.3977645514498666e-6,365.25643601745844,3624.4026369814223,0.05170412780921028,-0.004250155063274649,0.0003576402741476779,5193.482949564002,3754.4328486722147,-0.06509952223445235,-0.09167654234383193,-231.2885863646972
2.9551251872036164e-6,224.70076831614622,3503.7657772400335,0.04565999401913336,-0.005559127525925947,3.3912874521470537e-6,365.2564363660874,3624.40263267776,0.0509044711588275,-0.004312359932745747,0.0003589222382254344,5208.926080960319,3733.2351652552056,-0.061135912655477985,-0.09233890050533512,-231.7642557298084
2.9393422718604534e-6,224.70076840807377,3503.7657756172084,0.04459090654966052,-0.005646822032867884,3.384327475129696e-6,365.25643671912724,3624.402628307481,0.05004190622350093,-0.004377393595407757,0.00036056998256910397,5224.415133429189,3711.853195672739,-0.056977844913862444,-0.0929138408617159,-232.22801147825072
2.9224991242578175e-6,224.70076850228705,3503.7657739561764,0.0434383109999977,-0.00573905927414917,3.3768449278911164e-6,365.25643707637585,3624.4026238764764,0.049111526634014996,-0.004444792542612512,0.0003626611946771004,5239.950243519659,3690.316882396843,-0.052603149454924836,-0.09337668435638971,-232.67994496415372
2.904441569620212e-6,224.70076859863028,3503.765772262803,0.04218627505968765,-0.005836605572502073,3.3687329799300747e-6,365.2564374358109,3624.402619412545,0.04810063376968556,-0.004515187129964593,0.00036528776791658405,5255.531548186816,3668.631242364784,-0.04799945684990298,-0.09370798254997563,-233.12014431944291
2.8852100744471434e-6,224.70076869692986,3503.765770542369,0.0408360094044985,-0.0059447776785629325,3.3600073752041495e-6,365.25643779698277,3624.40261492669,0.047010112258753164,-0.004592786090127856,0.0003685079286512644,5271.1591847929885,3646.8851898593916,-0.043174148405272235,-0.09387841833638909,-233.54869306715634
2.864597525683386e-6,224.70076879767763,3503.7657687870974,0.03936453790091705,-0.006062990253361937,3.3505132248052137e-6,365.2564381592566,3624.4026104273366,0.045821648794102346,-0.004677337645519797,0.0003725317582272278,5286.833291108963,3625.125829248253,-0.03807290813326438,-0.09384363056267035,-233.96566823154566
2.8423929369826957e-6,224.70076890115612,3503.7657669940345,0.03774991371158042,-0.00619161977172538,3.3401108033519277e-6,365.2564385215684,3624.4026059290245,0.044517651300094566,-0.0047691897554014845,0.0003775660499497367,5302.554005315193,3603.395262835427,-0.03266161779794317,-0.09356042334430174,-234.37113744559025
2.8184420177431344e-6,224.70076900756186,3503.7657651621744,0.035971857073702915,-0.006336639408455127,3.3286734103366337e-6,365.25643888262135,3624.402601452276,0.04308187851314847,-0.004873266177275073,0.0003838834784547695,5318.32146600302,3581.866545634746,-0.0269149283560479,-0.09296109063988105,-234.7651545103037
2.7923295306437265e-6,224.70076911823008,3503.7657632670052,0.03398435348465703,-0.006499304675731284,3.3159013768618702e-6,365.25643924258304,3624.4025969917056,0.04147755664871348,-0.004990973545155383,0.00039199434156083886,5334.135812175897,3560.692999241298,-0.020737349313276775,-0.0919504887763439,-235.14775187285267
2.7635340342205605e-6,224.70076923446808,3503.765761286174,0.03172835601772597,-0.006686014523076043,3.301418334367909e-6,365.2564396001545,3624.4025925620826,0.03965744793417968,-0.005127908594114608,0.0004026089754326738,5349.997183250611,3540.1435389395774,-0.014040032683181136,-0.0904029112060359,-235.5189271478507
2.7310821432306167e-6,224.70076935940173,3503.765759161492,0.029095922460447676,-0.006901084415260571,3.284533493565617e-6,365.2564399551776,3624.4025881574944,0.03753519317946003,-0.005288546983942704,0.00041708604569973664,5365.905719058513,3520.6733835103205,-0.006627174250056135,-0.08809502373675922,-235.87861728377587
2.6936094662121497e-6,224.7007694973165,3503.7657568135905,0.02593003770730245,-0.007152352310068374,3.2642578735226195e-6,365.25644030535506,3624.402583798608,0.03498521041987235,-0.005480763378387479,0.00043761421907034744,5381.861559846757,3502.9703511110306,0.0017222282537752475,-0.0847311573042912,-236.22664541506666
2.6486670462859183e-6,224.70076965747876,3503.7657540640125,0.021939439534181468,-0.007447459433596503,3.23875418991551e-6,365.2564406474446,3624.4025795073458,0.031774562204784716,-0.005714582765193835,0.0004687986888155821,5397.864846279512,3488.3220182907357,0.011431218560377807,-0.07978203394426565,-236.56260567740438
2.5942256301559194e-6,224.70076985264458,3503.7657506556966,0.0168266896940635,-0.0077883400511561535,3.206224678804022e-6,365.2564409729109,3624.402575389438,0.027665159054480686,-0.005998573619398193,0.0005181987028101329,5413.915719439239,3478.376639048555,0.02274826034331172,-0.07275599951650576,-236.885652085804
2.5376284896124717e-6,224.70077007298048,3503.7657467434124,0.011230404759903707,-0.008148554764207247,3.1708916063685807e-6,365.25644126722347,3624.402571742938,0.023167591786366293,-0.006314364890763553,0.0005856060656454322,5430.01432082791,3472.2090214942073,0.03403428638144952,-0.06480956666594069,-237.1945426235032
2.491716687272141e-6,224.7007702807895,3503.765743037317,0.006539689740912769,-0.008513283924608971,3.1415789754259036e-6,365.25644153707236,3624.4025686104824,0.01939280316781039,-0.006637880171082342,0.0006543804700753686,5446.16079236826,3465.575967318803,0.042870240982256495,-0.058285529490968394,-237.48876820558473
2.4572576470967417e-6,224.70077046272388,3503.7657398222573,0.002969429687768407,-0.008890514107611314,3.1195103846757526e-6,365.25644179419197,3624.4025658246046,0.016513090741369224,-0.006966030017086196,0.000715248070680334,5462.355276405043,3456.986400362367,0.0492877696102558,-0.05352777872914367,-237.76898710248764
2.4302646362368383e-6,224.7007706239957,3503.7657370210595,0.00016353988612463938,-0.009281971728821338,3.1023513992941463e-6,365.25644204042,3624.402563313307,0.014243999788953987,-0.007299019981800602,0.0007687097875934576,5478.597915706279,3446.929995714744,0.054139268233679906,-0.04996426616698367,-238.03611017189957
2.7641158283829747e-6,224.70076766887223,3503.7658033729776,0.03716962276174592,-0.005106257032062726,3.3397515976624707e-6,365.2564368960603,3624.4026427195076,0.04365065471652636,-0.002964108423986983,1.106553252806322e-6,5494.888853464523,-79447.79937298202,33.13159976197189,-46.718682112112035,-238.27730927612598
2.756688307162827e-6,224.70076774339074,3503.765802364645,0.036781668884233405,-0.005051509190160246,3.337343309667126e-6,365.25643721331375,3624.4026397060893,0.043333603718999816,-0.00290637343751808,1.1810303145563734e-6,5511.228233298115,-71207.69346956072,32.95566560814777,-41.851592981958966,-238.43291014091002
2.7479518440839422e-6,224.70076782051186,3503.765801315148,0.03625043835515713,-0.004989564492631937,3.333963633232406e-6,365.2564375236209,3624.402636818328,0.04290345905897251,-0.0028395314931004686,2.279070704026106e-6,5527.6161992524585,-34168.18987565469,18.07579492497363,-20.64491947649269,-238.58709905786597
2.7427642818873006e-6,224.70076789105008,3503.765800372137,0.03602514455719689,-0.004947824337285207,3.3326233706654993e-6,365.2564378246517,3624.402634135855,0.04271876474401183,-0.0027924798044109862,2.3957652043040734e-6,5544.052895801281,-30920.656112118733,17.9441471210815,-18.714387489161805,-238.73073046421806
2.7388597392472878e-6,224.70076795533703,3503.7657995531454,0.03589799598291566,-0.004900866076290002,3.3319534286385774e-6,365.2564381080942,3624.402631750983,0.04261329880995332,-0.00274442063530464,1.3243150753009003e-6,5560.538467847914,-55195.08809572414,33.440784033146386,-32.346865791373375,-238.8647850532834
2.7331630624129074e-6,224.70076802523155,3503.7657986361396,0.035577195051842724,-0.004849680309914251,3.329951382395285e-6,365.25643839100115,3624.4026293891893,0.04235447377011045,-0.0026877405942651767,2.1482149243672294e-6,5577.073060726564,-31558.386023790772,21.35490166094243,-18.908408527205363,-239.0015926995269
2.2045224818471858e-6,224.70076519550935,3503.765862580577,-0.01744460202923635,0.011917692536205322,2.9741790669569705e-6,365.2564450572828,3624.4025261631473,-0.0007516081129207581,0.01149109958193207,0.0014460201368998663,5593.6568202036015,5572.709611308896,0.1049098109357705,0.03807542911884409,-239.06370341541796
2.197412829002374e-6,224.70076515177516,3503.7658631579384,-0.01746845392497984,0.01098836818535442,2.9730185239958754e-6,365.25644541299425,3624.402522446525,-0.0008258519814079023,0.010816288618450168,0.0014943745996271749,5610.289892478844,5551.620821328103,0.10405090634647012,0.03628149701012683,-239.10526805213294
2.1906114857960516e-6,224.70076510028034,3503.7658638988846,-0.017441107856934375,0.010076974027153667,2.9720910099448875e-6,365.25644575666416,3624.402518988887,-0.0008601680126755304,0.010155744792697145,0.0015444566018334347,5626.97242418683,5531.678127187646,0.10328442922748873,0.03455623926041048,-239.13560474104509
2.1840418913489994e-6,224.70076504207407,3503.7658647805765,-0.01737457385728261,0.009187065147836656,2.9713254669057028e-6,365.25644608837877,3624.4025157905094,-0.0008641774540692737,0.009512278650647526,0.0015962758970017408,5643.704562398138,5512.70109073942,0.10259404476273032,0.03290145123515835,-239.15494446206588
2.1776560184915487e-6,224.70076497881735,3503.7658657677334,-0.017277307092683294,0.00832174518870235,2.970679539032821e-6,365.25644640717337,3624.4025128681674,-0.0008444548357434948,0.00888837708873489,0.0016495602041416604,5660.486454620664,5494.549693084632,0.10196637769554275,0.03132239132785241,-239.16348107363012
2.171415390253844e-6,224.70076491159514,3503.765866837374,-0.017156515436787347,0.007482780169805914,2.970115007501922e-6,365.2564467128253,3624.402510226997,-0.0008066709679192603,0.008285386001048898,0.0017042088508712084,5677.31824880093,5477.099557787077,0.10139071765197816,0.029819263701103053,-239.16138625084153
2.1653011849518146e-6,224.70076484114122,3503.765867974654,-0.017017756991034496,0.006670414953949069,2.9695998021665223e-6,365.2564470052822,3624.402507868783,-0.0007552224802766451,0.0077034174484379506,0.0017601848825705478,5694.200093325384,-233.9417318781344,0.10085880911053434,0.02839012102807262,-239.14882019133353
2.1592950515377174e-6,224.70076476906942,3503.7658691444217,-0.016865643713920884,0.005886477699937015,2.969115640039905e-6,365.2564472842697,3624.402505800667,-0.0006936050893319825,0.007143829505092853,0.0018172467877488074,5711.132137021711,5443.949067615375,0.10036268883717418,0.027035708946718178,-239.12593932005208
2.1533969368792125e-6,224.7007646959532,3503.7658703366455,-0.016703128221080173,0.0051301950611193576,2.968648681336727e-6,365.2564475493092,3624.4025040299675,-0.0006240705208564556,0.006605915956802913,0.0018753004688614068,5728.114529160143,5428.101517538997,0.09989735543659149,0.025753825951453625,-239.09290164583498
2.147611297033851e-6,224.70076462306938,3503.7658715244243,-0.016532986058968628,0.004402015403403557,2.9681890773964054e-6,365.2564478004309,3624.402502557643,-0.0005486628258976024,0.0060899136354668724,0.0019341309350462273,5745.147419454777,-332.4934863635818,0.09945753036917997,0.024542678123865968,-239.049870533321
2.141943633791464e-6,224.70076455102696,3503.765872697484,-0.016356791152779517,0.003701029025168207,2.9677341514623825e-6,365.2564480372292,3624.4025013897103,-0.00046854646945197206,0.005594827096045655,0.001993612748876405,5762.2309580648935,5397.588090024068,0.09904023789994988,0.023399826385519684,-238.9970172698821
2.136398946518169e-6,224.7007644806984,3503.765873836627,-0.016177155848698395,0.0030265604792574694,2.967270218327243e-6,365.2564482601939,3624.4025005197877,-0.0003856824292528411,0.005120197709892297,0.0020536729914303374,5779.365295596279,5382.828979673225,0.09864111111655822,0.022321440001770883,-238.93452277622904
2.130994563082319e-6,224.7007644127226,3503.765874931093,-0.015995081593415176,0.002377542505934775,2.9667972395158837e-6,365.2564484693319,3624.4024999458184,-0.00030077203485476966,0.004664852666991266,0.002114150094739197,5796.550583102557,5368.374290894237,0.09825826405005983,0.021304761684517615,-238.8625786211788
2.1257394740600763e-6,224.7007643478786,3503.7658759648225,-0.01581175349277815,0.0017532203733899774,2.966313955422044e-6,365.25644866503,3624.4024996623725,-0.0002146079447128416,0.004228157005434028,0.0021749361644542264,5813.786972086517,5354.178936749672,0.09788901667670409,0.020346565224736136,-238.78138766994553
2.120646929347728e-6,224.7007642866635,3503.7658769289965,-0.0156282472789595,0.0011521449984942117,2.9658169764497133e-6,365.2564488476744,3624.402499660538,-0.00012802325859336935,0.0038087535386921016,0.002235941355487887,5831.074614501454,5340.228993041523,0.09753183643861651,0.01944318407552225,-238.69116431246886
2.1157333475710606e-6,224.70076422975487,3503.7658778105624,-0.015445359779926879,0.0005731558916253473,2.965307555140886e-6,365.25644901753924,3624.4024999346752,-4.1448558976010613e-5,0.003405652040374982,0.002297012765343117,5848.4136627525,5326.50112521811,0.09718496999215052,0.01859196000390176,-238.59213444626187
2.1110075956832633e-6,224.70076417738878,3503.765878605998,-0.015263975354489314,1.4995371009202818e-5,2.9647822853521688e-6,365.2564491755188,3624.4025004670784,4.4358008403809276e-5,0.003017604328700561,0.0023581514517952706,5865.804269697984,5312.992784132092,0.09684759751525863,0.017789025166517165,-238.4845353110076
2.1064854820276515e-6,224.70076413031884,3503.7658792999728,-0.015084643926454063,-0.0005235767586930373,2.9642440091453003e-6,365.25644932216903,3624.4025012466773,0.00012915783413236658,0.0026436030464861804,0.0024191873724015702,5883.246588650745,5299.677230558434,0.09651819707418802,0.017031684797085507,-238.3686150402651
2.1021789904064286e-6,224.7007640889602,3503.7658798857715,-0.014907805100491686,-0.0010438514952683445,2.963695188986199e-6,365.2564494579075,3624.4025022626615,0.00021268191050036013,0.0022824539254393305,0.0024799990329567225,5900.740773379531,5286.551901028707,0.0961960502246342,0.01631752918515865,-238.24463211109503
2.098096229745741e-6,224.70076405357443,3503.7658803575537,-0.014734313203067145,-0.0015471113185244753,2.963132485695891e-6,365.25644958395725,3624.4025034911083,0.00029428389183158395,0.0019330382266861594,0.0025405969896443266,5918.286978110319,5273.603608512742,0.09588057403323859,0.01564286064357489,-238.11285459643844
2.0942480185696107e-6,224.7007640246684,3503.765880706097,-0.014564255162368487,-0.0020345007289647014,2.962561053769954e-6,365.25644970098995,3624.4025049177676,0.00037398319044502513,0.00159432102249359,0.002600856740479051,5935.88535752769,5260.826237898109,0.09557099625096643,0.015005561486404109,-237.97355926699328
2.0906429954789113e-6,224.70076400257778,3503.765880924323,-0.014398349681154176,-0.0025073297844605247,2.9619799152769555e-6,365.2564498100147,3624.4025065202677,0.0004513072432061486,0.0012652163418650048,0.0026606917369737726,5953.536066776186,-705.3274102818979,0.09526685260375606,0.014402868653573245,-237.82703056727354
2.087292418985531e-6,224.70076398775345,3503.7658810041053,-0.014236774655330854,-0.0029667301828866207,2.961394352298208e-6,365.2564499118294,3624.402508280538,0.0005262502577102839,0.0009446441337004553,0.0027199677874032604,5971.239261461683,5235.752618414748,0.09496768117749639,0.013832947780887152,-237.67355935101153
2.0841957859016015e-6,224.70076398035312,3503.7658809422755,-0.014079951248589934,-0.0034139863750107034,2.9608035730362503e-6,365.2564500076825,3624.402510172331,0.0005984500126552161,0.0006315548718443186,0.002778673619326365,5988.995097652759,5223.454989933543,0.09467333185244253,0.013293131894591198,-237.513441512251
2.081358587940937e-6,224.70076398065507,3503.765880732263,-0.013928304271884517,-0.0038500423351943125,2.9602086952848804e-6,365.2564500986392,3624.402512173036,0.0006676538166221081,0.00032511578984329944,0.0028367703210145164,6006.803731882071,5211.304627204588,0.09438346755607883,0.012781245241586168,-237.34697648923492
2.078788370912212e-6,224.7007639891374,3503.7658803645936,-0.013781933676031647,-0.004276037071294297,2.959615210944572e-6,365.2564501856273,3624.402514261759,0.0007339621495102622,2.4431247919724027e-5,0.0028940792949523554,6024.665321147735,5199.292416659175,0.09409753983123724,0.01229585357541872,-237.17446559831612
2.076485666686501e-6,224.70076400595107,3503.7658798364823,-0.013641123880904443,-0.004693143680967195,2.9590248460098947e-6,365.2564502698116,3624.4025164110794,0.0007971399116887138,-0.0002716264362817297,0.002950559399565203,6042.580022914713,5187.431148815387,0.09381588219648151,0.011834901862118432,-236.99621021717448
2.074451844790975e-6,224.70076403145126,3503.7658791383024,-0.013506033634225183,-0.005101898922142377,2.958440176837126e-6,365.2564503523828,3624.4025185988976,0.0008571902672229825,-0.0005633401374760221,0.0030061548702081135,6060.547995116195,-884.8620239203547,0.09353764006561385,0.011396745682623765,-236.8125099789756
2.072685095141176e-6,224.70076406563962,3503.76587827296,-0.013377070406601653,-0.005504081525844208,2.9578625443314298e-6,365.2564504345832,3624.402520792464,0.0009137788267452609,-0.0008524126676790877,0.003060771645675577,6078.569396154996,5164.1050083908,0.0932637066398597,0.01097983121980022,-236.62366076758826
2.0711927196290657e-6,224.700764109094,3503.7658772254595,-0.013254082383649021,-0.0058999936661562925,2.9572989242170115e-6,365.25645051733574,3624.4025229744043,0.0009672690827013953,-0.00113892495801483,0.0031142547786598535,6096.644384904951,5152.639499468726,0.09299298354633749,0.010583016399729545,-236.4299527695
2.0699681440439468e-6,224.70076416182584,3503.7658759950727,-0.013137240907245712,-0.006290650817309547,2.956750010267734e-6,365.256450601899,3624.4025251171265,0.001017490868000812,-0.0014237212013094166,0.0031666139773113824,6114.773120712324,5141.29600645893,0.09272578499570679,0.010204668376757885,-236.23166848261116
2.069011619995468e-6,224.70076422406504,3503.765874576783,-0.013026589367828233,-0.006676964453902668,2.956219743516596e-6,365.2564506894506,3624.4025271939995,0.0010645113810004664,-0.001707556163841975,0.0032177236237859634,6132.955763397184,-1002.8823499473426,0.09246200727030444,0.009843647582056502,-236.02908070237504
2.068322479202281e-6,224.70076429593064,3503.7658729661775,-0.012922261489246734,-0.007059619361168111,2.9557101734115977e-6,365.25645078109494,3624.4025291807357,0.0011083291602359874,-0.0019908990141324244,0.0032675221490383174,6151.192473254851,5118.953772736152,0.09220150021439394,0.009498739178510617,-235.82245068560735
2.0678963920643743e-6,224.7007643775758,3503.7658711605336,-0.012824291939514478,-0.007439642068890442,2.9552247992990653e-6,365.2564508780762,3624.4025310497314,0.001148952561391159,-0.002274673322847441,0.003315922106830096,6169.483411057293,5107.952395539331,0.09194439432556059,0.009168925605743452,-235.61202622994864
2.0677369298531766e-6,224.7007644692051,3503.7658691539073,-0.012732405552951666,-0.007817557941537247,2.954769528810794e-6,365.25645098116695,3624.40253278316,0.001186769295009753,-0.0025591722473298707,0.0033627810883085506,6187.828738054536,5097.044660567824,0.09169038809463621,0.00885348289846078,-235.39804006556847
2.0678337659661265e-6,224.7007645707086,3503.7658669464477,-0.012646822943848146,-0.00819407909795575,2.9543424361915637e-6,365.25645109176946,3624.4025343515914,0.0012215271502705519,-0.0028449576225180284,0.003408167253838496,6206.228615976097,5086.2305629449,0.09143976797795304,0.008550941108298937,-235.18070823710548
2.0681908799370997e-6,224.70076468231804,3503.7658645327174,-0.012567249503276494,-0.008569841524556056,2.95395033722431e-6,365.25645121072324,3624.4025357357623,0.0012536414710696293,-0.00313249312880604,0.0034518923616730962,6224.6832070324035,5075.4992160998345,0.09119221898296233,0.008260856036058951,-234.96022876888986
2.0688041168850674e-6,224.70076480390347,3503.765861913963,-0.012493769707489775,-0.008945634640729028,2.953593441294128e-6,365.2564513391318,3624.402536910517,0.0012830862235738577,-0.003422353132369687,0.0034939254506680174,6243.192673916226,5064.844719770769,0.09094790348332746,0.007982219373061414,-234.73678048945584
2.0696773114272246e-6,224.70076493567942,3503.7658590853066,-0.012425760820521438,-0.0093220554915472,2.9532802256027502e-6,365.2564514776569,3624.4025378601423,0.0013104855484093755,-0.003714977305953047,0.0035340805767541637,6261.757179804112,5054.258279452929,0.09070666354883461,0.007714704274655944,-234.51052204340365
2.070801663387775e-6,224.70076507738926,3503.7658560492514,-0.012363411302491594,-0.00969953986369159,2.9530078422813193e-6,365.25645162747617,3624.40253855974,0.001335648121727215,-0.004010632424440391,0.0035724202205424486,6280.376888357823,5043.730932401302,0.09046863144429092,0.007457179721794907,-234.28159121633342
2.072178096457705e-6,224.70076522896545,3503.7658528052593,-0.01230636793651801,-0.010078507064868302,2.95277999800191e-6,365.2564517892862,3624.402538993349,0.0013589338740572466,-0.004309578914566845,0.003608877547468227,6299.051963725779,5033.2481200448265,0.09023376779008897,0.007209060343951929,-234.05010437558852
2.0738103315082107e-6,224.70076539041838,3503.765849352747,-0.012254074620636093,-0.010459705355508313,2.952602894570477e-6,365.2564519637709,3624.402539144167,0.0013808973051252778,-0.004612343287424522,0.0036432883932520903,6317.7825705445075,11340.583669466536,0.09000197767318546,0.006969988482397721,-233.81615622431391
2.075692318653429e-6,224.70076556140174,3503.7658456956647,-0.012206397177904229,-0.01084323241817535,2.952475017210621e-6,365.256452151678,3624.4025389949697,0.0014016021725944158,-0.004918884593374864,0.003675681967524466,6336.5688739400875,5012.372365037927,0.08977335696980007,0.006739130301661223,-233.57981979045627
2.077828066032945e-6,224.7007657418596,3503.765841835193,-0.012162846684000195,-0.011229976619592264,2.9524020533389064e-6,365.2564523535931,3624.4025385312766,0.0014215551275027682,-0.005229906448575308,0.0037059348739493523,6355.411039529616,5001.962465771508,0.08954793522711083,0.0065162081128916525,-233.34114658832462
2.080213828241141e-6,224.7007659314809,3503.7658377756784,-0.012123089958666167,-0.011620193778055982,2.9523846366492487e-6,365.2564525702202,3624.402537736744,0.0014409899097051575,-0.005545529246734158,0.0037340322564614514,6374.309233422663,4991.558685628349,0.0893257371655534,0.006300575348248917,-233.100167024461
2.0828565345243203e-6,224.70076612990812,3503.765833520067,-0.012085993497532964,-0.012013711541563422,2.9524276619112048e-6,365.2564528015183,3624.4025366099154,0.0014608525259857976,-0.005865312600037842,0.0037599538141485558,6393.26362222272,4981.112701758651,0.08910659796114476,0.0060917311666241645,-232.8568909613567
2.085754286384437e-6,224.7007663370078,3503.7658290741915,-0.01205159105845653,-0.012411878517424401,2.952534426024422e-6,365.2564530484234,3624.402535127398,0.0014812097838824098,-0.006190544201179782,0.003783502923874973,6412.274373028703,4970.658929326802,0.08889069043922411,0.00588955416038164,-232.61130847737493
2.0889076338328423e-6,224.70076655224452,3503.765824443955,-0.012018840023781147,-0.012814333010880086,2.9527063238051026e-6,365.25645331089146,3624.4025332887777,0.00150279719217542,-0.006520663504824553,0.0038048027831805477,6431.341653436399,4960.154483508092,0.08867809754358694,0.005693306476209596,-232.36339077644834
2.0923189327250982e-6,224.70076677524736,3503.765819636398,-0.011987200347321102,-0.013221634606268191,2.95294657527582e-6,365.2564535893508,3624.402531080998,0.0015261117039298223,-0.00685606552353353,0.003823728444502545,6450.46563153995,4949.589899441908,0.08846871715970904,0.005502686383534197,-232.11309117657945
2.095988155421593e-6,224.7007670055474,3503.7658146598405,-0.011955757794930733,-0.013633973947274199,2.953258799562639e-6,365.2564538838504,3624.402528500891,0.001551837290300412,-0.007196821890615344,0.0038402877617153366,6469.6464759333385,4938.95196801189,0.0882626551322822,0.005317389295163755,-231.86034627343497
2.0999194364613054e-6,224.70076724265104,3503.765809522279,-0.011923578573330838,-0.014051558680571835,2.9536467942587594e-6,365.2564541944269,3624.4025255434685,0.0015807324451036601,-0.007542989050172572,0.00385444096962187,6488.884355711869,4928.218442371378,0.08805991656723695,0.0051370140783285135,-231.6050771198756
2.1041167922399943e-6,224.70076748605732,3503.7658042329317,-0.011889477635780257,-0.01447470030668001,2.9541161366126952e-6,365.256454521062,3624.4025222055852,0.0016137387949738688,-0.007894711233218783,0.0038661286424419824,6508.179440473662,4917.37127895048,0.08786047232456594,0.0049612760400380065,-231.34719047492285
2.1085786645335737e-6,224.700767735237,3503.765798802647,-0.011852810958019886,-0.014903970538501789,2.9546694009569048e-6,365.2564548638837,3624.402518481053,0.001651358629134936,-0.00825245407428117,0.0038753230926252893,6527.53190032115,4906.407465925887,0.08766443069392012,0.0047899478125859015,-231.08658012918212
2.113306524186383e-6,224.7007679894022,3503.7657932435973,-0.011812018603007261,-0.015338675857667471,2.955310253549814e-6,365.2564552224088,3624.4025143761082,0.0016946997516857408,-0.008615448719449376,0.00388213960313416,6546.941905862571,4895.286512873147,0.08747188088888164,0.004622544064226296,-230.8231282301532
2.1183020138330646e-6,224.70076824802854,3503.765787566969,-0.011766043175011072,-0.01577949723116847,2.95604394543866e-6,365.25645559667294,3624.402509886421,0.0017446011502006526,-0.008984229179965154,0.003886512941260314,6566.40962821348,11450.412881725262,0.0872828422523264,0.004458855940377169,-230.55670657665536
2.1235731550812504e-6,224.70076851049083,3503.7657817850163,-0.011713308620295234,-0.016226672289515548,2.9568791436831086e-6,365.2564559862677,3624.402505014901,0.0018023602751825792,-0.00935892385557577,0.003888355813968742,6585.935238998254,4872.535791680053,0.08709730254414966,0.004298794091642881,-230.2871780161269
2.1291191339215934e-6,224.70076877602003,3503.765775911689,-0.011652255587412556,-0.01667994676043965,2.9578203672237537e-6,365.2564563908601,3624.4024997656547,0.00186907888254768,-0.00973921503284868,0.0038877584739171133,6605.518910351604,4860.857718448959,0.08691529590593303,0.0041420248635743685,-230.01439771472926
2.1349377533132117e-6,224.70076904392533,3503.7657699609877,-0.01158173589508353,-0.017139594219369954,2.9588719402393656e-6,365.2564568102137,3624.402494139227,0.0019456050559357454,-0.010125324656016786,0.0038847573892546363,6625.160814920095,4848.963506838694,0.08673708873181313,0.003988286400359631,-229.7382145181518
2.141032984316579e-6,224.70076931344647,3503.765763947214,-0.011499899642834613,-0.017605354527901136,2.960041686476953e-6,365.2564572438312,3624.402488142145,0.0020333439629370525,-0.010516964887939547,0.0038793814742035145,6644.861125863672,4836.823281405751,0.08656264161415705,0.003837408622255807,-229.45847224512644
2.1474108522711166e-6,224.70076958382523,3503.7657578852118,-0.011404561780756464,-0.01807710692889463,2.9613400886977524e-6,365.25645769114936,3624.402481781216,0.002133976735562046,-0.01091394806016753,0.003871620918307228,6664.620016857164,4824.407983694153,0.08639193872188469,0.0036892598589597786,-229.17501096186277
2.154070401873912e-6,224.7007698542602,3503.7657517908033,-0.011293950889793033,-0.0185546317269002,2.9627738016203334e-6,365.2564581516597,3624.40247506313,0.0022487850279169705,-0.011316074196562829,0.003861576902166724,6684.437662091851,4811.700646081283,0.08622531004834387,0.0035436475783288844,-228.8876683239228
2.161014362107001e-6,224.70077012401813,3503.765745678838,-0.011166111005590095,-0.019037654571468124,2.964352150212687e-6,365.2564586249538,3624.4024679935123,0.0023792513729928794,-0.01172311787672616,0.0038492857533039626,6704.314236276973,11502.994347883146,0.08606266641260987,0.0034004749882849783,-228.59628078119616
2.1682408995318313e-6,224.7007703922418,3503.765739565331,-0.011019049805355745,-0.019525279851295492,2.9660818492654605e-6,365.2564591103835,3624.4024605824666,0.002526792827413298,-0.012134304509574147,0.0038349270269876674,6724.249914641282,4785.321000315612,0.08590434752646234,0.0032595484380661902,-228.30068492567335
2.1757645836602177e-6,224.70077065825308,3503.765733465701,-0.010849813486577027,-0.020017857738260942,2.9679813850319174e-6,365.2564596073572,3624.4024528363775,0.0026937983308032657,-0.01254991162826584,0.003818346534716227,6744.244872934579,4771.596528405531,0.08575027909678243,0.0031210494796953974,-228.0007187079735
2.183581742816033e-6,224.70077092121082,3503.7657273957984,-0.010656350103438818,-0.02051398386031894,2.970057140178389e-6,365.25646011533183,3624.4024447660418,0.002881673896743146,-0.012968798315193783,0.0037998058727787064,6764.29928742927,4757.484240428217,0.08560071718700907,0.002984802529900308,-227.69622279069276
2.1916884645892366e-6,224.7007711803809,3503.7657213699167,-0.010436779720820124,-0.02101265245962299,2.9723171432093534e-6,365.25646063377127,3624.402436379281,0.003091755145775579,-0.013390186367855869,0.003779473095473569,6784.413334921918,4742.967338477206,0.08545603095593954,0.002850717738288328,-227.3870418389021
2.2001076421339577e-6,224.7007714349211,3503.76571540497,-0.010186777018707996,-0.021512663940433233,2.9747852339490055e-6,365.2564611618201,3624.402427689678,0.003327453066099938,-0.013813011940189008,0.0037573057534233106,6804.5871927348,4727.986761796009,0.08531605871018039,0.0027190507539256105,-227.0730258483969
2.2088345717842806e-6,224.7007716842728,3503.765709513668,-0.009904836495822834,-0.022013458452539027,2.9774693540869114e-6,365.25646169916064,3624.4024187014893,0.003589844910473706,-0.014236964367187487,0.0037334293593869372,6824.82103871747,4712.550192892322,0.08518126882775856,0.0025898676539548634,-226.75403161264214
2.217873209968641e-6,224.70077192771276,3503.7657037098184,-0.00958837762818993,-0.022512896217547797,2.980381441454766e-6,365.256462245172,3624.4024094275987,0.003880828559781377,-0.014660344066448543,0.0037080757889810167,6845.115051248331,4696.628184902184,0.08505188557581518,0.0024633452389354743,-226.42992418757493
2.2272381855266524e-6,224.70077216451406,3503.7656980078186,-0.009233471720906257,-0.02300905747105456,2.9835426450794935e-6,365.25646279915577,3624.4023998783855,0.0042033991402124285,-0.015081572255366101,0.00368129806815782,6865.469409236204,4680.173962615474,0.08492805286058791,0.002339697401815547,-226.10057852966585
2.2369318318263675e-6,224.70077239415093,3503.7656924185862,-0.00883807881735373,-0.023499975982708164,2.986963989144341e-6,365.2564633606745,3624.4023900630364,0.004559077818635922,-0.015499160736172128,0.0036532957240113647,6885.884292121905,4663.1778048833785,0.08481015780446553,0.002219240854473266,-225.7658813087677
2.2469656802500757e-6,224.7007726160478,3503.7656869543007,-0.008398897260697636,-0.023983343323897278,2.9906647250300195e-6,365.2564639291299,3624.402379991676,0.004950366466438653,-0.015911319343593036,0.0036241550398357285,6906.359879879828,4645.60988564035,0.08469837916144951,0.002102402932846427,-225.42573294799539
2.2573568277759618e-6,224.7007728296531,3503.7656816260346,-0.007912361522473233,-0.024456584914309683,2.994664958481068e-6,365.2564645039748,3624.402369673893,0.00538004131226197,-0.01631597435351953,0.003593969087914942,6926.896353019534,4627.433506888623,0.08459301524774376,0.0019897127242604635,-225.0800500467212
2.26810232801847e-6,224.7007730345977,3503.765676440888,-0.007376962309527144,-0.02491630537399832,2.9989733183958185e-6,365.25646508475387,3624.4023591197365,0.0058491189109904545,-0.016710535848825776,0.003563015103383488,6947.493892587344,4608.642107269333,0.08449444891690046,0.0018815599830681524,-224.72876817114064
2.27922094271832e-6,224.70077323049202,3503.7656714079885,-0.00678929501521736,-0.02535986931728798,3.003611464681443e-6,365.2564656709608,3624.4023483382884,0.006360291154532836,-0.017092927314813773,0.003531301305737248,6968.152680167911,4589.208587411466,0.08440277794206859,0.0017787310598493186,-224.37184527499014
2.290718806800281e-6,224.70077341703123,3503.7656665332142,-0.006147381982268197,-0.025783446275205683,3.0085911292781565e-6,365.2564662620337,3624.402337340823,0.006915006696832981,-0.017460153344776522,0.003499035490082359,6988.872897885863,4569.118316248876,0.08431842483694209,0.0016819190773931098,-224.00926576466978
2.302605613160798e-6,224.7007735940492,3503.76566182111,-0.005448998713803536,-0.02618421246057245,3.0139285365314397e-6,365.2564668575616,3624.402326134527,0.0075149934814448234,-0.017810021863456524,0.0034662475108938784,7009.654728407377,4548.363042342071,0.08424155009010534,0.0015918615327644777,-223.64104539033292
2.314879309320726e-6,224.70077376134222,3503.7656572749584,-0.004693214193792702,-0.026556840225037744,3.0196287765266775e-6,365.2564674567878,3624.402314736367,0.008160815643859357,-0.018138333406787676,0.003433240865777432,7030.498354941801,4526.9310883424005,0.0841724167973356,0.0015094724293167913,-223.26723704400533
2.327548185023435e-6,224.70077391890806,3503.7656528961516,-0.0038786740543850125,-0.026898353438065462,3.0257033133972116e-6,365.2564680591969,3624.402303155745,0.008853538897560532,-0.018442759510763004,0.0034000339266899615,7051.403961243267,4504.824836792752,0.08411116450143814,0.0014356254225106238,-222.8879375657151
2.3405989132087083e-6,224.7007740669223,3503.7656486826017,-0.0030064800855319276,-0.027205577881414922,3.032149129447924e-6,365.25646866397085,3624.4022914083657,0.009592217987523074,-0.018720871528687177,0.003366739429031801,7072.371731612309,4482.07787876364,0.08405786971423002,0.001371148578196173,-222.50329547678714
2.3540286611934013e-6,224.70077420535145,3503.76564463412,-0.0020763895838662168,-0.027472927380952392,3.0389664174030243e-6,365.2564692701693,3624.4022795140445,0.010376891067923496,-0.018968165963734,0.0033335863030152543,7093.401850897491,4458.677054936337,0.08401256115720208,0.0013170317022752223,-222.1135195346539
2.3678227366702147e-6,224.70077433458073,3503.7656407456657,-0.001090332174546591,-0.027698894195862907,3.0461500050045625e-6,365.2564698768315,3624.402267489939,0.011206035618534145,-0.019183531653270858,0.0033005353103841145,7114.494504497035,4434.676241763224,0.08397510357422439,0.0012740142927263507,-221.71888785993568
2.3819534792897384e-6,224.70077445491305,3503.7656370117957,-5.143070188222219e-5,-0.027879619291558477,3.0536811236878483e-6,365.2564704826041,3624.4022553634786,0.01207701521602417,-0.019363887676995893,0.0032677894390911386,7135.649878360456,4410.113593869626,0.08394529691771034,0.001242894496240667,-221.31975713495095
2.396374662960893e-6,224.70077456684336,3503.7656334236235,0.0010348337685678886,-0.02801249130957974,3.0615283270412037e-6,365.2564710858627,3624.402243166389,0.012985320036344596,-0.01950717331196513,0.0032355603049917404,7156.8681589902,4385.0585498019045,0.0839228394180157,0.0012240594199437944,-220.91657125931778
2.4110564155887604e-6,224.7007746708267,3503.765629974544,0.002164488961165677,-0.028096646489784674,3.069668761063714e-6,365.25647168488376,3624.4022309302845,0.013927745150030051,-0.01961267097930489,0.003203827524618229,7178.149533443289,4359.572544618893,0.08390715382111023,0.0012179417829440134,-220.50986871447
2.4259413373876313e-6,224.70077476740215,3503.7656266547247,0.0033306042120456645,-0.02813028808358111,3.078059081805681e-6,365.2564722776707,3624.4022186948414,0.014898585882255427,-0.019678911455350535,0.0031728309704536855,7199.494189332972,4333.7302400439485,0.08389763065579167,0.001224583812176658,-220.10028778165966
2.4409600710198575e-6,224.70077485720645,3503.7656234535402,0.004524718214389086,-0.0281138213509564,3.086647610193087e-6,365.25647286186734,3624.402206504536,0.015890967828416855,-0.019706182951602185,0.0031427278340821134,7220.902314830376,4307.631211331492,0.08389350539655117,0.0012436460698891252,-219.68856879060016
2.4560587507765485e-6,224.70077494075315,3503.76562036336,0.005740016649006331,-0.02804863497087916,3.0953902758794633e-6,365.25647343505455,3624.402194403614,0.016899371695485707,-0.019695512994814365,0.0031135513314832853,7242.374098666173,4281.359017684343,0.0838939350341589,0.0012746936111512747,-219.27555287280995
2.4711535823653487e-6,224.7007750186255,3503.7656173750747,0.006966422508832472,-0.027936277783926572,3.1042222681744263e-6,365.25647399449565,3624.402182444963,0.01791559013386985,-0.01964807948997898,0.003085516376787697,7263.909730132216,4255.017657610965,0.08389764707584957,0.0013167843688143969,-218.86217677891648
2.486180675501016e-6,224.70077509132255,3503.765614480975,0.008196049462648286,-0.027779829514435004,3.1130905895533073e-6,365.2564745377534,3624.402170673587,0.01893324904169045,-0.01956621462419302,0.0030586944907034395,7285.50939908325,4228.691842949924,0.08390371062304212,0.0013687487866217338,-218.4494638273139
2.5010646636127296e-6,224.70077515927454,3503.7656116758976,0.009419562439667609,-0.027582723415846826,3.1219339582457296e-6,365.2564750619862,3624.4021591433047,0.019944802395306032,-0.01945258896684019,0.0030332188918758118,7307.173295938557,4202.477383655035,0.08391079660068336,0.001429306734411014,-218.03851153774633
2.5157654152485607e-6,224.70077522269662,3503.765608958662,0.01063237006904037,-0.027348838999157295,3.1307194682827792e-6,365.2564755649502,3624.402147893882,0.020946570137359583,-0.019310138824025946,0.003008985994290833,7328.901611683642,4176.419806019373,0.08391770905765837,0.0014971367270887768,-217.63047656976573
2.5301847385600013e-6,224.70077528210095,3503.765606321868,0.011822439582124776,-0.02708348106217676,3.1393653760889793e-6,365.2564760439166,3624.4021369777106,0.021928815318548317,-0.01914303410912396,0.002986279911659783,7350.694537871917,4150.637292153704,0.0839232951356886,0.0015700115669413388,-217.226558028232
2.544309727715729e-6,224.70077533737907,3503.7656037713423,0.012988251509550961,-0.026789399188653768,3.147859836881502e-6,365.25647649697976,3624.4021264298867,0.02289038471431361,-0.0189533205308215,0.002964942412463335,7372.55226662639,4125.130803109398,0.08392617269944042,0.0016470410615934234,-216.82798015178767
2.5580883895170016e-6,224.7007753888194,3503.7656013044993,0.014123224987579052,-0.02647330296270528,3.1561548352960695e-6,365.2564769220193,3624.402116287309,0.023826022822154534,-0.01874626200599398,0.002944969713410903,7394.474990641357,4099.978299709125,0.0839255207893942,0.0017258815491652646,-216.4359752139602
2.5714931772688775e-6,224.7007754363634,3503.7655989261743,0.015224140307230646,-0.02613833428862231,3.1642272902460184e-6,365.25647731737473,3624.4021065831625,0.0247331895006181,-0.018524255395541728,0.0029263435124865372,7416.462903184103,4075.193399083021,0.08391993312278899,0.0018053337297297908,-216.05176755245128
2.58452049158818e-6,224.7007754799727,3503.765596640503,0.016290256691068435,-0.025789422744510473,3.1720689028118634e-6,365.2564776816101,3624.402097341899,0.025611381674722104,-0.01829112767153123,0.0029088800518274603,7438.516198096606,11489.30774767413,0.08390865752212846,0.001883861455080848,-215.67655894722486
2.597149878086116e-6,224.70077551952753,3503.765594452132,0.017318991849814638,-0.02542832585579983,3.1796584179436168e-6,365.25647801357,3624.402088587124,0.026458563605746447,-0.018048183914395974,0.002892631198884482,7460.635069797241,4026.767708149946,0.08389067813477763,0.001960247515406144,-215.31151590697328
2.6094144119954863e-6,224.70077555489308,3503.7655923682155,0.018313682210240427,-0.02506019499368998,3.1870167146976485e-6,365.2564783121966,3624.402080336713,0.027277583588865385,-0.0177994419532509,0.0028772243010499908,7482.819713282501,4003.117563789976,0.08386531888343907,0.002033547434294669,-214.95775860264834
2.621293920447817e-6,224.70077558597762,3503.7655903926793,0.019271872934186033,-0.02468713485674958,3.1941254037842856e-6,365.25647857651575,3624.40207261027,0.028066496974194267,-0.017546521002068657,0.002862726373568855,7505.070324128711,3979.845074593986,0.08383179071810702,0.0021022999191914124,-214.61635161281257
2.6328187034912645e-6,224.70077561259438,3503.7655885325507,0.02019657894168467,-0.024311838231473246,3.2010012012548336e-6,365.2564788058611,3624.4020654206774,0.028827836267717045,-0.01729148860227117,0.00284890431668793,7527.387098493755,3956.9282545889587,0.08378948331524272,0.0021658440997113994,-214.288296206302
2.6440137495453023e-6,224.70077563457036,3503.7655867934714,0.021090404316597238,-0.023936002608065037,3.2076609997992314e-6,365.2564789998381,3624.4020587767254,0.02956379984055036,-0.017035616860572932,0.0028356012257700885,7549.770233118811,3934.3370073401975,0.08373789961543926,0.002223371028224153,-213.97452394265568
2.6549034081677797e-6,224.70077565172582,3503.765585181371,0.021955623255085835,-0.023561093632565297,3.2141175507567305e-6,365.2564791579332,3624.4020526887466,0.0302762954385186,-0.01678002057648918,0.002822681049651696,7572.219925330056,3912.0499963758316,0.08367667616605717,0.0022742579403532115,-213.6758915277337
2.665511820932132e-6,224.70077566392405,3503.7655837015404,0.022794785279764442,-0.023188840586623682,3.2203875808585623e-6,365.25647927980947,3624.402047165255,0.030967451893072234,-0.016526018948849516,0.0028099937151284224,7594.736373040451,3890.047763683823,0.08360527562371063,0.0023178018173506103,-213.39317667891038
2.675883022048674e-6,224.7007756709659,3503.765582359917,0.02361237566886196,-0.022820096845003867,3.2265000172749756e-6,365.2564793652694,3624.402042211447,0.031640969346093985,-0.01627422892956569,0.0027973343551067173,7617.319774751455,3868.2925139048343,0.08352362087444015,0.002353734080381197,-213.12707484679981
2.686028744073062e-6,224.70077567269252,3503.7655811610916,0.02440969052712436,-0.02245450967443746,3.2324634122606547e-6,365.2564794141473,3624.4020378331807,0.032297932693238274,-0.01602432759651203,0.002784672108760127,7639.970329554784,3846.75709744371,0.08343123440859887,0.002381470557505143,-212.8781968810777
2.695962366798061e-6,224.7007756690931,3503.765580106957,0.025187731557652075,-0.022094311687395993,3.2382824159307455e-6,365.25647942633657,3624.402034034912,0.03293918134626113,-0.015778061765057045,0.0027719536742843534,7662.688237134164,3825.438403627284,0.08332802053738184,0.002399971166593333,-212.64706732994435
2.7057635563133987e-6,224.70077565991326,3503.7655792053456,0.025955026967245325,-0.021740371972579144,3.2440170489826575e-6,365.25647940174923,3624.402030820478,0.03357169026741021,-0.015536055518206474,0.00275878404266745,7685.473697767094,3804.292938720016,0.0832138268031295,0.0024094981599480153,-212.43412361274025
2.715395200951872e-6,224.7007756450717,3503.765578456877,0.026707889086972785,-0.021389147375227957,3.249639948658393e-6,365.2564793407112,3624.4020281888147,0.03419244349395478,-0.015295452118453812,0.002745462857651887,7708.326912326607,3783.2818760657237,0.08308840495636927,0.002409388216433067,-212.23971574585653
2.7249265797362786e-6,224.70077562446502,3503.7655778670164,0.027453107611024576,-0.02104438715075287,3.255198501544959e-6,365.25647924295146,3624.402026146615,0.03480701066515583,-0.015059211043949063,0.0027316162531861076,7731.248082283047,3762.403776105586,0.08295164183977692,0.002399073786490997,-212.0641069241746
2.734337765845037e-6,224.7007755980575,3503.7655774359996,0.028189008996357488,-0.02070418181485405,3.260681122344664e-6,365.25647910888836,3624.402024690667,0.0354140166739853,-0.014825770176212038,0.002717413874552368,7754.237409705841,3741.6274017925593,0.08280353443603929,0.0023778489948204163,-211.90747461247955
2.743677202530203e-6,224.70077556575256,3503.7655771673994,0.02892031863866997,-0.020369423588719533,3.2661194880043833e-6,365.2564789386535,3624.4020238216863,0.036017294964252634,-0.014595818200453787,0.0027026687047133494,7777.295097265282,3720.9357577357378,0.08264405864926545,0.002345513686235326,-211.76991240080406
2.7529560032872254e-6,224.7007755273818,3503.7655770652264,0.0296486782260354,-0.020037705712227797,3.271526789407808e-6,365.25647873245754,3624.402023540289,0.03661818728988421,-0.014367388428517314,0.002687374942646803,7800.421348234313,3700.283815372521,0.082472959753214,0.002301779197479077,-211.65143247841527
2.7621581411766255e-6,224.70077548304903,3503.765577127818,0.030372270408316835,-0.019710281365465716,3.2768899951244653e-6,365.2564784906829,3624.40202384308,0.03721519763935461,-0.014141485485891662,0.0026716479494700526,7823.616366490325,3679.681140038928,0.08229035011609205,0.002245548950715119,-211.5519685782247
2.7713290685968444e-6,224.7007754326138,3503.7655773589695,0.031096092496806664,-0.019386333319080098,3.2822453128669985e-6,365.25647821369813,3624.4020247280223,0.03781239110736332,-0.01391739865431685,0.002655317727597682,7846.880356516947,3659.0850878561037,0.082096182402663,0.002176526671682365,-211.47137958113794
2.7804396196052973e-6,224.70077537614085,3503.765577757959,0.03181685678138923,-0.019066131710821454,3.2875684211607425e-6,365.2564779017215,3624.4020261938585,0.038407075482304244,-0.013695381454233789,0.0026385591134148833,7870.213523405863,3638.5081090725166,0.0818905489970251,0.002093942038412596,-211.40945348518562
2.7895067529756656e-6,224.70077531351689,3503.765578327083,0.03253704826737719,-0.018746724033640506,3.2928791534053776e-6,365.2564775554235,3624.402028234651,0.039001255823328286,-0.013473016835013013,0.0026213525442668278,7893.616072858584,3617.8929611606495,0.08167315765644982,0.0019973694727810666,-211.36591184364113
2.79852618378965e-6,224.7007752448428,3503.7655790651856,0.033256114818490695,-0.018430395731648334,3.2981741512644627e-6,365.2564771751552,3624.4020308463623,0.03959447154183265,-0.013252133245398026,0.0026037246327625142,7917.088211188309,3597.2580540100976,0.08144445898890022,0.001885889762750091,-211.34041447197228
2.8075037412949895e-6,224.70077517001133,3503.7655799746353,0.03397504715619005,-0.018114280291685082,3.303462117686815e-6,365.25647676134975,3624.402034025706,0.04018751833545433,-0.013030435191949935,0.0025856995059595537,7940.630145321718,3576.5617684917347,0.08120423906418577,0.0017591436644396345,-211.33256447651542
2.816426307036478e-6,224.70077508911092,3503.765581054191,0.034692480002937724,-0.017798858454975103,3.3087320365551754e-6,365.2564763145787,3624.4020377665115,0.040779265024072656,-0.012808307709488985,0.002567364558168318,7964.242082800796,3555.8014903577887,0.08095265870898409,0.0016162307174794068,-211.34191338389022
2.825293333386726e-6,224.70077500212824,3503.765582304481,0.03540885767460985,-0.01748300427598555,3.313990250804523e-6,365.2564758353762,3624.402042063358,0.04137006581607856,-0.012584834561880087,0.002548742259017804,7987.924231784668,3534.954510138047,0.08068982982146031,0.001456624119257363,-211.36796639111475
2.83407907295772e-6,224.70077490917598,3503.765583723769,0.03612149643136602,-0.017168417868219963,3.3192182953216217e-6,365.2564753241615,3624.4020469104717,0.04195773428497803,-0.012361400531447653,0.0025299486907483845,8011.676801051432,3514.039142386482,0.08041593361269475,0.0012789689586972072,-211.41018767705913
2.842785528764618e-6,224.70077481022233,3503.765585312579,0.03683123029344702,-0.016852030544724925,3.324423475149864e-6,365.256474781658,3624.402052300016,0.04254292583342751,-0.012135530521717272,0.00251101056111096,8035.500000000002,3493.009193254735,0.08013117786598603,0.001083220720710444,-211.4680056332771
