mu_1,P_1,t01,ecos1,esin1,mu_2,P_2,t02,ecos2,esin2,mu_3,P_3,t03,ecos3,esin3,mu_4,P_4,t04,ecos4,esin4,lprob
2.5849932222533035e-6,224.6998945770186,3503.7873068780914,0.013014165010176701,-0.00614025248026528,3.1871173360335333e-6,365.26204404030955,3624.265032201111,0.024319300830938646,-0.0035412030730276006,1.4036929888397764e-8,730.4999999999997,170.26599255181574,-0.00456943616082969,0.007248385385741472,0.0013873449172892255,64472.88206145068,124299.80789147205,77.22528261728827,-25.96397337698282,-241.19562042670455
2.7067903435126814e-6,224.70076863042277,3503.765744871241,0.015608451435301233,-0.009309814307555302,3.1898603513831084e-6,365.185250142388,3625.2414052327726,0.0263617019675769,-0.0057305196809846306,6.007380344763383e-7,731.0938128865185,312.7028562851657,0.42724299553751754,-0.20598629157837678,0.0007605585810598872,4312.024407696387,471.6316007961208,0.008230162333369073,-0.04376943902518455,-176.21128062309245
2.776027670772403e-6,224.700768565899,3503.7657425065177,0.021096638657517448,-0.00754291220948462,3.2218734129167837e-6,365.22400466409925,3624.7934186607918,0.03057570952185394,-0.004378437367081876,5.907152253958871e-7,731.6881084749459,315.794526296336,0.36292691903982904,-0.17591355603209705,0.0007157015423104583,4334.586584610257,398.647634068772,0.0037350993244492712,-0.04945302020876071,-174.92008983107348
2.7958599107348695e-6,224.7007685184923,3503.7657416376205,0.022856398225242658,-0.006958376863351121,3.2361333526959444e-6,365.2397048664551,3624.6003302241083,0.031894901941713065,-0.003913498310690156,8.990716014167871e-7,732.2828871576633,328.1223695702637,0.23368799559897216,-0.08623973293924307,0.0007024353076510634,4339.705804389192,379.8449513744399,0.002295463207753862,-0.05123912493490947,-174.42446859374851
2.8008515256471895e-6,224.70076850067312,3503.7657406442436,0.023492381525424065,-0.006739350708541684,3.2412749845899967e-6,365.24638664286226,3624.5183749044795,0.032349507175552024,-0.003710865242223976,1.0500602915991866e-6,732.8781493273709,326.7812518066475,0.1945927252430116,-0.05884539881176562,0.0006986403604325978,4340.564241692181,374.742905638063,0.002004818651411442,-0.05190164257097764,-174.1697242561066
2.799997279260008e-6,224.70076851444696,3503.765739143132,0.023640048209619003,-0.006637216800847523,3.2414720027085173e-6,365.2497300093045,3624.4779648659132,0.032429660472576866,-0.003581953509776361,1.0840464706997944e-6,733.4738953770876,322.66321781723565,0.17910448666361622,-0.04812633535852502,0.000699585735916353,4340.085248328569,374.1945497601883,0.0024377703631707145,-0.05206620472952123,-174.02358633307685
2.7972222505917767e-6,224.7007685457785,3503.7657374363966,0.023587638041894544,-0.0066052138729818044,3.2395634548113073e-6,365.25163948170405,3624.4552596495723,0.0323591664422428,-0.0035017731362182694,1.0636985696861084e-6,734.0701257001542,317.9613760456882,0.171551054027806,-0.042975969962038695,0.000702572226008819,4339.246134778048,375.3403795226369,0.0031725639638566757,-0.051997877514878055,-173.93054103163803
2.794522185037585e-6,224.70076858351592,3503.765735780884,0.023493862427454222,-0.006631266894147851,3.237183235172211e-6,365.2528395701973,3624.441206881424,0.032261428293038005,-0.0034685958418926278,1.0239088474245889e-6,734.6668406902285,313.174969452137,0.16728041098153223,-0.04011403807904184,0.0007060099699059781,4338.504533491495,376.8738723674993,0.003936516862144365,-0.05184560094289645,-173.85972356832357
2.7927821586584034e-6,224.70076862093043,3503.7657343163864,0.0234365149586444,-0.00671023242833061,3.235154352244098e-6,365.25364836078603,3624.431863599925,0.03219630506157751,-0.0034823571607360427,9.831955039803473e-7,735.2640407412893,308.4190943033299,0.16443106448491007,-0.038190905559792536,0.0007090777236481357,4338.048334848496,378.2304195123905,0.004587512862343545,-0.05168792908976625,-173.79284263894465
2.7921343968752584e-6,224.700768655249,3503.7657330815464,0.02343350830545275,-0.006834741781143543,3.2337277093639244e-6,365.25422257553817,3624.425308556642,0.03217649024501841,-0.003538161942104174,9.503333884018485e-7,735.8617262476357,303.6932985424976,0.1621338729453005,-0.03654280010345342,0.0007115934881562405,4337.933130820708,379.1982954398126,0.005095684563575174,-0.05155277585651678,-173.71974900102808
2.7923512053768056e-6,224.70076868605213,3503.765732057129,0.023475790754958894,-0.007008600233685639,3.2328764865434348e-6,365.2546469421868,3624.4205157079155,0.03219363122583608,-0.0036383681184017293,9.283307230814521e-7,736.4598976038874,298.95599595670774,0.16000313929948437,-0.03488384731655848,0.0007136589715100384,4338.125717390726,379.8683071309602,0.005475464716262619,-0.05143606675405345,-173.63605604633008
2.7930566674826347e-6,224.70076871439437,3503.7657311919256,0.023543749462104954,-0.007239935324271822,3.2324535192821323e-6,365.2549707663286,3624.416897043949,0.032231304467009794,-0.003788027079411289,9.166806475853052e-7,737.0585552049846,294.1561163073112,0.157926506015327,-0.03316155210838774,0.0007154898803311135,4338.573307060354,380.42289651505524,0.0057575333716990565,-0.051321209116497554,-173.5417382996509
2.7935837787111185e-6,224.70076874250944,3503.765730413624,0.023591742058625135,-0.0075375780955759955,3.2321251678804283e-6,365.255224738519,3624.4140909902717,0.03225282776948313,-0.003991902304054346,9.136826080362426e-7,737.6576994461889,289.25939978543636,0.1558242203488642,-0.03142968662704037,0.0007175720386090076,4339.18517415432,381.1677513022252,0.006013607932088892,-0.05116898452157288,-173.44035521229327
2.7931919135655876e-6,224.70076877274673,3503.765729654,0.02357052346447923,-0.007918430947359566,3.231529358587315e-6,365.25542889631816,3624.411865372397,0.03221919249999656,-0.004261157334194024,9.166268361653839e-7,738.2573307230828,284.2583769520349,0.15364500688309357,-0.029827080468187675,0.0007204143798819956,4339.859906422968,382.5028097657069,0.006314110516239371,-0.05092890648279061,-173.33857279278504
2.791022509620953e-6,224.7007688076749,3503.7657288442283,0.023420594973284338,-0.008391412309085113,3.2302455373254897e-6,365.2555965261043,3624.410068940789,0.03208365161813606,-0.004600608501684028,9.227067509760042e-7,738.8574494315698,279.157760779419,0.151306993275738,-0.028471918413522066,0.0007246146252948972,4340.48777506515,384.8095685307027,0.006742594206536295,-0.050548175963965034,-173.24555947428348
2.786216590701671e-6,224.70076884923327,3503.76572793549,0.023081836044625475,-0.008967862780706494,3.227857600647607e-6,365.25573704379616,3624.4085938171625,0.031799592154114195,-0.005017394787348895,9.293368542050221e-7,739.4580559678777,273.9981354125286,0.14867763628026293,-0.02746555402211794,0.0007307507293646837,4340.933320719215,388.55672109890054,0.007372010343963641,-0.04996810837564615,-173.17181666264426
2.7780748832260453e-6,224.70076889856307,3503.7657269015217,0.02250298568013009,-0.009636987741800334,3.224019946386702e-6,365.25585701799787,3624.40736306552,0.03132780804738774,-0.005501704039152977,9.346785557746865e-7,740.0591507285537,268.8432040885266,0.14560916532971394,-0.0268158561993537,0.0007393262944409999,4341.087340633586,394.01734979916324,0.008262427326757965,-0.04914947467020576,-173.12721767095601
2.766315702827527e-6,224.7007689554738,3503.765725748905,0.021661489749758327,-0.010375478042948935,3.2185832808528422e-6,365.2559613550994,3624.4063155179456,0.030652103791961323,-0.006034891274111184,9.379826588343528e-7,740.6607341104686,263.7895801002461,0.14197687008186197,-0.02645319169983123,0.0007505768680374402,4340.867625005425,401.2832024281037,0.00942779877831038,-0.04808309660800226,-173.1185042209919
2.7510464824883495e-6,224.70076901876217,3503.7657245096593,0.02056090112917432,-0.011147174197751483,3.211582807581426e-6,365.25605389544967,3624.4053995196896,0.02977693035375304,-0.006588886913838543,9.402181322377587e-7,741.2628065108154,258.9678944532638,0.13767616132879934,-0.02622068466418365,0.0007645039163266519,4340.209473382316,410.28430316706556,0.010842630445417134,-0.04678678378036452,-173.14696136241318
2.7326991938636937e-6,224.7007690869071,3503.765723224466,0.019227699318593586,-0.01190683181431966,3.2032150655166825e-6,365.2561377683412,3624.4045708703457,0.028724689874060703,-0.007128888103676226,9.442718869717055e-7,741.86536832711,254.53884563218378,0.13264114125344237,-0.025888892436623442,0.0007808997637339585,4339.0713145741765,420.79933897919426,0.012448107176454991,-0.04529919790930698,-173.207038041249
2.8085241596677846e-6,224.70076924919542,3503.7657135464146,0.025235588509545638,-0.01241890217571163,3.234621048512012e-6,365.2565481331238,3624.3994679772477,0.0336656280238098,-0.007786039531372916,1.4551601554241863e-6,742.4684199571917,460.8869190225032,0.11362873897895284,-0.031623498680668084,0.0007068616658343225,4342.219125659111,411.670302014402,-0.00199412712481743,-0.048097921827888065,-173.16401427377045
2.796449603563959e-6,224.70076930012863,3503.765712220353,0.024228303174298624,-0.012814270005483928,3.2285405509193094e-6,365.256577790009,3624.399236011367,0.03287225909661672,-0.008048112152295134,1.4829352851634808e-6,743.071961799223,455.078963443568,0.11304886375657976,-0.03372146773570748,0.0007187981938263648,4341.248002277747,419.1149844914076,-0.0010612906665249057,-0.046764569738157645,-172.90207039834684
2.784896540351713e-6,224.700769356366,3503.765710845887,0.023248557352731628,-0.013134588770289226,3.2227518259596163e-6,365.2565975267575,3624.3991282970223,0.03210536561186101,-0.008250275634810773,1.5026631408751036e-6,743.6759942516893,449.1778591907683,0.11248900007126054,-0.03532422394687148,0.000730499698389585,4340.240974204711,426.1445705240944,-0.00024130648810544083,-0.045480831381260196,-172.6741133701605
2.7741592967934295e-6,224.70076941636603,3503.765709461054,0.022316078800128303,-0.013351953119093775,3.217360350156003e-6,365.25660761814765,3624.399139795642,0.03137983582320136,-0.008371547523152256,1.5116863854950227e-6,744.2805177134023,443.12491754489764,0.11200758923548429,-0.03635075519969156,0.0007418007163223828,4339.255867124274,432.3964711860504,0.00048414648018005357,-0.044287394216246556,-172.48957684257803
2.764358080156593e-6,224.7007694778832,3503.765708119421,0.02143862588769438,-0.01344625779695655,3.2123868125378955e-6,365.2566088031005,3624.3992602704952,0.030700764148667882,-0.00839693439980747,1.5077336549511927e-6,744.8855325834957,436.885642742785,0.11163678535386208,-0.03674920215110815,0.0007526429250721407,4338.350035773317,437.55091365616187,0.0011519761765111183,-0.043218465198713786,-172.3571140449602
2.755550124944961e-6,224.70076953832134,3503.765706878982,0.020622839912390115,-0.013404781494578544,3.207839878762022e-6,365.2566021300639,3624.3994756982534,0.030071967578741983,-0.008317301245426668,1.488954907298046e-6,745.4910392614279,430.4350710103412,0.11139775243738709,-0.03648913844179178,0.0007629704918661912,4337.558847571408,441.3745223516718,0.001802189686160093,-0.04230734554255925,-172.28295124144054
2.7475236201369645e-6,224.7007695952069,3503.7657057910073,0.019856686391337666,-0.013232051525275986,3.203606944677178e-6,365.2565892133629,3624.399764352955,0.029482557978631918,-0.008136627457424427,1.4554069904544906e-6,746.0970381469826,423.76858470701353,0.111262472901823,-0.035589109781850425,0.0007729269679128627,4336.873980714296,443.8770911262323,0.002495292334170653,-0.04156053469070794,-172.26927700139427
2.7400841721513584e-6,224.7007696462611,3503.765704896855,0.019131092375268607,-0.012939437873473491,3.1995954841831158e-6,365.25657182813643,3624.400102379087,0.028923901450267995,-0.00786428536629687,1.4082415986985708e-6,746.7035296402684,416.88553424245373,0.1111982246598298,-0.0340865419836451,0.0007826001816266977,4336.3065176923,445.0566807295457,0.0032717757157814547,-0.0409859005955755,-172.3133585332225
2.732965836241027e-6,224.70076968989838,3503.76570421685,0.01843340509319725,-0.012555756401680182,3.19569668751937e-6,365.2565519249836,3624.4004634434987,0.028384900898924707,-0.007523112440854075,1.35022908805218e-6,747.3105141417187,409.79659860401017,0.11115614020361396,-0.032068994632647375,0.000792103375020993,4335.827755197211,445.14579298721014,0.004156699088195084,-0.04056867876567093,-172.40785235464492
2.7260391142173474e-6,224.70076972521287,3503.765703753355,0.017761446724203062,-0.012112021664772663,3.1918790753134207e-6,365.2565312596769,3624.4008240448825,0.027863024567877558,-0.00713777927167921,1.284745765536486e-6,747.9179920520929,402.51628828198267,0.11110541010851578,-0.029637124268876568,0.0008014015198234998,4335.431875334722,444.33480295137514,0.0051382770567533894,-0.04029524951592374,-172.5422503777578
2.511552065109349e-6,224.70077005320692,3503.7657025526687,0.0032766001352271855,-0.012064121960922963,3.1076832794548892e-6,365.2565478294927,3624.4005617815915,0.016296424952674773,-0.006458352740535244,1.5852581500900202e-6,748.525963772476,205.7828681589488,0.08899411934656233,-0.008489719124003441,0.0010169369667153087,4308.27148884714,519.1113401904739,0.02858697874148759,-0.03171134143946582,-172.41109809005457
2.4981639863955827e-6,224.7007701246066,3503.765700457438,0.0024254043920234076,-0.011855524236412314,3.1022065466513865e-6,365.2565442429311,3624.4006598167625,0.015623650755123893,-0.00623378920368645,1.6165532893709206e-6,749.1344297042781,199.16427415810355,0.08818069447490129,-0.00825637143885554,0.0010347669623915095,4306.077749910653,523.4967729807213,0.029236832560693215,-0.03115011438544872,-172.19376544894527
2.486090888587119e-6,224.70077018505728,3503.765698549123,0.0016746950269281209,-0.011704452957618022,3.097218271485055e-6,365.25653797414617,3624.4007899442972,0.015028358711047357,-0.006061618039412699,1.633535543329025e-6,749.7433902492382,192.36407543587825,0.08766325903745328,-0.008336808698011598,0.001051069551864884,4304.191781431804,527.4598496568307,0.029738027240975427,-0.030665833550780817,-171.99058940506194
2.4753812868533752e-6,224.70077023417974,3503.76569685453,0.0010195177352694416,-0.011607825249844349,3.0927079742697554e-6,365.2565299310848,3624.4009404202016,0.014507218079276428,-0.005939816766411201,1.637768503557687e-6,750.3528458094194,185.41739010173953,0.08740987716259489,-0.008696935770620352,0.001065712684902913,4302.607369354335,531.0039658431184,0.030098179559430657,-0.030258437552174767,-171.80800016689227
2.466039728319945e-6,224.70077027218295,3503.76569538495,0.0004516374697133501,-0.011557968458271329,3.088645862068787e-6,365.25652087414323,3624.4011012485676,0.014054263770356441,-0.005862257446325681,1.631451169697129e-6,750.9627967872123,178.34765148514435,0.08738645570207064,-0.009297555601965327,0.0010786866863039344,4301.314991316315,534.104706081266,0.03033101706555169,-0.02992747672238617,-171.65015261900623
2.4580731742958658e-6,224.70077029969715,3503.7656941385285,-3.5224414497783997e-5,-0.011547619275488492,3.085015037309335e-6,365.2565114166164,3624.4012643099045,0.013664960060021662,-0.005823022989043839,1.616955973466126e-6,751.5732435853347,171.17272724027168,0.08756676166178073,-0.0101031829226831,0.0010899677566025233,4300.2833162911265,536.7708426275731,0.03044512104962047,-0.029673251875519866,-171.51936476129183
2.4514441196272427e-6,224.7007703174803,3503.7656931076253,-0.00044946845898106725,-0.011569629523708842,3.0817828398059107e-6,365.2565020045776,3624.401423697814,0.013333120005081356,-0.005816074213460834,1.5965898899534113e-6,752.184186606832,163.90211158545137,0.08792360910809888,-0.011082068776195771,0.001099633689473228,4299.4867547865815,539.0108657522188,0.030453826035362813,-0.029494186911833805,-171.41669262629526
2.446117116429332e-6,224.7007703264874,3503.765692277021,-0.0007982207867720316,-0.011618344954819013,3.078922006922118e-6,365.2564929609037,3624.4015751771367,0.01305350579381266,-0.005836543474740767,1.5724153273375096e-6,752.7956262550767,156.5449096633167,0.08843477114969758,-0.0122066268081409,0.0011077426264321352,4298.886045332078,540.859549619254,0.030366208901067174,-0.02938910085235208,-171.3425214455072
2.44204297070319e-6,224.70077032748569,3503.765691633605,-0.001088993240658605,-0.011689311201805849,3.076400021197834e-6,365.2564844947767,3624.4017160595245,0.01282063667484348,-0.005880503731058488,1.546237919812503e-6,753.4075629337698,149.1068224719262,0.08907944882223542,-0.013453339822030348,0.0011143955781886877,4298.461744794625,542.3165683070349,0.030191750253986436,-0.029356597908671785,-171.2971032296129
2.4391759161576694e-6,224.70077032152057,3503.7656911562945,-0.001327826252369598,-0.011777356941652176,3.074192133390181e-6,365.256476732391,3624.401844792328,0.012630138958524276,-0.005943461586511105,1.5194400323135135e-6,754.01999704694,141.59233626077722,0.08984162500121601,-0.01479724297825364,0.0011196652849895523,4298.16864130422,543.436891443647,0.029938731796120128,-0.02939494007013523,-171.28101420159055
2.437471136397384e-6,224.7007703094331,3503.765690828355,-0.0015201645515151181,-0.011879545215046406,3.072277085625287e-6,365.2564697367016,3624.401960687641,0.012478218059550456,-0.006022859451301901,1.4930372335701485e-6,754.6329289989438,134.00651429789565,0.09070841591571147,-0.016219273915365515,0.0011236152420490652,4297.967952035111,544.2774135665526,0.029613992175813564,-0.029501074801481574,-171.2955319947833
2.4368975236433918e-6,224.70077029203472,3503.7656906341217,-0.0016702638517584129,-0.011992410148974508,3.07064029015323e-6,365.2564635260757,3624.402063664717,0.012362132912060017,-0.006115807534611202,1.4676550760889527e-6,755.2463591944688,126.35674294711815,0.0916710094786842,-0.01770016060089324,0.0011262826845511553,4297.821885043217,544.8875645383869,0.02922388863412333,-0.02967146523797622,-171.3429427861603
2.437458434334703e-6,224.70077027016427,3503.765690557946,-0.0017801802260548922,-0.012109522457146402,3.0692797234774884e-6,365.2564580883485,3624.402154050227,0.012280903791302093,-0.006217093650853396,1.44354518499986e-6,755.8602880385292,118.65378695881974,0.09272629264023835,-0.019215376725686902,0.001127660347716696,4297.706370514596,545.2557805175192,0.028773478303958173,-0.029904335016048673,-171.42678296469094
2.4391331613028833e-6,224.70077024474898,3503.7656905860636,-0.0018520522654182825,-0.012227504041388828,3.0681995698136774e-6,365.2564533983791,3624.4022323150825,0.012233702634142354,-0.006324180578476121,1.4205395275543516e-6,756.4747159364691,110.91000614549863,0.09387257825245629,-0.020749114513878755,0.0011277190702203672,4297.560982082168,545.5002691786515,0.02826925461221606,-0.030189825581775385,-171.55199924357905
2.4419814189483133e-6,224.70077021673504,3503.7656907091973,-0.0018819045075328983,-0.012336744215650041,3.0674463575837577e-6,365.2564494164378,3624.4022991242355,0.012224659222826508,-0.006429817240537493,1.3978412016124644e-6,757.0896432939624,103.15180155785902,0.09512181455221408,-0.022277600740511733,0.0011262866641022753,4297.360233742649,545.6003158810831,0.027711088741626345,-0.030518379114004117,-171.72497030916736
2.446063480036262e-6,224.70077018696014,3503.7656909265634,-0.001864498647625116,-0.012426617634561198,3.0670766701164942e-6,365.25644609155654,3624.4023552609683,0.012259023751200245,-0.006526017851052515,1.3740367912823767e-6,757.7050705170121,95.40803707035715,0.0964901695271414,-0.023782826291331383,0.0011231997882822295,4297.0964603093025,545.5072614167487,0.02710539801515943,-0.030875545319986906,-171.9532681140285
2.4514732595468794e-6,224.7007701568748,3503.765691235364,-0.001788421238680162,-0.012477755386336255,3.067199658928872e-6,365.2564433779114,3624.4024014083907,0.012346999884255586,-0.006598097902935744,1.346882279531665e-6,758.3209980119522,846.0502480199959,0.09800635984592056,-0.025238647161146488,0.001118164562186369,4296.758056762881,545.1445438627763,0.026456483090292866,-0.031235293706285323,-172.24494344871562
2.4583427107401153e-6,224.7007701275617,3503.7656916538417,-0.0016345542708446404,-0.012466777944753699,3.0679809154877788e-6,365.2564412181077,3624.4024383862884,0.012504809745265393,-0.006628496176867849,1.313169177242683e-6,758.937426185446,80.1853999910348,0.09971435284894632,-0.026632113664837177,0.0011108000389243508,4296.409532485162,544.2619260559367,0.025767471597617934,-0.03156202312367458,-172.6070110416762
2.4668530506475298e-6,224.70077010002123,3503.7656922207243,-0.0013704261475019483,-0.01235936287757977,3.069683449583036e-6,365.25643954349596,3624.402467164519,0.012758909466228097,-0.006591342125378556,1.2684531861556235e-6,759.5543554444884,72.88299551039815,0.1016818531050969,-0.027961808526054878,0.0011005685313767327,4296.20589600457,542.3853610547383,0.025037371058446944,-0.031804330510705185,-173.0427354615626
2.4772323430236355e-6,224.70077007450726,3503.7656930118515,-0.0009461367430155289,-0.012105907053762072,3.072688315427222e-6,365.2564382640413,3624.402489030808,0.013148582063935824,-0.006448836332439491,1.2075412519781106e-6,760.1717861964033,65.97940158236025,0.10399819074914955,-0.029249428907858404,0.0010868591178723127,4296.486684111763,538.5879496208527,0.02426411984587063,-0.031897647190992674,-173.54737868732292
2.489713231160638e-6,224.7007700497064,3503.7656941664627,-0.00028657456507810204,-0.01164564724610858,3.077548739132065e-6,365.2564372675134,3624.402505637162,0.013731761853987084,-0.00615489386997866,1.1251892093666352e-6,760.7897188488488,59.73811609124781,0.10676115637437723,-0.030589825417029554,0.001068889659493156,4297.808201347747,531.5104979406742,0.023430177275459697,-0.03174983959921747,-174.1023958046063
2.5044131510056638e-6,224.7007700215921,3503.765695927618,0.0007143953320047919,-0.010902685634710033,3.0850362847196934e-6,365.2564364154688,3624.4025191089363,0.01458895029412007,-0.005652065675189985,1.018690739961068e-6,761.4081538098118,816.0491373490611,0.10999411216330066,-0.03219791482654174,0.0010457758049822628,4301.0415127531915,519.2169129703873,0.02249819230584414,-0.031221315098688373,-174.66868211908795
2.5211080314438833e-6,224.70076998218173,3503.7656987076352,0.0022054736041155244,-0.009800366082055423,3.0962280923363106e-6,365.25643556482447,3624.402531778909,0.015831711386012443,-0.004883588155104308,8.925689157385396e-7,762.0270914876116,51.670368465018136,0.11338092164838304,-0.03445243310060106,0.0010162983448270793,4307.315265816666,499.6031232076579,0.02140784139667448,-0.03007541666067405,-175.17997151664642
2.5395839730320225e-6,224.7007699177911,3503.765703215245,0.004465682781479272,-0.008279832633916287,3.1130771466545902e-6,365.2564346385501,3624.4025452448795,0.017670016985675552,-0.003810316328979795,7.66785582935415e-7,762.6465322908996,52.95317997530789,0.11569638445101964,-0.03740321735735672,0.000977186234114339,4317.903223089952,470.911299658538,0.02009643131151241,-0.027952654361372363,-175.53656492558673
2.562951880425482e-6,224.700769813161,3503.76570994681,0.008053045442658831,-0.006529739570249673,3.1389142793377124e-6,365.25643409088775,3624.402553853773,0.020521497977435844,-0.0025864726612359738,6.858160865341567e-7,763.266476628659,61.10162455113603,0.11562685804589663,-0.03836288506220856,0.0009201162652329621,4332.515948157248,435.25611176878954,0.018573211159675376,-0.025159754497189515,-175.61029440807172
2.5864415141194168e-6,224.70076972243976,3503.765715406633,0.0116429788424726,-0.005502890934789582,3.1636220047071716e-6,365.25643512722286,3624.402540452741,0.023327707103128027,-0.001891047425450133,6.935322940807281e-7,763.8869249102057,68.69584709358867,0.11659624095944872,-0.03446856568275863,0.0008668897005149006,4343.261517333523,410.8247406895192,0.017588249139876475,-0.023667340360373885,-175.3732287143751
2.5980453481932575e-6,224.7007696838405,3503.765718065477,0.013633395647419324,-0.005166334023301583,3.1769029676190234e-6,365.25643706887956,3624.4025141969823,0.02485017695431626,-0.0016626513221177034,7.441519472151637e-7,764.5078775451885,69.56643771841198,0.11918016402427023,-0.030424874045423423,0.0008400700853236882,4348.399384582087,400.26192643584216,0.017517226419121738,-0.02306284669577004,-174.96995580389475
2.601628964793706e-6,224.70076967206595,3503.7657193718173,0.014666462611865235,-0.0050940279989664765,3.1835181325473915e-6,365.2564392389534,3624.4024849400525,0.025606845047934985,-0.0016024377719425107,7.958837229439741e-7,765.1293349435881,66.95576506889553,0.1214821172636885,-0.027736960543649353,0.0008274274316621173,4351.045079012701,395.4142368487799,0.01787794676374155,-0.022819682643609743,-174.50283154695012
2.600724904637777e-6,224.70076967319193,3503.765719953111,0.015165589529152743,-0.005132223175727571,3.186398875234942e-6,365.25644144166415,3624.402455516158,0.02593697659293014,-0.0016073053843695532,8.385586335777662e-7,765.751297515721,828.5132611545337,0.1230393136269846,-0.026025863654376803,0.0008220357317534802,4352.468953006396,392.86139226090523,0.018404973346851553,-0.02291079951095099,-174.0221999539185
2.5970536901744846e-6,224.70076968075787,3503.765720088112,0.015322662823569758,-0.005217611048787121,3.1868898545450405e-6,365.25644358758507,3624.402427102999,0.025996195792244475,-0.0016360713967002517,8.716181343826707e-7,766.3737656722349,57.726595395004054,0.1238970158815369,-0.024922324304781668,0.0008209827251327273,4353.21695961753,391.27070733960824,0.018957204732102093,-0.02327787397900556,-173.556346334502
2.5914907441569717e-6,224.70076969144273,3503.765719937871,0.015233721351107003,-0.005307607640031511,3.1856836273879282e-6,365.25644562131566,3624.4024003613576,0.02586317916530476,-0.001660053613545831,8.970449990754132e-7,766.9967398241118,819.1538059378967,0.12417642147311926,-0.02417568841666461,0.0008229644521093385,4353.61926275761,389.8959725374818,0.019475517603476107,-0.02383633280925898,-173.12090204981095
2.584584034481747e-6,224.70076970291356,3503.7657196199725,0.01496481669563704,-0.005387257601751689,3.1832619302553134e-6,365.2564475150369,3624.402375565784,0.02559179469038493,-0.0016710046082024912,9.170962157544409e-7,767.6202203826683,46.20373676099127,0.12400522910371939,-0.023654350088893116,0.000827159227677193,4353.872267443255,388.4346511654181,0.01992749646268799,-0.024499113935543423,-172.7235529679665
2.5767520390227897e-6,224.70076971357494,3503.7657192204547,0.01456641594583591,-0.005443718184771689,3.1799869499380263e-6,365.25644925468924,3624.402352824811,0.025222453360313698,-0.001661411457333498,9.337930799156127e-7,768.2442077595549,808.1829775796496,0.12349850798948289,-0.02327177189075129,0.0008330229050241644,4354.13162454415,386.6175805524066,0.020300083699634923,-0.025203182691556886,-172.36726617605717
2.568286987359825e-6,224.70076972280302,3503.765718787582,0.014076520755585804,-0.005472752790802837,3.176127180215776e-6,365.2564508473588,3624.4023319554026,0.024785247580616468,-0.0016295781393687932,9.486222751257885e-7,768.8687023667569,802.2903058047522,0.12274566469963798,-0.02297257779143477,0.0008401320360986382,4354.4533448501525,384.39839963400584,0.020597443707979435,-0.02590870551898346,-172.05248906823553
2.5594362643159397e-6,224.70076972991313,3503.765718360459,0.0135264656618741,-0.005475196713570114,3.171899273496306e-6,365.2564523037484,3624.4023127412397,0.024304673628234883,-0.0015775405965774405,9.626615337453011e-7,769.4937046165946,796.184185888126,0.12181963568466082,-0.022727814480201888,0.0008481378461948414,4354.894759678786,381.7108887556892,0.020820270359749198,-0.02659511478458553,-171.7785638603462
2.5504043335863587e-6,224.70076973479223,3503.765717956255,0.012942016010923403,-0.005449249631299964,3.1674796259806162e-6,365.2564536407945,3624.4022948831707,0.023800716606350004,-0.001504748066009137,9.766117580424105e-7,770.1192149217233,789.9039890276983,0.12077764628153478,-0.022505752727888788,0.0008567414117165314,4355.474750911146,378.5316572681829,0.02097424865629274,-0.027257360147732855,-171.54459950489544
2.541310294174187e-6,224.70076973745125,3503.765717582514,0.012339221224644356,-0.00539879815777664,3.162978819934127e-6,365.25645487677053,3624.4022780607834,0.023285833255474134,-0.0014148106580681428,9.90923399835106e-7,770.7452336951328,783.48336280943,0.11965367756757428,-0.022290316961167077,0.0008657451678659438,4356.189754379825,374.91298301394136,0.021067643362414,-0.02789364162030539,-171.3499852466544
2.5322773622874946e-6,224.70076973797947,3503.7657172391864,0.01173224327339922,-0.005327200941910978,3.1584950268422644e-6,365.2564560283009,3624.4022619744255,0.022771099078529353,-0.001310871679972996,1.0057254108799677e-6,771.3717613501515,776.9526990427939,0.11847094192464637,-0.022068638359252005,0.0008749542123572503,4357.025041674648,370.9222335439792,0.021102095345649077,-0.028508180381935574,-171.19465930264442
2.414245041479864e-6,224.7007698598845,3503.7657149472725,0.008612040884162047,-0.007291824597891948,3.135316239137735e-6,365.2564573474951,3624.402236250032,0.019903793573118278,-0.0027670709121289834,8.360654691054404e-7,771.998798300441,577.0837237887791,0.16256813292925348,0.019457715166589996,0.0009184061798966004,4344.033368311444,409.46623399822437,0.02514315491551493,-0.026104225158552898,-170.7743421708701
2.4043742452567123e-6,224.70076985594145,3503.7657144716527,0.00786133526230669,-0.00728439845814082,3.1290154380674254e-6,365.25645821434176,3624.4022235579405,0.019253334411184236,-0.0027125574280795588,8.61380777718439e-7,772.62634496,569.6845759833867,0.1622724362166814,0.019956333199591125,0.0009329360863711113,4345.178011020502,404.4498330261569,0.025431650396783315,-0.026572467725795273,-170.31471049655423
2.3965691030489567e-6,224.70076984838212,3503.7657140183483,0.007158738224481535,-0.007258622236213393,3.123043872388241e-6,365.25645905447493,3624.4022105548584,0.018649029676550802,-0.0026492141572429023,8.830724206494628e-7,773.2544017431638,562.2553884748945,0.16231637613947283,0.020614880626050033,0.0009471124533518957,4346.381079391445,399.0993425429096,0.02563944918487251,-0.027108520536529155,-169.89089757602088
2.3909293056147864e-6,224.7007698380431,3503.7657135684267,0.006499719331110484,-0.0072113676223835976,3.117406150871832e-6,365.2564598805715,3624.402196980077,0.01808897585644577,-0.0025746143384714733,9.001554748139937e-7,773.8829690646046,554.8247777610361,0.16274223456657771,0.021438312739905672,0.0009609249277825571,4347.560249869056,393.6550794654822,0.025784299507413698,-0.02770296531927457,-169.5100305876463
2.3875243618187918e-6,224.70076982593756,3503.765713098858,0.0058769682600118825,-0.007145322318077132,3.1120941319266915e-6,365.2564607030657,3624.402182634032,0.01756926598229318,-0.0024907747406614188,9.113895555395771e-7,774.5120473393315,547.4152845116016,0.16360022229612708,0.022436831463955195,0.0009744082189655894,4348.603725844888,388.4873267625521,0.02588297232939972,-0.02833708193700194,-169.17940908385992
2.3864031201718927e-6,224.70076981301787,3503.7657125903334,0.005283894708055191,-0.0070621275110589014,3.1071071405613426e-6,365.2564615260908,3624.4021674647797,0.01708622303139767,-0.0023988791962535555,9.155337327687445e-7,775.1416369826911,540.044307651858,0.16495276168154294,0.02364152722642011,0.0009875972583159429,4349.4334351727375,383.89489430252536,0.025945281035718127,-0.02899005831123073,-168.90552981971192
2.38754331461407e-6,224.7007698005101,3503.7657120184413,0.0047113964365190514,-0.006966714562118302,3.1024211741408286e-6,365.25646235194324,3624.4021515003255,0.016633647380979527,-0.0023023562255653665,9.115661371550069e-7,775.7717384103676,532.7257428457715,0.16686415983336023,0.025090138900215903,0.001000571313528093,4349.966853389943,380.18665348254956,0.025982157209361253,-0.02963880758099267,-168.6929479830569
2.3908133676541093e-6,224.70076978946724,3503.7657113670675,0.00415061006491141,-0.006865568169721262,3.09800890285847e-6,365.2564631791147,3624.4021348879896,0.016204906592439186,-0.002205741316426706,8.988860446194157e-7,776.4023520383821,525.4709636983806,0.1694068903099012,0.026833523304303553,0.0010134386286767174,4350.143504610837,377.6460402844644,0.02600249097414036,-0.030254854178638907,-168.5432895657612
2.3960410034544774e-6,224.70076978072237,3503.765710626372,0.003597377651025997,-0.006766551010595472,3.0938630592661056e-6,365.2564640028305,3624.40211787255,0.015796229280930378,-0.0021147767838567088,8.772828593379225e-7,777.0334782830965,518.289827327366,0.1726775521603268,0.028942148452191743,0.001026219032746365,4349.935998693259,376.45283764819413,0.026003083460456093,-0.030815398126058553,-168.45474159353392
2.402910271941284e-6,224.70076977509416,3503.7657097890738,0.0030421838128260287,-0.006675480905971751,3.089919568981219e-6,365.2564648163799,3624.402100761587,0.015398732089009395,-0.0020329332247140224,8.473412413643549e-7,777.6651175612088,511.19539016952984,0.1767639897071783,0.03150461814578192,0.001039094397306516,4349.345493771809,376.67471434228247,0.025995098197435423,-0.031299280322189475,-168.42221923894206
2.4110853348218024e-6,224.7007697732398,3503.7657088515916,0.002482125820139511,-0.006599566013345123,3.0861512860439435e-6,365.25646561297907,3624.40208387247,0.015008289205722464,-0.001965158467399823,8.099629997993087e-7,778.2972702897565,504.202897475938,0.1817857363877762,0.03463774036302795,0.001052101455019917,4348.3660996471,378.3861846981428,0.02597601012554501,-0.03168968753118703,-168.4381845376559
2.4201922255446212e-6,224.70076977558546,3503.7657078150487,0.001912834403837307,-0.0065422528939045755,3.0825098397448837e-6,365.2564663839874,3624.4020675381835,0.014619248761362124,-0.0019131832503473795,7.663820051384287e-7,778.9299368861158,497.33872005143957,0.18788496700122698,0.03850386062893785,0.0010653406702007232,4347.0300140352365,381.51704569837307,0.02594848069687033,-0.031976555831697485,-168.49387605874907
2.4298529940234033e-6,224.70076978246044,3503.7657066810943,0.001330340443487437,-0.00650680361266101,3.078941111676867e-6,365.256467121596,3624.4020520447484,0.014226189643241663,-0.001878587152301572,7.180390790171779e-7,779.5631177680026,490.63831891854346,0.195230643832922,0.043310889231176514,0.0010789189932937366,4345.3597208779365,385.9954718256963,0.02591779953698368,-0.03215441286568817,-168.58060732782613
2.4397447505768087e-6,224.70076979411186,3503.765705451477,0.0007328828895915366,-0.006492664540520451,3.0754049756784554e-6,365.25646781812526,3624.402037640319,0.013825610472211949,-0.0018601110774289242,6.662945828618689e-7,780.1968133534721,484.15695318310406,0.2040461400416977,0.04935053220316229,0.0010928913464464916,4343.387585255306,391.69060905611025,0.02588508970871054,-0.032223511502598015,-168.69083433131095
2.4496150972110703e-6,224.70076981052523,3503.765704130875,0.00011930362348951493,-0.00649671603685609,3.071861506867547e-6,365.25646846433835,3624.4020245487454,0.013414652049869661,-0.0018544338017274728,6.123439201195578e-7,780.8310240609193,477.97763831249574,0.21463520014962204,0.05702077578309122,0.0011073354404993756,4341.167755119193,398.38435097405625,0.025854291442482198,-0.03219167222726145,-168.81882479735
2.459251796774564e-6,224.70076983181926,3503.7657027200194,-0.0005116152186195001,-0.006516233485188276,3.068277803328234e-6,365.25646905376107,3624.4020129133073,0.012990949651773376,-0.0018586880592386613,5.571149695929362e-7,781.4657503090796,472.22319426924855,0.22741426688580818,0.06687757237170543,0.0011223090315423776,4338.724261146671,405.94497850470873,0.02582944415960259,-0.03206461804947472,-168.96090912962532
2.4685232917476074e-6,224.70076985804675,3503.7657012198792,-0.0011585595277836765,-0.006547883297171011,3.064642036162928e-6,365.2564695813662,3624.4020028223235,0.01255441971167657,-0.0018698743322376852,5.012132334381729e-7,782.1009925170276,467.0752831776991,0.24298708941149968,0.07975210746989067,0.0011378059589748006,4336.078269272711,414.23702071902545,0.025810496565948814,-0.03185191874082759,-169.11539206980018
2.4773532456209695e-6,224.70076988922767,3503.7656996307105,-0.0018201057118620437,-0.0065858245380940586,3.0609445369281876e-6,365.2564700411161,3624.4019943522017,0.012105299941935502,-0.0018829975719361239,4.44986623582143e-7,782.7367511041813,462.82440583555376,0.262274577316541,0.09690869788645608,0.0011538399045874998,4333.260039988674,423.0943347451963,0.02579993229147279,-0.031565543758075375,-169.28224621168505
2.4856917522033132e-6,224.70076992537255,3503.76569795309,-0.00249433221351776,-0.006628094674008423,3.057186834567513e-6,365.2564704309266,3624.4019875031936,0.011644569774904566,-0.0018964183585908892,3.883607447696457e-7,783.373026490297,459.95836174966536,0.28678289956070363,0.12048531020136746,0.0011703762559759745,4330.280774947491,432.41850169257225,0.02579695716013645,-0.031215818041025568,-169.46270113042567
2.493489694519646e-6,224.70076996703966,3503.7656961772072,-0.0031780308020891387,-0.006671911956963673,3.053384036288204e-6,365.25647075255637,3624.401982206103,0.011174208611707346,-0.0019082548965828755,3.310830438105983e-7,784.0098190954732,459.3509001297934,0.31902049868915805,0.15432130555866233,0.001187289731971831,4327.096141753055,442.23559357755596,0.025801827399491044,-0.030813129508818777,-169.65880684525473
2.5006439537793863e-6,224.70077001467985,3503.7656942974613,-0.0038684965876214505,-0.006715807278793728,3.049563215010764e-6,365.2564710098584,3624.4019783666563,0.010696047773291617,-0.0019178430002948928,2.719456205620621e-7,784.6471293401497,462.9326433096464,0.364271880813906,0.2067583819300876,0.001204433387773986,4323.679778809407,452.5629827031292,0.02581035747117581,-0.03036347267902745,-169.87299096425235
2.5068457250810607e-6,224.70077006994464,3503.765692289444,-0.004564798115822248,-0.0067629574905404164,3.0457621111461234e-6,365.25647122078993,3624.4019756945704,0.010210402244240238,-0.001928793306229792,2.082095535273865e-7,785.2849576451082,476.0675158927145,0.4360288595457785,0.3007377051020035,0.0012214961152660071,4319.890425128742,463.7122611421865,0.02581837136405139,-0.029863899988661423,-170.10750264062278
2.5108723134451813e-6,224.70077013711833,3503.7656900967468,-0.005278889677706057,-0.0068289931173687495,3.042039920456698e-6,365.25647145087055,3624.4019733135974,0.009707628472862473,-0.001955163522098249,1.2752474878518799e-7,785.9233044314725,529.0318240382225,0.6052617774400525,0.5628965833969642,0.0012380558657334537,4315.415275441478,476.52533047236074,0.025820388182076714,-0.029267355153314446,-170.36294585992206
2.5101158848671245e-6,224.7007702378014,3503.7656874336985,-0.0060172516781343294,-0.006916030937278225,3.038667444942582e-6,365.25647186409265,3624.4019690659775,0.009182104183150878,-0.0020143691687030726,5.1154611365689364e-9,786.5621701207084,4667.320535026863,8.776489383061516,17.175455740106642,0.0012500202612724018,4308.433083792949,495.10657116836296,0.02580966737116016,-0.02845137827064148,-170.62048455961232
2.5189108237077495e-6,224.70077031447852,3503.7656850587973,-0.006622343277516335,-0.006833650443826859,3.034881038800889e-6,365.2564715779824,3624.401973936288,0.008751759700687766,-0.0019302221371778371,3.163646366420789e-9,787.201555134624,7626.81012400903,13.961427678939351,29.007364268223043,0.0012618347445906661,4303.25164956194,507.68095675865516,0.025800854573374755,-0.028187348868161304,-170.9262921165313
2.5275145562287982e-6,224.70077040071337,3503.765682550887,-0.007204881486169618,-0.0067451401501149155,3.031352868078902e-6,365.2564712308914,3624.4019799214625,0.008339515329936013,-0.0018476663584804157,1.704528278285445e-9,787.8414598953723,14464.63406937625,24.745905007218905,56.28786730573671,0.0012711898939221792,4297.469014997223,521.6399816593898,0.02572983875672697,-0.027897789423184705,-171.2840952502477
2.5353447358041585e-6,224.70077049792314,3503.765679901183,-0.007769435254562962,-0.006654763054378655,3.028061222162563e-6,365.2564708367404,3624.4019868035343,0.00793963535774805,-0.0017708358952408085,1.5642516933763855e-9,788.4818848254471,16427.19403617325,24.738418978312804,64.10229214151181,0.0012775269645046603,4290.957420788106,537.2789582888763,0.02558723799593377,-0.027579697247612986,-171.69137857331572
2.5413623003128334e-6,224.7007706084522,3503.765677105425,-0.008330721905304156,-0.006565453386519758,3.0249494526599724e-6,365.2564704229779,3624.401994208991,0.007538060264718807,-0.0017027617004814958,1.441904368000331e-9,789.1228303476867,18578.371919650734,22.487924736192987,72.6600829651747,0.0012803060435869324,4283.536801175593,555.0030241574053,0.0253733057825483,-0.02720821167896654,-172.1424609793189
2.5448003783243015e-6,224.70077073243198,3503.7656741933083,-0.008905669206090604,-0.006478197656521998,3.0218966943823688e-6,365.2564700084257,3624.402001850841,0.007119019188622428,-0.0016422258705554292,1.5344977999795905e-9,789.7642968852728,18165.55574907217,14.917932085704589,71.01037860764905,0.0012796061215237379,4275.223391642371,574.6980258029781,0.025097895991897046,-0.026766820854353106,-172.63207838376402
2.546307872309923e-6,224.70077086063054,3503.765671297584,-0.009495868221967324,-0.006406932677715949,3.0187679655081655e-6,365.2564695668456,3624.4020099459462,0.006680422452705844,-0.0015936862620028244,2.8168334367857032e-9,790.4062848617314,10315.780453676054,4.417323650831359,39.804932250438,0.001277343022332397,4266.700399999418,594.8812884406104,0.02478262601799716,-0.026294031433193605,-173.15712066381192
2.5458827289028152e-6,224.7007709918715,3503.765668462407,-0.010092675796174995,-0.006334260261505132,3.0156095720434714e-6,365.25646910445766,3624.402018349742,0.006228800575846073,-0.0015424557235604393,6.7440904731216475e-9,791.0487947009324,4545.467307664474,0.21648460962746022,16.90905771029448,0.0012737961784906736,4258.164289560575,614.8934350145914,0.024441113852584337,-0.025783926897613357,-173.71875530143453
2.5452519170000847e-6,224.70077111698285,3503.7656657690127,-0.010685054115771128,-0.0062889764382308986,3.01239121314869e-6,365.25646860971386,3624.4020270268848,0.005776216841660441,-0.0015079425896535655,3.191910677302419e-9,791.6918268270906,9358.05187188715,-3.1083201914087937,36.043795336356,0.0012706423791395403,4250.120907225918,633.9276528505937,0.024076616250798245,-0.02529176626388601,-174.3039114707642
2.543232349131682e-6,224.7007712439947,3503.765663168991,-0.011261063955390166,-0.006238464737140811,3.009301779254766e-6,365.2564681147754,3624.402035530974,0.005330225000853982,-0.0014704610077381742,1.7839199878192847e-9,792.3353816647656,16479.534317527996,-11.988840611532098,64.3019776768589,0.001266121701966565,4242.093198083804,652.6709113627053,0.0237043380620649,-0.024764691827983094,-174.93207664371474
2.54172271780153e-6,224.7007713628621,3503.7656607523327,-0.011765802552046909,-0.0062038291245648915,3.006608463198101e-6,365.25646757221426,3624.402044412058,0.0049372373820871255,-0.0014470914944997538,1.1005236159478066e-9,792.9794596388612,26360.704598598055,-27.46966404390897,103.44218037235278,0.0012606903648283653,4234.581046274844,670.2995081340007,0.023294443585174303,-0.024295982507438005,-175.60732674395769
2.540238007704585e-6,224.7007714751225,3503.765658541085,-0.012188177247928991,-0.006180744271493035,3.004447398258281e-6,365.2564670004296,3624.4020534285514,0.004606063003201255,-0.0014378608042628224,1.3403362525664836e-9,793.6240611746288,21434.213417326217,-27.802882771463707,83.8985989046746,0.0012535099403735233,4227.393374520186,687.1799653108632,0.022866686586270783,-0.023863948098692488,-176.33485738448994
2.538763447984692e-6,224.70077157980188,3503.7656565821126,-0.0124977638716136,-0.006170765577804693,3.0030410308617017e-6,365.2564664066635,3624.402062493048,0.0043608724147092,-0.0014469716712455685,1.0968775103036221e-9,794.2691866976636,25671.216528837984,-39.23440308654443,100.62896289327155,0.001243487873857803,4220.440452478378,703.458780068499,0.022415628261392963,-0.023479098977399658,-177.114402208191
2.536941177366611e-6,224.7007716738473,3503.765654981852,-0.012660514884869802,-0.006176242719411986,3.0026234450969176e-6,365.2564657870894,3624.4020716920254,0.004228333463225038,-0.0014782389202577168,1.0662408010235463e-9,794.9148366339072,25666.717304463316,-44.86515026075702,100.5679888369682,0.001229708587403647,4213.786483918077,718.8606803377656,0.02195026291404258,-0.02314633234977521,-177.94508229430176
2.5346356885266094e-6,224.7007717517928,3503.765653877814,-0.01263127888807669,-0.006204823448811999,3.003481894843011e-6,365.25646513381014,3624.4020811551163,0.0042437466402062305,-0.0015391604035308146,1.3757053132485537e-9,795.5610114096473,19126.785586928876,-37.38234852703891,74.69815935378841,0.0012114510461671353,4207.6036263552905,732.9398787655952,0.021491259569376135,-0.02288987457378981,-178.8194896594094
2.531435052753179e-6,224.7007718063307,3503.7656534726516,-0.012351148911806777,-0.006264650027343016,3.0059752711383246e-6,365.25646442882595,3624.4020911815437,0.004452919786989441,-0.001636853970835678,1.6410080949489326e-9,796.2077114515187,15057.898515609228,-33.10330149353103,58.62097205255062,0.0011876918885979815,4202.187710108862,744.8173378563238,0.02105758219650601,-0.022732259045498977,-179.72244801333042
2.526850411032697e-6,224.7007718262702,3503.7656540564863,-0.011730958122205428,-0.006369266382878832,3.010631922180693e-6,365.2564636374787,3624.4021023192186,0.004924777785961505,-0.001782057138362893,1.9328325849492484e-9,796.8549371865024,11541.28592210955,-29.375936611356785,44.75011935571386,0.0011572769413693334,4198.056029181344,753.0545706680489,0.020678374903359786,-0.022715391646575964,-180.6308926525618
2.520079937523252e-6,224.70077179441483,3503.7656560878913,-0.010619996397317037,-0.006535180961931232,3.018339429853326e-6,365.25646269295413,3624.402115611265,0.005774931319821918,-0.0019871904449485253,2.770300444957196e-9,797.5026890419267,6735.756128194803,-21.399166945176535,25.83283115555416,0.001118452873890811,4196.10172573258,755.0804194700169,0.020392530058413863,-0.022906138077492737,-181.51122033435465
2.5087624389614446e-6,224.70077168156277,3503.7656604336885,-0.008712640392555896,-0.006763734153187754,3.0308945312561083e-6,365.25646145117963,3624.402133302519,0.007232599567399938,-0.0022523689358158725,5.704853247258913e-9,798.1509674454675,2141.291266113506,-11.032568060614913,7.807690792751676,0.0010677352626827837,4198.087101247692,745.1537658600839,0.0202736310358041,-0.02343028686705202,-182.3145292706446
2.556695431680262e-6,224.7007710068958,3503.765677327113,-0.002567497831563355,-0.009042561374726261,3.066830642849491e-6,365.25645891143097,3624.402173082145,0.012269568829520188,-0.00413548392905603,8.686779011991544e-7,798.7997728251471,544.7217968435572,0.08341668369171806,0.01034640987012666,0.0010487567955036622,4224.230126533158,664.4997936718178,0.024024877534758658,-0.025545247236011932,-182.79611481297968
2.594398671260075e-6,224.70077095691116,3503.7656805067954,0.0002863623816005308,-0.007428051309466113,3.0850440111778085e-6,365.25645793093804,3624.40218639897,0.01454761733809473,-0.0029764806033699778,8.078862266179988e-7,799.4491056093386,536.3518460631292,0.10016658226428697,-0.0028458177043924867,0.0009996524463751406,4228.905957400487,641.7766298387326,0.025094633031952394,-0.02570210356951169,-183.06129655737766
2.6327381841455446e-6,224.70077088085156,3503.765684511889,0.003606035291290158,-0.005514681148395759,3.106405909329813e-6,365.2564570458651,3624.4021991607897,0.01717527287181821,-0.0015753257592196616,7.190377909660403e-7,800.0989662267607,527.4027991527047,0.11888086173748579,-0.021168239572552316,0.000946128424756913,4235.337874545395,615.1788977657191,0.026258832639573012,-0.025799537249092768,-183.17380591091
2.662921249016502e-6,224.7007707921412,3503.7656887832177,0.006998007187111872,-0.0036340784842925173,3.1285626949458156e-6,365.2564564136153,3624.4022090623184,0.019833215081499905,-0.00018007284684114943,6.017979878662091e-7,800.7493551064812,517.182186007133,0.13737328086100406,-0.04806347318117698,0.0008939613214183887,4242.0466587994015,590.9332903936165,0.02735202407103927,-0.025759855902718298,-183.13918436650937
2.681301586218809e-6,224.70077070202592,3503.7656928443985,0.010127141320791032,-0.0020847222949075136,3.1493134341560615e-6,365.2564560914937,3624.402215102847,0.022259580438819204,0.0009812241317435362,4.6661872845997497e-7,801.400272677917,504.5040560448663,0.15227732542320624,-0.09142943721443014,0.0008476090793051208,4248.080027138101,572.3157529413952,0.028263696384776056,-0.025622298316639626,-182.98327740303034
2.5854403560908186e-6,224.70077049531184,3503.7656996202877,0.01607897687761445,-0.0005333741415237169,3.1914094103006235e-6,365.25645562991394,3624.402223471741,0.02649649546826421,0.0021086736438072165,5.307537197962594e-7,802.051719370834,706.3371118318969,0.12385603895325084,0.09869208089394262,0.0007751584046749504,4256.577961914951,550.826224415645,0.026754804590124016,-0.02627065974106625,-182.62663539493147
2.5907022415746136e-6,224.70077042921596,3503.7657018129103,0.018172356449548496,-0.00010359463585118595,3.205283866125254e-6,365.2564560080674,3624.4022200289487,0.028103069547290888,0.0024444004945596122,6.186092107573805e-7,802.7036956153473,694.2228463076369,0.11742427055688033,0.08729742304746513,0.0007559016806456327,4257.7437860853,548.337399048882,0.027855931357339367,-0.026467187178642923,-182.21288412665584
2.591196120289283e-6,224.70077038218668,3503.7657032909574,0.019483566729893015,-5.5372052060959125e-5,3.213944038589856e-6,365.25645646988033,3624.402215435261,0.02910161188779676,0.0025018212058179304,6.844574020060217e-7,803.3562018419218,683.3231537389495,0.11337987372079178,0.0785197182923344,0.0007440905500259846,4257.6603598819665,550.5357415322907,0.028847531237397885,-0.026631451349594524,-181.7902049717363
2.5892241888076313e-6,224.7007703470122,3503.7657043104355,0.020203079964699,-0.00025998589940800295,3.2186206117032553e-6,365.25645695046774,3624.402210578094,0.029642985635910078,0.0023743334726445083,7.331560736302189e-7,804.0092384813723,673.1155090705275,0.10999575441581372,0.07122470982503311,0.0007371517726884136,4257.035143540167,554.9372882920843,0.029660974389052252,-0.026809922035339093,-181.38073600763778
2.5859375080161595e-6,224.70077031978084,3503.7657050258563,0.020475359558598367,-0.0006195345021573449,3.2202697275604515e-6,365.2564574140873,3624.402205924727,0.0298400903099289,0.0021337359562359705,7.68477026549525e-7,804.6628059648629,663.3190414424104,0.10669728480202609,0.06490225653078627,0.0007335709092059625,4256.270045769594,560.1126974085013,0.030275319209965224,-0.027002318458973627,-180.99774434797982
2.5819148284761183e-6,224.70077029799555,3503.7657055393443,0.02041305277900683,-0.001067188907281949,3.2196502157396755e-6,365.2564578408029,3624.4022017266875,0.02978025718997111,0.0018290456954965942,7.933285488060525e-7,805.3169047239105,653.7478196346942,0.10327030930555084,0.05925340074979114,0.0007323726842592055,4255.597873322675,565.2550057720473,0.030696978467029696,-0.027195105247607265,-180.64831815935435
2.5773674454132556e-6,224.70077028031318,3503.7657059134544,0.02009807258176084,-0.0015552582424235284,3.2173178542792874e-6,365.2564582201762,3624.4021981074657,0.029526205707294563,0.0014954662658318652,8.100915552102554e-7,805.9715351903808,644.2855496416074,0.09967894141208358,0.054111304136609036,0.0007329938894514324,4255.1279786427685,569.9368431345546,0.030953452694862445,-0.02736885765797688,-180.33535701610987
2.5724551707509842e-6,224.7007702657377,3503.7657061932814,0.019594645329261612,-0.0020482102062232277,3.213704398991261e-6,365.256458545546,3624.4021951535888,0.02912692273646405,0.0011593807614033874,8.205646369807901e-7,806.6266977964908,634.8442201084486,0.09590621701453628,0.049360270554023415,0.0007350448683381468,4254.939261072471,573.8397959851831,0.03108075877185844,-0.027513553206038828,-180.05901059048858
2.56722637846381e-6,224.70077025360055,3503.765706407021,0.018955041101142198,-0.002527939237924426,3.2091625580680807e-6,365.25645881558546,3624.402192878478,0.028621997363747202,0.0008338778513038678,8.26203133209755e-7,807.2823929748093,625.3503608270702,0.09198071298307625,0.044889066054637834,0.0007382294710614933,4255.035177640136,576.8980355078918,0.031107984767107782,-0.027621832029541125,-179.81768448648518
2.561610107750901e-6,224.70077024351588,3503.765706572698,0.018212406793524465,-0.002978589223008675,3.2039135546992826e-6,365.25645902953147,3624.4021912974736,0.02803610552297012,0.0005309289930788719,8.283238554936797e-7,807.9386211582566,615.7263358566843,0.08794053586634296,0.04058408174267413,0.0007424484824502236,4255.4128057945045,579.0513082257349,0.031076327421543475,-0.027690394899007206,-179.6087140565133
2.555588091911608e-6,224.7007702350331,3503.7657067061637,0.017397218177255754,-0.003394932300817425,3.1981591930517527e-6,365.25645918818054,3624.4021904073284,0.027392074771981273,0.0002541640537614612,8.279321778637073e-7,808.5953827801047,605.8945283103542,0.08382554837277816,0.036325044052007864,0.0007475861371240482,4256.050110839612,580.3359753437138,0.031014703105996726,-0.027717616349323217,-179.42879186980855
2.5477793723221255e-6,224.70076988573885,3503.765715113941,0.016806885387863502,-0.009632399759414248,3.1904313100327766e-6,365.25645740765617,3624.4022153011324,0.026915107098667627,-0.00456634667413267,1.0562178304018916e-7,809.2526782739781,674.7022710026691,-0.16252313052319903,-0.8662152327877358,0.0007452282991637499,4259.886000663029,601.7972737768144,0.025530031108147083,-0.025387832557877077,-179.21928262675507
2.543661175752087e-6,224.70076992314557,3503.7657141498507,0.01568170360948346,-0.009571400917463021,3.1824566707518868e-6,365.256457573479,3624.402213986864,0.02601147852379339,-0.00445766897199537,6.594650329178431e-8,809.9105080738526,-260.9483539056027,-0.48295991641191344,-1.3416814392044967,0.0007565757316713514,4258.015745334463,607.3147905884339,0.026105844998606454,-0.024978851612772652,-179.02725990144302
2.5377954554215452e-6,224.70076996122134,3503.7657131784126,0.014546929162074203,-0.009504827530398054,3.174420415769218e-6,365.2564576657775,3624.4022136865697,0.025092660071655903,-0.004347621873574902,2.4408612592071715e-8,810.5688726140596,-800.4035528429733,-1.9774209232155728,-3.4216841041257773,0.0007683401041044875,4256.31624888026,612.2934295658769,0.026592551636786074,-0.024564165691177236,-178.85551785190862
2.5329496180618767e-6,224.7007700008177,3503.765712148645,0.013615326269590307,-0.009324319695878474,3.167693718195598e-6,365.25645776720177,3624.4022135313926,0.024330125072387465,-0.0041529890448542325,1.74490553799217e-8,811.2277723292812,-1159.4859397216776,-2.898437330523975,-4.779390563463954,0.000777815976980914,4255.109183101709,615.4436365286602,0.026907102440213607,-0.024341147319395254,-178.7070649685236
2.5279707962032664e-6,224.70077003953597,3503.7657111310973,0.0127322389239119,-0.009131466955946695,3.161289651322435e-6,365.25645784555815,3624.4022137211728,0.02360406205145293,-0.003953069882631288,1.2923601162302738e-8,811.887207654553,-1599.2876156414272,-4.04647573624879,-6.447055364107828,0.0007868248192376224,4254.225952824964,617.6423529533932,0.027167967685391318,-0.024194330450612228,-178.58260292588986
2.523077452280893e-6,224.7007700772732,3503.7657101179116,0.011905091710027751,-0.008931747760076684,3.1552511891216474e-6,365.2564579128119,3624.4022140408065,0.022921309120591087,-0.0037517752193465016,1.0674772122801142e-8,812.5471790252649,-1966.599904086283,-4.968121955924495,-7.83042052883459,0.0007952659450351207,4253.576050094005,619.0597434891747,0.027381626442931684,-0.024135518811416214,-178.4824158753205
2.518096979215893e-6,224.70077011391348,3503.7657091137016,0.011117775243052973,-0.008739114157405331,3.1494831114607075e-6,365.25645796142794,3624.402214555768,0.022269252381944892,-0.0035604986127865915,6.862185058852661e-9,813.2076868771605,-3100.6664621775926,-7.918278204559384,-12.174627379651403,0.0008033651110149097,4253.1084088135485,619.8954392397993,0.027555133515029216,-0.02413994653860578,-178.4056116437844
2.51318339180834e-6,224.70077014923504,3503.765708129359,0.010380147228894299,-0.00854373728834053,3.1440550026831144e-6,365.25645799601676,3624.4022152273114,0.021656021457860494,-0.003371572891477297,6.6804705255478235e-9,813.8687316463376,-3219.5421017704984,-8.092337390452702,-12.590573694038179,0.0008110181917406608,4252.860049809155,620.0118168799436,0.027698920330569424,-0.024212406179663134,-178.35240448949074
2.508254292573741e-6,224.70077018307157,3503.765707166446,0.009683548550015115,-0.008350242782329771,3.138908663747658e-6,365.2564580075127,3624.402216145673,0.021074556612218572,-0.0031886759743249907,5.7573273585890555e-9,814.5303137692483,-3776.761850468297,-9.35704614275461,-14.696388695423034,0.0008183881350704611,4252.802098704847,619.4524875670926,0.027818848394741788,-0.024345862764577605,-178.32085615375283
2.5033622444423162e-6,224.70077021531077,3503.765706232587,0.009034361786101598,-0.008160274561708782,3.134087131572464e-6,365.2564580015839,3624.402217229302,0.020529754767142094,-0.0030133404097457493,6.5185694914871555e-9,815.1924336827,-3381.100999305534,-8.07972381283238,-13.12452067136084,0.0008253687727253263,4252.906155012665,618.3050923039818,0.027915611392981137,-0.024534283341963507,-178.30986594791054
2.4673320489784834e-6,224.70077023883812,3503.765705927055,0.00800640276413983,-0.0057100641975610066,3.128353397520594e-6,365.256457777824,3624.4022223840634,0.01967560806851418,-0.0010882049563684171,9.397277627055423e-7,815.8550918238537,478.72853724268623,0.07350756636034331,-0.017221742771928828,0.0008576304383949739,4266.467306434736,565.7548065323664,0.0329834097060981,-0.026587690249163545,-178.2774571927012
2.460381170755337e-6,224.70077025203707,3503.7657054510596,0.007419626396818794,-0.005841035484866359,3.1234545856791393e-6,365.2564575007227,3624.4022272422967,0.01916128696601006,-0.0011588078371290462,9.693042435103507e-7,816.5182886302289,468.9469001593258,0.07663077962511457,-0.01844594616966573,0.0008686677257533093,4265.996942499244,566.4971342032915,0.033227696787416036,-0.02654756427702376,-178.18388632513924
2.454194103454078e-6,224.7007702666791,3503.7657049282275,0.0068975469024379465,-0.00597295712497094,3.118968753079911e-6,365.256457226604,3624.40223202874,0.018697735870655968,-0.0012323126187722161,9.986726853072305e-7,817.1820245396976,459.6320206966594,0.07956412788550771,-0.019054076679872665,0.0008788915114862919,4265.299334841126,567.7323338261226,0.03341664331175784,-0.026537542587434935,-178.09245079906452
2.4487219554815455e-6,224.7007702823716,3503.765704373898,0.006431088208984345,-0.006103854565494642,3.114845690388025e-6,365.2564569563393,3624.4022367340735,0.018278275316871626,-0.0013068288157093114,1.0269988933626167e-6,817.8462999904891,450.647366757261,0.08221025561024771,-0.019253244264969514,0.0008883384887761124,4264.440364034061,569.3288649238547,0.03355795298395297,-0.026552832930122817,-178.00464221337506
2.44391927362957e-6,224.70077029871953,3503.76570380087,0.006017350033245705,-0.006231983115318833,3.1110734234824852e-6,365.2564566905767,3624.4022413539246,0.01790087318788326,-0.0013808910564400987,1.0536462248653629e-6,818.5111154211888,441.8844614639101,0.0845297869432942,-0.019195318298836004,0.0008969490434265384,4263.474021749658,571.1629814199641,0.03364779948523998,-0.026593312168081695,-177.921999894245
2.4396874907677543e-6,224.70077031529786,3503.7657032212237,0.005654406954410192,-0.006356759761317102,3.1076499493388847e-6,365.25645643043725,3624.4022458728573,0.01756437192500877,-0.0014540606870544553,1.0780676221335512e-6,819.1764712707385,433.2442033230244,0.08651233089133158,-0.019009119575357964,0.0009046741631149938,4262.4363707128,573.1646466206063,0.03368326375535231,-0.026657934476837654,-177.84603463353744
2.435854991118026e-6,224.70077033167723,3503.7657026467805,0.005336466996380986,-0.006477298039161023,3.104549764551186e-6,365.25645617754805,3624.4022502643925,0.017264673352367733,-0.001525512071517806,1.0999917889101245e-6,819.8423679784368,424.656174851247,0.0881634837868727,-0.01878127450202657,0.0009115183240655222,4261.370873209071,575.2384112466999,0.03366510795719112,-0.02674621016508877,-177.77812945620767
2.432278779858442e-6,224.70077034721731,3503.7657020919564,0.005064283206442595,-0.0065941387618955434,3.101788315442005e-6,365.25645593263283,3624.4022545151465,0.017002825499737348,-0.0015958282636651822,1.1192303429184291e-6,820.5088059839394,416.05623147350656,0.0895045301933929,-0.01858890912286927,0.0009173833335566399,4260.319221635321,577.2925770760313,0.0335840525087025,-0.026861429156214464,-177.7194427697953
2.4287668763567818e-6,224.7007703613824,3503.765701569034,0.004834502477402568,-0.006706776780770688,3.099355685012019e-6,365.25645569727436,3624.402258594216,0.01677674539083163,-0.0016645757800446092,1.1359677176134843e-6,821.1757857272596,407.39995188893164,0.09057476170918786,-0.01847988765240544,0.000922243979253241,4259.323010175423,579.2273080157906,0.03343767179758721,-0.027005784205013157,-177.67084805615983
2.4251970027813265e-6,224.7007703736146,3503.76570108787,0.004648705718136801,-0.00681812207725654,3.0972735728921775e-6,365.2564554745409,3624.402262440451,0.01658840485116406,-0.001734273745928963,1.1505673374620377e-6,821.8433076487674,398.6601490349707,0.09143800869197789,-0.018494866378735802,0.0009259645982057981,4258.405277418026,580.9971631076758,0.03321264091578393,-0.027184377481541427,-177.63294015372009
2.421466736435099e-6,224.70077038347898,3503.765700656625,0.004505771615392349,-0.006928809426341825,3.095544346505701e-6,365.25645526663004,3624.4022660073883,0.016437565197913825,-0.0018054876813016782,1.1635158726952583e-6,822.5113721891934,389.83371414982537,0.09214654141130255,-0.01864606741032009,0.0009284599823876458,4257.599735330946,582.5163909424446,0.032900084204650716,-0.02740233511502518,-177.6061203636464
2.4175506626766242e-6,224.70077039059595,3503.7657002811134,0.004405765710862097,-0.0070396780486662175,3.094175228085386e-6,365.25645507513246,3624.4022692539997,0.016324913983786007,-0.0018789493708718551,1.1754684956103247e-6,823.1799797896235,380.9308508918216,0.09276949844823625,-0.01893066671918315,0.0009296405445539325,4256.939810722234,583.6910651671791,0.03248987574635355,-0.027666450735214905,-177.5907465599336
2.4134933862993366e-6,224.70077039483436,3503.765699961226,0.004349479004811947,-0.0071526031127701565,3.0931779463667154e-6,365.25645490233876,3624.402272126218,0.0162516540561703,-0.0019563215436465206,1.1870494762278742e-6,823.8491308915036,371.9778929586208,0.09337676771686872,-0.019330934154339174,0.0009294055183454502,4256.439697225125,584.4831598640923,0.031969622913600414,-0.02798208466203848,-177.58730999240157
2.4093935626324553e-6,224.70077039612252,3503.765699697289,0.004336118995494988,-0.0072694135465985795,3.092554052607809e-6,365.2564547495032,3624.4022745869265,0.016217645910177683,-0.002039197719941094,1.1986166334041308e-6,824.518825936638,363.0184708149128,0.09400809561196326,-0.019810332677021182,0.0009277233047852801,4256.111328985889,584.8622364887987,0.03133295831299134,-0.028352449550887393,-177.5965900426417
2.405437091931444e-6,224.70077039453406,3503.7656994860185,0.00436643488000978,-0.007387428635936768,3.0923077729605822e-6,365.25645461488637,3624.402276650058,0.016223612511137644,-0.0021255613475790742,1.2104214375077433e-6,825.1890653671904,354.1006874077654,0.09469379246974499,-0.02031669203755911,0.000924578613740656,4255.986760671716,584.7119163715939,0.030573769792564345,-0.02878447614615705,-177.61974558475066
2.4017560436317476e-6,224.70077039036204,3503.7656993215674,0.004436229874751999,-0.007509000872142867,3.0924195970768666e-6,365.2564545000942,3624.402278274305,0.016266459617448756,-0.0022175260308753466,1.2222949333686328e-6,825.8598496256839,345.2642352252122,0.09542924483273486,-0.020810062135106173,0.000920068567228435,4256.051987819795,584.0786411967273,0.029695995970549168,-0.029275348920849306,-177.65832093653052
2.3985870560299602e-6,224.70077038386097,3503.765699198173,0.004546924538992886,-0.00762978372289656,3.092899189858548e-6,365.25645440217465,3624.4022794943494,0.016347150118532616,-0.0023120448359372605,1.2337787088452751e-6,826.5311791550012,336.5459634004381,0.09619664318196133,-0.02123790615635798,0.0009142620673386148,4256.322958713864,582.8840497829584,0.0287015371378975,-0.02982903817409448,-177.71416577220182
2.39606752326619e-6,224.70077037544274,3503.765699109675,0.0046935833356383004,-0.007751411119971479,3.0937204149516816e-6,365.25645432188804,3624.402280287028,0.016461573004441565,-0.002410837018237965,1.2442686831048094e-6,827.2030543983849,327.97831188292497,0.09695365623806312,-0.021560885555579366,0.0009073445371060999,4256.77741484304,581.2003489200305,0.02760306721721662,-0.030438409054230193,-177.78928091183178
2.394321714477399e-6,224.7007703654766,3503.7656990500095,0.004872513137497088,-0.007873929893791546,3.0948658146239377e-6,365.2564542593892,3624.4022806359467,0.016606619634909104,-0.0025145793442531814,1.2528446378606483e-6,827.8754757994375,319.56900848416626,0.0976506552835687,-0.02175548544179507,0.0008995289437837092,4257.393272922642,579.0902162812096,0.026417897892070257,-0.031096883157470008,-177.88560715931177
2.3934831155280987e-6,224.70077035457894,3503.765699009489,0.005078200826660188,-0.007994454456010994,3.09630093430073e-6,365.2564542153053,3624.4022805208638,0.016777329280819736,-0.0026215713911252824,1.2586416105657349e-6,828.5484438021241,311.34065031657497,0.0982307631342021,-0.02177235204136807,0.0008910879439461788,4258.138798997556,576.6260054475221,0.02517303577120299,-0.031794960951538505,-178.00477363402857
2.3935330357056463e-6,224.70077034331385,3503.7656989793986,0.005302179627555982,-0.008115863958155868,3.0979786755838434e-6,365.2564541936961,3624.4022798664632,0.016966756971873175,-0.002734799565253197,1.260707789662167e-6,829.2219588507687,303.2780601530506,0.09863932200837583,-0.021606817037013056,0.0008823370297981499,4258.9462969943515,574.0177800876986,0.02390227094769749,-0.03251491139734349,-178.14782585593218
2.3944720474646645e-6,224.70077033235629,3503.765698948309,0.0055369505709444945,-0.008237413048362093,3.099852411194172e-6,365.2564541978761,3624.4022786117434,0.0171684473375896,-0.002854428932623299,1.2581368293067673e-6,829.8960213900568,295.37420720925536,0.09882301417907083,-0.021230082503159907,0.0008735851981897149,4259.754084809998,571.4361191152894,0.02264312382079613,-0.033239962605222044,-178.31495956738001
2.3962292117135492e-6,224.70077032246252,3503.7656989027328,0.005772597156038514,-0.008363502993952708,3.1018596154756404e-6,365.2564542345757,3624.402276643087,0.017374149064851626,-0.002984647867693326,1.250199725330509e-6,830.5706318650357,287.61664493706695,0.09873693784123519,-0.020620669669756838,0.0008651388726965704,4260.469847166028,569.168846304199,0.021435203547709263,-0.033946407234691826,-178.50529458066293
2.398663196504536e-6,224.70077031432712,3503.765698829292,0.006001249857343596,-0.008497110976744948,3.1039513129200936e-6,365.2564543102356,3624.402273859389,0.01757742644716786,-0.003128543941344626,1.2362464127287318e-6,831.2457907211145,279.96704129728704,0.09834600686199522,-0.01977367600918623,0.0008572554361089176,4260.9971411234765,567.5069462049356,0.020316284927978365,-0.03461058204668459,-178.71672593787335
2.4016365908515006e-6,224.70077030879008,3503.765698710494,0.006214934501954419,-0.008639524137541718,3.106071967273342e-6,365.25645443181486,3624.4022701597014,0.017771668456265745,-0.003287652335830977,1.2159594587551726e-6,831.9214984040642,272.3899095977417,0.09762396889228642,-0.01866700260176783,0.000850148351707269,4261.241175845613,566.7174711022489,0.019321127921035488,-0.03521081703343661,-178.94588270741707
2.4049510934311235e-6,224.70077030649054,3503.7656985316908,0.006406176054551404,-0.008791984009526273,3.108167319242456e-6,365.25645460537027,3624.402265466732,0.017950960642777777,-0.0034632347982638634,1.1892066709601619e-6,832.5977553600181,264.82082179442233,0.09654368907587614,-0.017307364205957243,0.0008439778259480261,4261.118258357951,567.0380998640846,0.018478541734063814,-0.03572859127689193,-179.18820613121343
2.408455025511821e-6,224.70077030788207,3503.765698282017,0.0065731973929961,-0.008958091163387678,3.110217771432283e-6,365.2564548362395,3624.4022597245025,0.018113780902213557,-0.003658514453215607,1.1559900597680578e-6,833.2745620354717,257.18694255620807,0.09506836000888504,-0.015701174506336946,0.0008387745251675588,4260.554544736981,568.6898398173101,0.01780011690725868,-0.036148974370825364,-179.43813444482615
2.412023044445555e-6,224.7007703134766,3503.7656979467297,0.006714629594002149,-0.009131295304766815,3.11219839529338e-6,365.2564551265202,3624.402252938691,0.018259029248296338,-0.0038680709863143496,1.1166728581322043e-6,833.9519188772856,249.38619319298178,0.09315540245074101,-0.0138770649825881,0.000834543963633053,4259.511591848506,571.7186408475108,0.017295846909576237,-0.036471212952216885,-179.68935988994312
2.4155370223846193e-6,224.7007703236186,3503.7656975171285,0.006829559005692858,-0.0093131629452056,3.1140868119915517e-6,365.2564554800102,3624.4022450931293,0.01838573182108728,-0.004093081604170075,1.0716696581098158e-6,834.6298263326811,241.29522182757543,0.09070856038265245,-0.01188808200453709,0.0008312403546699224,4257.941307002544,576.2514279346691,0.016964211588210893,-0.03669014173615373,-179.93511704157467
2.418927355167481e-6,224.7007703385428,3503.7656969859945,0.006918110307587578,-0.009497907205521464,3.115861618986536e-6,365.2564558961885,3624.402236246629,0.018493778097730573,-0.0043284044424013925,1.0218846275444683e-6,835.3082848492442,232.7374357760306,0.08761463298354392,-0.009849696115273882,0.0008288095975045387,4255.837618836245,582.2529428665548,0.01680268436911832,-0.036811287815258754,-180.1684720852612
2.422247845372918e-6,224.70077035844434,3503.7656963486274,0.00698262537486552,-0.009680419340369038,3.1175078360488406e-6,365.2564563732113,3624.402226477303,0.018584237539845595,-0.004569317820154169,9.685144192418159e-7,835.9872948749244,223.51698603220277,0.08371871699916202,-0.00791843150221891,0.0008271783415683022,4253.200824330905,589.665346440777,0.01680480940113227,-0.03684307291411371,-180.3826097333163
2.425580324119903e-6,224.70077038339343,3503.7656956051223,0.0070234940754336,-0.009855409983313709,3.1189934394079185e-6,365.2564569074477,3624.402215890158,0.018656423092030507,-0.004810557266851609,9.135064645181491e-7,836.6668568580357,213.37969553098668,0.07888124454326031,-0.0063711934301892165,0.0008263117916436195,4250.04840327487,598.3902604432909,0.01696667272070642,-0.03679422289937893,-180.5711465752158
2.429069955857794e-6,224.70077041364092,3503.765694756149,0.007035721458380414,-0.010021004068078905,3.1202449494371208e-6,365.2564574960498,3624.402204570045,0.01870460871251548,-0.005049288669733939,8.594320155157996e-7,837.3469712472561,202.08004209437834,0.07301281184250653,-0.005554441549963889,0.000826236654290165,4246.371566073415,608.4151837091653,0.017289973472372048,-0.036667583796467965,-180.72852102972436
2.4328916489416557e-6,224.70077044894808,3503.7656938152536,0.007016152889587761,-0.010176732575504804,3.1211977531606983e-6,365.25645813107667,3624.4021926778273,0.018724353430273632,-0.005283015220243505,8.097717708832576e-7,838.0276384916286,189.40644291860497,0.066257815742333,-0.005920356936280022,0.0008269336928881733,4242.200462124228,619.6443023444605,0.01776507562732244,-0.03646838103290175,-180.85048384016238
2.437191921034649e-6,224.7007704886212,3503.7656928093134,0.006960635402087518,-0.010322228914532142,3.1217798980586185e-6,365.2564587999557,3624.4021804399204,0.01871018143320125,-0.0055084274436707735,7.681739327855255e-7,838.7088590405613,175.34654492500837,0.059047095161067396,-0.007785961070553504,0.0008283780363679139,4237.599586051598,631.9016168750035,0.0183783113811618,-0.03620303907181073,-180.9345837793339
2.441983224089095e-6,224.7007705317368,3503.76569176616,0.00686876147630378,-0.010464190204365462,3.121962843379052e-6,365.25645949154153,3624.4021680557025,0.01866057265173433,-0.005727758159969403,7.377069349898517e-7,839.3906333438264,160.09700343675007,0.05209937614692839,-0.011264716368778445,0.0008303360420177,4232.631562236367,645.0614103580367,0.019082447960280708,-0.035880787867607414,-180.98034969442534
2.4471945362892106e-6,224.70077057736026,3503.7656907065,0.006746426667021789,-0.01059963318239268,3.121779536121132e-6,365.2564601922311,3624.402155759759,0.01858021144051012,-0.005936104473109419,7.201865428810917e-7,840.0729618515645,984.0934376025862,0.0462051333356386,-0.01615244391946888,0.0008324706407984544,4227.402013957145,658.8274916525558,0.01982009695289517,-0.03552382124413038,-180.9889044787333
2.4527040144284646e-6,224.70077062455573,3503.765689645688,0.006604984510510845,-0.010728304170008038,3.121314760467866e-6,365.2564608911106,3624.4021437361175,0.01847911370675287,-0.006131881618772917,7.162012304989334e-7,840.7558450142798,968.2795878588064,0.04201571441495856,-0.022058486811632885,0.0008344158708161973,4222.005986015824,672.9534023608185,0.020533851951478978,-0.035152073868713926,-180.962201223713
2.4584043927742757e-6,224.70077067298882,3503.765688581018,0.006453967183218886,-0.010842347667705064,3.1206553926066124e-6,365.25646157896824,3624.402132137318,0.01836653198607959,-0.006308242980515137,7.259535400270694e-7,841.4392832828431,952.4862346044721,0.0399913871837982,-0.028387004648154118,0.0008358763750612946,4216.528128036588,687.1709666684912,0.021180355935329038,-0.034787300275755446,-180.9024089308797
2.4642376812762203e-6,224.70077072241338,3503.7656875079683,0.006303995407953005,-0.010934939103910725,3.119887701548838e-6,365.2564622471027,3624.4021210979386,0.018252183793944,-0.006459442715523321,7.48559029704654e-7,842.1232771084921,95.01626355704104,0.040113241087481676,-0.034498183215014966,0.0008366602849313919,4211.034019172745,701.2583892771943,0.021733522242076184,-0.03444650980137224,-180.81173990439595
2.4768715589865273e-6,224.70077080439862,3503.765684906798,0.008026076531854517,-0.012559827712428577,3.132916959508171e-6,365.2564650398094,3624.402080655978,0.019605671188173968,-0.007771669918554011,6.517495650671758e-7,842.8078269428308,555.3154908888588,0.024224355336270174,0.06263569317862741,0.0007796876830199641,4201.544250670047,736.9117841937958,0.014883620985825602,-0.03420480735919873,-180.6449537110886
2.483449841189503e-6,224.70077086510008,3503.765683355408,0.008257873097181739,-0.012576725265957342,3.1346333546895387e-6,365.25646574376674,3624.4020702596795,0.019795704490071345,-0.007850348673941169,6.842598593286994e-7,843.4929332378309,548.1091979035625,0.0258944698168115,0.06869657063174635,0.0007706066528684125,4196.588224126215,748.2558298052833,0.01406429795247424,-0.03437956510499626,-180.38796750012983
2.490157880648154e-6,224.70077092666074,3503.7656818151604,0.008474532746234522,-0.012580164795944402,3.1362189698959074e-6,365.2564664206516,3624.4020604954694,0.019969146919727284,-0.00791219847114581,7.0931740736712e-7,844.1785964458312,541.680256819462,0.02503500547056522,0.07594143335265613,0.0007617013182345474,4191.677199896311,759.535295984166,0.01323318186327115,-0.03453860430164694,-180.10024547954728
2.496896278758151e-6,224.70077098986732,3503.76568026349,0.008662898332992741,-0.0125709793326957,3.1376052713996e-6,365.25646707140186,3624.4020512935012,0.02011724718466714,-0.007957629012712734,7.26892754276325e-7,844.8648170195381,535.9624515548762,0.021991498547303943,0.08442011033388686,0.0007530586901361761,4186.738003476764,770.8928828585701,0.01240265508305292,-0.034680364539579005,-179.7870462026173
2.503525577643479e-6,224.70077105539244,3503.765678681216,0.00880664713631815,-0.012540280177311857,3.1387000066408324e-6,365.25646769361555,3624.4020426404686,0.020228635626776136,-0.007979171528231613,7.371356941159375e-7,845.5515954120254,530.9993156267458,0.017029625873470355,0.09438234485286479,0.0007448938318990751,4181.725116459781,782.320216480605,0.01161028028440171,-0.03481150220042259,-179.4531128451607
2.509937537106727e-6,224.70077112386784,3503.7656770493268,0.008895062260292798,-0.012476669901828281,3.1394465753476656e-6,365.25646828117993,3624.4020345905556,0.02029624604902084,-0.00796779497348304,7.403886466155638e-7,846.2389320767376,526.9363019550628,0.010457549207093138,0.10626558281770075,0.0007373615932398423,4176.605092870472,793.7743709691238,0.010885495405485687,-0.03494033730257901,-179.10290430165435
2.515933114772139e-6,224.70077119542225,3503.7656753615015,0.008913978341383567,-0.012363908473780685,3.1397687092139735e-6,365.25646882219155,3624.402027289325,0.020310282929244968,-0.007910560728706108,7.375192370875337e-7,846.9268274674852,523.9496729230871,0.0027431102142778897,0.12052679295871113,0.0007307500503259784,4171.38285610049,805.0733349213407,0.010280427134645007,-0.0350798830902467,-178.74105096670704
2.5213313721907317e-6,224.70077126997566,3503.765673616783,0.00885103202525295,-0.012181891742932747,3.1396059490417836e-6,365.2564693011074,3624.402020945655,0.02026243096478533,-0.007791670625066185,7.295815713586592e-7,847.6152820384485,522.2816285517395,-0.005414641189386098,0.13775458325915912,0.0007253579365961775,4166.082965608585,815.9707446943852,0.00985154266585687,-0.03524453518459053,-178.37301533309355
2.525835344209964e-6,224.70077134686312,3503.7656718310077,0.00868806183513199,-0.011906601088335248,3.1388699902110454e-6,365.256469697432,3624.4020158477238,0.020139964625792726,-0.007591985166972222,7.183306688607058e-7,848.3042962441771,522.1432736999676,-0.012832110651939082,0.15837406768819515,0.0007216509659269962,4160.765707193374,826.1154941165585,0.009682725310767425,-0.035444977145185644,-178.0059229734189
2.529111975027608e-6,224.70077142468924,3503.7656700374096,0.008409349198931241,-0.011511995388426984,3.1375018510518703e-6,365.25646998516225,3624.4020123793707,0.019932358480700463,-0.0072910001656485875,7.060807019886598e-7,848.9938705395899,523.4156998301305,-0.018106642934267714,0.18203937955901608,0.0007201294905929645,4155.533368728255,835.0405327576632,0.009862691641353998,-0.03569131302935594,-177.64947158393232
2.5306932601524294e-6,224.70077150089355,3503.765668301719,0.007991179051527535,-0.010976861393199595,3.135408047246653e-6,365.25647013612047,3624.402010967529,0.019623074529013233,-0.006871622091853371,6.941777841402582e-7,849.6840053799758,525.3953708669764,-0.020802009124057726,0.20723748732085828,0.0007214671970069558,4150.541978176267,842.1968686491377,0.01050144435391594,-0.035979604851171014,-177.31665110816814
2.530102852752996e-6,224.70077157183667,3503.7656667166198,0.007418477467896299,-0.010298865168729845,3.1325411531282405e-6,365.25647012570465,3624.402011988296,0.01920150820604268,-0.006331416708291341,6.81823651540319e-7,850.3747012209938,526.882906777384,-0.022646002636069303,0.23165377379837562,0.0007262024589554167,4146.005536012467,847.0693664743031,0.01166780006536369,-0.036287531165126966,-177.02355407158558
2.526976671194159e-6,224.70077163357885,3503.765665384648,0.006683987359724891,-0.009501515812396827,3.128869098428659e-6,365.25646994427296,3624.4020155737007,0.01866158668171302,-0.005687686638111364,6.654671599672424e-7,851.0659585186729,526.735248013006,-0.0277214744585871,0.25355746326728795,0.000734700359634231,4142.153299485933,849.349624365927,0.013377480687894983,-0.03656846093767459,-176.78722666250084
2.521393890065529e-6,224.700771683025,3503.7656643786413,0.005816144185694015,-0.008641430208807484,3.124524680005004e-6,365.2564696009047,3624.4020215455603,0.01802306381931847,-0.004984416703255715,6.420818353280952e-7,851.7577777294124,524.2094982933233,-0.04020936861028064,0.2719595690590271,0.0007466284900104137,4139.179982587782,849.0911259370162,0.015510669623318254,-0.03677346465458105,-176.62166788769935
2.513890888864568e-6,224.7007717187097,3503.765663718068,0.00487729534967142,-0.00778438514286235,3.11981422665763e-6,365.2564691175455,3624.4020295114815,0.017331172928705382,-0.004273848454747261,6.118588383000646e-7,852.4501593099851,518.6916196070318,-0.06259397638666576,0.28533922189013233,0.0007609484516214142,4137.234023438635,846.5578479603238,0.0178380830731925,-0.036877337753764075,-176.53414828001732
2.505339746968026e-6,224.70077173975366,3503.7656633827896,0.003979983128665551,-0.00701887716812625,3.115346625740796e-6,365.256468518629,3624.402039025574,0.01666998401577546,-0.0036288806669098057,5.812305258906284e-7,853.1431037175324,508.4716075688552,-0.09425228676790841,0.28798826962335733,0.0007753829269000596,4136.44360675643,842.260573882511,0.019958525501564423,-0.036894484095526404,-176.52389950657195
2.4971530931020975e-6,224.70077174022933,3503.7656634159853,0.0033826754772447523,-0.006535778059570133,3.112659777603911e-6,365.2564678165143,3624.402049799134,0.016236681807845574,-0.003209929729439045,5.663426616630666e-7,853.8366114095683,485.10336651006594,-0.1342342098570897,0.25665627223678866,0.0007841049461170461,4137.187562432845,837.2499316351517,0.020948717528156083,-0.03686352546345038,-176.581700335578
2.492908110705899e-6,224.70077168198026,3503.765664798951,0.003983026670120769,-0.00796162256788263,3.1175092466460423e-6,365.256467617346,3624.4020542056815,0.016715961961027422,-0.00437058856868016,8.023932875810514e-7,854.5306828439783,381.9531363400058,-0.09607097970319357,0.03551626066259678,0.0007596421873088048,4136.695571283334,854.3163086225705,0.016474984021318723,-0.03549761950911495,-176.61380393157967
2.4886287714635325e-6,224.70077167671823,3503.7656649968176,0.003823893882644181,-0.008365936870777128,3.1170781006742013e-6,365.2564673039231,3624.4020599741857,0.016612813203742725,-0.004667411929747441,9.244912929200068e-7,855.2253184790208,369.79779465307763,-0.05780800089735128,0.025797386169741286,0.0007528199751026312,4136.063549843901,860.9924932423725,0.014962921486622644,-0.03484442774323622,-176.62181072601274
2.485619869942165e-6,224.7007716726208,3503.765665103314,0.0038285056948883095,-0.008966738348698147,3.1174169966013348e-6,365.25646704664706,3624.402064855729,0.01662867486414965,-0.005116653692494551,1.047984714534553e-6,855.9205187733261,362.2937374275901,-0.027174139514389812,0.024801824121740503,0.0007408379277057148,4135.567069308435,869.0151721860792,0.012514921365805546,-0.03418540150546849,-176.61491930699518
2.4833875389848415e-6,224.7007716734614,3503.765665070509,0.0039016784118835555,-0.009710595015795163,3.1179921924087642e-6,365.25646686911494,3624.4020685297264,0.01669013677271513,-0.005674170964822087,1.1700970328421615e-6,856.6162841858976,355.83473102242556,-0.003374252211754661,0.025229595889743762,0.000725611714929269,4134.843929192578,878.7978213131553,0.009417080195347899,-0.033456311648518026,-176.58842747971863
2.481395753647453e-6,224.7007716816016,3503.7656648675525,0.0039599230483478,-0.01052231588103172,3.1183330035365922e-6,365.25646676160574,3624.4020711368094,0.01673381734077404,-0.0062783852543923995,1.2862395102049873e-6,857.3126151761109,349.5278407898899,0.014561575516655377,0.02565715271848931,0.0007090673403882565,4133.767546817042,889.9981578901682,0.005968643740991357,-0.03264294407365412,-176.54197582955138
2.479164204334516e-6,224.7007716976862,3503.7656644941644,0.0039436406760011734,-0.011341912045224911,3.1181165098334913e-6,365.2564667038414,3624.4020729692743,0.016715393507731734,-0.006880788150892083,1.3937708205231666e-6,858.0095122037177,343.1439626430699,0.027830554642506427,0.02592553904091485,0.0006926281446597081,4132.322296073509,902.160343325884,0.002410120201053855,-0.03174672810772697,-176.47882528899532
2.4764053060166485e-6,224.70077172115836,3503.76566396641,0.003827181845720963,-0.01213145987354645,3.117226362554329e-6,365.25646667340686,3624.4020743475953,0.016616930305290357,-0.007451390053561478,1.4920615775515717e-6,858.7069757288406,336.68500722258415,0.03759629478884213,0.026172473040080378,0.000677000371881899,4130.563494192062,914.860415632734,-0.0011240321723421868,-0.030781223967463165,-176.40405306469376
2.4729685961914535e-6,224.70077175089165,3503.765663308147,0.003601807598858775,-0.012872869369790228,3.1156406600580903e-6,365.25646665203146,3624.402075530962,0.016433369742247253,-0.007976424012480826,1.5815046709910118e-6,859.4050062119774,330.1744210700613,0.044772221204598575,0.02650351405346701,0.0006624684843085024,4128.561645528059,927.7719638390994,-0.004567323080000915,-0.029765550395725236,-176.32313302612909
2.468763881819463e-6,224.70077178566825,3503.7656625442105,0.0032685641483285997,-0.013559608309052609,3.113395747559599e-6,365.256466627091,3624.402076695045,0.01616691030008004,-0.008451480201752596,1.6631532369522645e-6,860.1036041139998,323.6474879273364,0.05005672778633586,0.026988606270906323,0.0006490748756186542,4126.38236996096,940.6933539463715,-0.00789696826071843,-0.02871276786200746,-176.24115760602936
2.463767065428045e-6,224.70077182437868,3503.765661695238,0.002834242705978063,-0.01419077823370596,3.1105590854357625e-6,365.2564665911587,3624.4020779378116,0.01582397098176839,-0.008876532730138513,1.7380884878129955e-6,860.8027698961548,317.134720669242,0.053955212978759604,0.02766844917519863,0.000636741003253363,4124.076178705241,953.4729752815208,-0.011113876558782715,-0.02763953255766229,-176.16253972170261
2.457939653663002e-6,224.7007718659493,3503.7656607837316,0.002303147339036374,-0.014775999396793978,3.1071747811038572e-6,365.2564665412645,3624.4020792913166,0.015408597825982143,-0.009259878610036963,1.807559770901563e-6,861.5025040200637,310.6463385668858,0.05683203599474431,0.028531872345674485,0.0006253624919434481,4121.667040691176,966.118520764807,-0.014227780378905718,-0.02654826550530353,-176.09098993874736
2.451238825615398e-6,224.70077190933466,3503.7656598315984,0.001677378476499938,-0.015315737310043865,3.1032735302617865e-6,365.25646647486155,3624.4020807777806,0.01492312209376159,-0.009602303287612513,1.8723823513612027e-6,862.2028069477234,304.18859350911873,0.05893524068879723,0.029572738489045063,0.0006149308307651554,4119.203132260368,978.5009486261401,-0.017226986086338172,-0.02545171334188178,-176.02962620035527
2.443582285622768e-6,224.70077195358638,3503.765658864784,0.0009538599225132642,-0.015817847866645526,3.0988373981495185e-6,365.25646639380574,3624.4020823519163,0.0143650017052915,-0.009910400599407832,1.933767023196586e-6,862.903679141506,297.7379206825246,0.06045118251008661,0.030718037370352932,0.0006055163652311495,4116.691257133472,990.6957233943469,-0.020078033354133665,-0.024340966132085945,-175.9811342355722
2.4348484022740287e-6,224.7007719974532,3503.76565792153,0.0001224966212526248,-0.016280159662078172,3.0937960518443242e-6,365.256466298516,3624.402083989152,0.013725907771203166,-0.010182782773006152,1.992515404719019e-6,863.6051210641591,291.2500016055161,0.06148021250190129,0.03188303701088583,0.0005974318374473974,4114.164385438568,1002.6661600918108,-0.02268136257046667,-0.0232101985957874,-175.94792599413026
2.4249685767447414e-6,224.70077203954054,3503.7656570480376,-0.0008253329587978751,-0.016701997211077315,3.0880630109482407e-6,365.2564661896755,3624.4020856626075,0.012997640345313545,-0.010419445818936517,2.049538303354356e-6,864.3071331788088,284.6555215893687,0.06209339163264965,0.03293795943772043,0.0005910591389909129,4111.662859111806,1014.4218555157288,-0.02490990228543912,-0.022042454437671662,-175.9322426973164
2.413892966695878e-6,224.7007720782224,3503.765656307992,-0.0019017702493918207,-0.01707143933611934,3.0814976008854406e-6,365.256466068294,3624.402087344921,0.012167950225917969,-0.010611700664929403,2.105797524790157e-6,865.0097159489549,277.84059829881716,0.06231025553314175,0.033701108661174844,0.0005871075372697235,4109.225248884949,1025.9797999580746,-0.026537517609014856,-0.020811355137661757,-175.93613811438058
2.4018273676367014e-6,224.70077211204193,3503.765655756687,-0.0030991821909577767,-0.017371954688187575,3.0740626079267162e-6,365.2564659336231,3624.402089052793,0.011239514424785045,-0.01074779670540699,2.16179050833853e-6,865.7128698384751,270.70025869513097,0.0621442475435742,0.03403062263061394,0.0005861130800080962,4106.912333974372,1037.1997670405294,-0.02738028438604292,-0.019518356983678153,-175.9612961437837
2.389209859998422e-6,224.7007721397669,3503.765655439742,-0.004389227968341795,-0.0175876560448161,3.065837398543266e-6,365.256465784548,3624.4020908207794,0.010230923208811193,-0.010816856818565554,2.2178768729315918e-6,866.416595311624,263.1501411119134,0.061643643129662154,0.03382409120083316,0.0005884150274469761,4104.792313179174,1047.884039754037,-0.02732160662740623,-0.018178823065629877,-176.00872722308696
2.3767257486465405e-6,224.70077216129624,3503.765655360268,-0.005717555262932235,-0.01770594960682791,3.0570813047203887e-6,365.25646562227104,3624.402092668423,0.009182112157729847,-0.010810868202974104,2.2739155516797746e-6,867.1208928330337,255.16730198236215,0.060896269098310155,0.03309158751184106,0.0005938203403854841,4102.895281305284,1057.76327931902,-0.02641095227830143,-0.01684614680758086,-176.07852451151336
2.365067674661447e-6,224.70077217694373,3503.7656554928167,-0.007021914273384274,-0.017721953440993563,3.0481562934224167e-6,365.25646544735474,3624.4020946233627,0.008141431819394104,-0.010727564994269445,2.3291363562085607e-6,867.825762867714,246.8112267885874,0.06002607733797748,0.031965165122493595,0.0006017055510531504,4101.266751156482,1066.386114480701,-0.02483887443945712,-0.015607378282402828,-176.1698951212167
2.3547391371176563e-6,224.70077218759093,3503.7656557901696,-0.008252533896288635,-0.017652908249569072,3.039391083434671e-6,365.25646526361294,3624.4020966590906,0.007148989053602919,-0.01058170520887073,2.382950753807995e-6,868.5312058810528,238.19103532574889,0.05915963006721415,0.030616634241611384,0.0006111313142341476,4099.906331832936,1073.5660045912691,-0.022883558726786542,-0.014518734334920897,-176.28151370146415
2.3459949936504053e-6,224.70077219411732,3503.7656561984704,-0.009376998607402067,-0.0175159194603774,3.0310588164673663e-6,365.256465074249,3624.4020987374774,0.006233115520449106,-0.010387343397384282,2.434292118030092e-6,869.2372223388157,229.44583678648812,0.05838085931773672,0.02924738677402355,0.000621156830753731,4098.819554043203,1079.0658039266857,-0.02080861039571326,-0.013637531114963759,-176.41201764046562
2.499966976349339e-6,224.7007724958544,3503.7656382389287,0.0068128835418979515,-0.016535232501552456,3.1398597958382227e-6,365.25646599737416,3624.4020883522726,0.019868888807655638,-0.008743781904175582,4.658947870028085e-10,869.943812707147,552.66000307349,724.5537014824312,-1.0340529663335214,0.0003384870700901803,4112.781598035688,924.7084555360564,-0.14381619634637235,-0.051291339315520136,-176.51061354913327
2.456386143025289e-6,224.70077250666557,3503.7656395005215,0.0020594699640975127,-0.017362703138767407,3.1084864681159355e-6,365.2564663505257,3624.4020804125335,0.016102435429752017,-0.009191853528684351,4.5747935283374165e-10,870.6509774525719,903.2155007079241,741.3988426925735,0.25863662757242745,0.00037190489274728614,4106.442642356111,963.9054620449427,-0.12003433166265086,-0.041773396858056956,-176.51955665646872
2.320446409861404e-6,224.70077222268398,3503.7656610455792,-0.02096986013623372,-0.023408648592032247,2.9524391385409137e-6,365.2564687151405,3624.4020392870634,-0.002775513194145252,-0.013385620090681836,1.0030854989870525e-9,871.3587170419921,67573.81960338113,270.4186940780847,240.83096113509674,0.0006790404379171119,4075.2988666517745,1295.7936298480697,-0.007312088475148136,0.014803803011111174,-176.44946369249215
2.320163010280851e-6,224.70077228959013,3503.7656588200293,-0.020644955112033805,-0.023085987656668215,2.9538179810545065e-6,365.2564686590081,3624.4020384964188,-0.0024741049574937756,-0.012993382431073792,1.7675394009228185e-9,872.0670319426904,36677.52246018139,161.54466943780966,129.34391850753263,0.0006627198345748912,4071.704676923644,1290.009115163101,-0.011162434733455164,0.013041065017279736,-176.37776397693438
2.322482041310242e-6,224.70077234819544,3503.7656569067512,-0.020216999273164456,-0.022633233499625052,2.955377519316934e-6,365.2564685791692,3624.402037844668,-0.0021121858616155414,-0.01251566718326411,1.5523841359449026e-9,872.7759226223287,40336.28516639906,189.18047461479094,142.42550696290579,0.0006503622723419551,4068.062130492567,1282.345156278639,-0.014310676508331016,0.01076824088790144,-176.37849427979373
2.3265044260076096e-6,224.7007723933546,3503.7656554647265,-0.019787641926193002,-0.02210522564251365,2.956600718396329e-6,365.25646846657406,3624.402037540145,-0.0017702470457152638,-0.01199698140312452,1.0266107767087184e-9,873.4853895489496,59898.471115721535,289.36070469728634,212.6887838531496,0.0006428971665699212,4064.694863739471,1273.7592618867034,-0.01642160092606839,0.008248099132237138,-176.45495106036228
2.3322153881921086e-6,224.70077242173264,3503.765654571498,-0.019369600858455814,-0.021539243582739558,2.957416473889115e-6,365.25646831626324,3624.402037721037,-0.0014589796338999685,-0.01146805045278956,1.6560500625626706e-9,874.1954331909757,37698.984039192044,178.80630192822963,132.76321877159424,0.0006404488765703668,4061.9470359532816,1264.1652270333452,-0.017382422072178896,0.005626281441108987,-176.6094383211349
2.3395359357985744e-6,224.7007724333057,3503.765654183793,-0.018932080321621882,-0.02094786621266695,2.9581108099598694e-6,365.2564681227433,3624.4020385351855,-0.0011512776887712098,-0.010941644999025536,8.889178828238997e-10,874.9060540172107,71335.50396790817,326.7611049625102,253.46594073847274,0.0006421220748654823,4060.1023206355508,1252.792957308511,-0.017371843124174252,0.0029358573518745534,-176.83539977332362
2.3484917567397467e-6,224.70077242671604,3503.7656542978093,-0.01845601482640288,-0.02036313019250076,2.9588419032294634e-6,365.2564678797836,3624.4020401122616,-0.0008298220621874702,-0.010444790443133565,9.905843425258353e-10,875.6172524968395,66452.15090504923,283.15318440364405,235.7719987205057,0.0006473853124588088,4059.482445979952,1239.161732584105,-0.016523813430019973,0.0002572353267850198,-177.12956314611102
2.3586736582814825e-6,224.70077240254463,3503.76565485789,-0.017928898203433206,-0.019804291794646,2.9598138849898584e-6,365.2564675825008,3624.4020425690637,-0.00047998214230336657,-0.009994610398050843,1.030881141236948e-9,876.329029099427,66548.47692009609,258.5532352884291,235.96129946927348,0.0006553872325304577,4060.2852677778915,1222.8296980715995,-0.01506133045110806,-0.002369254025972346,-177.48132255183472
2.36997122696662e-6,224.7007723610472,3503.765655818986,-0.017330060658039645,-0.019286762676865785,2.961223875738672e-6,365.2564672224614,3624.402046037299,-8.157018923795772e-5,-0.009604599846054317,1.4331769595538565e-9,877.0413842949229,50155.355950899895,173.34668850492142,177.08711113061503,0.0006655339280482818,4062.7162468443016,1203.5512974572014,-0.013156579661234812,-0.00488387862319861,-177.87997919678088
2.3818674872667742e-6,224.7007723033459,3503.7656571152093,-0.01665072558277214,-0.018826403982821132,2.9632723236500933e-6,365.25646679302196,3624.4020506280367,0.0003786451441729642,-0.009288296949403047,1.6374114196629152e-9,877.7543185536562,45765.028270099894,138.33604123676784,161.27018928337338,0.0006770562995837154,4066.868083037808,1181.3368633034552,-0.011009142862524378,-0.007235180582126336,-178.31306324655117
2.3937317504519626e-6,224.70077223050754,3503.765658681967,-0.01587565967196645,-0.01842829628362347,2.9662401618078924e-6,365.2564662901848,3624.4020564181988,0.0009205301819093947,-0.009050575839995459,1.2909938206233014e-9,878.4678323463388,59720.41826735439,156.25238580820906,211.0885544863337,0.0006891850189116992,4072.7615822073917,1156.1289629016474,-0.008793743819285686,-0.009421958460611217,-178.7692208961869
2.405171508494338e-6,224.70077214285928,3503.7656604805998,-0.014983342072245623,-0.01810487653896508,2.9703922446724677e-6,365.25646571105835,3624.402063473879,0.0015672929565001938,-0.008901513907197773,1.4976195029551738e-9,879.1819261440658,52554.00863669896,117.31618792531275,185.35142829548835,0.0007012470927505092,4080.3719943552805,1128.0220524418455,-0.006644489122236086,-0.011447957784924507,-179.24005266028985
2.416011966317686e-6,224.70077204088145,3503.7656624780875,-0.013941399271924358,-0.017830658224302905,2.9760435530504047e-6,365.25646505258874,3624.4020718782594,0.0023497485933365635,-0.00882094106323183,1.8694691802272987e-9,879.8966004183146,42410.80401438701,79.83100330287247,149.02747834565878,0.0007128684070025514,4089.6758026242596,1096.7922064810084,-0.004619111446965654,-0.013363675236322809,-179.71696347301568
2.4263691247804464e-6,224.70077192420038,3503.7656646751807,-0.01271418915498849,-0.017593105519545498,2.9834542963657443e-6,365.25646431358297,3624.402081708955,0.003298528930818944,-0.008798884189299591,2.6561946155091695e-9,880.6118556409464,29657.827245552402,46.53681820296704,103.45129978427585,0.0007237841911772015,4100.627416496761,1062.2780714890553,-0.002742688616166281,-0.015222031507241073,-180.19256233629937
2.436275264280797e-6,224.70077179178259,3503.7656671124155,-0.011289339097709501,-0.017382804895976524,2.9926973946236066e-6,365.2564635009887,3624.4020929601697,0.004422889450751795,-0.00882611235372457,2.0503995250243176e-9,881.3276922842056,36889.942707224465,49.77713190091731,129.1856360153442,0.0007338341013786721,4113.090575074792,1023.9014319781911,-0.0009980848619519295,-0.017168183800830274,-180.6574916543014
2.4470488883966252e-6,224.70077164266385,3503.765669824852,-0.009601624635018995,-0.017145536408350065,3.004010495401173e-6,365.2564625985,3624.4021059409492,0.0057710357286066,-0.008858793191936823,4.0781805102603e-9,882.0441108207198,17787.465060488423,20.966370272627696,61.07899839309615,0.0007433327323890063,4127.190667647678,981.0811225502806,0.0006948363246644029,-0.01923588362069593,-181.10515050667075
2.459054756071754e-6,224.70077147736328,3503.765672853713,-0.00767620469899767,-0.01685918075788805,3.017119189205489e-6,365.2564616201911,3624.4021205236863,0.007317823970355771,-0.008873528594996433,4.226283778287163e-9,882.7611117235034,15713.223967244818,18.3016269043207,53.67812302415773,0.0007524661437095778,4142.598539608052,933.4217448718945,0.0024238769660705926,-0.02157778008499565,-181.5218978758186
2.4737934238206846e-6,224.70077129231797,3503.7656763429804,-0.005512916291458795,-0.016514409014622533,3.0316999928778964e-6,365.2564605590608,3624.402136837147,0.00905274949981961,-0.008857658296008876,4.052280316019938e-9,883.4786954659526,14181.540742026038,20.900828474838693,48.20641761658839,0.0007618629987057861,4159.196199257803,879.8302154236247,0.00435986992785636,-0.02436220154361592,-181.89753492070398
2.4984070117941986e-6,224.7007710496532,3503.7656811707398,-0.0027559634745681523,-0.01618192296030412,3.0490967136215354e-6,365.2564593033128,3624.402156665443,0.011231640819968412,-0.008880771252217092,8.407186736965666e-9,884.1968625218492,4843.555876339168,15.55433860404431,14.96087051525183,0.0007732851807243694,4178.30200181475,810.8291699941793,0.007086178199471662,-0.02851069180929936,-182.2214871050809
2.53875223667664e-6,224.70077075312395,3503.765687208619,0.0009154163723639914,-0.015606762070058977,3.071193730494258e-6,365.2564578544036,3624.4021799953425,0.014125576391318577,-0.008722354625337533,1.1204590837568802e-8,884.9156133653605,486.8572751487647,13.435283127907585,-0.6062996281125239,0.0007901852035850467,4198.859663649434,733.3048310166544,0.011048886476353515,-0.03303152741271627,-182.4612323997174
2.574474937949168e-6,224.70077054426784,3503.7656912569487,0.004176310073873448,-0.014708131363016214,3.0920057934423883e-6,365.2564568360825,3624.4021967843178,0.0167601384484328,-0.008209667167053378,1.0490429742367375e-7,885.6349484710389,467.23588723604706,1.0775496820272914,-0.7260616109340268,0.0008089982864700025,4212.244945516768,689.7625124640791,0.014566881822704335,-0.0345429920856982,-182.62866572307814
2.5337640223954123e-6,224.70077044482437,3503.765690225126,0.009958118535905508,-0.011614105921958039,3.1446576522399596e-6,365.2564571250565,3624.4021999497577,0.022033918410636955,-0.005874146292195713,7.135679901224612e-7,886.3548683138226,376.34347319245404,0.14540277669917862,0.09114936100008839,0.0008476629638475225,4221.300328167695,654.4573188007059,0.021372276851158143,-0.034942866446325084,-182.71330972474192
2.537226476836733e-6,224.7007703834802,3503.7656916047013,0.010626554867931091,-0.011284857202175709,3.1482202856756252e-6,365.2564570190562,3624.402201885406,0.022563877716229214,-0.005654086778747389,7.433541338325614e-7,887.0753733690361,363.56337340071315,0.11009382477456037,0.1075992488296529,0.0008669369497202232,4221.915269067365,645.779015211131,0.024302126148182803,-0.035256179104755384,-182.60824714856352
2.541079903508887e-6,224.70077033782704,3503.765692675774,0.011154581099281885,-0.010973999699243342,3.1508383454373126e-6,365.25645699327447,3624.402202477451,0.022978560363577902,-0.005440825212103443,7.794106678197937e-7,887.79646411239,347.650489024305,0.07648567496398195,0.11229501245870532,0.0008856587731651881,4221.45010873375,641.4319351650466,0.0269694346468006,-0.03529333111247233,-182.48579545291724
2.546082809147678e-6,224.7007703046509,3503.765693490939,0.011602075976454379,-0.010651038242581316,3.1529351188432357e-6,365.2564570343867,3624.402201957012,0.023327424273296905,-0.00521309478839284,8.234979273674978e-7,888.5181410199809,328.7073441299306,0.04635679594977855,0.1073075055504942,0.0009039999855096566,4220.167268424745,640.3933051438438,0.029431583137775007,-0.035120411058134716,-182.349124205931
2.5523254342002964e-6,224.70077028351932,3503.765694033796,0.011988566909645464,-0.010308736234469755,3.154723588538244e-6,365.2564571396133,3624.402200393024,0.023628778303256548,-0.004966251015073562,8.787832989577348e-7,889.240404568295,307.3718002829188,0.022215681472113304,0.09469886928641987,0.0009217392007913947,4218.179336485079,642.2572902647357,0.031683300563549656,-0.03477770854708326,-182.20009923969033
2.558480734478325e-6,224.70077027545534,3503.765694252026,0.012289296776839334,-0.009979284122575326,3.1561855601163036e-6,365.2564572950828,3624.402198062437,0.02386677962622073,-0.0047239061023636834,9.440071879169366e-7,889.9632552342031,285.99891960149296,0.006415049712953921,0.07905260529640554,0.0009379409844352853,4215.587505807967,646.7509801744299,0.03363162699814195,-0.034316700898772645,-182.04057546068657
2.5631798808478463e-6,224.70077027942256,3503.765694163175,0.012484726817290539,-0.009707510750482656,3.157202042112063e-6,365.25645747473123,3624.4021954127766,0.024025983446255696,-0.004519539274626656,1.0132402546304818e-6,890.6866934949646,1157.704303183049,-0.0019390437012864906,0.06515594989258564,0.0009517603480235742,4212.538160888294,653.1856252966351,0.035217277222680095,-0.03382206683148526,-181.873508100446
2.5662773485260895e-6,224.7007702921185,3503.765693854569,0.012591838714082629,-0.00950099042359804,3.157788157711021e-6,365.2564576562105,3624.4021927918216,0.024117604272307327,-0.004359829258212713,1.0812875998498374e-6,891.410719828227,250.87829244732612,-0.005887971968193546,0.05457447377573043,0.0009632289896835422,4209.210734979054,660.7103537739506,0.03648531833352886,-0.03335168669685055,-181.7022531959217
2.5682167321981845e-6,224.70077031094652,3503.765693395814,0.012637776436618843,-0.009343401369959323,3.1580452613080107e-6,365.25645783297483,3624.402190289202,0.024161621370245065,-0.004233647183910725,1.1462298466395965e-6,892.1353347120258,236.91379434356875,-0.007724793280004705,0.046806028749106846,0.0009728284264053973,4205.705466588782,668.8486249464557,0.03751742383949231,-0.03291864525893683,-181.52959293501624
2.5693996758552433e-6,224.70077033395853,3503.765692838064,0.012641903338150517,-0.009220660857936658,3.1580488439919187e-6,365.2564579993978,3624.402187975882,0.024172309343376684,-0.00413129584975481,1.2076233241908145e-6,892.8605386247854,224.53151611372527,-0.008564139039325378,0.04114131262356575,0.000980884574000285,4202.122529736565,677.2303940398378,0.038364924902276415,-0.03252911671528738,-181.35762871194862
2.5700225753568395e-6,224.70077036010736,3503.7656922096635,0.012614391197396288,-0.009121011078635702,3.157848577775894e-6,365.25645815557255,3624.4021858433453,0.02415750033076624,-0.004044383665835247,1.2653850918792613e-6,893.5863320453186,213.279981409638,-0.009006654199539279,0.03701846005731705,0.0009877121946703655,4198.506234225355,685.7100531618744,0.0390706647204171,-0.0321765924286227,-181.18796153006477
2.5702270826862337e-6,224.70077038846853,3503.765691534801,0.012562874554356488,-0.009040531361316714,3.1574792694519483e-6,365.25645830201125,3624.4021838729727,0.024122966840527175,-0.003970576768429366,1.3197820547229498e-6,894.312715452828,202.88639181903704,-0.009322340796217935,0.03405715633038148,0.0009934878344722978,4194.896205004583,694.170580582046,0.03965886757277332,-0.031858968286297015,-181.02184029430248
2.570101800628767e-6,224.70077041823458,3503.7656908333374,0.01249348680507298,-0.00897406776852922,3.1569752501955602e-6,365.2564584378336,3624.402182072318,0.024073530316102404,-0.003906384785344705,1.3710071495547747e-6,895.0396893269044,193.14933324197256,-0.00968382492465239,0.03197949619313415,0.000998346566794853,4191.334633577487,702.4997543407042,0.04014747667226027,-0.03157412140863493,-180.86025289484172
2.569688684345821e-6,224.7007704489151,3503.7656901188075,0.012408753383679708,-0.008918120627487598,3.1563470164509866e-6,365.2564585644763,3624.4021804127606,0.02401108639086166,-0.0038493821903288605,1.4193452862074602e-6,895.7672541475316,183.95154669069066,-0.010171606959009661,0.03062389895549822,0.0010024254223760707,4187.846110386135,710.6258297757076,0.0405533319694792,-0.0313194132338974,-180.70398182735116
2.569017269227044e-6,224.7007704799801,3503.76568940416,0.012312248434587659,-0.008870932864550256,3.155618088637097e-6,365.2564586829916,3624.402178876086,0.023938595432030255,-0.0037985973920631965,1.465197090227586e-6,896.4954103950804,1071.6728817507276,-0.010850508288736512,0.02983708524032618,0.0010058366714965192,4184.449358325962,718.5198438946867,0.04088931306287483,-0.03109010979922663,-180.55364113118426
2.5681538582239267e-6,224.70077051091164,3503.7656887026033,0.012206659792245424,-0.008830279706938702,3.1547969853700397e-6,365.2564587933002,3624.4021774544726,0.0238579560248672,-0.0037525206057478716,1.5090113860455834e-6,897.2241585503133,166.79945406090363,-0.011724029764271237,0.029564850913431234,0.0010086437978939172,4181.176984483514,726.072377794765,0.041163840511019935,-0.030888863462968052,-180.40970304664225
2.567090026327549e-6,224.70077054143724,3503.7656880204163,0.012094390143453294,-0.008795922782795748,3.1539049331022115e-6,365.2564588980671,3624.402176110135,0.023771363621265612,-0.0037113294929058786,1.5511869103187188e-6,897.9534990943833,158.73086445027633,-0.01284823155870237,0.029708416411827327,0.001010942363422936,4178.026569404676,733.330070970244,0.041386812910026306,-0.030708109146754127,-180.27251920164787
2.5658808661670524e-6,224.70077057107125,3503.765687369863,0.011977525005146391,-0.008766010268190507,3.152947367449138e-6,365.2564589968089,3624.4021748436535,0.023680311747973963,-0.003673676816304476,1.5923234244777336e-6,898.6834325088349,1049.6568046842617,-0.014212823782031073,0.030267537569670554,0.001012799402259015,4175.026257921148,740.2007814258436,0.04156601013611353,-0.030549668025787707,-180.14233890507637
2.5645408555245885e-6,224.70077059961736,3503.7656867551773,0.011857597500124344,-0.008740693604002168,3.151937077473769e-6,365.25645909111427,3624.4021736309323,0.023586174160398828,-0.0036400446912059404,1.6328366683215484e-6,899.4139592756039,1042.8955139961422,-0.015844745590960573,0.03119516405295014,0.001014251026392122,4172.183465947209,746.699273629325,0.041704658714039014,-0.03040936712474402,-180.0193258992863
2.563100567227979e-6,224.7007706267117,3503.765686184705,0.011736752624573866,-0.00871765843376742,3.1508825177890677e-6,365.25645918090936,3624.4021724730733,0.02349070560586273,-0.0036086331538215033,1.6733850790480523e-6,900.1450798770177,136.24449037124387,-0.017770707242551517,0.03249274514302352,0.0010153801077061174,4169.514802796084,752.7766332380166,0.041811552833645516,-0.03028618691499222,-179.90357429657197
2.5615966151232893e-6,224.70077065223595,3503.7656856616222,0.011616135562402295,-0.008697242413611457,3.1497896718150158e-6,365.25645926785046,3624.4021713417733,0.023394846796219396,-0.0035800052567342344,1.7146975352786719e-6,900.876794795796,1030.1353583090195,-0.019987841308711635,0.034171603999266144,0.0010162048805156796,4167.019872738641,758.4499849930687,0.041888764036485886,-0.03017788471653396,-179.79512486298833
2.560079415509167e-6,224.70077067598407,3503.7656851897846,0.011498327501473837,-0.00867857500422204,3.14866904885927e-6,365.25645935220024,3624.402170231297,0.023300670883758735,-0.003553612243405565,1.7576080229636023e-6,901.6091045150497,122.5297569374296,-0.022516301843564658,0.03626063282572,0.0010167481642990943,4164.709237545506,763.6907208613391,0.04193890528129871,-0.03008474982759238,-179.6939819090015
2.5585756466210423e-6,224.70077069772753,3503.7656847745084,0.011384463338901207,-0.008660009682265839,3.147523270075676e-6,365.2564594335872,3624.402169146747,0.023209208074516426,-0.003528262033072591,1.8029479691917775e-6,902.3420095182855,116.0491621577431,-0.025386451886293376,0.038779835031883585,0.0010170469407810429,4162.59620792705,768.481635189428,0.04196552860580175,-0.030004319390342815,-179.60013253485855
2.557120735569616e-6,224.7007707174436,3503.7656844164308,0.011275576239881917,-0.008642270206278477,3.146353018558539e-6,365.25645951329386,3624.4021680666697,0.023121371668021834,-0.00350478540110131,1.8518042080947868e-6,903.0755102894001,1012.8985726716481,-0.028631914307577257,0.041768218356409835,0.001017103104281696,4160.676749141879,772.8519773304101,0.04196856175640292,-0.02993423899354967,-179.51356912622313
2.5557536067055325e-6,224.70077073496242,3503.7656841191915,0.011173301733947554,-0.008623497206276075,3.1451582628743324e-6,365.2564595908716,3624.4021669952535,0.023038587843489486,-0.0034817813238735397,1.9053963035124575e-6,903.8096073126848,1007.6614503091653,-0.03231072637133623,0.04527355660053985,0.0010169334347684084,4158.962935354202,776.7815663546843,0.04194984662240219,-0.02987334268361201,-179.43431901824027
2.554561274054103e-6,224.70077075024264,3503.7656838838097,0.01107886418910268,-0.0086018499797222,3.1439304834293655e-6,365.2564596653477,3624.4021659372497,0.022961783828309632,-0.0034579796788651762,1.965381691748579e-6,904.544301072824,98.16801933908492,-0.03643922964913871,0.04937985367340824,0.0010164931953743474,4157.470144446116,780.2261959141503,0.04190530441476976,-0.029823893986268706,-179.3624857515488
2.5535652625075137e-6,224.7007707631612,3503.7656837141503,0.010993242159271383,-0.008578162017006218,3.142659260587173e-6,365.25645973683646,3624.402164886076,0.022891982054668754,-0.0034343105442179154,2.033434628569814e-6,905.279592054897,998.0353477081362,-0.04114900353691524,0.05413783400785549,0.0010157614914944092,4156.202665177685,783.2228308901726,0.04183211463054727,-0.029781566352716046,-179.29831201877386
2.5528615122378073e-6,224.70077077374444,3503.7656836109254,0.010916744278677542,-0.008549864142531083,3.1413183810004828e-6,365.25645980404715,3624.4021638458717,0.02282947388168855,-0.003408960481983814,2.11185805265594e-6,906.0154807443764,993.6272821253189,-0.04655640648661742,0.05960766452356052,0.0010146672029064997,4155.177841215482,785.7411896649159,0.04172329627618232,-0.029746841155949208,-179.2422820910764
2.5525547011342393e-6,224.70077078189232,3503.76568357857,0.010850233365209225,-0.008514928605120582,3.13987320354683e-6,365.256459864263,3624.4021628368764,0.022775026385351425,-0.003380673501869498,2.203385371300094e-6,906.75196762713,82.7244463551947,-0.05287012329778037,0.06586636513502908,0.001013086688190789,4154.430027342772,787.7259698788956,0.04156618298218017,-0.029720909769600623,-179.1952999480636
2.5527927959921015e-6,224.70077078766334,3503.7656836208253,0.010792366760845749,-0.00847322726671702,3.1382577667495056e-6,365.2564599156859,3624.4021618527345,0.022727585587192848,-0.003349898591509611,2.3116986147318484e-6,907.4890531894207,985.5579051746485,-0.060375426634851306,0.07297878160896935,0.001010829867541066,4153.986775138712,789.1526026268613,0.041341108396964504,-0.029705057029458144,-179.1590189219055
2.55381760704113e-6,224.7007707910981,3503.7656837434124,0.010741459145501508,-0.008421440820206225,3.1363759974759535e-6,365.2564599524828,3624.40216093151,0.02268572181419664,-0.003314691803397437,2.4413112188846705e-6,908.2267379179052,981.8025950901924,-0.06952460541304828,0.08096289895476397,0.0010075632675193098,4153.919829776577,789.8843852610867,0.041014031419034536,-0.029706042421915154,-179.13649099767525
2.5560171710189595e-6,224.70077079249359,3503.7656839503766,0.01069279286926463,-0.008359340635751092,3.134073684426558e-6,365.25645996709824,3624.402160107799,0.02264524732000823,-0.0032762136962070534,2.5978157540976935e-6,908.9650222996391,69.14444406487829,-0.08096641768568755,0.08978626458054638,0.0010026556734913001,4154.333740828294,789.7264198041537,0.04051955041708974,-0.029738890701352737,-179.13353659640987
2.560058925983906e-6,224.70077079298719,3503.765684232465,0.010632563579242445,-0.008287875758112524,3.1310923134258928e-6,365.25645994750926,3624.4021594393416,0.022594185115940413,-0.003237264904429489,2.7882679046430468e-6,909.703906822071,974.3126097922294,-0.0954693213536715,0.09924645494456977,0.0009949866187332183,4155.389156248104,788.3461464784812,0.03973952750942706,-0.02983445731052407,-179.1618402962137
2.567062174129342e-6,224.70077079506112,3503.765684552312,0.010531967928469286,-0.008217239276224189,3.1270537618175045e-6,365.25645987053565,3624.4021590833336,0.022507307424195787,-0.003209764963892357,3.01824424870195e-6,910.4433919730462,970.2099454464741,-0.113735655998373,0.10892847937411645,0.0009823378811870656,4157.403522820414,785.0799437213457,0.038429800723459126,-0.030059770961042374,-179.24637260300761
2.5787730161837445e-6,224.70077080699252,3503.7656847216163,0.010307966652328897,-0.008190974864171682,3.121454447530847e-6,365.25645970697434,3624.402159206163,0.022313842084926504,-0.0032347153681027458,3.2778807656947995e-6,911.1834782408074,965.6274217450402,-0.13490255840200888,0.11795787004451389,0.0009603928094944715,4160.800523417331,779.1455932473011,0.036076158546504256,-0.030543563121492572,-179.44316926929486
2.596164644601506e-6,224.70077085209536,3503.7656840758823,0.00972311286724188,-0.008368111046169031,3.114224854277589e-6,365.2564594566531,3624.4021596466073,0.02181693541819134,-0.0034450204705305967,3.468711877549231e-6,911.9241661139935,960.8085374566108,-0.15155248392344922,0.12488042720829728,0.0009222574538488337,4165.754378623265,770.9459313389071,0.03168759265026661,-0.03146040623262013,-179.87037095056974
2.609062985446091e-6,224.70077098781857,3503.7656806877117,0.008242341215573722,-0.009215324000169276,3.1086980930349182e-6,365.25645945478,3624.402157107515,0.020590635024115907,-0.004187236369279741,3.1691561985865036e-6,912.6654560816409,955.5414206174588,-0.13346254510908076,0.12208201752085678,0.0008701714451106478,4168.354523949225,772.2546062686572,0.02489214123860476,-0.0324231086879336,-180.64082142406124
2.6189372229863887e-6,224.70077058607626,3503.7656884934113,0.006259168170549115,-0.010238670133361648,3.090633646160312e-6,365.25645851989714,3624.4021489911624,0.018994975481362107,-0.004972758106563497,4.662758880948426e-6,913.4073486331835,825.1212221638156,0.11505976366374222,0.10861439234094698,0.0008732674791476782,4174.449122757493,759.43268721021,0.024236350732967555,-0.0326086089298675,-180.95789024198066
2.6345531311554277e-6,224.70077041095058,3503.765691571046,0.007676076792735185,-0.010689134962099315,3.099171299580348e-6,365.25645811597684,3624.40214558227,0.020111551247221568,-0.005250190164315742,4.1980423124908095e-6,914.149844258452,-77.52120544470858,0.09321998081463644,0.1954363474232787,0.0009082546971713956,4166.594741143612,755.9096716795832,0.029454522696353506,-0.034158861690694514,-180.4219772419652
2.6387480278967285e-6,224.70077039945826,3503.765691485557,0.008780981950424585,-0.010565772765299184,3.109690226993129e-6,365.25645809629657,3624.4021462476658,0.0209837357082583,-0.005102748050965615,3.435167625887158e-6,914.8929434476785,840.3681351368642,0.0983674047450271,0.22509416065364668,0.0009364090917281221,4161.362256179877,753.5248813016952,0.03349829098820907,-0.03489685780372055,-180.14098980726638
2.6320597237486766e-6,224.70077044589368,3503.7656902306367,0.009475259684311996,-0.010458810530400176,3.1194310982772895e-6,365.25645838817223,3624.402144866721,0.021535951669201348,-0.004993327892470558,2.651010963602324e-6,915.63664669149,845.8523145706611,0.11964112387569632,0.24924070678122237,0.0009532937875311651,4157.994199083437,756.317623468358,0.035769307187031835,-0.034865373754711285,-180.0506051126298
2.6168234994632973e-6,224.70077051100978,3503.7656885528654,0.009996921846584666,-0.010383707286274801,3.129024768785975e-6,365.256458957579,3624.402140436112,0.021961923508188135,-0.004918687620788246,1.912308630720365e-6,916.3809544809142,859.2452002746776,0.16262356360690486,0.28979172207327236,0.0009651949256386163,4155.115814419955,764.906022061408,0.037167939830876524,-0.0341725822917741,-180.02352584828998
2.571008572963345e-6,224.70077066128573,3503.7656846652008,0.010477302599821674,-0.010173814686454653,3.145266395180882e-6,365.2564605937499,3624.402126986034,0.022400515365092338,-0.004729525053020975,8.733297024644174e-7,917.1258673073771,927.7531618162652,0.4565695568212559,0.4513638154170294,0.0009842161295206598,4149.864159595762,794.6146243750833,0.038778022198797134,-0.03130128970840353,-179.99640109401724
2.5714812081796784e-6,224.70077064567917,3503.765685160099,0.0107385342019927,-0.00993792431196582,3.1472997338144807e-6,365.25646066478436,3624.4021301656453,0.02261591384191111,-0.004557995422550001,9.130370316501757e-7,917.8713856627048,894.539607906429,0.4593667772010994,0.33225795953158943,0.0009908618272810737,4152.331954753533,788.2190404539325,0.0394909802860945,-0.031236614959496305,-179.98674355101846
2.5754888753522333e-6,224.70077062219383,3503.7656858375894,0.010960214220971312,-0.009788599780093592,3.1482369053807774e-6,365.2564606425447,3624.4021332098155,0.02279331656060013,-0.004459400331271468,9.83227090295126e-7,918.6175100391229,866.8184924451032,0.4242066009997978,0.24327124098048764,0.0009934322507725668,4155.057345516758,780.5259072312726,0.039805028126271555,-0.031397140746856095,-180.01910694830121
2.5806642367933463e-6,224.70077059525406,3503.7656865709296,0.011166819391342855,-0.009684781549161478,3.1489473226440313e-6,365.25646058263857,3624.4021360791303,0.02295634354320005,-0.004399749048039115,1.0466932373005483e-6,919.3642409292571,846.0809461619351,0.38955970437002174,0.18312833828485464,0.000994064661035412,4158.007883499158,772.2961708993114,0.03992259617329211,-0.031632241570541626,-180.08142472357386
2.5867321706602615e-6,224.70077056488475,3503.765687362452,0.011366039138181782,-0.00961099649802385,3.149569420914452e-6,365.2564604861361,3624.402138980527,0.023111764338110533,-0.004366446092154957,1.1021335211796321e-6,920.1115788261338,829.7527753798103,0.3593157988852613,0.1416676873894439,0.0009934439722723576,4161.236741799652,763.3486406060825,0.03991527786683622,-0.031928592788300764,-180.16756874557166
2.5935757784033114e-6,224.70077053106513,3503.7656882169463,0.011560066747448404,-0.009556649233462028,3.1501483184460377e-6,365.2564603488891,3624.402142119877,0.023261461612887887,-0.004350971606052899,1.1499183209716679e-6,920.8595242231789,816.139876326901,0.3338086588474252,0.11234705704034047,0.0009919074234955995,4164.805975969159,753.4615855444307,0.03981827051327318,-0.032286041339395714,-180.27416508125324
2.6010577031622995e-6,224.7007704942678,3503.765689128424,0.011747426971818662,-0.009517362366308346,3.150695268213672e-6,365.2564601718023,3624.402145593148,0.023404327271224917,-0.004349737338719107,1.1907210155089603e-6,921.6080776142225,804.1754078995855,0.31248012858952945,0.09091145265661982,0.0009896256506949487,4168.726184377332,742.5856026992924,0.03964965749838709,-0.03270220939129477,-180.3990941975984
2.6090690204530923e-6,224.70077045481568,3503.7656900923976,0.011926783016113187,-0.009488819368129318,3.1512137614725566e-6,365.2564599532794,3624.4021495047787,0.023539199211079886,-0.004359133231661624,1.2247350576102926e-6,922.3572394934931,793.2125708688993,0.2947241163810305,0.07472772717445011,0.0009866859911636082,4173.021734703815,730.6279922945625,0.039419180661776236,-0.03317932755795021,-180.54075698864352
2.6174854522336944e-6,224.70077041313215,3503.765691103561,0.012093361528072315,-0.009468833888604714,3.151678960619803e-6,365.25645969231095,3624.4021539228725,0.02366212632189904,-0.004377314824864126,1.2522819518485842e-6,923.107010355622,782.8354645246809,0.2798874626772815,0.06218743634861338,0.0009831477413109486,4177.69392396681,717.549423449535,0.039133677036183076,-0.03371926634199581,-180.6976665974428
2.626171804869355e-6,224.70077036967592,3503.7656921549797,0.012240871854091076,-0.00945640481399039,3.1520529225183287e-6,365.2564593883824,3624.4021588947553,0.023767881005363416,-0.004403200392532762,1.2735753984101396e-6,923.8573906956426,772.7567330655166,0.26743475222889246,0.052184445700140254,0.0009790432807539955,4182.744685989797,703.3043372527117,0.038797336032963106,-0.03432601716301911,-180.8681858643477
2.634973413785452e-6,224.70077032506185,3503.7656932353243,0.012363453821089101,-0.009452010511462687,3.1523026428861264e-6,365.2564590422499,3624.4021644419795,0.02385154142247532,-0.004436970397916691,1.2886939766461106e-6,924.6083810089906,762.7755877166853,0.2569777026227862,0.04399791265185097,0.0009743682331492046,4188.1503415544585,687.909404982153,0.03841161949137227,-0.03500361648723652,-181.0503349466774
2.6436928636617426e-6,224.70077027979144,3503.7656943365932,0.012452083452268345,-0.009456125091024975,3.1523714492993653e-6,365.25645865465884,3624.4021705769665,0.02390567340122425,-0.004478565930458665,1.297750675703412e-6,925.3599817915045,752.735775057595,0.2482185375464392,0.03716227525138678,0.0009691699855372587,4193.8927608276335,671.3570177108761,0.03798295937874048,-0.03575592932223025,-181.24163806961263
2.6520983876767083e-6,224.7007702348955,3503.7656954374756,0.012495328615927842,-0.009471039211929627,3.1521894186448547e-6,365.2564582290934,3624.4021772685837,0.02392085780113491,-0.004529406909084068,1.3009401105141538e-6,926.112193539426,742.5001358493543,0.24092454237791588,0.03129261583879547,0.0009634160817297999,4199.924055738397,653.7156856002964,0.03750967118266529,-0.03658804564204279,-181.43899808609228
2.606833904845592e-6,224.7007702452496,3503.765694667736,0.013398991913028858,-0.010380201187870131,3.1636903266373027e-6,365.25645737172187,3624.402200756601,0.024718779460523817,-0.005280382841866822,5.43290993759224e-7,926.8650167494,143.3077142095772,0.46417176049726566,0.06812977231340911,0.0009357583416058043,4205.569647623235,687.7867351888394,0.03303540064027512,-0.03200033788332819,-181.60448550621214
2.6096758393692753e-6,224.7007701994353,3503.7656958282537,0.013550911169341182,-0.010313350308580603,3.164654570989079e-6,365.25645726077107,3624.4022024762476,0.024837120204855,-0.005260016259335838,5.039153284331535e-7,927.618451918474,135.56716544780676,0.48619035753824635,0.06949689426562378,0.0009326919699327499,4210.964078948662,674.6828828111013,0.03272592803953643,-0.03237344281257954,-181.77357971982966
2.6121871109525387e-6,224.70077015891545,3503.7656968903466,0.013638943491341263,-0.010222738850529912,3.1652734705184855e-6,365.25645713120684,3624.4022044529333,0.02490543403992739,-0.005220847929213297,4.60342816830384e-7,928.3724995441028,1057.0141564915136,0.5122327670841151,0.07471359608473342,0.0009287767339172143,4216.593573834567,661.2467705259639,0.03229713518393701,-0.03274651163641112,-181.96134152290315
2.614145216412983e-6,224.7007701254748,3503.7656978122004,0.013645708019658113,-0.010107353119201938,3.1654408439126287e-6,365.2564569813261,3624.4022067124697,0.024909761461721282,-0.0051612714308335896,4.128175174821653e-7,929.1271601241425,122.81979246283596,0.5433419693605229,0.08493095958300906,0.0009239872689746565,4222.368359131884,647.7098975827244,0.0317391712290449,-0.033114792856434164,-182.16559414952775
2.6769128717208987e-6,224.70077005900407,3503.7657000050676,0.01152744278353869,-0.009902089939518494,3.144561202416376e-6,365.25645583968685,3624.4022150822257,0.02300904274703424,-0.005050795957199659,1.2454285650150574e-6,929.8824341568549,685.2348172034847,0.2251037473487478,0.011611394693763754,0.0009266263730180782,4231.375473866281,556.0897040578836,0.03450404327043299,-0.0418852412035356,-182.35754462045
2.6749284332428385e-6,224.70077004677427,3503.7657004283915,0.010968700835983029,-0.010118146078278928,3.1409856048534983e-6,365.2564554278557,3624.402221845329,0.02253005055734153,-0.005246927206798288,1.2262339628876951e-6,930.6383221409067,672.4339923509165,0.22622523050207075,0.009795798608388483,0.0009174204502639578,4236.905500918988,537.8740879503841,0.03369408899372319,-0.0430655002243588,-182.48801710216932
2.6693901234907748e-6,224.70077004798216,3503.7657005543933,0.010241518617458123,-0.010397245549694836,3.1364734549713223e-6,365.25645509452306,3624.4022275051407,0.021917839093168936,-0.00548561001820591,1.2081023418459964e-6,931.3948245753701,659.3869664400552,0.22837071378235999,0.009108332059349238,0.0009074035488458658,4241.679452995978,521.9626915533165,0.032742464523976715,-0.04420421561371754,-182.58803554019673
2.659918764186261e-6,224.7007700659936,3503.765700308623,0.009316693146922687,-0.010742335155248197,3.130847281392052e-6,365.2564548650358,3624.4022316620635,0.021150877501000098,-0.00576731482285706,1.193433590311311e-6,932.151941959723,646.2132686928304,0.2307759929729343,0.009653045778929727,0.0008964474483107211,4245.406517151096,509.5090821489392,0.031595493711031666,-0.04524689499057452,-182.65453523852017
2.645912748161124e-6,224.70077010633344,3503.765699576233,0.008135790459622693,-0.01115694043210441,3.1237624752180445e-6,365.2564547687773,3624.402233830702,0.02018479258340606,-0.0060926481617117135,1.1834195495745287e-6,932.9096747938493,632.9083653529939,0.23221573310079907,0.01130293432559369,0.0008842894398730551,4247.691533794507,502.23805958256094,0.03015951819310113,-0.04610140110777366,-182.68612687068162
2.6262098506967052e-6,224.7007701797441,3503.765698140552,0.006568716634468078,-0.011651372391343643,3.114443038664127e-6,365.2564548537278,3624.402233178753,0.01891807703332701,-0.0064665584816825305,1.179344789330472e-6,933.6680235780391,619.108059981347,0.2309515095505203,0.013446401495965193,0.0008703839794343864,4247.830102558751,503.0634844522825,0.028273183096657405,-0.046619492229781956,-182.68156539916671
2.597129411189582e-6,224.7007703137714,3503.7656954572703,0.004253374738604182,-0.012270682371095524,3.1007831661487057e-6,365.2564552471078,3624.4022275141638,0.0170654581994306,-0.00691790182089404,1.1832094104165272e-6,934.4269888129885,603.5104260374428,0.22455938739264392,0.014431711673896704,0.0008531737605265415,4244.05902506379,519.0695900079011,0.025535522965909503,-0.046446046683049504,-182.63485036347979
2.5384185453793017e-6,224.70077065238146,3503.7656887324183,-0.000773917592596313,-0.01323760973389958,3.071472316796237e-6,365.2564566415765,3624.402205215446,0.013069653655377053,-0.007595510456182863,1.22990736589013e-6,935.1865709998032,579.2463663898401,0.20720132214671175,0.006681436345061537,0.0008235246492033602,4227.046227844467,585.2980736936831,0.019900341119257047,-0.043943077312511715,-182.51508759183383
2.3464101408689334e-6,224.70077274873762,3503.7656514648065,-0.028537043217117575,-0.010388944528439322,2.9106324454391065e-6,365.2564636437583,3624.402095424496,-0.009207219995373094,-0.005243926063108766,2.6516516989740183e-6,935.9467706399935,524.5728331660604,0.18234258030710113,-0.045246780357019505,0.0006359553236301354,4077.8696344619143,1178.2869030009567,-0.0226743222677794,-0.0034205706657262887,-181.50385789104425
2.3474831582737675e-6,224.70077257356778,3503.76565506987,-0.026367519648191524,-0.010755928751712848,2.9241606156108364e-6,365.2564632650532,3624.4021040644675,-0.0074358892933615705,-0.00548246670933735,2.5265680991559414e-6,936.7075882354784,519.3756240483342,0.18634458034701368,-0.03806937662615869,0.0006673884255943674,4086.157314000071,1110.0806029561045,-0.014677385934923015,-0.012051781570015995,-180.87319194647202
2.351441620793252e-6,224.70077245979044,3503.765657259568,-0.02464214487853189,-0.01089445288598337,2.934543701496161e-6,365.2564629164463,3624.4021117839984,-0.0060330581992752855,-0.005560892304575948,2.4483329730856105e-6,937.4690242885848,513.4759314004045,0.1888155821799644,-0.03295614956319761,0.0006887005869654994,4091.660480228468,1070.249299979935,-0.009442594762232434,-0.016483203587531425,-180.29175488882
2.35741572236766e-6,224.7007723726137,3503.7656588411637,-0.023052178726188866,-0.010934493769392905,2.9439700837350955e-6,365.256462636142,3624.4021183304762,-0.00474415327622745,-0.005577017354459731,2.380885498158624e-6,938.2310793020479,507.19776658733525,0.19070724365643607,-0.02945716124265518,0.0007053435051474727,4095.71017790217,1042.3221626248462,-0.005447939785679487,-0.019336055988218814,-179.7693950593715
2.3650667914878837e-6,224.7007723003882,3503.7656600721652,-0.021514313153388562,-0.010915586114697158,2.9530341898227813e-6,365.25646242176873,3624.4021237860834,-0.003500240041181288,-0.005559595043580213,2.315930390700774e-6,938.9937537790116,500.6639329339924,0.19230152635716286,-0.02718330957232804,0.0007189690205237342,4098.923411685259,1020.9858836706527,-0.002215982685645959,-0.02136649308074226,-179.3085814640599
2.3741480520507187e-6,224.70077223796963,3503.7656610678036,-0.020007029184422088,-0.01085836867200939,2.9619021831443763e-6,365.25646226560815,3624.4021282617273,-0.002283194591993295,-0.005523141196449008,2.252069799023005e-6,939.757048223029,493.9386026614873,0.1936752607758108,-0.025849711692139545,0.0007302579602280166,4101.613281612348,1003.8790593373259,0.00045968629138087126,-0.0228938878369075,-178.90818545378895
2.384402583065089e-6,224.7007721823702,3503.765661898418,-0.018525374923783366,-0.010773070563908839,2.970626508388495e-6,365.25646215966026,3624.402131863505,-0.0010884394440689147,-0.005473970778446232,2.189352726755231e-6,940.5209631380612,487.06018963386435,0.19486539979603654,-0.02518991801039377,0.0007396956775944713,4103.974478038969,989.6635744066758,0.002715344331970568,-0.0240861408125886,-178.5650566192683
2.395606940084228e-6,224.70077213179525,3503.7656626063044,-0.01707086666826492,-0.010667450570560953,2.979207896204784e-6,365.25646209537365,3624.4021347011285,8.320676266351387e-5,-0.0054165707744930945,2.1284851855851697e-6,941.2854990284821,480.0526683313833,0.1958798549839162,-0.02497516311367887,0.0007475748711728882,4106.138584819763,977.4930672586892,0.004632814220885016,-0.025045110014713295,-178.2749729418768
2.4075077002724344e-6,224.70077208485412,3503.7656632276344,-0.01564663081093634,-0.01054899030966662,2.9876382967637675e-6,365.25646206615,3624.4021368595354,0.001229661711080433,-0.005355319716792463,2.070011137477947e-6,942.0506563990727,472.93570840379834,0.19673316260395574,-0.024979106436380207,0.0007541888349666513,4108.186926629918,966.8491354117746,0.006283042090427753,-0.025829555599113173,-178.03323818516083
2.4199254968136582e-6,224.70077204066334,3503.7656637835753,-0.014253491993374593,-0.010420260245594589,2.99591319046739e-6,365.2564620658,3624.402138411618,0.0023504547341647425,-0.005290769642207808,2.0143967448716348e-6,942.8164357550252,465.71937418941127,0.1974219678046565,-0.02503406683205404,0.000759745378439708,4110.185935705196,957.2945877478109,0.007715937487621203,-0.026487652096659518,-177.83503585718375
2.432649342286745e-6,224.70077199859483,3503.7656642903503,-0.012893409884584426,-0.010285610595682818,3.004024928135288e-6,365.25646209010137,3624.402139405344,0.003444289363142711,-0.005225060055557143,1.9618223722690357e-6,943.5828376019425,458.4111123665094,0.1979691268945696,-0.024964977379667835,0.0007644148350011152,4112.171494557651,948.5648343647929,0.008969983903001869,-0.027049493438708133,-177.6756173814561
2.445443918334681e-6,224.70077195802773,3503.7656647666136,-0.011570249237119957,-0.010149822960743293,3.0119539434559456e-6,365.2564621359947,3624.4021398747864,0.004508382365564819,-0.005160693583754517,1.9125415876462896e-6,944.3498624458385,451.0179924495024,0.19838031338918202,-0.024609759058581284,0.0007683961250108156,4114.157326553794,940.5139471137453,0.010084194589645521,-0.027531525325910983,-177.55038759369975
2.4581364365733404e-6,224.70077191886406,3503.765665215782,-0.010284825861215412,-0.01001441433719156,3.0196951277414633e-6,365.2564622022671,3624.4021398233626,0.005542146960337804,-0.005097862380732457,1.866647860305678e-6,945.1175107931385,443.5393097372905,0.19866575669585615,-0.02386452574841511,0.0007717823085142538,4116.143163376998,933.0204267929879,0.011079935376020703,-0.027951664266922086,-177.45493508413304
2.470531427238347e-6,224.70077188088504,3503.765665644651,-0.00903966269644048,-0.009882484656851374,3.027231790925616e-6,365.25646228836115,3624.4021392488116,0.006543718705440618,-0.0050379401785852615,1.8243276435080835e-6,945.8857831506793,435.9768445589592,0.1988173758095126,-0.022611552686984195,0.0007746829820799533,4118.126570196164,925.9921651479841,0.01197895161698685,-0.028323696163896697,-177.38504235368302
2.482409400946638e-6,224.70077184396348,3503.7656660594657,-0.007838116451702659,-0.009756821648184916,3.0345463429510906e-6,365.2564623950472,3624.40213813354,0.007510609991818062,-0.00498218844337946,1.7857478232488638e-6,946.6546800257099,428.3309882129733,0.19882411120741192,-0.020743710468218008,0.0007772221662261827,4120.09048930864,919.404953537511,0.012804414013531829,-0.0286539353385231,-177.33669831908833
2.493641452823729e-6,224.70077180826004,3503.765666456141,-0.006681658230466959,-0.009637747900323028,3.041620880688801e-6,365.25646252346905,3624.4021364553605,0.008441505931598143,-0.004930124130159561,1.7511276059748919e-6,947.4242019258905,420.5995260721575,0.1986560279461243,-0.018241958800358962,0.000779407749371105,4122.023997081691,913.1763643341557,0.01356128391308407,-0.028958366999002175,-177.306127020892
2.377239691495795e-6,224.7007717475691,3503.765667171474,-0.005985350739831187,-0.009254743692657748,3.0521167910163736e-6,365.25646369292235,3624.4021188343,0.009099161008791077,-0.004545671535800922,1.0283572363954372e-6,948.1943493592969,80.37659936857018,0.3167977202509459,-0.08579284281120868,0.0008025809496013303,4125.054496298902,926.3064888635405,0.01650611336625832,-0.025340592950072974,-177.18835016285385
2.383190915340585e-6,224.7007717334886,3503.76566724781,-0.005182436752696547,-0.009286191726434877,3.0570180712772903e-6,365.2564640044123,3624.402113663722,0.009730377983070694,-0.004630379073674998,1.0199529265132375e-6,948.9651228344152,72.34521987754644,0.31900300610122584,-0.08403628192763651,0.0008019537408579359,4124.932846576624,925.272474615264,0.016806237442691274,-0.02565872880642277,-177.00089629561626
2.3890176286354707e-6,224.70077171822865,3503.765667360575,-0.004393575970098163,-0.009348449821315052,3.061808940170714e-6,365.2564643400647,3624.40210804092,0.010348544154734398,-0.0047408829636204795,1.0103054315517871e-6,949.7365228601456,64.28702833693745,0.32200566996129865,-0.08234272002098203,0.000800969919418995,4124.839729450036,924.2302193943722,0.017061963479883084,-0.02599843140057518,-176.83023227843103
2.39475813105908e-6,224.7007717016426,3503.7656675123603,-0.0036182654090146193,-0.009440582482958702,3.0664875157592807e-6,365.256464697742,3624.4021020059895,0.010954352925361961,-0.004875866938428776,9.988888876424282e-7,950.5085499458019,56.208003129851605,0.3259591221069441,-0.08068602414899043,0.0007996710882379062,4124.791781837981,923.1216239173752,0.017277837052230453,-0.02636122062581891,-176.67738797645842
2.400492311821114e-6,224.7007716837362,3503.765667702811,-0.0028538483592112814,-0.00956571692471714,3.071067624461572e-6,365.2564650759788,3624.4020955907017,0.011549897105334423,-0.005037441713645632,9.85406191150007e-7,951.2812046011121,48.149246327647504,0.3309679183013045,-0.078855359227444,0.0007980347858593323,4124.783500616366,921.9811555929184,0.017448096300577146,-0.02674331280194795,-176.54399252282786
2.4062541491977536e-6,224.7007716645163,3503.7656679306438,-0.0020999035380674046,-0.009721279706841843,3.0755534099948547e-6,365.25646547162256,3624.40208884868,0.012135598037483495,-0.005223100876418107,9.697833710620055e-7,952.0544873362186,40.14264166005919,0.33707599757710405,-0.07669447016025084,0.0007960772336313817,4124.837754100366,920.7459488593828,0.017571854777375353,-0.02714500315604151,-176.43223754245278
2.41211871616756e-6,224.70077164382448,3503.7656681998465,-0.0013553782590653126,-0.009913021993552132,3.0799480201277585e-6,365.2564658808477,3624.4020818437143,0.012712070106218602,-0.005436909090296875,9.520061524733759e-7,952.8283986616783,985.0816474791299,0.3443261166165867,-0.07386089707479535,0.0007937761081252288,4124.963428745694,919.4481970863472,0.017639161873649313,-0.027559643990736935,-176.3448178541532
2.4181259365823223e-6,224.70077162154783,3503.7656685109314,-0.0006196673900513316,-0.010136718780941141,3.0842577476956262e-6,365.2564662977306,3624.402074665348,0.013280059046299815,-0.005674795133024988,9.316825606218391e-7,953.6029390884634,24.508852683697196,0.35281420932307545,-0.07021830543886075,0.000791181710501458,4125.201460884952,917.9825911755561,0.017652290445703534,-0.027987020097070447,-176.28484169406596
2.4243009056699904e-6,224.70077159750815,3503.7656688680904,0.0001067919379705099,-0.010393684608183991,3.0884844270693374e-6,365.2564667157898,3624.402067414363,0.013839195867114023,-0.005937208859925149,9.089005647136864e-7,954.3781091279599,971.3503421419565,0.36251783825915945,-0.06546532955236696,0.0007883185558143511,4125.582646695655,916.3239690701661,0.01760698604928393,-0.028419687053656224,-176.25570089740137
2.4307107270712333e-6,224.70077157147037,3503.7656692753753,0.0008241704636438071,-0.010680842237358502,3.092630695415701e-6,365.25646712558785,3624.4020602359674,0.014389365202215823,-0.006220601158857078,8.836189248319688e-7,955.1539092919732,964.9096129979664,0.37343807962397585,-0.05903885855518571,0.0007852202434042705,4126.158534066126,914.3422744475178,0.01749983674571942,-0.028857357635027475,-176.26089282229907
2.4373239856780355e-6,224.70077154329113,3503.7656697366015,0.0015297929021712729,-0.010997002876823342,3.0966895098854725e-6,365.2564675186123,3624.402053257197,0.014928332345098367,-0.0065233335153381915,8.562233782816175e-7,955.9303400927212,958.8814066470765,0.385367805140882,-0.05050975795496687,0.0007819414454947739,4126.968629264694,911.9906017259302,0.01732954866740872,-0.029291801505047576,-176.30378708644793
2.4441006947077572e-6,224.70077151259855,3503.7656702603335,0.0022205780797369683,-0.011338847857244117,3.1006521763341464e-6,365.2564678831151,3624.4020466552606,0.015453556278962593,-0.006841817649377966,8.271241131333011e-7,956.7074020428394,953.3728183428294,0.3979557736794724,-0.03940211851561948,0.0007785649186893077,4128.077123035867,909.1402803014752,0.017097749214936113,-0.029717512047972353,-176.38733399302737
2.4509935713823723e-6,224.70077147904297,3503.765670856248,0.002893254256944099,-0.011702495522428176,3.1045094178730947e-6,365.25646820644386,3624.4020406232435,0.015961953934670273,-0.007171747148630316,7.968606450633033e-7,957.4850956553801,948.5487729975665,0.41069878536619747,-0.024898293647393252,0.0007751839024798792,4129.537235259152,905.6873790869669,0.016808287901255912,-0.030127353087139496,-176.51371932497108
2.4578563633883036e-6,224.70077144220093,3503.7656715363923,0.003542694049591484,-0.01208151379648869,3.1082488461570294e-6,365.2564684749045,3624.4020353693954,0.01644883136255345,-0.0075071801670024115,7.668186976695151e-7,958.2634214438125,944.5310574120566,0.4224263769069982,-0.0063984826092117865,0.0007719202111409111,4131.418884834131,901.4794214751307,0.016469889033420945,-0.030515661913173904,-176.68397827243487
2.4645508247726054e-6,224.70077140149763,3503.765672317278,0.004163627454650683,-0.012468127790711351,3.111850432582851e-6,365.25646867296507,3624.402031132982,0.016909192817059035,-0.007840438572307398,7.380095942329328e-7,959.0423799220233,941.4484284216082,0.4317703783027084,0.016875414117236143,0.0007689357382182637,4133.792000609745,896.3464644711968,0.01609794422782448,-0.030876845421443314,-176.8975940745028
2.4708526331913544e-6,224.70077135639377,3503.7656732167484,0.004748803645780504,-0.01285883535558802,3.1152834653444456e-6,365.2564687869905,3624.4020281295757,0.017336331347679028,-0.008167495200169506,7.119009933959829e-7,959.8219716043168,939.3077830251283,0.43672945489637616,0.04527713038285039,0.0007663886969117611,4136.704450303076,890.2119827285143,0.015707588183386977,-0.03119967176604434,-177.15211722374727
2.4765091943340855e-6,224.70077130608556,3503.7656742599147,0.005292699438885867,-0.013244301098346319,3.1185323521637496e-6,365.25646880059793,3624.402026625269,0.01772456059317622,-0.008479249215884882,6.90314846221615e-7,960.6021970054154,937.9509763608743,0.4346564740158187,0.07872113025507443,0.0007644933056430996,4140.222950090522,882.9050785597739,0.015326769585713329,-0.031477020685474436,-177.44285464433693
2.481167800039677e-6,224.70077125001387,3503.765675469734,0.005784435551148298,-0.013620876975625291,3.121534448017631e-6,365.2564687022053,3624.4020268219283,0.018063881441496246,-0.008771185846145176,6.754382443660544e-7,961.3830566404591,936.8513133346787,0.4225904585081836,0.11585498336625695,0.0007634797115435761,4144.3699090883765,874.4138336299086,0.014984778923893601,-0.03169260379070759,-177.7626933566624
2.484466766973507e-6,224.70077118775788,3503.7656768643947,0.006215211510685017,-0.013979711897850475,3.1242324012626753e-6,365.2564684811671,3624.402028922262,0.018346239449418635,-0.009034249619005731,6.694344905901345e-7,962.1645510250094,-27.127113903445146,0.39816377344160836,0.1537542761183913,0.0007635704737107202,4149.166668184866,864.669006918194,0.014714026643752862,-0.031836904173487585,-178.10214841221995
2.4859463519305414e-6,224.70077111903927,3503.765678462428,0.006574684873634245,-0.014316995519259587,3.1265526134244865e-6,365.2564681311216,3624.402033073928,0.01856195050944163,-0.00926377191586852,6.759197259680885e-7,962.9466806750439,-31.95672156628129,0.3600887670658215,0.18741357321017327,0.0007649971353861413,4154.600073096076,853.7357690456101,0.014548696421834238,-0.03189238530703445,-178.4497678033121
2.485115225233389e-6,224.70077104478298,3503.7656802536735,0.00684427447099926,-0.014628197718820245,3.1283436838332665e-6,365.256467659358,3624.4020392408024,0.01869700568304437,-0.009455445552770388,6.975576148055867e-7,963.729446106961,923.1015393436522,0.3114212187494326,0.21069506787766457,0.0007679924598470255,4160.561981008566,841.8961112101139,0.01452663604222369,-0.03183733266988011,-178.79305199762283
2.5018684505580145e-6,224.700770971949,3503.765681861994,0.007464075543906652,-0.01495331718099167,3.13639482210283e-6,365.2564670079938,3624.40205052639,0.0191590276229006,-0.009493864954713145,1.5547018072756056e-9,964.5128478375783,728.8525558682661,-152.0575404543868,0.018174461061505078,0.000764626510033557,4165.437575378628,832.2881706168057,0.013683752560229209,-0.031405332347914566,-179.11119018740322
2.4951815013501083e-6,224.70077092616165,3503.7656829196044,0.007474434918376897,-0.014993859253504651,3.1361967904894247e-6,365.2564666094269,3624.4020561766874,0.019144873330237757,-0.009502603460083376,1.1991290459871251e-8,965.2968863841339,311.2606274903693,-18.958444412119793,-1.3002425737723962,0.0007684792377743586,4170.69952270934,820.8210416089431,0.013783627770430238,-0.03141312140673663,-179.40507866253552
2.4646489218415785e-6,224.70077080273427,3503.765686547923,0.007012899872694909,-0.015295378718688909,3.1295433211851345e-6,365.25646565534805,3624.402068287794,0.018540545212421513,-0.009753834092329047,8.990495185906383e-7,966.0815622642865,873.0273953798279,0.17757094546335772,0.1820808188341011,0.000788174308128883,4180.80400872767,802.5763815588473,0.015665167095795664,-0.030983206523982103,-179.68448200112124
2.4514173828215357e-6,224.70077071777408,3503.7656889374175,0.006836290184467942,-0.015407027663666811,3.1283607926033196e-6,365.25646483610234,3624.402080948098,0.018283836612825073,-0.009758998898413905,1.0176861226613496e-6,966.866875996115,853.4659728700946,0.1550192821502885,0.1522900146963736,0.0007995279680283146,4188.172942178322,788.5457339643584,0.016592265438850135,-0.030472841458742597,-179.90680006442787
2.435433067046345e-6,224.70077063085066,3503.7656914772456,0.006551534662874568,-0.015469043767672237,3.1264358229559927e-6,365.25646395854943,3624.4020948994003,0.01793099582696158,-0.009723847154930194,1.1566084230917259e-6,967.6528280981191,835.5195405523672,0.14107366040371885,0.12299616031173337,0.0008134537426786989,4195.74275297096,774.3180023394418,0.017819873209838546,-0.029851949051157754,-180.08086139790498
2.417185429585188e-6,224.70077054300916,3503.765694137791,0.006170939707110632,-0.01549197743203006,3.123854746228306e-6,365.2564630408191,3624.402109894837,0.017493696773241814,-0.009657297527471959,1.3099043458572043e-6,968.4394190892226,819.5999481917056,0.1323257669201234,0.09695744747427056,0.0008298232270281775,4203.368933216054,760.2317977712831,0.019315792750332725,-0.029126568423948153,-180.2023705581637
2.3972472945385117e-6,224.70077045590722,3503.7656968702977,0.005711050114723009,-0.015482157610023002,3.120728213696534e-6,365.2564621045423,3624.402125615207,0.016987472003125132,-0.009564787017210181,1.4724081350617655e-6,969.2266494887681,805.5523201554142,0.12640730277743684,0.07489398812860097,0.0008483839419814618,4210.87696726105,746.6298537295672,0.02103369535191308,-0.028311978960794456,-180.26932647775845
2.3762327140262823e-6,224.70077037142045,3503.7656996172045,0.0051905197873731365,-0.015448496185465814,3.117181731484702e-6,365.2564611731992,3624.402141688764,0.01643008193976821,-0.009454089181542582,1.6394580105417357e-6,970.0145198165216,793.0526336243289,0.12197059037519763,0.05664574711999145,0.0008687351080274752,4218.079544396999,733.8960560218724,0.02291070870790793,-0.027424187296324634,-180.28247806900796
2.354899949487756e-6,224.70077029162445,3503.7657023072893,0.004633948829744727,-0.015397006221590247,3.113369375980409e-6,365.2564602706871,3624.402157712739,0.015845040908664888,-0.009330642954983126,1.8056737094360466e-6,970.8030305926713,781.7750138288964,0.11835875382398732,0.04181111777046223,0.0008902321356747209,4224.797875959078,722.3240297572003,0.024863882498022606,-0.026492134137172683,-180.24545400077824
2.3339566947415526e-6,224.7007702182474,3503.765704878068,0.004064391059662698,-0.015331445275205262,3.109440314934131e-6,365.2564594162509,3624.4021733351165,0.015254360268376932,-0.009198052009368938,1.966565712472951e-6,971.5921823378287,771.4234535255616,0.11525215937773454,0.02985474862496573,0.0009122049967377753,4230.89324670659,712.1216972340651,0.026818567737047282,-0.02554129726360493,-180.1645472010662
2.314216695633881e-6,224.7007701529509,3503.765707259703,0.0035091350145629117,-0.015252066849014478,3.105559178861718e-6,365.25645862645734,3624.4021882264515,0.014684499114353216,-0.009056905175781085,2.1162243373561543e-6,972.3819755730282,761.7580500295131,0.11256995507006713,0.020337388084568985,0.0009337474941963433,4236.262885133165,703.3513147538097,0.028687588070307666,-0.0246068207089725,-180.04816933641396
2.296291150705819e-6,224.70077009667042,3503.765709406127,0.002987861013089973,-0.015162305094964279,3.1018521037493627e-6,365.25645791374075,3624.402202109183,0.014154972881514287,-0.00890997368246031,2.2502849939882833e-6,973.1724108197275,752.5744801707472,0.1102728693538684,0.012828421048553385,0.0009540768691721546,4240.840504020228,696.0772101716567,0.03040887781562222,-0.023708165547491732,-179.90604065427763
2.2807988947518826e-6,224.7007700500667,3503.7657112729603,0.0025217488280298572,-0.015059981367834359,3.098446962540522e-6,365.2564572843363,3624.4022147958212,0.013686607040829217,-0.008755423973211827,2.3640087060779996e-6,973.9634885998088,743.7094166892089,0.10839482215361647,0.006973948957490183,0.0009723304339011654,4244.627612920656,690.1494713952214,0.031920751071658114,-0.02287259117939453,-179.7482357736286
2.2681614418795335e-6,224.70077001321403,3503.7657128352644,0.002125924256046295,-0.014943756553820036,3.095434520926901e-6,365.2564567403261,3624.402226165299,0.013294445697069135,-0.00859194641491433,2.453970356291051e-6,974.755209435577,735.0301846854626,0.10697110637513413,0.002479653794301672,0.0009878049180676808,4247.671318757254,685.3694582934698,0.03318160186104928,-0.022117691491400446,-179.58424196650589
2.2585900655977106e-6,224.70076998552904,3503.76571409119,0.0018096977557825742,-0.014812870935733774,3.0928772796375256e-6,365.256456279386,3624.4022361740253,0.012987648921323737,-0.008418802131933734,2.5185131038021778e-6,975.5475738497648,726.4365710042675,0.10602337017564181,-0.0009119122412096099,0.0010000473347301698,4250.063181015324,681.481644431151,0.03417377904003647,-0.021453634408109476,-179.42218065548963
2.2522066327334214e-6,224.70076996631713,3503.765715044281,0.0015811784490442793,-0.014667794311192318,3.0908263423103746e-6,365.2564558985854,3624.4022448001574,0.012773643926790756,-0.008236041546230047,2.5569319812863872e-6,976.3405823655269,717.8414969008184,0.10557550136939346,-0.0033616144028979916,0.0010086580031623065,4251.897161564108,678.2599498857967,0.03488034307114825,-0.020886546839671064,-179.2682980417211
2.2489802418754524e-6,224.7007699545137,3503.7657157128438,0.0014440238871581508,-0.01450792697390557,3.0893064389194903e-6,365.256455592244,3624.402252080649,0.01265518008357743,-0.008043167221026281,2.570006897481419e-6,977.1342355064439,709.1838972210201,0.10564841763365328,-0.005001963439452829,0.0010134873829375196,4253.294954295658,675.4207577897589,0.03530170092487314,-0.02042166332765865,-179.12676437601928
2.248808450202863e-6,224.70076994874876,3503.765716126288,0.0014022302857855963,-0.014336019856284254,3.0883441773813937e-6,365.25645535366283,3624.4022580846167,0.012634568076845395,-0.007842308890767967,2.5594894904958218e-6,977.9285337965226,700.4093397962624,0.10626056053809389,-0.005892435955444447,0.0010144487004483099,4254.380853814877,672.7231127724149,0.035436193344395246,-0.02005997154191421,-178.99975759218
2.2514903052858108e-6,224.70076994774917,3503.7657163174163,0.0014567428811147988,-0.014151519582482185,3.0879533937624535e-6,365.25645517603505,3624.4022628998773,0.012710923228464708,-0.007633496154118221,2.52812399879196e-6,978.7234777601952,691.4886429549853,0.10742460744413328,-0.006067188272361185,0.0010116797635722123,4255.272142671454,669.9307279067135,0.03529683957256938,-0.01980180746057407,-178.88776427943066
2.2568015147433836e-6,224.70076995013966,3503.7657163239664,0.0016090896385607815,-0.013956642243655212,3.0881524683808454e-6,365.2564550526154,3624.4022666263268,0.012883400997611325,-0.007419055831791929,2.47922056865409e-6,979.5190679223206,682.4012906330256,0.10914337195173542,-0.0055114871746606954,0.001005351844103222,4256.073813798959,666.8616003458419,0.0348927918141982,-0.019646046088730617,-178.7900134258555
2.264480901502524e-6,224.70076995466684,3503.7657161847087,0.0018597190482869375,-0.013750719874853544,3.088960563475498e-6,365.25645497649145,3624.4022693788197,0.013150014372826214,-0.007199195931348456,2.4165566876054803e-6,980.3153048081839,673.1438120409099,0.11139909246108784,-0.004174425309994995,0.0009957729755938878,4256.880943440138,663.3455010829927,0.03424174749627239,-0.019590690272975046,-178.70496421631114
2.2742075146841592e-6,224.70076995994202,3503.765715946511,0.0022069657124873326,-0.013536908074487765,3.090390290425323e-6,365.2564549407056,3624.402271279457,0.013506540378761686,-0.006977589158617353,2.3445794977489995e-6,981.1121889434977,663.7369602964038,0.11412697856490148,-0.002001237902893225,0.0009833552326595923,4257.776192758724,659.2828705457991,0.03336593238158653,-0.01962891584700474,-178.63078555287606
2.2856528833983357e-6,224.70076996536793,3503.765715640792,0.0026473725797976568,-0.013311499171300985,3.0924610024686818e-6,365.2564549404711,3624.4022724187603,0.013947443554800902,-0.006753108174246466,2.267313144057636e-6,981.9097208544007,654.2303846780472,0.11722698051143006,0.0010187660352368464,0.0009686608288834158,4258.7878962138075,654.6651140095136,0.03230519256371712,-0.0197518292505722,-178.5657807180975
2.2983714482461783e-6,224.70076997014925,3503.7657153104115,0.0031688668706911804,-0.013075386030418292,3.095142368099432e-6,365.2564549711454,3624.402272885952,0.014459771333521398,-0.006527973585512313,2.189425587814391e-6,982.7079010674622,644.6913652531437,0.12052665805408205,0.004838823950149738,0.0009524443002968,4259.935190381705,649.5573886488319,0.031117305525679567,-0.019941017551196365,-178.5087164288138
2.3119745959830596e-6,224.7007699739572,3503.7657149858796,0.0037593435153983243,-0.012829971064601457,3.0984036281084248e-6,365.2564550294556,3624.402272743468,0.01503092161410372,-0.006304950533400049,2.114403652429378e-6,983.5067301096768,635.1945583363454,0.12384643199443524,0.009323944451422712,0.0009353950248462144,4261.1983173138515,644.1191674386403,0.029860039307820555,-0.02017505355817478,-178.4590137209099
2.326041561587904e-6,224.70076997690333,3503.7657146889433,0.004399297284503284,-0.012573708532208646,3.1021630832625312e-6,365.25645511348455,3624.4022720275334,0.015642497455375447,-0.006083988929062071,2.0450322471624576e-6,984.3062085084682,625.8148599052928,0.1270185410827752,0.014208155037864005,0.0009183280231107127,4262.532761568383,638.5412665450023,0.02861318098756153,-0.02042928681570323,-178.4167694336851
2.340259966441348e-6,224.7007699792032,3503.7657144317354,0.0050721597010673965,-0.012313400319541864,3.106340637636709e-6,365.256455223663,3624.402270730153,0.01627929116632435,-0.005871192693771447,1.9825410863608494e-6,985.106336791689,616.6031569331583,0.12994775176981635,0.01920283145154557,0.0009017599734153524,4263.859672700658,633.1338257189911,0.02743177892102402,-0.020677470281553933,-178.38261662305717
2.354457707826223e-6,224.7007699812583,3503.7657142153153,0.0057641558979724585,-0.012041632317856734,3.1108438257243834e-6,365.2564553557866,3624.402268920356,0.016928832978188146,-0.005660350211638439,1.9269663483779603e-6,985.9071154876209,607.5859927620643,0.1326467274065013,0.024012292809127003,0.0008861299234398045,4265.165302310413,627.8922427478717,0.02637115662339659,-0.020911983445956666,-178.35749044735667
2.3685562895344217e-6,224.70076998325763,3503.7657140375404,0.006468078740226496,-0.011764480822631302,3.1156131890132478e-6,365.256455509137,3624.402266607457,0.01758488853538451,-0.005455618709526488,1.8774496293793583e-6,986.708545124975,598.7646998270701,0.1351802138628386,0.028466920596860602,0.0008715010073266006,4266.405032647351,622.9655320371169,0.025445207564433053,-0.021123576589593053,-178.34239212090404
2.3825188195385413e-6,224.70076998545898,3503.765713892358,0.0071765629651293905,-0.01148064801814474,3.1205761935366955e-6,365.2564556810655,3624.4022638339943,0.01824138929954788,-0.005255097817795029,1.8326238010269988e-6,987.5106262328922,590.1365995683782,0.1376847067076674,0.03241324422651821,0.0008579579738877572,4267.564993799652,618.3477380203319,0.024673020256676056,-0.02131314130332639,-178.3382222024955
2.396427252115492e-6,224.70076998791998,3503.765713772588,0.007892314443269871,-0.011190125458349185,3.1257166378389663e-6,365.25645586894575,3624.4022606477915,0.018900721058678717,-0.005057569676228158,1.791177108517736e-6,988.3133593409433,581.6793465619902,0.14028436842918732,0.03584596437786643,0.0008453087071263882,4268.644028096895,613.9960084479712,0.02404076915791752,-0.021488351413267364,-178.3457041097943
2.410361092393937e-6,224.70076999066646,3503.7657136709527,0.008617513465887981,-0.010891639321439604,3.1310171167358023e-6,365.2564560690929,3624.402257113631,0.019565132549163852,-0.004860917962144586,1.7516628166534293e-6,989.116744979129,573.375838466112,0.14309583326114025,0.03883827863544112,0.0008333811128926995,4269.653118202218,609.8286375868336,0.023533440817557236,-0.021659105238887803,-178.36538355563852
2.4244089010916456e-6,224.7007699933608,3503.7657135895233,0.009359190489918269,-0.010590891347250702,3.1364958314039515e-6,365.256456279743,3624.402253266722,0.020240373474154624,-0.00466859760066184,1.713661235128218e-6,989.9207836778835,565.1998099222212,0.1461795774683804,0.04143581964808933,0.0008219183871588134,4270.600728431417,605.8284789990637,0.023124554732844263,-0.021832341421005246,-178.39767669292002
2.4386526790422513e-6,224.7007699958706,3503.7657135260333,0.010121761685538924,-0.010285990434131663,3.1421566904467815e-6,365.2564564965455,3624.4022491871456,0.02093043327632481,-0.00447825566043736,1.6762151532162896e-6,990.7254759680693,557.1361881316532,0.14961585351728302,0.043756581278538015,0.0008107521855567835,4271.50840548954,601.898115248503,0.022796069978842363,-0.02201794329481582,-178.44294186914144
2.453209257546471e-6,224.70076999772533,3503.7657134848228,0.010915928285708443,-0.009983509498954789,3.1480481657402266e-6,365.2564567167249,3624.4022449290565,0.02164415900239033,-0.004294268703588703,1.6391386682161666e-6,991.5308223809815,549.1622086078308,0.15341142125040183,0.045942368549117034,0.0007995993118087042,4272.39676235113,598.0001645439231,0.02251246313560633,-0.02222413426085255,-178.50155917693377
2.4681381214562757e-6,224.70076999877105,3503.765713466087,0.011745771077719099,-0.00968374045128213,3.154181994286401e-6,365.2564569371765,3624.4022405487012,0.02238496652122866,-0.004116315899679122,1.6021175286717583e-6,992.336823448347,541.2677445615243,0.1576020811621482,0.048065769516619165,0.0007883626534242103,4273.273419041937,594.0957282430201,0.022262481413359354,-0.02245816976526644,-178.57400758971673
2.6580308778212674e-6,224.70077016443966,3503.765704789086,0.017134292529659794,-0.0029469438531743927,3.1758615389493575e-6,365.25645918139674,3624.402208727045,0.02729079602043891,0.0012682559212511032,1.6768904007437753e-6,993.1434797023247,858.4236577348864,0.145333797707606,-0.08371510460195297,0.0006828948363335817,4285.285164601021,500.72678008667054,0.013704011872427329,-0.03618337521134055,-178.6420319986971
2.666231986241269e-6,224.70077014479173,3503.7657055418626,0.018077203304990717,-0.0028031541685081076,3.1833546262028553e-6,365.25645949028427,3624.402203114173,0.02807666898001114,0.001309086164855408,1.6671171230267028e-6,993.9507916755067,849.8298171885185,0.1504649006351537,-0.08319218496988016,0.000674896929235823,4286.132889181155,499.0043863603778,0.014165298705260534,-0.03626704817383333,-178.67243041447148
2.673783031235903e-6,224.70077012577727,3503.765706308689,0.019004889464545042,-0.002659345774086264,3.190849224150814e-6,365.25645975400886,3624.4021980461484,0.02884763505823783,0.0013456594237627804,1.6540395064689497e-6,994.7587599009174,841.2994421369546,0.15639334507107253,-0.0819365054826478,0.0006676492885463131,4286.882564297098,497.4312336965862,0.01479017795326716,-0.036314195454463793,-178.72520803031188
2.6808124684961154e-6,224.7007701075359,3503.7657070825644,0.0199164106323057,-0.0025196171550088305,3.198318814949254e-6,365.256459964395,3624.402193641951,0.029603173055160664,0.0013755527735565942,1.6383454409241497e-6,995.5673849120137,832.8915199329768,0.16295718516764515,-0.07989837909980879,0.0006610462802336586,4287.531187692225,496.0532485251956,0.015541505129413675,-0.03631821984680758,-178.80324973256847
2.6874028309674368e-6,224.70077009046167,3503.7657078468796,0.020813108286656275,-0.0023776520732220964,3.2057642219694288e-6,365.2564601110529,3624.4021900573234,0.03034497002380695,0.0014043692813542437,1.6212478072739768e-6,996.3766672426895,824.6686387899409,0.16996502363698981,-0.07688500513947857,0.0006549775685110887,4288.079651684601,494.82949283060793,0.01637860527348359,-0.03628299814457239,-178.90966699249685
2.693499767368368e-6,224.700770075076,3503.765708584213,0.02167703812611889,-0.0022352443805328964,3.2130510124906603e-6,365.2564601837087,3624.402187439671,0.031059216143047165,0.0014317563433848283,1.6033502908726695e-6,997.1866074272691,816.6954881659923,0.17714430717233257,-0.07284522574191978,0.000649520809140138,4288.523971029585,493.80103266340177,0.01727630711873109,-0.0361955312428832,-179.0477465050339
2.6991536033607758e-6,224.70077006180549,3503.765709275796,0.02250494556207835,-0.0020876793306419967,3.2201480569303663e-6,365.25646017108835,3624.402185961606,0.031743781836066916,0.0014620164286241958,1.5850907971297634e-6,997.9972060005125,809.0194448819352,0.18423085598419273,-0.06771576478029004,0.0006446048264871132,4288.86549703712,492.95579481291014,0.018182066074784366,-0.03605523456435385,-179.2208501375069
2.704326452936981e-6,224.70077005104787,3503.7657098993527,0.02328033687813866,-0.001942908324481525,3.2269255222604394e-6,365.2564600636182,3624.4021857618222,0.03238618927814665,0.0014898696345258483,1.5668236760873976e-6,998.8084634976143,801.6814741167067,0.19083903097697172,-0.0615712708761071,0.0006402751154416865,4289.09775083513,492.3626106174809,0.019043810334654458,-0.03585619782301166,-179.43224707281408
2.708835508352994e-6,224.70077004396543,3503.765710413336,0.023977960163218185,-0.0018016020958945623,3.2332060159795103e-6,365.25645985277254,3624.4021869665007,0.03296670274238793,0.0015156013361436733,1.5481788264594238e-6,999.6203804542043,794.7050314939206,0.19664280685792748,-0.05446005865402341,0.0006366513129561735,4289.168361103684,492.16052858963604,0.019809323974938165,-0.03558969892600944,-179.68485360525605
2.662225051151486e-6,224.70076990066252,3503.765714401319,0.026002507730438884,-0.005152041169645335,3.260661445168246e-6,365.256458617377,3624.4022030370706,0.0345311371381508,-0.001199131439501638,8.837432388823606e-9,1000.4329574063474,-6241.592340101023,23.39865418400076,-20.108717736517914,0.000626689422985058,4290.330282916887,512.2340685736368,0.016080580847409143,-0.03258987879922671,-179.95982827271922
2.674334573230886e-6,224.70076988639448,3503.7657147756127,0.027035135009416122,-0.00510936729646977,3.2683818273487702e-6,365.25645838205355,3624.4022045920356,0.03539271539828724,-0.0012412290774919553,1.1964192775180238e-8,1001.2461948905446,-4997.749107503342,16.104870367380343,-16.178104751653894,0.0006185348790920727,4290.802692746821,510.3629081038801,0.01595803468187444,-0.03297953754376982,-180.2299794621199
2.684988000430692e-6,224.700769876541,3503.7657149711295,0.027887975349023923,-0.00510281572750407,3.2748021450337564e-6,365.25645804142005,3624.4022076413435,0.0361084474232708,-0.001309617208597022,9.061687349399243e-9,1002.0600934437327,-7202.730500679196,19.08046003206076,-23.06906894557262,0.0006119315642683689,4290.991788926535,509.21412808560615,0.01572466495627162,-0.03336141260291656,-180.54542225459372
2.693384111815748e-6,224.70076987558818,3503.7657148764233,0.02837949216719172,-0.005133913280285496,3.278563741004328e-6,365.25645759336305,3624.4022121466437,0.03653565046775798,-0.0014063228914885228,2.0961266586199054e-8,1002.8746536032843,-3191.743814853679,7.246050798732426,-10.476453503768523,0.0006084039070846368,4290.548859648318,509.56491443796165,0.015553380873450161,-0.03365828889023972,-180.90941336305553
2.6994806341352957e-6,224.7007698837038,3503.765714439084,0.028555183387666036,-0.005205020015702065,3.2799668096105555e-6,365.2564570696403,3624.4022177187235,0.036705352632735964,-0.0015278382688182692,2.9726407243810064e-8,1003.6898759070116,-2245.483392240962,4.4628896691678515,-7.494259855467995,0.0006071981217766932,4289.537375722608,511.2448969494241,0.01520617510085469,-0.03396367923455805,-181.315840085188
2.7015575913964395e-6,224.70076990510987,3503.7657135062095,0.02821640492317475,-0.005355679952068053,3.2776523904132647e-6,365.2564564695884,3624.4022243427426,0.03646381464651788,-0.001705782777503588,4.351351374616242e-8,1004.5057608931609,-1492.7772658016804,2.4390867836525727,-5.1270533415593835,0.0006097857821211121,4287.552291979922,515.2821614342997,0.01472200279832667,-0.03422866350187319,-181.7584878321033
2.6983417974970707e-6,224.70076994419588,3503.765711928918,0.027217815704691714,-0.005590803650689219,3.2705763145925897e-6,365.2564558465358,3624.402231237909,0.03569164596897483,-0.0019374363899657197,5.8794527213419986e-8,1005.3223091004172,-1027.4526261054968,1.3251853656643957,-3.662963776193745,0.0006174383805626563,4284.365703489691,522.2035278849502,0.014145161844222686,-0.03445453918237931,-182.2241307623761
2.686047444939763e-6,224.7007700126816,3503.7657093963458,0.025131811219653147,-0.005958096855230263,3.255844525509929e-6,365.2564552588936,3624.402237438365,0.034050590637498816,-0.002252976536278463,8.472339437027868e-8,1006.1395210679035,-601.4934181067738,0.5427822531642965,-2.3296129607554814,0.0006343096591208911,4279.197538482894,534.3743625314863,0.013743435212933806,-0.03436218976675826,-182.6917423206986
2.606746490994109e-6,224.70077028134423,3503.765698334044,0.015497321710999847,-0.008579549829073536,3.1887016182949146e-6,365.2564544084845,3624.4022475961247,0.026522794189507693,-0.004227003168387061,7.345846665751827e-7,1006.9573973351806,244.73624478346957,-0.0879252711699306,-0.009762072021039105,0.0007176272774833323,4260.975679684828,590.4448507962043,0.00809058957805142,-0.03180873046537288,-183.088439977032
2.551652101537182e-6,224.70077042912104,3503.765692275819,0.01016341139115114,-0.010025287235392795,3.1540252616549346e-6,365.2564547843995,3624.4022404549914,0.02225836550828605,-0.0052493612738327994,9.951469400639792e-7,1007.7759384422486,232.30744566795713,0.007209367763840106,-0.02838881110232714,0.00077926459995919,4249.802818155825,624.1874782631534,0.008318472586968021,-0.03109089081943004,-183.17770173670223
2.4865170495786753e-6,224.70077062586213,3503.765684860388,0.003564311738414008,-0.011285937612177234,3.1113011046191145e-6,365.2564558163478,3624.4022238869406,0.01697828020260309,-0.006070708861874427,1.2793568366073335e-6,1008.5951449295458,217.02572198760214,0.0775796488380892,-0.03969744685336812,0.0008760101384591234,4236.188551039491,665.8912878554621,0.010807632784363367,-0.029427174080012625,-183.04189451218642
2.4058974194159954e-6,224.70077126236114,3503.765670168494,-0.004829104486321694,-0.007412533852572072,3.0625629512866293e-6,365.2564582312203,3624.4021850248514,0.01020455175306666,-0.002675317959130665,4.87858272887279e-8,1009.4150173379503,2203.11253631976,0.49291489210972567,4.417938874255569,0.001081858898284789,4216.860622337973,686.5597791975412,0.022708745842277805,-0.025182270640430736,-182.6048677044103
2.3840442061935085e-6,224.7007713256289,3503.765666947768,-0.006635026050766185,-0.007434867689273934,3.051430453930531e-6,365.25645927896767,3624.4021717132373,0.008740397992200203,-0.0025527737463984725,5.164043898705991e-8,1010.2355562087787,2392.4539343420543,1.1704032743789698,4.992775123229561,0.001137456399505075,4217.006519286335,684.8931774527658,0.02325957441139364,-0.025549131151566564,-181.98183643504848
2.367525376815831e-6,224.70077134865267,3503.7656650279446,-0.007893895417433273,-0.007379926292952175,3.0434063520909723e-6,365.25646034880293,3624.402158042445,0.0077081744408164015,-0.002378678944878196,2.8806070842895806e-8,1011.0567620837908,4091.256351462006,2.4009766010519664,10.282328078387508,0.0011849404976022526,4219.706233390558,677.871409512128,0.02383418490861536,-0.025758119403755587,-181.25068390224118
2.320895904511826e-6,224.70077131192193,3503.76566485821,-0.010752978566982957,-0.008826923064461076,3.017934184387198e-6,365.256462811323,3624.402118865948,0.005244069575102346,-0.003331487180729112,1.79046084609377e-6,1011.8786355051834,509.8058529040047,0.21528856219557305,-0.042220484483305294,0.0012899209346663313,4220.94298667664,699.5248065126585,0.02545298152634378,-0.022940370186119333,-180.38499250184415
2.3160016097794555e-6,224.70077124797186,3503.765665243476,-0.011226971831124017,-0.008825290135107241,3.0136011484584542e-6,365.2564638899985,3624.4021045598815,0.004852985351115897,-0.003230696115827185,1.8523714653515299e-6,1012.7011770155956,502.9429145812414,0.22284871807556267,-0.042844050292785464,0.0013232307271639876,4228.571804409507,683.490701772989,0.02559007761464566,-0.022981398377643767,-179.4839349633011
2.3156019362507706e-6,224.7007711693185,3503.765666232819,-0.011440906891011944,-0.008756640117109103,3.010955287351964e-6,365.2564649522258,3624.4020902433763,0.004678783193120265,-0.0030974602066434565,1.870713872618507e-6,1013.5243871581071,495.58191213757755,0.23067729046185817,-0.04532362219189771,0.0013477688039722966,4236.960914947155,665.0758512677945,0.025731846476067806,-0.023052616375512824,-178.58598975248924
2.318496416216581e-6,224.70077108176787,3503.765667687836,-0.011454960524423552,-0.008649230145830616,3.0097298600633005e-6,365.25646600059497,3624.402075824933,0.004671441843713522,-0.0029551010182214607,1.8567910917587202e-6,1014.3482664762394,487.88633303485403,0.23852519165939445,-0.04900006244368538,0.0013643409549320687,4245.594158992333,645.7455064814661,0.02588017452784898,-0.023140960777692454,-177.71848737620746
2.3239056794318706e-6,224.70077098982645,3503.76566948609,-0.011306562203828453,-0.008520933328215944,3.0097458214470994e-6,365.2564670241589,3624.4020614513493,0.004799486898642354,-0.0028178766006616745,1.8183230137857958e-6,1015.1728155139555,479.93151039595693,0.24629375450355018,-0.05370418781397777,0.0013734876713713566,4254.1239799685545,626.4589498151531,0.026019377844775732,-0.02324637615813502,-176.9031762731451
2.3311930306204132e-6,224.70077089653475,3503.7656715342077,-0.011020047366932361,-0.008388670799390317,3.0108828411494075e-6,365.25646800415757,3624.4020473985834,0.005042021250393553,-0.0026986785398966625,1.7623781934176908e-6,1015.9980348156608,471.78538426014927,0.2537753824761191,-0.05925316967882022,0.0013757144737747285,4262.296375826777,607.9447211592235,0.02613333988652241,-0.02337018052622248,-176.15633201907565
2.3398863087959625e-6,224.7007708044987,3503.7656737414136,-0.010614968307380334,-0.008260798008006743,3.0130147456890497e-6,365.2564689200623,3624.4020339846184,0.005382001758265785,-0.0026023394529771566,1.6943641498197006e-6,1016.8239249262034,463.48380555137186,0.2608677519125072,-0.06555928329621766,0.0013717055239281326,4269.957753120051,590.6042338930309,0.026208928765023606,-0.023516937207590162,-175.48886925180926
2.3496055735770456e-6,224.70077071535965,3503.7656760380755,-0.010105953710750182,-0.00814493777126867,3.0160312745778312e-6,365.2564697511089,3624.4020215391815,0.00580648956784942,-0.002532680943123221,1.6191903926880222e-6,1017.650486390873,455.0604029712581,0.2673870424618836,-0.07254021625492255,0.0013621994656177064,4277.0151160745945,574.6876402937655,0.02623461520940691,-0.02368978592039419,-174.90669655718546
2.3600646342993557e-6,224.70077063029353,3503.7656783626685,-0.00950738225830224,-0.008045173986743545,3.0198038837098247e-6,365.25647048131617,3624.4020103274675,0.006302862945271816,-0.0024901135782704757,1.5400648663564663e-6,1018.4777197554055,446.53397757437256,0.27332376576253903,-0.08012899601207416,0.001348068252152565,4283.434390474844,560.2765290214752,0.026202589739458465,-0.02389193968087284,-174.4113755921189
2.371044571838297e-6,224.70077055004907,3503.7656806675777,-0.008831462232568527,-0.007962785365977722,3.0242161949953864e-6,365.25647109871693,3624.402000559721,0.006860464601176779,-0.00247274602477557,1.4599582073525433e-6,1019.3056255659778,437.9181171847354,0.2785711378242571,-0.08828989163613891,0.0013301946867156906,4289.216884295471,547.3416845989087,0.02611016697307446,-0.024125248995404327,-174.00100605211904
2.382367746462857e-6,224.70077047502426,3503.7656829163725,-0.008090207810513731,-0.007895924587905334,3.0291533712782843e-6,365.25647159538676,3624.4019923882465,0.00746895336946062,-0.002476230010019402,1.3812265685575095e-6,1020.1342043692115,429.2350125803538,0.2830354570389005,-0.09691719102012036,0.0013094659813806056,4294.401175777838,535.7519324802538,0.025959079075653726,-0.024391226609731375,-173.67119402036764
2.368231690106625e-6,224.70077042708053,3503.7656856779204,-0.006865922913567484,-0.007687007403275712,3.0472224622626185e-6,365.2564718927419,3624.4019893029777,0.008455279676985129,-0.0023767258222541377,8.209847827017463e-8,1020.9634567121726,2159.998592154825,0.6458480355486127,4.499809839321792,0.001263422428816629,4294.935977172967,535.574492178018,0.025305170425502243,-0.02435307923823566,-173.33955905523976
2.3771915909870937e-6,224.7007703478535,3503.765688037648,-0.0061270207648657675,-0.00776956931145066,3.051978331521691e-6,365.25647225665296,3624.401982617461,0.009049823677559332,-0.0025034956247344414,9.924897060376579e-8,1021.7933831423718,1864.9201825778653,0.5793230142729504,3.6072251316638315,0.0012437218423466735,4299.875497180486,526.3510458449832,0.024992011213055318,-0.024495977847711046,-173.07515243728466
2.3865756540964048e-6,224.700770275181,3503.765690259625,-0.005338183247427501,-0.007856289733517716,3.0570519457864023e-6,365.2564724858882,3624.401977791188,0.009682275075164745,-0.0026371760333639563,6.735383784638043e-8,1022.6239842077648,2369.726024627698,0.5482976935539262,5.184868170667513,0.0012224949983293254,4304.285825891914,517.9391838024261,0.02464574424258429,-0.024712196458410798,-172.87372873976318
2.396722360377482e-6,224.70077020857224,3503.7656923431605,-0.004512901340445419,-0.0079358376809028,3.0623586540680378e-6,365.2564725960871,3624.401974652722,0.010344186191552298,-0.002766733666633171,8.084248117261493e-8,1023.455260456753,2032.0280281821406,0.5907352220586036,4.1591123300225705,0.0012005621301113822,4308.3170696075085,510.0029621790733,0.024270788745127888,-0.024972508175560938,-172.7339665520088
2.4073685541668796e-6,224.7007701483155,3503.765694276679,-0.003651569665236212,-0.007997745705192408,3.067876719035194e-6,365.2564725829227,3624.401973316097,0.011034133581321364,-0.0028830003302629096,8.346596358649793e-8,1024.287212438182,1935.6401035545566,0.6326238640565063,3.877666205328876,0.0011780521296328537,4311.995353440522,502.37529224634795,0.02386478584297281,-0.025288992340877912,-172.6481466703641
2.4184550337460557e-6,224.70077009371155,3503.76569607051,-0.002761510874355466,-0.008045499178783177,3.0735595599234616e-6,365.25647245526034,3624.4019736860246,0.0117469930744783,-0.0029882460167553657,9.301380473126802e-8,1025.1198407013474,1755.231072471846,0.6552280013526047,3.3373874687048604,0.0011552926685331633,4315.344359879059,495.10115571494634,0.02342744647327946,-0.02564562541726064,-172.6112282008231
2.4298635602448376e-6,224.70077004457673,3503.76569772594,-0.0018476075303134384,-0.008071208330758433,3.0793805693193143e-6,365.25647221772977,3624.4019757420447,0.012478635968941023,-0.003075374573291966,9.772791146602114e-8,1025.9531457959874,1656.441662603993,0.6578805088488748,3.0502768393896167,0.0011325406042362496,4318.410391880071,488.03636970154196,0.022964297688823593,-0.026041648184015987,-172.6174532319783
2.4411606137805106e-6,224.7007699998756,3503.765699260609,-0.0009228564751787891,-0.008108378608791605,3.085293362181275e-6,365.256471880676,3624.401979226132,0.013218168325441827,-0.0031696113994307564,7.388762884562647e-8,1026.7871282722888,1922.6824011033664,0.8531472195280255,3.882722915058483,0.0011098687776723622,4321.073854933769,481.7291089347415,0.022468185397342744,-0.026465847013031066,-172.66088473496092
2.4530132884817085e-6,224.70076995996334,3503.765700667448,2.079689908235202e-5,-0.008093027343746007,3.0912812948358475e-6,365.25647144894504,3624.401984334688,0.01397405988581451,-0.003221543866769997,9.227649886304154e-8,1027.6217886808854,1617.7998474396557,0.8030049729806034,2.9609647557827876,0.0010877375688295382,4323.65825552593,475.0324344312417,0.021957290251290992,-0.026918743085030193,-172.7382029046611
2.4646864966149874e-6,224.70076992359768,3503.7657019730377,0.0009688193871131226,-0.008079768402658418,3.0973225633820904e-6,365.25647093116345,3624.4019907855472,0.014733086314519798,-0.0032727344094142853,8.388768232314085e-8,1028.4571275728583,1664.8138431027023,0.9143931414041321,3.1202329540843223,0.0010659646678663735,4325.946568050055,468.86899206555466,0.021415627518669753,-0.027387610438981337,-172.8429586480073
2.476440482997988e-6,224.70076989060775,3503.76570317796,0.0019218315212569611,-0.008046546670540979,3.1033859785942537e-6,365.25647033136863,3624.401998615098,0.015496582024177325,-0.003306237742436464,8.25419177583256e-8,1029.293145499737,1628.9354755745815,0.9999473965980327,3.0241499365595828,0.0010447660425357758,4328.066641659446,462.8051947104627,0.020852257009628703,-0.027875397312869688,-172.97173829503626
2.488169473699664e-6,224.7007698607812,3503.7657042932683,0.002877839479593398,-0.007988623445263904,3.1094787196232185e-6,365.2564696564241,3624.402007806955,0.016262652276907846,-0.0033184253561535037,7.925207448746187e-8,1030.129843013499,1623.5428603007485,1.0393143364263924,3.0252346032087845,0.0010242298139833052,4330.03490179215,456.84286739840707,0.020274166409657606,-0.02837042962705484,-173.1201817981469
2.49971389490968e-6,224.70076983308795,3503.7657053283547,0.0038275748228411787,-0.007935786693067631,3.1155341061622978e-6,365.25646891473076,3624.402018065407,0.017024164543418274,-0.0033312702564821965,6.868618233748888e-8,1030.9672206665712,1710.8229490480203,1.3338286102456582,3.3018152923650343,0.0010042151396120137,4331.820135455227,451.19808781054076,0.01965876510005179,-0.028884613595368473,-173.28405012432495
2.5112018860299867e-6,224.7007698077049,3503.765706289663,0.004773151969308873,-0.007865640633349573,3.121557874678269e-6,365.25646810617343,3624.402029611915,0.017782833201077153,-0.003328896612058875,6.54508611870105e-8,1031.8052790118272,1700.3376764398138,1.4996541077091143,3.2820319606668393,0.0009849681548696437,4333.4755859756115,445.6901871801722,0.01903311020878306,-0.029399783221735032,-173.46074804973844
2.5225451229317964e-6,224.70076978429302,3503.765707181106,0.005711552433352106,-0.007779674432899696,3.1275398330949745e-6,365.25646723464894,3624.4020423367256,0.01853575805604872,-0.0033113064438304194,5.7895582484347816e-8,1032.6440186025943,1769.5624767682593,1.8043063056336652,3.5046082951261384,0.0009664297796397198,4335.035873110074,440.22741226455946,0.018391423219638166,-0.02992979764063793,-173.64627241255488
2.53371889903527e-6,224.70076976277562,3503.765708004006,0.00663677525706975,-0.007682998244019532,3.1334290723883895e-6,365.2564663053573,3624.40205619711,0.01927837145255869,-0.0032831073215596044,5.491717176747594e-8,1033.483439992646,1755.6587065071567,2.023017101971908,3.4735927910205078,0.000948715296769911,4336.470243041851,434.94472714229397,0.017746793014655867,-0.03046425350617469,-173.83822524730485
2.5446371339235523e-6,224.70076974237782,3503.76570877376,0.007547301374893671,-0.007591942671278174,3.1392210419849243e-6,365.2564653209701,3624.402071104858,0.02000933054001232,-0.0032565924147964086,4.694040699920745e-8,1034.3235437362073,1853.062778891828,2.539538515107242,3.778782369602031,0.0009316798881875027,4337.7848427778845,429.94089967927357,0.01708202637289934,-0.031003761362837647,-174.03300694175672
2.5553338529103515e-6,224.70076972377126,3503.7657094761244,0.008435667703207491,-0.00748928350263736,3.144852014090559e-6,365.2564642810137,3624.402087139181,0.020722458401484494,-0.0032188147609345033,4.631107075967869e-8,1035.1643303879532,1771.3377733689335,2.7358418396297877,3.5398813084785035,0.0009156056219508444,4338.980058381696,425.10585713459216,0.016436230126561393,-0.031548419253322545,-174.2292025289617
2.565723653267706e-6,224.70076970611294,3503.7657101288014,0.009303706573620656,-0.0073942044854526405,3.150345649162925e-6,365.25646318869883,3624.402104186828,0.02141893543679748,-0.0031841577885292583,3.970613625732313e-8,1036.00580050301,1844.3029419249756,3.3807090018213852,3.7694305876682797,0.000900251889682918,4340.064270086245,420.5548799916723,0.015781665041853226,-0.03209904460697819,-174.4230153081895
2.575814598013999e-6,224.70076968979342,3503.765710721968,0.010141772310944604,-0.007297982402449522,3.155620981240438e-6,365.25646204576503,3624.4021222300908,0.02209122308697537,-0.0031459727569819436,3.589019649700191e-8,1036.8479546369551,1826.8540022106877,3.97238400589328,3.7226227577229563,0.0008858362967406665,4341.041963371247,416.2147542768391,0.015148929877995113,-0.032655854658472094,-174.61335380235172
2.5855198057277015e-6,224.70076967481108,3503.76571125994,0.01094760693408109,-0.00719529378910776,3.1606804194340234e-6,365.25646084962676,3624.402141315655,0.022736712592531506,-0.0031002163511604968,3.301183223170877e-8,1037.6907933458178,1785.252604105269,4.49435428806952,3.60460466082174,0.000872412908963152,4341.925396925698,412.0580719944836,0.014551271551015297,-0.03321712469889497,-174.79800639476892
2.5949148684296093e-6,224.7007696608516,3503.765711738224,0.011715739158111993,-0.007120560262502956,3.1654408220209296e-6,365.2564596054932,3624.4021612529864,0.023352432788571482,-0.0030736333151104894,3.040905796925675e-8,1038.5343171860789,1657.8165948174699,5.176273779630276,3.2201622461059474,0.0008597654956234243,4342.63165090299,408.4397206236431,0.013963536137314837,-0.03377795133452438,-174.9755873126414
2.6039414431463565e-6,224.7007696480989,3503.765712161032,0.012443580552681813,-0.007047420382837143,3.169909985570418e-6,365.2564583077921,3624.402182159302,0.023935192329787497,-0.003045791523385088,2.9554320754916937e-8,1039.3785267146707,1438.112433792599,5.5664608018523145,2.55650236191985,0.0008481035605295188,4343.242688848878,405.03939796062855,0.013419646542497825,-0.03434363881981935,-175.14489027929338
2.6126057645144903e-6,224.70076963610273,3503.765712537195,0.013134098789128473,-0.0069928310204927045,3.174101726693588e-6,365.2564569602833,3624.4022039159854,0.024487475019109507,-0.003029596384710535,2.295779219475459e-8,1040.2234224889817,1301.7847658095718,7.405997895704942,2.1418978236732773,0.0008372098463429215,4343.745423937928,401.99981922688454,0.012894962257006525,-0.0349100932589529,-175.3034729295955
2.6213401477611072e-6,224.70076962434376,3503.765712859311,0.013792661005654563,-0.006992000338623589,3.177944988188243e-6,365.2564555694474,3624.40222630844,0.02501577403436353,-0.0030520878041858553,3.1326682681483835e-9,1041.0690050668497,761.9999690819186,55.22744434478272,0.4898224317265332,0.0008266437713642027,4344.10145630849,399.5371056841984,0.012329522858797792,-0.035484503635089315,-175.45173608039752
2.6283455419402957e-6,224.70076961498467,3503.765713159822,0.014384526479054048,-0.006912567536790037,3.181615821991467e-6,365.25645410371794,3624.402250109092,0.02548288908156252,-0.0030124977329601637,3.0747544431923864e-9,1041.9152750065678,718.7706093251729,55.27929572885324,0.3829289283127806,0.0008182184996473781,4344.443782034912,396.9133585139598,0.01199444348202282,-0.03602185488377732,-175.5854873403666
2.634814263378234e-6,224.70076960674876,3503.765713413121,0.014928789873773489,-0.006846246221622035,3.1849593022523044e-6,365.2564525803741,3624.402274741513,0.02591059953587112,-0.0029806615301570267,3.0371359939711285e-9,1042.7622328668822,741.4213511155998,55.07563928449013,0.4752598684910225,0.0008106348593100575,4344.649053173584,394.70572499016527,0.011712202172637963,-0.03655048086570963,-175.7099442278036
2.640850161568464e-6,224.70076959927422,3503.76571362852,0.01543140762168938,-0.0067908459816989975,3.188009044406511e-6,365.2564509954705,3624.4023002207355,0.026303801653179464,-0.002955044264943594,1.7583743361729888e-9,1043.6098792069938,746.4966246757776,93.78799044193089,0.5136489072897586,0.0008037661290394463,4344.774303297707,392.76430334375567,0.011468337198692759,-0.03707617779422591,-175.8248839661704
2.646373909698857e-6,224.70076959286934,3503.765713799755,0.015884599247123758,-0.006752646323326753,3.1907132199466394e-6,365.2564493485218,3624.402326508323,0.026656611879483486,-0.0029407801527010107,2.0905232062975015e-9,1044.4582145865577,589.9192358881957,77.92282934700218,0.0654002596240953,0.0007976771742488263,4344.764630377781,391.2641533581481,0.011276750208294056,-0.03758613391830337,-175.93106942448404
2.6519300805533677e-6,224.70076958792862,3503.7657139002854,0.016281119685245034,-0.006731139121268141,3.1929309207370075e-6,365.256447626337,3624.4023537247795,0.02696670058380009,-0.002938349724935138,1.4389049199648025e-8,1045.3072395656843,213.58782646155447,11.174084357611502,-1.0577787661797255,0.0007923754956356673,4344.642233387003,390.05633775468783,0.011141291695188424,-0.038093788672864524,-176.02810483880344
2.65743339403141e-6,224.70076958370925,3503.7657139546595,0.01663126241004101,-0.006732037242472063,3.19476547866242e-6,365.2564458280848,3624.402381874756,0.027241407981097473,-0.0029518748208007886,2.756074386327502e-8,1046.156954704939,67.69911640140278,5.626107550412188,-1.4991685566262285,0.0007876675686756929,4344.455016672516,389.11498634280946,0.01103583526032822,-0.0385944912318636,-176.1131592527788
2.662644960048005e-6,224.70076957973885,3503.765713990744,0.01695019320567305,-0.006747248330923063,3.19639026558212e-6,365.25644395082236,3624.4024110116425,0.02749059823049015,-0.002975166817517292,3.718738029337004e-8,1047.007360565342,-31.88343634866864,3.896949442477308,-1.802305382471018,0.0007834375421662378,4344.228714328841,388.4130053413551,0.010950016921827909,-0.03907925450156536,-176.18779721481144
2.667512406673043e-6,224.70076957515553,3503.76571403628,0.01725496883084332,-0.006781719075130591,3.1979395623521964e-6,365.25644199637304,3624.4024411077407,0.02772663681937799,-0.003011665994207237,3.1593940779407536e-8,1047.8584577083723,-396.808079495584,4.105050260800728,-2.9021833490473607,0.0007794323465221837,4344.011910387438,387.899090027685,0.010849414503291164,-0.039547790643076876,-176.2496050796148
2.6718049261861946e-6,224.7007695715403,3503.7657140613537,0.017517957261386434,-0.006805147178437196,3.199260080068736e-6,365.25643994272644,3624.402472422537,0.027927815050328913,-0.003038715261516074,3.611531167684594e-8,1048.710246695963,-414.86808213376344,3.247389475716146,-2.9515167336348966,0.000776175542485635,4343.751420867332,387.5131133476665,0.01082207195614415,-0.03999227835234607,-176.30749697193562
2.6757681731529584e-6,224.70076956742557,3503.7657140964043,0.017765064598912087,-0.006844482353459169,3.2004905922669694e-6,365.2564377963976,3624.402504857454,0.028114863891526166,-0.0030768190801523224,2.9520156705924262e-8,1049.5627280905044,-797.4342256756006,3.4601738205707093,-4.093419321328362,0.0007731611015307434,4343.506504348899,387.2718908774407,0.010789671276599308,-0.040417219044304474,-176.3555591458201
2.679292089732078e-6,224.70076956437893,3503.7657141063864,0.01797608189015358,-0.006877973505947854,3.2015112771091316e-6,365.25643554162195,3624.4025385922105,0.028272525846059802,-0.003109687891552982,3.3425376488691084e-8,1050.415902454844,-727.5802754367771,2.729628376499086,-3.873482386280505,0.0007707172978856906,4343.191240130419,387.23486547941104,0.010811326821102,-0.04081609604231008,-176.4006775420329
2.6826629730283515e-6,224.70076956163953,3503.7657141061823,0.01816385159776273,-0.006905607811241571,3.2023837427828864e-6,365.25643316243355,3624.402573856243,0.02841190874329122,-0.003137521597081706,4.437321383514709e-8,1051.2697703522867,-466.4606412851892,1.825979214463123,-3.0811774026747605,0.0007686527103822979,4342.891593069411,387.1806078025423,0.010860290929663782,-0.04120104522382355,-176.44209531955164
2.685864839777868e-6,224.70076956005244,3503.7657140744104,0.018321410464872238,-0.0069208510053790084,3.203061541170313e-6,365.25643065258043,3624.402610716723,0.028528065342797473,-0.0031552742704824286,6.98573727288922e-8,1052.1243323465958,-120.34706310789711,1.0501116205052456,-2.0334054546301603,0.0007670253553404573,4342.541691173055,387.22154329860285,0.010951310153830864,-0.04156773596736219,-176.481972547362
2.6886464918495306e-6,224.70076955706298,3503.765714084575,0.018482378120443538,-0.006964414603642552,3.2037925373597307e-6,365.25642802439626,3624.402649026037,0.02864437465594968,-0.003193878780209206,7.142930085504499e-8,1052.9795890019927,-135.14061949033638,0.8941188016696752,-2.0655505117265,0.0007653396334009173,4342.244258682557,387.4185795679756,0.010999119133435976,-0.041907191272222276,-176.51228097246693
2.6913118172972768e-6,224.70076955384133,3503.765714099268,0.018627504746350387,-0.0070089522830755185,3.2044170597680703e-6,365.2564252456489,3624.402689222135,0.02874841615502202,-0.0032327301236155796,7.206204760032834e-8,1053.8355408831562,-159.6453560215448,0.7180455781897462,-2.1292926683792923,0.0007638810535518321,4341.99379084434,387.56405882707014,0.011055061876811203,-0.042231382013891205,-176.5390742297388
2.693817283538514e-6,224.70076955157654,3503.7657140909723,0.018749622221080342,-0.00704276225749338,3.204899891225633e-6,365.25642230111384,3624.402731500826,0.02883514086544662,-0.0032630818217234867,8.749021900685026e-8,1054.6921885552274,-54.36116766285777,0.49331278196125644,-1.8025905803037918,0.0007627544079732609,4341.700655533319,387.80452450852374,0.011143978809943026,-0.042533216815596436,-176.56552155360302
2.6960531801465866e-6,224.70076954899156,3503.7657140945444,0.018863350342028587,-0.007085723984783594,3.2053413329790914e-6,365.25641919079555,3624.402775872954,0.028914501817531985,-0.003299940917672643,9.564658897947265e-8,1055.5495325838035,-21.183228236947553,0.35369870713120255,-1.6915262700528721,0.0007617328939947596,4341.42074648473,388.1372203418563,0.011225701042886527,-0.04281234918319715,-176.58804716016667
2.6979824377656216e-6,224.70076954630056,3503.7657141079485,0.018969378012881004,-0.007130935864488328,3.2057532879133886e-6,365.25641589605806,3624.402822586639,0.028986838971478825,-0.0033380044673339123,9.929041374576549e-8,1056.4075735349427,-16.78410644700917,0.27271640884148896,-1.663381780137818,0.0007608272403316137,4341.1558417953975,388.5109101953037,0.01130682622152807,-0.043071408087948564,-176.60782059677348
2.6555253550340588e-6,224.70076950911255,3503.765715420574,0.020062990103479134,-0.0069048331675949275,3.214748999154979e-6,365.2564125228514,3624.4028745739747,0.029878240808629386,-0.0031749216693934303,1.48212329011186e-6,1057.2663119751633,1149.9332405046073,0.11386842275975223,0.05769001331940429,0.0007499939678128414,4343.86769096782,385.43176309916004,0.009519688807135494,-0.042958991519778486,-176.62203321011154
2.6576126617444927e-6,224.70076950110334,3503.7657155952816,0.020308952462313762,-0.006896025751330578,3.2160997830171623e-6,365.25640876631684,3624.4029279367837,0.030061322077674972,-0.003171826660332663,1.5362776443845517e-6,1058.125748471444,1143.674780905053,0.11340994288751333,0.05460948834097786,0.0007477679726512156,4344.196668629468,384.43505516713924,0.009378670633225448,-0.04324459323592845,-176.5974219576616
2.659535964341935e-6,224.7007694931654,3503.765715771939,0.020544983872851016,-0.006884568399859438,3.2173846425517398e-6,365.2564047511805,3624.4029847766087,0.03023670933397977,-0.0031664267812062507,1.5927175069195023e-6,1058.9858835912246,1137.478488229631,0.11300578539805517,0.05177826137652187,0.0007457155533174553,4344.533668201555,383.44802879592544,0.009252513148007872,-0.043511434349164275,-176.57089055128705
2.661334914728103e-6,224.700769485256,3503.765715950738,0.02077499763554527,-0.006870244000804822,3.2186285276044595e-6,365.25640045044366,3624.403045476781,0.030407437534486246,-0.0031586753653130447,1.6513499856864164e-6,1059.846717902406,1131.3381659554573,0.11267976097574768,0.049194510433657475,0.0007437719835208746,4344.877330174613,382.4652122138277,0.00913214713583127,-0.043763742589857386,-176.54270308189706
2.6629449121466466e-6,224.70076947760515,3503.76571612601,0.02099183200723526,-0.006852542428617241,3.2197804591765607e-6,365.2563958392625,3624.4031103805883,0.030567851118695862,-0.003147936482388258,1.7123519039057976e-6,1060.7082519733508,1125.2496327040078,0.11244531358590745,0.04681279344552838,0.0007420151977655837,4345.213030097405,381.51376813601183,0.009031131570554896,-0.043998537593747764,-176.5131077332161
2.6644134727116115e-6,224.70076947006177,3503.7657163013405,0.021201628147942502,-0.00683285082031929,3.2208828201590163e-6,365.25639088333077,3624.403179977642,0.03072283232977859,-0.003135523431835619,1.776170581029489e-6,1061.5704863728824,1119.1975463262813,0.11228530910790886,0.044640187329493125,0.0007403679006404477,4345.543058836589,380.6002338776203,0.008937781471817709,-0.04421718555253454,-176.48234158822294
2.6657165364508125e-6,224.70076946267963,3503.7657164753255,0.021401270070386676,-0.006809268958465234,3.221912563774853e-6,365.2563855469487,3624.4032547693664,0.030869916950227647,-0.0031198075074623578,1.8432542023465213e-6,1062.43342167029,50.7440398415,0.11220128306636251,0.04264241106103405,0.0007388659095070475,4345.870219169378,379.69851258135503,0.008859123713861331,-0.04442090714945095,-176.45063465487738
2.666889948706936e-6,224.7007694553942,3503.765716648429,0.021594105258151818,-0.006784204230722823,3.222888972455159e-6,365.25637979016926,3624.4033353125437,0.031011715069300044,-0.0031028108109082708,1.9137028235820935e-6,1063.2970584353225,1107.1873895247998,0.11221313974145597,0.04080336362899977,0.0007374555423216168,4346.191337527529,378.82374117527064,0.008786568462962949,-0.04461185677688098,-176.41821394911048
2.667893522722996e-6,224.70076944835066,3503.7657168179467,0.021776249969351614,-0.006755087084478579,3.223786176177867e-6,365.2563735648758,3624.4034222812643,0.03114517637213408,-0.003082367067531058,1.987814392212894e-6,1064.1613972381922,1101.2225770341547,0.11232642469276592,0.039115154185104015,0.0007361860257384829,4346.498666852617,377.984864858073,0.008729675462768,-0.044787400511860996,-176.3853072725301
2.668727416246029e-6,224.70076944144148,3503.7657169857807,0.02194873731372773,-0.00672554448231815,3.2246090426818323e-6,365.25636682169676,3624.4035163608723,0.031271137480760165,-0.003061391246018836,2.0661945630938607e-6,1065.0264386495762,1095.2778588271947,0.11253432362424541,0.037552464943303096,0.0007350333571229176,4346.787613991737,377.21615940065385,0.008683275355061469,-0.04494643687204282,-176.3521468886065
2.669435230454605e-6,224.70076943474697,3503.7657171487363,0.022114207268343632,-0.00669358142518243,3.2253711214985545e-6,365.2563594995549,3624.4036184016168,0.03139160835141833,-0.0030383374071060692,2.1491513012658535e-6,1065.8921832406143,1089.3521551154215,0.11285193612748785,0.03610276083981652,0.0007339619259801539,4347.05694983648,376.4904319190797,0.008643832089454517,-0.045094768989445456,-176.3189731754003
2.6699841364830725e-6,224.70076942808666,3503.765717312256,0.022270390716174485,-0.006658935931662068,3.2260567573267947e-6,365.25635152424195,3624.4037294438613,0.03150486163759852,-0.0030129532906608874,2.237435510279448e-6,1066.7586315829114,1083.443746713103,0.11327769707653351,0.03474683613695215,0.0007330047697015782,4347.324659460518,375.7741536741628,0.008615857581482558,-0.04523032033182428,-176.28603842305534
2.6703694651509404e-6,224.70076942166392,3503.7657174704104,0.022415552847989507,-0.006622163484252061,3.2266498253262224e-6,365.256342820976,3624.40385051293,0.031609485745355506,-0.002985610063266066,2.331157931069753e-6,1067.6257842485365,1077.5501213227485,0.11382976972022402,0.03348421943252791,0.0007321709176136994,4347.567502735244,375.1208866519977,0.008601833594395978,-0.045352234724177855,-176.2536109410914
2.6706177152437353e-6,224.7007694153764,3503.7657176244447,0.022553603377291367,-0.006586769932271717,3.2271744495899006e-6,365.2563333022722,3624.403982821898,0.031708569511709646,-0.0029591991142274934,2.4313496013924496e-6,1068.4936418100237,1071.6683100673922,0.11449753230925207,0.03229016190342932,0.0007313967521072471,4347.78038153304,374.55792491874774,0.00858993094449082,-0.04546182227778773,-176.22197947628538
2.6707003896350377e-6,224.7007694092981,3503.7657177731303,0.022680753392103847,-0.006548211235486935,3.227601714477465e-6,365.25632285425706,3624.4041279490193,0.03179910678321964,-0.0029299750697916165,2.5385905348177204e-6,1069.3622048403722,1065.800527962399,0.11530058156919372,0.031150290539903785,0.0007307398424319362,4347.970668649619,374.0440807324129,0.008591603735648604,-0.04555951989759099,-176.19145843182628
2.670637117633546e-6,224.70076940332203,3503.765717918469,0.022798468222040316,-0.006509755218451625,3.227936639389351e-6,365.25631135473844,3624.40428758664,0.03188229528292109,-0.002900594471233994,2.6537479508409425e-6,1070.231473913049,1059.9406812615728,0.11623642169160955,0.030070505609156275,0.0007301728479239246,4348.138387906614,373.59520885142945,0.00860096274678665,-0.045644961359323506,-176.16239405073605
2.670439626730974e-6,224.70076939752462,3503.765718057282,0.022907775244580365,-0.00647085432555259,3.228181410549495e-6,365.25629865951953,3624.4044637184224,0.03195888893498439,-0.0028706195958562216,2.7776595040164517e-6,1071.1014496019848,1054.0914011996715,0.11732207073993654,0.029025837622087634,0.0007296740645020834,4348.273337099819,373.2264127463435,0.008615129134228556,-0.04572062678602951,-176.13517193303122
2.6700676119006196e-6,224.70076939190423,3503.7657181895947,0.02300477260720135,-0.00643378768010174,3.2283049645042394e-6,365.2562846038154,3624.4046586098993,0.0320258673439597,-0.0028417345826927632,2.9115307430659985e-6,1071.9721324815778,1048.2491281237649,0.11855473482701062,0.028008127503237,0.0007292839878248774,4348.368967188402,372.9701962149309,0.008639287063947104,-0.045782131782320844,-176.11022641921792
2.6695518593709816e-6,224.70076938644146,3503.7657183149286,0.023091885399388768,-0.006397542313776485,3.2283170724649886e-6,365.2562689814238,3624.4048751097116,0.03208512969166274,-0.0028131914658176007,3.056818453867883e-6,1072.8435231266928,1042.4108898860964,0.11993889488854227,0.027015490228604364,0.0007289688228726822,4348.428687280638,372.8090935055196,0.008668338863935334,-0.0458329256401948,-176.08805280446543
2.6688818227392623e-6,224.70076938115506,3503.7657184326335,0.023168110862575152,-0.006361261294924032,3.2282045014861092e-6,365.2562515515715,3624.4051165372503,0.0321359118149696,-0.002784273123209406,3.2152252015937425e-6,1073.7156221126627,1036.5770922201132,0.1214809585865108,0.026028715392649712,0.0007287386751322787,4348.451091002058,372.7424086747469,0.008703849216088255,-0.04587245454169299,-176.06922283132414
2.668071920434044e-6,224.70076937602295,3503.765718541633,0.023233616490587517,-0.006328019479426378,3.2279583671788587e-6,365.2562320440263,3624.405386588592,0.03217835191685697,-0.0027573636800851346,3.388378558192077e-6,1074.588430015287,1030.7435031437399,0.12318656311858897,0.025047431028300152,0.0007285809422749433,4348.423837476874,372.8060003604169,0.008742789830901198,-0.04590083197942186,-176.05440537561546
2.6671028091746893e-6,224.70076937121394,3503.7657186371007,0.023286192858142853,-0.0062964797785791385,3.227554882501321e-6,365.25621011063384,3624.4056900435107,0.032210719516012815,-0.0027313562786654747,3.5784945121944696e-6,1075.461947410834,1024.9087380961946,0.12506684570971616,0.024064176637921077,0.0007285029411778821,4348.337849571581,373.02134505779173,0.008785708912430173,-0.045917107019192,-176.04439384086044
2.665993105421357e-6,224.70076936649053,3503.7657187236787,0.02332807622377865,-0.006268931555537074,3.2269967002438117e-6,365.25618535255046,3624.4060323809117,0.03223485158235554,-0.0027080851206592975,3.7888523568164125e-6,1076.3361748760403,1019.0693239434141,0.12710710734163388,0.02306338911396007,0.0007284809184324093,4348.201285063632,373.3802590875676,0.008827095264344288,-0.04592217141285945,-176.04014285463032
2.664733796597791e-6,224.7007693621238,3503.7657187937466,0.023357411844841178,-0.006244069949228327,3.226257788199704e-6,365.2561572717766,3624.406420407047,0.032249284769240015,-0.002686413640497761,4.022495729875305e-6,1077.2111129881102,1013.2225652647369,0.12932098830920896,0.022044484708433305,0.0007285215736372233,4347.9898327165365,373.93186807395324,0.008868480886296529,-0.04591428287175334,-176.04281826301283
2.6633452445352293e-6,224.7007693581271,3503.7657188448306,0.023374346462061543,-0.006221071557955633,3.225320650082918e-6,365.2561252807353,3624.406862145107,0.03225415946220075,-0.0026656395047545568,4.283543485607909e-6,1078.0867623247202,1007.3639221967339,0.13170321754270758,0.021006172843947287,0.000728604312778101,4347.702975195366,374.66486140740506,0.008905044509119643,-0.04589684248433196,-176.05386502431008
2.6617983605031728e-6,224.7007693544785,3503.7657188752605,0.023377531535615063,-0.006206428760927133,3.2241565161664354e-6,365.256088693908,3624.4073668855294,0.032248499473030795,-0.002650810912057878,4.577361283813986e-6,1078.9631234640135,1001.4892673806813,0.13423110949786782,0.019929601971644922,0.0007287214811945103,4347.315028101624,375.6828305298023,0.008931196337345444,-0.04586387837353014,-176.07510084889677
2.6601419067249843e-6,224.70076935142873,3503.7657188766734,0.02336908025062982,-0.006194046591983167,3.222753682140196e-6,365.2560466159753,3624.4079468092696,0.03223396730350787,-0.0026370603572597267,4.909971508983935e-6,1079.8401969846043,995.5950872680836,0.1369088786402523,0.018821406792232293,0.0007288342760824712,4346.815102502295,376.9670715890171,0.008942053256534202,-0.04582091075407056,-176.1088456016909
2.6583283134149442e-6,224.70076934925447,3503.765718838601,0.023344043062791243,-0.006187875710106725,3.2210483131930617e-6,365.2559980446384,3624.408615348726,0.032206705417393344,-0.002627269741737569,5.289325465762193e-6,1080.717983465577,989.6752076072497,0.13969745446522838,0.017672991042074548,0.0007289518898078763,4346.16058486912,378.64221771136516,0.00893376222973278,-0.04576279255171428,-176.15810020812268
2.6563477222640612e-6,224.70076934818783,3503.765718751067,0.023301324110035663,-0.00619079317641202,3.218998179283981e-6,365.255941773881,3624.409388556703,0.03216589060653366,-0.0026235769644443433,5.725220795652754e-6,1081.5964834864865,983.7244195918411,0.1425521059375051,0.01647517306040523,0.000729038947055583,4345.31294111316,380.8133321726027,0.008895153154714914,-0.04568722811696005,-176.22679407886162
2.6541884965020438e-6,224.7007693487791,3503.7657185956036,0.0232375511825684,-0.0062027045124656436,3.2165368709972527e-6,365.255876374914,3624.4102852100714,0.032108871474213145,-0.0026255863379109866,6.229267168114745e-6,1082.4756976273595,977.736549089849,0.14542285320976664,0.015235723940161563,0.0007290832847916998,4344.2116791871385,383.6146532074467,0.008820464514586283,-0.0455916205709652,-176.32012321105066
2.6518142062820063e-6,224.70076935185193,3503.7657183444403,0.023147212840423485,-0.006226459078941119,3.213580861294178e-6,365.2558003301283,3624.411324553458,0.03203123710535701,-0.002635207346714562,6.8155923394880865e-6,1083.3556264686938,971.7043441172788,0.14821790121931244,0.01395197318547329,0.0007290443543992859,4342.76520593357,387.26993254360156,0.008693485598042386,-0.04547198277501674,-176.44500143239046
2.6490523431235484e-6,224.70076935871498,3503.765717957729,0.023010752324257294,-0.006268163436597104,3.2099494173610656e-6,365.25571212518355,3624.4125244958627,0.03191749271205592,-0.0026564859371754337,7.500646950671204e-6,1084.2362705914575,965.6195724708301,0.15080517076629538,0.012622375177134644,0.0007290194004976254,4340.8418096785435,392.12561646136953,0.008515714325410225,-0.04531213988624092,-176.610631466188
2.645750780263444e-6,224.70076937138217,3503.7657173754424,0.022806479528243977,-0.006336738801909194,3.2054597940768103e-6,365.25561069313073,3624.413894356416,0.03175031051439437,-0.0026955445860317164,8.30036380563946e-6,1085.1176305770953,959.4722526853426,0.1530192819004054,0.01125290773268236,0.000729074894449296,4338.237088174376,398.69747856520377,0.008280485519439017,-0.0450940527956582,-176.82914483329716
2.641530516155471e-6,224.70076939316658,3503.7657165059745,0.022485237277857492,-0.006444119431688385,3.199780476338163e-6,365.255496363376,3624.415419450881,0.03149050836501153,-0.002760121733087194,9.227027663650096e-6,1085.9997070075203,953.2479337522497,0.1546028757757806,0.00984745907160379,0.0007295180652733347,4334.660819222931,407.72732867888124,0.00801036970312966,-0.044782149299154285,-177.1160937283436
2.6356982284844854e-6,224.70076942960887,3503.765715205592,0.021958022744647237,-0.006615811026362594,3.192414989681801e-6,365.255372939993,3624.417027630004,0.03106727114257781,-0.002867679992192318,1.027723590659212e-5,1086.88250046512,946.9239225457293,0.15517633518361465,0.008401967130329516,0.0007309977971854302,4329.633431392707,420.4984819917075,0.007770713103604881,-0.044305742977349016,-177.49015393444546
2.6271487540981345e-6,224.70076948885156,3503.7657132804643,0.02107555694505463,-0.00688600443286357,3.182680735930278e-6,365.2552516656462,3624.418525204463,0.030361946320219012,-0.0030410738041823024,1.1407115879284408e-5,1087.766011532756,940.4600229577942,0.1541760813367906,0.006906573553952355,0.0007348180144983551,4322.525290129561,438.70602875726996,0.007718489930882873,-0.043555013429450895,-177.9704274545945
2.614119975740387e-6,224.7007695831827,3503.7657104710465,0.019594809097376292,-0.0073044458272323205,3.1697219506717756e-6,365.25515862908094,3624.419475162743,0.029181839284043175,-0.003313541234822795,1.247865836986751e-5,1088.6502407937626,933.7739955765829,0.1507424000842858,0.005334248021357297,0.0007434516949344271,4312.44210366085,464.8375874349492,0.008178758090694153,-0.04234885633749592,-178.56791298611626
2.594762328990527e-6,224.70076972619694,3503.765706565513,0.017230493177415953,-0.007912468774114825,3.153113734284421e-6,365.25514256630726,3624.4190559957533,0.027301429504319973,-0.0037118621986881157,1.3175041101897514e-5,1089.535188831949,926.6817257038362,0.14370323096313278,0.0036431322509932517,0.0007606682236736939,4298.507437714481,501.39764468030296,0.009663666470542134,-0.04048096430136253,-179.26625867729115
2.5697895738849306e-6,224.70076992028066,3503.7657017257093,0.013951948522649424,-0.008662177141159648,3.1345910546130083e-6,365.25526515917574,3624.416154692032,0.024697381406187106,-0.004201580527716343,1.2963550408053053e-5,1090.4208562315987,918.7402293872021,0.1320323801882538,0.0017443626001253003,0.0007892091738734114,4280.886250827871,547.890691833027,0.012537442526576199,-0.03797082093175772,-179.99484515071106
2.5457870431372413e-6,224.7007701359133,3503.7656968405586,0.010439965015067349,-0.009362255928409214,3.1194779400532106e-6,365.25554813792985,3624.4100516922535,0.02190852348996437,-0.004655580497628753,1.1380329067576944e-5,1091.3072435774704,908.8023434694821,0.11554079739576674,-0.0009658284246524834,0.0008246806049164777,4262.325637002671,596.4659955938266,0.016242132037292162,-0.03539428411994419,-180.63027389180482
2.5307884014535393e-6,224.70077032236142,3503.765693011538,0.007711171800747829,-0.009840721962631355,3.1130479179831454e-6,365.25593864209566,3624.4006440066037,0.019739377793034474,-0.004966845647765107,8.535103159538798e-6,1092.1943514547968,893.1489194126582,0.09335608871123699,-0.008069789061691693,0.0008557540409800575,4247.065428334243,635.5055966307157,0.019487837454925525,-0.03351362645277201,-181.0648039077541
2.5271242265404205e-6,224.70077044391132,3503.7656907563774,0.006247832117480601,-0.010096605696903046,3.1160132507944567e-6,365.2563518509123,3624.386662840833,0.018574035682645883,-0.005142748204000492,5.366362372749849e-6,1093.0821804492894,855.8522073885588,0.06758550979628607,-0.03907484367328894,0.0008738229695175553,4237.604535255756,658.8779810192094,0.021408704276517147,-0.03260808785973677,-181.2719279210319
2.521078711622899e-6,224.70077059655893,3503.765687851945,0.005430278752684328,-0.0104046876499152,3.1238114574318212e-6,365.25670229792286,3624.3562831655877,0.017938320236567135,-0.005407734238166335,1.4725707501700131e-7,1093.9707311471332,-2.503370084058385,4.375517323424355,-0.15466106000517013,0.0008899670041904577,4233.702634882033,671.2510910041246,0.023073692956348934,-0.03200913669884285,-180.95497095393412
2.5377446120094308e-6,224.7007706454496,3503.765686415227,0.007029688556126197,-0.010600312100522752,3.1603100916360437e-6,365.2578019020546,3624.2225878862837,0.019176324565548557,-0.00568620378213392,4.665350794457676e-6,1094.8600041349903,1138.0611719079727,0.42060074441233963,0.14477411395487316,0.0008637775739462727,4235.0457080659735,667.8815340218042,0.02010142250845663,-0.03279618691222045,-180.62171782939618
2.5359932900829054e-6,224.7007706426904,3503.765687510369,0.006644555308557742,-0.010302593315348697,3.143318834333051e-6,365.25720500388144,3623.9639128544104,0.019124704498623323,-0.005518869284984984,4.504289588918516e-6,1095.7499999999998,698.9920277531032,0.17401992892327278,-0.14111216576223337,0.0008450077096182249,4236.23896499866,660.3563670499396,0.019716082030767055,-0.030720905331555307,-182.54173973406924
