mu_1,P_1,t01,ecos1,esin1,mu_2,P_2,t02,ecos2,esin2,mu_3,P_3,t03,ecos3,esin3,mu_4,P_4,t04,ecos4,esin4,lprob
5.029035884996781e-6,224.7007759347056,3503.7695298451154,0.0013689800123017684,-0.04053128430270735,2.9765014546407624e-6,365.2564509821251,3624.408759522463,0.012958344018666771,-0.029605028757229753,1.4579834297973159e-5,1460.9999999999995,1260.6887105303292,0.32211100687645294,0.1642816235501625,0.0006222570904496301,4192.467618011193,895.0313088927672,-0.02563060150228617,-0.018846941802494764,-254.14601162520577
5.016348468930267e-6,224.70077589400606,3503.769531777142,0.0008102353053066422,-0.04003463091405336,2.9743008092653525e-6,365.2564509429338,3624.4087627257295,0.012522348656642758,-0.02910598462965998,1.380645052225523e-5,1462.0907505361438,1244.6940548103757,0.36637642098184836,0.13269622535987727,0.0006381232436883041,4192.911856179136,897.1035144461343,-0.021467515000592723,-0.018160009284538817,-254.2240399867682
5.057609258583213e-6,224.70077594329814,3503.76953175159,0.0026677018972512587,-0.040294574527651804,2.9948624794210388e-6,365.25645093628435,3624.408620376164,0.013629173404017186,-0.02933968871755251,2.672529560939806e-5,1463.1823154027002,196.8315576623177,0.23041971963270605,-0.0673344303864245,0.0006276092765707162,4200.265424179178,883.9593552641558,-0.023412529725537565,-0.01836307362697521,-254.31842446147317
5.036376767550185e-6,224.70077608014188,3503.7695273300733,0.0015332136310130947,-0.03830968845341832,2.9991657442408054e-6,365.25645215189036,3624.4087439990344,0.012704575039009642,-0.028031533142980694,3.2596730425994175e-5,1464.27469520763,730.7612006994566,0.14061458748304217,-0.07436197080924528,0.0006562520755246757,4196.074103808151,890.2282540371888,-0.016762704057468703,-0.018161765152829693,-254.33760761700546
5.007121625669863e-6,224.7007760285911,3503.7695288056834,0.0003614975094788516,-0.03755248555800148,2.9896900637869736e-6,365.25645250386395,3624.4087362306805,0.011919588771036256,-0.027456617339610943,3.4575009478942046e-5,1465.367890559348,730.4930894363082,0.12304830402090289,-0.05828220131212277,0.0006757013011270843,4194.620661784394,894.8644001756327,-0.012453852159503289,-0.017592628641301896,-254.33457257303127
4.982290658603569e-6,224.70077599092102,3503.7695298532926,-0.0005742957744367388,-0.036877101276085664,2.9822640188365924e-6,365.256452838421,3624.4087288054516,0.011306479963024911,-0.026934737964029266,3.61449158174842e-5,1466.461902066724,728.3682365269378,0.10965904247244747,-0.04670130810157244,0.0006919960906946924,4192.7670954989035,898.875638245403,-0.009012201224407497,-0.017300829967839878,-254.33275298632753
4.9607821510384385e-6,224.7007759651533,3503.7695305554116,-0.0013333516806799946,-0.036275142289423926,2.976488372831823e-6,365.2564531692521,3624.4087215459476,0.010817497664656214,-0.02645987669912243,3.733030945392054e-5,1467.5567303390817,724.8906926479646,0.09959706145458913,-0.03845165401504569,0.0007057483388954041,4190.669350738814,902.4447326782841,-0.006210749929397102,-0.017189966052332334,-254.3386977691655
4.94145136713766e-6,224.7007759492143,3503.7695309860296,-0.001972943337702714,-0.035728302706970194,2.9719413840579384e-6,365.2564535068655,3624.4087142642443,0.01040963586632956,-0.026019051565846312,3.818773126330188e-5,1468.6523759861998,720.4508039077676,0.09203255530780072,-0.03258018128878765,0.0007176436611946623,4188.3892012304295,905.7960391800134,-0.0038541697307636264,-0.017190240839439343,-254.3587510940928
4.923375800817858e-6,224.7007759409471,3503.7695312096334,-0.0025378416056623014,-0.03523065892683811,2.9682598149106745e-6,365.2564538567119,3624.4087068359204,0.010051035830780522,-0.025609540298962664,3.8780876754827286e-5,1469.7488396183107,715.3377862727431,0.08626140643037618,-0.02838091661917395,0.000728119515311855,4185.968553156825,909.1317222607929,-0.001825482535019081,-0.01725043111296056,-254.3975277137491
4.905960614457747e-6,224.70077593848936,3503.7695312787378,-0.003057014899845264,-0.03477379626852023,2.9651897725723916e-6,365.2564542190235,3624.408699226888,0.009721872302044748,-0.025226406990096015,3.916469676105857e-5,1470.8461218461077,709.7430416527101,0.08177861098312371,-0.025369221003700218,0.0007375159505004382,4183.462413628361,912.4946925669882,-4.251612753462223e-5,-0.017342214428458038,-254.4576968972697
4.8888761416957855e-6,224.7007759405851,3503.769531223914,-0.0035463937217010437,-0.0343569866036267,2.9625577125235847e-6,365.2564545923493,3624.408691435948,0.00941238432411807,-0.024870857116902616,3.938527063544303e-5,1471.9442232807341,703.8090992576549,0.07819110153476891,-0.023196111167861754,0.000745925615834975,4180.899322446743,915.9250756766268,0.001525130980474671,-0.01745082243805304,-254.5402918122574
4.87194974681246e-6,224.700775946324,3503.7695310669587,-0.004014941209796492,-0.03398277577372147,2.9602554335494362e-6,365.25645497493014,3624.4086834828718,0.00911723397113962,-0.024546190192363475,3.9474354636526405e-5,1473.0431445337924,697.6235930042571,0.07524936358524072,-0.02164807562988991,0.00075335457313989,4178.315277166336,919.4382342286963,0.0028890810372402104,-0.017564493041031724,-254.6451332047542
4.855085762251925e-6,224.7007759548223,3503.7695308264,-0.004468500041238052,-0.03365556201552114,2.95819739271635e-6,365.25645536223965,3624.408675431767,0.008833409696895674,-0.02425699807413801,3.945812514920588e-5,1474.1428862173404,691.2552411016355,0.07275037756080784,-0.020564797528003456,0.0007597499487194234,4175.753092383166,923.0072703449936,0.004047730949895572,-0.01767796548480582,-254.7712071878925
4.838297059953645e-6,224.70077596556288,3503.769530511999,-0.00490753014992718,-0.033380128676608806,2.9563432802792103e-6,365.25645575047633,3624.40866734773,0.00856145473769493,-0.024008014129587436,3.935422526090488e-5,1475.2434489438942,684.7487108305786,0.07056425880085447,-0.01984481780963346,0.0007650058694917118,4173.255325439404,926.5973145443148,0.004990536367959826,-0.017787271033979226,-254.91695601558115
4.8216138139186044e-6,224.70077597814515,3503.769530129723,-0.0053320194127494825,-0.033162666627891337,2.9546606347804913e-6,365.25645613590643,3624.408659293725,0.008302056438301795,-0.023804849426896584,3.917598735247714e-5,1476.344833326426,678.1360430285115,0.06858894511270476,-0.01941788004694298,0.0007689919868522944,4170.853466304885,930.1867787499448,0.0057022608594062205,-0.01789065212582463,-255.0804868653568
4.805056599045767e-6,224.70077599222367,3503.7695296838124,-0.005742346097875957,-0.033009450575400695,2.9531236135580657e-6,365.256456514337,3624.40865134259,0.008055465070813703,-0.02365310523288665,3.893208749363573e-5,1477.447039978366,671.4417295383444,0.06674923942380369,-0.019237828592571622,0.0007715808372469143,4168.584997045732,933.7432050231205,0.006165734439172559,-0.017986754181017,-255.25971541642468
4.7887069283458776e-6,224.70077600742832,3503.76952917981,-0.006136040968131307,-0.03292541540237297,2.9517221868452587e-6,365.2564568806937,3624.4086435850845,0.007823931336960832,-0.023557232190647308,3.8629765613934113e-5,1478.5500695136031,664.6827160800012,0.06498646245517356,-0.01926928610756603,0.0007726540692239321,4166.500446254741,937.189071979032,0.006363530436203328,-0.018075523039120103,-255.45246298112474
4.772576564435733e-6,224.70077602348474,3503.769528622276,-0.006515038064126744,-0.03291615809349207,2.9504296156648443e-6,365.25645723181253,3624.408636082356,0.007605965717607579,-0.02352206406273884,3.8274005768603246e-5,1479.6539225464835,657.8702981897978,0.06326291508661243,-0.019498119270331498,0.0007721408243176991,4164.625874102362,940.5243819539244,0.006283315513869665,-0.0181526527386635,-255.65652110524005
4.756682611362661e-6,224.70077604010763,3503.7695280160833,-0.006879971894716281,-0.03298770335164096,2.949228814504713e-6,365.2564575642207,3624.408628899693,0.007401126034023854,-0.02355269869218411,3.786765820780099e-5,1480.7585996918124,651.0101669908278,0.06154564588774157,-0.01991641102023791,0.0007699670417097604,4162.99642795269,943.7322217298154,0.005908994498560198,-0.018212937819371916,-255.86969573845815
4.741105067173913e-6,224.70077605705038,3503.7695273644094,-0.007228525271884339,-0.03314250069127375,2.9481170867928293e-6,365.2564578732185,3624.4086221241387,0.007211243893244772,-0.02365152026070591,3.7414177758620904e-5,1481.864101564854,644.1129212552813,0.05980235845456801,-0.020507820883939234,0.000766083684050268,4161.651325041951,946.7257471766093,0.005224960938784811,-0.018259320807089384,-256.0898387627009
4.725792309270664e-6,224.70077607387168,3503.7695266801115,-0.007566457295294651,-0.03338480171124712,2.947053380946914e-6,365.2564581563116,3624.4086158097757,0.007031460261409109,-0.023822137802639577,3.691657420254911e-5,1482.9704287813324,637.1812043809161,0.0580202482145144,-0.021277371537440474,0.0007605507332830787,4160.619435067508,949.5301936837574,0.004228665203500028,-0.018279038543632782,-256.31487317915276
4.710793047264407e-6,224.70077609037304,3503.769525968809,-0.007892908929357859,-0.0337148389068588,2.946032700494909e-6,365.2564584107773,3624.408610013857,0.006862082485340043,-0.024065069558495168,3.6377731999080166e-5,1484.0775819574305,630.2175522306263,0.056187072046816944,-0.022218201364337838,0.0007534162202550346,4159.918862827442,952.1152413943393,0.002914477581968795,-0.018269614148472765,-256.54281652421895
4.696051366843563e-6,224.70077610605864,3503.769525246009,-0.008214029037840739,-0.03413297765730768,2.9450132039477645e-6,365.25645863380373,3624.408604795392,0.006697904593581858,-0.02438091014283785,3.58011529582112e-5,1485.185561709792,623.2288517624795,0.054291795592887465,-0.023326567527431633,0.0007448206748469475,4159.577101423683,954.466616441109,0.0012866160415436157,-0.018221275866488335,-256.77180557868166
4.681590619392287e-6,224.70077612067183,3503.7695245226923,-0.008530784864069144,-0.03463538073581003,2.943982475974784e-6,365.2564588244389,3624.4086001834703,0.0065375393342307336,-0.02476674222960094,3.5191289360004154e-5,1486.2943686555184,616.2141712831059,0.052335997643554975,-0.024598969858449195,0.0007349387187909705,4159.597089117722,956.577216057358,-0.0006423309523192202,-0.018128335850199906,-257.0001243833804
4.667371556794741e-6,224.70077613384967,3503.769523814865,-0.008848861540432759,-0.03521767239966604,2.9429053816319964e-6,365.2564589820674,3624.408596205395,0.006375747879298496,-0.02521943116956437,3.455444583157743e-5,1487.4040034121776,609.1839336038455,0.05032583494526627,-0.02602456246347344,0.0007240079930616961,4159.9724998912925,958.494239114816,-0.0028496279000520815,-0.01797810284473083,-257.22623523019143
4.653343088134607e-6,224.70077614524587,3503.7695231393704,-0.009173977228351319,-0.03587004466719374,2.9417463797228434e-6,365.2564591069847,3624.4085928649934,0.006207305647324177,-0.02573122905086939,3.389736926956978e-5,1488.5144665977937,602.1377296882318,0.04826984942018757,-0.027589883345182288,0.000712334591222341,4160.686821757138,960.2380140787269,-0.005296103803283497,-0.017762350633169926,-257.4488106210427
4.639504740754777e-6,224.70077615467355,3503.7695225080365,-0.009508857434843377,-0.03658353489395069,2.9404883784413576e-6,365.25645920007145,3624.4085901594644,0.006029318194390811,-0.026295134480567903,3.32270455021958e-5,1489.6257588308533,595.083665631506,0.04618084110664865,-0.02927799047184509,0.0007001690268707883,4161.714281319202,961.8419210985736,-0.00794713756243826,-0.017474523901840344,-257.6667615177107
4.625801510706813e-6,224.7007761620709,3503.7695219328275,-0.009859893965838513,-0.037343525022919294,2.9390966819537007e-6,365.2564592647147,3624.4085880403295,0.005835844366320742,-0.026899484919977693,3.255314762103446e-5,1490.7378807303053,588.0240625140398,0.04407938126035425,-0.03106702159117455,0.0006878553679666111,4162.994732366886,963.4110815606239,-0.010741832487035122,-0.017104739757979652,-257.87925666413463
4.612237232764253e-6,224.7007761672635,3503.7695214236605,-0.010228230507476004,-0.038139785576636435,2.937566366038298e-6,365.2564593018399,3624.408586495553,0.0056255413176897,-0.02753614436671901,3.1881634670569756e-5,1491.85083291556,580.9677311021566,0.04197838507709864,-0.03293369671761184,0.0006756121406239497,4164.502628207959,964.9488563703295,-0.013637677046582067,-0.016652396635184166,-258.0857282836737
4.598802628656833e-6,224.7007761704068,3503.7695209839,-0.010616679853753521,-0.03895739155728873,2.935883357718725e-6,365.2564593150309,3624.4085854668538,0.005395549821925142,-0.02819311273946021,3.122081913879359e-5,1492.9646160064908,573.919233699894,0.039898428835032605,-0.03485104561837284,0.0006636842487815709,4166.173632718824,966.5345595396301,-0.016577738229890393,-0.016116103990916314,-258.28586224472514
4.585508031544403e-6,224.70077617148652,3503.769520617321,-0.011025166206048247,-0.03978782915070272,2.934050286709354e-6,365.25645930643,3624.4085849164708,0.005145686759550003,-0.028863462585345993,3.057508142938172e-5,1494.0792306234337,566.8847376301503,0.037853882360262193,-0.0367991465220541,0.0006522079277740771,4167.979482186645,968.1826702107086,-0.019523659647736977,-0.015497770482655677,-258.4795742629339
4.572318838299286e-6,224.70077617071902,3503.769520322386,-0.011456698905458735,-0.04062129448863232,2.9320532075622487e-6,365.2564592793214,3624.408584783624,0.0048732942285041264,-0.029539177586195873,2.99500630736467e-5,1495.1946773871875,559.8681195910486,0.035853265017606814,-0.0387548988366587,0.0006413064433086471,4169.858892195837,969.9868301396865,-0.0224347304127687,-0.014796644167302059,-258.66697592660654
4.559268346713643e-6,224.70077616827407,3503.769520095887,-0.011909009283911651,-0.04145191072387687,2.929907682623035e-6,365.25645923579197,3624.408585029392,0.004580100249666015,-0.030215434204735304,2.9348141350935267e-5,1496.3109569190153,552.8774070042363,0.033909580733955065,-0.04069919346407014,0.0006310248744919584,4171.784920286762,971.9609517926501,-0.025285257973529627,-0.014017518844765228,-258.848335515433
4.546373816095784e-6,224.70077616429052,3503.769519934431,-0.01238054557176555,-0.04227121705528376,2.9276256030314172e-6,365.2564591772304,3624.4085856195984,0.004267451119436815,-0.030885300647097103,2.8771352390408265e-5,1497.4280698406428,2043.344323586898,0.03202815515505684,-0.04260989296987802,0.0006214150392651888,4173.733532801049,974.0811825298854,-0.028048052848700343,-0.013171205309793039,-259.0240382732959
4.5336528640287504e-6,224.70077615898367,3503.7695198323186,-0.012869599456134511,-0.04307670576939724,2.925218302344618e-6,365.25645910574406,3624.408586512335,0.003936703534846574,-0.03154658083862302,2.822090029252364e-5,1498.546016774261,538.9903603029637,0.030216569307545852,-0.044473113680852466,0.0006124567830844744,4175.676943114704,976.3836873942721,-0.03071192893902989,-0.012261454182572696,-259.19454945547136
4.521051177953127e-6,224.70077615243912,3503.769519786878,-0.013378888523587337,-0.04386771714173826,2.9226725264052994e-6,365.2564590228222,3624.408587673102,0.0035859235283459694,-0.03219855544683154,2.7696482321137823e-5,1499.6647983425248,532.1036648144634,0.028472773381634627,-0.04627823954816502,0.0006041347024615134,4177.599940423062,978.9110924230497,-0.033267125117869605,-0.011286831243434508,-259.36038165404625
4.5086375577094774e-6,224.70077614494625,3503.769519788128,-0.013902423872096321,-0.044641544190955916,2.9200243997251382e-6,365.25645892954816,3624.4085890746774,0.0032200469793311247,-0.032838913831835445,2.719699137722935e-5,1500.7844151685542,525.2587762258779,0.026799358881019707,-0.04801219122795979,0.0005963866895340672,4179.490339349227,981.6181574962893,-0.035716698643953534,-0.01026116579180018,-259.5220677009629
4.496359480100171e-6,224.7007761365278,3503.7695198345878,-0.014442916234365957,-0.04539924230491447,2.9172588706292787e-6,365.2564588267412,3624.4085906939767,0.002837137894389966,-0.033468296314164016,2.6721609228096547e-5,1501.904867875934,2020.3621940033743,0.025193569595158928,-0.04966815161556782,0.0005891780564484812,4181.34246127531,984.5368222005154,-0.03805926607680303,-0.009182333876293709,-259.68013847165804
4.484256294102183e-6,224.70077612741457,3503.7695199193304,-0.014996975647054952,-0.04613692577129779,2.9143987821184546e-6,365.2564587157146,3624.4085925008485,0.0024400413991180242,-0.034083514911593324,2.6270430482483642e-5,1503.026157088714,511.7105157994393,0.02366273993747069,-0.05122622764750116,0.0005824986459393674,4183.138289467611,987.6530775104504,-0.04028558555437134,-0.008060699924000466,-259.8351055337333
4.4722415415975665e-6,224.70077611766214,3503.7695200386224,-0.01556907729278263,-0.046860195733498956,2.9114169061605673e-6,365.25645859708743,3624.408594475301,0.002025443994161578,-0.034688828047729804,2.584008833808198e-5,1504.148283431413,505.0096384369679,0.02219378353998311,-0.05269114613221955,0.000576249408050311,4184.881334095768,991.0102538633489,-0.04241699673350215,-0.006889078341012889,-259.98744754533055
4.460331954503932e-6,224.7007761072836,3503.769520191098,-0.016157624688563386,-0.04756598904172603,2.908325157192376e-6,365.25645847108404,3624.4085966045827,0.0015948461247307344,-0.035281695727211376,2.5430198697276533e-5,1505.2712475290127,498.3612067951969,0.020790989123516963,-0.05404658974927955,0.0005704313006968232,4186.572936847466,994.5592347114667,-0.04444535010469448,-0.005677263219512845,-260.1375999589788
4.448517189996273e-6,224.7007760966368,3503.76952036618,-0.016761831202964428,-0.04825721822878221,2.90512970251363e-6,365.2564583397472,3624.408598849991,0.0011490095105829547,-0.03586427019149529,2.5038623010668394e-5,1506.3950500069627,491.76906383694705,0.019449616449687922,-0.05529104599960077,0.0005649658159923462,4188.190681526225,998.3702629128185,-0.046385162412523606,-0.0044213265420783845,-260.2859471916106
4.436751881193444e-6,224.70077608563005,3503.7695205644627,-0.017384912468556096,-0.04893497865319155,2.9018102528078977e-6,365.25645820249485,3624.4086012113835,0.0006855323263487279,-0.03643737213513255,2.4663403647714345e-5,1507.5196914911792,485.22750252145744,0.018166650118736517,-0.05641462695531618,0.0005598083190111319,4189.749546202054,1002.409902446998,-0.048247085179243386,-0.003123290487994474,-260.4328167121829
4.424967973612424e-6,224.70077607438634,3503.7695207827846,-0.018030962878449935,-0.04960165356811839,2.8983459691642105e-6,365.25645806106394,3624.40860365478,0.00020130294477244316,-0.03700270548107899,2.4303604567464376e-5,1508.6451726080456,478.74298078105437,0.016937813648792814,-0.05741351472744769,0.0005549340819502155,4191.23493968813,1006.7605014329241,-0.050032008637170805,-0.0017734315172394806,-260.57847465327137
4.413137036358936e-6,224.70077606283238,3503.7695210217776,-0.018702443352354423,-0.05025866630049294,2.894721349060299e-6,365.25645791520014,3624.4086061782273,-0.00030554465870579774,-0.037561313182313504,2.3957840964440312e-5,1509.7714939844138,472.31672650861896,0.01576409723398713,-0.05827968270413515,0.000550298459554904,4192.661833744457,1011.4010626762154,-0.051751080013461244,-0.0003706164353610014,-260.7231225085139
4.401201041959308e-6,224.7007760511571,3503.7695212764893,-0.01940247945109595,-0.050905155445677,2.890922863307125e-6,365.25645776651703,3624.4086087477,-0.0008373370402111944,-0.03811234602896388,2.3624961610834647e-5,1510.8986562476025,465.93780180776196,0.014642179343945273,-0.059010161607357635,0.0005458993257224141,4194.009516668208,1016.3904435727237,-0.053399183246893044,0.001088712846559832,-260.86689471391145
4.389103514514053e-6,224.70077603925955,3503.76952154825,-0.020136410758048166,-0.051547408930512774,2.8869159115357446e-6,365.256457614614,3624.4086113674794,-0.001398285638733281,-0.03866077020769284,2.3302457880857695e-5,1512.0266600254,459.62051361956514,0.013562170313729815,-0.05959559302597823,0.0005416486964996872,4195.300382441119,1021.7454042537429,-0.055003107959215605,0.002617229655170605,-261.00985686563564
4.376704103957407e-6,224.70077602717166,3503.769521837306,-0.02091502475874566,-0.052187108547491735,2.8826409016402305e-6,365.25645746142624,3624.408613999905,-0.001997007920481155,-0.03920772927670831,2.2990466545195457e-5,1513.1555059460618,453.3566235001455,0.012526294493447662,-0.060032308230129,0.0005375464858877472,4196.518864968721,1027.586668628724,-0.056557751771812645,0.004232856795777797,-261.15200436690066
4.363932051733499e-6,224.7007760148992,3503.7695221437257,-0.021744140706823983,-0.05282516631390964,2.8780680665096047e-6,365.25645730768866,3624.4086166292304,-0.002638010257392029,-0.039753776583884376,2.2687788165587034e-5,1514.285194638314,447.14955431670387,0.011527861552479536,-0.06031648614474864,0.0005335785959590477,4197.661987658128,1033.9617649248567,-0.058062672541169424,0.005945057615039959,-261.2932614181172
4.350612292779708e-6,224.70077600223524,3503.769522473735,-0.022639121076323234,-0.05346840475510795,2.8731061272093835e-6,365.2564571536683,3624.4086192492477,-0.003333711373230563,-0.04030424260594799,2.2393709773422857e-5,1515.415726731351,440.9895976388782,0.01056485168778864,-0.06044259541150454,0.0005296893094890745,4198.74844584633,1040.9820790455763,-0.05953308852618569,0.007785576214243073,-261.4334799225306
4.336514541832841e-6,224.7007759891909,3503.7695228289626,-0.023618982146313656,-0.05412014981832871,2.8676523295463674e-6,365.25645700103496,3624.408621828401,-0.004099195282110636,-0.04086154989924541,2.2107041030138715e-5,1516.5471028548375,434.8916721349485,0.009615024597395834,-0.060404440244349294,0.0005258704967273051,4199.757739790606,1048.8466878598254,-0.06096324650615718,0.009788394557127359,-261.5724380985663
4.321425266767799e-6,224.7007759753946,3503.769523220786,-0.024703771668359215,-0.054786594392180345,2.8615918424822875e-6,365.2564568498261,3624.4086243653373,-0.004950654115924259,-0.041430394518731144,2.1828023674195e-5,1517.6793236389078,428.8477117318571,0.008680530534631666,-0.06019997576365645,0.0005220877279946449,4200.713869370988,1057.6793486947704,-0.06235764336553298,0.011990815247366992,-261.7098378617823
4.304881427416405e-6,224.70077596075382,3503.769523656565,-0.025933132187810026,-0.05547442001467851,2.854708059681311e-6,365.2564567022488,3624.4086268215046,-0.00591986088767172,-0.04201583664848766,2.1556070772894955e-5,1518.8123897141675,422.86387883511793,0.0077327386553806285,-0.05982281478011876,0.0005183296965600431,4201.594849691348,1067.8657355037396,-0.06370377445820642,0.0144669647988153,-261.8452998046646
4.286338961491658e-6,224.7007759446607,3503.769524156937,-0.027356262811608214,-0.0561966039705105,2.8467259912122293e-6,365.25645655806676,3624.4086292006045,-0.007046400286122356,-0.04262777622846226,2.129051951265601e-5,1519.9463017116905,1936.8956308609854,0.006736906276160098,-0.05927089622813345,0.0005145378297715538,4202.419116854375,1079.7963397589358,-0.06500232347859393,0.017309953371069657,-261.97835293981836
4.264909809307002e-6,224.7007759266764,3503.7695247426736,-0.029053157047231618,-0.05696546482546999,2.8372102336731615e-6,365.2564564190731,3624.4086314710153,-0.00839462325732253,-0.04327548887402359,2.103135843543863e-5,1521.081060263027,411.1211392824628,0.005645692548161939,-0.05853082366018022,0.0005106783249114032,4203.174511446742,1094.1588608647692,-0.06622859617107849,0.020664831353356644,-262.1084147371793
4.239274088149185e-6,224.70077590568613,3503.7695254559835,-0.031145552192933,-0.05779914543490568,2.8254982674725203e-6,365.25645628460956,3624.4086336401024,-0.010062515969145144,-0.0439724594275077,2.0778650589394308e-5,1522.2166660001938,1927.6089484279203,0.004384759635164938,-0.05759732948965847,0.0005066950560853708,4203.8727634645065,1111.9228924223314,-0.06734277166779204,0.024746948891575648,-262.23475260524816
4.207561220309038e-6,224.7007758808087,3503.769526338112,-0.033809287285278385,-0.05871064968264697,2.8106588108175116e-6,365.2564561535709,3624.4086357134975,-0.012191438854540928,-0.044727625477164815,2.052946884750262e-5,1523.3531195556814,3446.5311340903504,0.0028197778781198523,-0.056424440351757366,0.0005025183430860433,4204.493331594188,1134.5028139598924,-0.06826570832317587,0.029857477434032467,-262.35641811405134
4.168144409941423e-6,224.70077585193226,3503.769527404684,-0.03721410852881472,-0.05968078785443063,2.7918430285051585e-6,365.2564560213601,3624.408637734508,-0.014917834063785477,-0.045523659101336024,2.027997561936852e-5,1524.4904215624524,394.4928380877979,0.0008315870652603391,-0.05491325266041173,0.0004980816283995593,4205.007315973775,1163.068268891852,-0.06888306750667857,0.0362461674638418,-262.4721861943288
4.123335728811947e-6,224.70077582332934,3503.769528510249,-0.04118904527075297,-0.06059887615634971,2.770130187629822e-6,365.2564558835561,3624.4086397255824,-0.01810341804512649,-0.0462713895239801,2.0022533600610047e-5,1525.628572653942,389.4644344082522,-0.0014991215812522921,-0.052904840948074884,0.0004934002705969101,4205.338286279056,1195.7937262080547,-0.06916890394290102,0.043514571544863934,-262.58071677438807
4.079822646707732e-6,224.70077580120562,3503.769529417684,-0.04514551980358882,-0.06132876042725523,2.7488100812103055e-6,365.256455742422,3624.408641636088,-0.02127359478356756,-0.04686462485034706,1.97565433691485e-5,1526.7675734640577,1911.4281778345614,-0.003769384880608601,-0.05035006840897265,0.0004886988137179233,4205.455255938518,1227.5750432013638,-0.06927781454455353,0.050572715991538175,-262.6811558049378
4.0414964247290115e-6,224.70077578787672,3503.769530027403,-0.04870711293857854,-0.06185656963852127,2.729876457426345e-6,365.25645560845567,3624.4086433314087,-0.02412505780010827,-0.04729479462758153,1.9488614388247343e-5,1527.9074246271814,1907.90272237922,-0.005720638203220654,-0.04735283673336624,0.0004840821085188041,4205.365524899202,1255.5591198631892,-0.06940881829779616,0.056814540684975275,-262.77344849703667
4.008811648848498e-6,224.70077578168483,3503.7695303829946,-0.05180292834831701,-0.062230269307868194,2.7136197473790895e-6,365.2564554862347,3624.408644778026,-0.026600649287898254,-0.04760154009635594,1.9223886620635222e-5,1529.0481267781677,375.3975927001626,-0.007295402788636361,-0.04405135851078541,0.00047962412524023664,4205.148912494708,1279.371730474629,-0.06964294928002321,0.06217727992839803,-262.8579539778461
3.980699099518215e-6,224.70077578055137,3503.7695305556813,-0.05451156355004388,-0.06249743114635855,2.699550881713957e-6,365.2564553778227,3624.408645968925,-0.028763832698216068,-0.047822996045773725,1.8966775021705173e-5,1530.1896805523454,1901.0343461004113,-0.008538710205212761,-0.04053255671549854,0.00047536172247556965,4204.846651411177,1299.848921251795,-0.06996469756478373,0.06683818397057957,-262.9351095125947
3.9561769369819125e-6,224.70077578274746,3503.7695306030278,-0.05691036862613062,-0.06269077646008815,2.6872124408540007e-6,365.2564552820369,3624.4086469386516,-0.030676827414610894,-0.047985219121722114,1.8716623814100827e-5,1531.3320865855178,3429.0014136154455,-0.009519340988050918,-0.0368595188999017,0.00047129857296551183,4204.506133812957,1317.6721724213912,-0.07035876513783952,0.07094873372232764,-263.00533981208014
3.93452341688136e-6,224.70077578728305,3503.7695305604684,-0.05905752637027362,-0.0628319048641212,2.676264279139506e-6,365.2564551985604,3624.408647703332,-0.032386557999272196,-0.048105308280996545,1.8473361519991156e-5,1532.4753455139628,361.8895731239681,-0.010286239648248156,-0.033063571130812146,0.00046743096609013683,4204.147669994591,1333.378552272455,-0.07080711852364462,0.07462215888061142,-263.0690545733869
3.915356624830223e-6,224.70077579335694,3503.769530455898,-0.06098234420425076,-0.06293267118293308,2.6665295207550153e-6,365.25645512662203,3624.4086482850553,-0.033916760063308966,-0.04819280917734526,1.8238754758204138e-5,1533.6194579744333,1891.1175913719965,-0.010854581991824097,-0.029182510919772992,0.00046380095759566227,4203.788218986095,1347.256035962775,-0.07128199222765581,0.07791229852075927,-263.1266598776505
3.898268130404181e-6,224.70077580029218,3503.7695303115834,-0.06271775625764767,-0.06300537162465324,2.6578172887780623e-6,365.2564550644781,3624.4086487209725,-0.035293975913525816,-0.048257481189660806,1.801098625753774e-5,1534.7644246041575,1887.9227881306435,-0.011256541433233699,-0.02525213278586032,0.0004603837824221746,4203.457183485411,1359.557089559179,-0.0717819831580169,0.08088090925948058,-263.1785670499149
3.882955200149705e-6,224.7007758075835,3503.7695301454,-0.06428894282119468,-0.06305527908944894,2.649982170712007e-6,365.2564550107895,3624.408649036794,-0.036538520860105624,-0.04830349752198271,1.7790828610974083e-5,1535.9102460408392,348.88255885912605,-0.01150346733982949,-0.021289708153679556,0.00045720687772536167,4203.164909155587,1370.4964937995674,-0.07228136764678146,0.0835668674649432,-263.22519684910475
3.869289747303358e-6,224.70077581513996,3503.7695299611173,-0.06570366001064695,-0.06308865293413836,2.6429722679484624e-6,365.25645496573435,3624.4086492352485,-0.0376567461021126,-0.04833596411832735,1.7577618066792405e-5,1537.0569229226573,1881.7306883608765,-0.011600794126875235,-0.01731789858556626,0.00045425788988198885,4202.909718996748,1380.1777940098073,-0.07278348809916353,0.0859873237617219,-263.2669803988636
3.857074115574466e-6,224.70077582241498,3503.7695297764067,-0.06697818963553387,-0.06311043351017706,2.6366956388601363e-6,365.2564549269779,3624.408649360295,-0.038661801981323414,-0.04835884414434544,1.737190316700145e-5,1538.2044558882715,340.52335713784686,-0.011545330289775842,-0.013368028733991595,0.0004515485869044108,4202.718538264407,1388.7017241945985,-0.07327273783205122,0.08816766233149244,-263.30435795867646
3.846110139789325e-6,224.70077582930628,3503.7695295956787,-0.0681293049051605,-0.06312338933612151,2.6310578026254166e-6,365.2564548938687,3624.4086494245394,-0.039567236834637864,-0.04837428075264064,1.7173260544245144e-5,1539.3528455768133,336.4438316499392,-0.011348071262798005,-0.009448836776285103,0.0004490647563210242,4202.589466027094,1396.2129186514944,-0.07374476569462202,0.09013552984785411,-263.33777605445783
3.83632257024679e-6,224.70077583566894,3503.7695294241316,-0.06916244885898519,-0.06313043682220469,2.626024809033285e-6,365.25645486565276,3624.4086494440453,-0.04037753092727671,-0.048384704104048895,1.698287981520718e-5,1540.5020926278935,1872.9242000167903,-0.010990758418175777,-0.005587680010514053,0.000446808734278033,4202.527138291287,1402.766469149318,-0.07419398961918253,0.09190002483691075,-263.3676842122826
3.827595256725163e-6,224.7007758412603,3503.769529269629,-0.07008662396246364,-0.06313275507466232,2.621547236232876e-6,365.2564548406924,3624.4086494483977,-0.0410999314009253,-0.048391131927805815,1.679987112180293e-5,1541.6521976816,1870.1147947719958,-0.010477558360882351,-0.0017999911810756717,0.0004447832529652611,4202.543729287381,1408.4202973038998,-0.07461276339885566,0.09347506879312772,-263.3945310248739
3.819874225585366e-6,224.70077584614813,3503.769529130479,-0.07090534442562428,-0.06313387025386123,2.6176007737263908e-6,365.2564548190637,3624.4086494390644,-0.04173737428269898,-0.04839643321581058,1.6624803963017425e-5,1542.803161378499,324.5530238851874,-0.009801079710446817,0.001890226101018282,0.00044297061080498135,4202.631835547241,1413.2251314527286,-0.07500666083559449,0.09486775891471141,-263.41876050722715
3.8130030930735625e-6,224.70077585011177,3503.769529013968,-0.07163279999754409,-0.06313530765340244,2.6141127820680545e-6,365.2564547990941,3624.4086494435373,-0.042301230679610065,-0.04840174030380324,1.645790828550124e-5,1543.9549843596342,320.70496958177165,-0.00895026768078691,0.005472886381926719,0.00044136209944690546,4202.802204898585,1417.268817792093,-0.07536892181092472,0.09610032258060318,-263.4408083400136
3.8069647920396466e-6,224.70077585323665,3503.7695289180383,-0.07226897945755162,-0.06313757189544535,2.61108036756718e-6,365.25645478069475,3624.4086494662515,-0.042791570260202416,-0.04840761965021969,1.6299269892949665e-5,1545.1076672665288,1862.0066736575282,-0.007921714644194907,0.008916636135854784,0.0004399547019551039,4203.048686280682,1420.575548870471,-0.07570040903590175,0.09717439204239753,-263.46109861247817
3.8016394299757865e-6,224.7007758553968,3503.769528846916,-0.07282530846477445,-0.06314116920865552,2.608445049554245e-6,365.25645476263315,3624.4086495260963,-0.04321759062893018,-0.048414499616775776,1.614854870892167e-5,1546.2612107411842,1859.3941145621795,-0.006709931825864024,0.012218625099689925,0.00043873878414108565,4203.374750182277,1423.2240070745906,-0.07599621650020809,0.09810782784944216,-263.48004079114173
3.796968030650207e-6,224.7007758566399,3503.769528799077,-0.07330668639937439,-0.06314798935933202,2.6061807154288144e-6,365.2564547445542,3624.40864962874,-0.04358323539968475,-0.04842385294778827,1.6006658397062797e-5,1547.4156154260816,1856.8213172237538,-0.00530189363696638,0.015358889355571675,0.0004376934972687709,4203.78093172988,1425.241995551959,-0.07626498338329779,0.09890967041940539,-263.4980273193555
3.7928833500903044e-6,224.7007758569626,3503.769528775983,-0.07371894020772807,-0.06315779126258653,2.6042579046748205e-6,365.25645472590315,3624.4086497854305,-0.04389326052761787,-0.04843556706707153,1.5873289707876526e-5,1548.5708819641816,305.69518690344864,-0.0037099086103101675,0.018313100249772712,0.0004368255054389141,4204.2584551842265,1426.7037112359951,-0.07649454341852782,0.09958957376405078,-263.5154315464707
3.789322918810127e-6,224.7007758564976,3503.7695287734114,-0.07406777047809272,-0.06317079998556549,2.602648589155331e-6,365.2564547066982,3624.4086499926207,-0.04415222126921847,-0.048449846554561145,1.5748123436229007e-5,1549.7270109989247,1851.7411930654341,-0.0019175226713889356,0.02108931288747625,0.000436104859929779,4204.804399793353,1427.6516155778454,-0.07669706098908519,0.10016102276922961,-263.5326062326549
3.7862939535847124e-6,224.70077585499402,3503.7695287986144,-0.07435210872923316,-0.06318849773548901,2.601354082304478e-6,365.25645468517894,3624.4086502821438,-0.04435934138501292,-0.04846797337789887,1.5632179394680523e-5,1550.8840031742322,1849.19814235955,5.91905252621998e-5,0.023629596602448708,0.0004355458519558772,4205.427943146055,1428.0609880926927,-0.07686703659394305,0.10061858777172274,-263.5498825777092
3.783667770166073e-6,224.70077585264258,3503.769528846452,-0.07458408352339849,-0.06321052920924934,2.600319705010647e-6,365.25645466168197,3624.408650644783,-0.04452429668444965,-0.04848969059190216,1.5522781856746316e-5,1552.041859134506,3398.699358146722,0.002223476235650477,0.02596746421409071,0.00043511294604955464,4206.122770152892,1428.0298470468588,-0.07701177664831715,0.10098744858675762,-263.5675696103336
3.781414481764301e-6,224.70077584948226,3503.7695289165817,-0.07476711391549018,-0.06323624685728199,2.599524522422678e-6,365.2564546357231,3624.4086510875545,-0.04464985155772626,-0.0485143840840493,1.5423653923826053e-5,1553.200579524629,290.88792998666776,0.004581391401109086,0.028045682966295272,0.00043481783940748,4206.876834407106,1427.6007154185968,-0.07712252305837332,0.10126911901436464,-263.5859540822372
3.7794508086141817e-6,224.70077584564186,3503.7695290050397,-0.07490799967904715,-0.0632671214726418,2.5989411044423518e-6,365.25645460777406,3624.408651601888,-0.04474150456943167,-0.048543288705439176,1.533101990740494e-5,1554.3601649899633,6504.587184441578,0.007108071208735565,0.02989200089914539,0.0004346225573485204,4207.687411581095,1426.8286698364816,-0.07721263944361276,0.10148149309775867,-263.6053006538776
3.777782138802162e-6,224.70077584095955,3503.769529116828,-0.07500764140120071,-0.06330193578923972,2.5985608691030503e-6,365.2564545762044,3624.4086522137072,-0.04480002578234335,-0.04857557307395311,1.5245565038663232e-5,1555.520616176359,283.3469759981836,0.009786789040397004,0.031482227129871414,0.0004345405067109388,4208.5593142873295,1425.7100825953958,-0.07727492582078233,0.10162330015963117,-263.62585242191125
3.7763257582900277e-6,224.70077583569548,3503.7695292440835,-0.07507312421334113,-0.06334223557314793,2.5983516663990433e-6,365.2564545422639,3624.40865289929,-0.0448310585996881,-0.04861238327258313,1.516633344538033e-5,1556.6819337301426,279.49558636602535,0.012618294289776372,0.032815477749083014,0.0004345388411736983,4209.4804498401,1424.3059761578231,-0.0773222492188507,0.10170861661356397,-263.64783159933927
3.775035179108946e-6,224.70077582985303,3503.7695293888073,-0.07511027078233556,-0.06338467569891036,2.5982856836768247e-6,365.2564545051216,3624.4086536733166,-0.04483939775696893,-0.048651094854497715,1.5094150807378729e-5,1557.844118298125,275.5624159737885,0.015562297316490942,0.03387128409800002,0.00043463466573245466,4210.43984446136,1422.6928375344348,-0.07733636917967279,0.10174715325263882,-263.6714403337271
3.7739060906829117e-6,224.70077582338544,3503.769529549962,-0.07511892698861948,-0.06343171969618482,2.5983647548675454e-6,365.2564544643868,3624.4086545373116,-0.04482482277436165,-0.0486938218010478,1.502577054549184e-5,1559.0071705276,271.5556914846899,0.01862754613639478,0.03467893364782026,0.00043479288009890807,4211.451016943816,1420.8262336488524,-0.07734149987139577,0.10174095817704895,-263.6968615972284
3.7728767383496476e-6,224.70077581633456,3503.769529727852,-0.07510585476026611,-0.06348286095188545,2.598555859794117e-6,365.25645441983636,3624.4086554960227,-0.044792891501473066,-0.048740123623877876,1.4961433813500523e-5,1560.1710910663446,267.431928243993,0.021756780874838122,0.035211975975827474,0.00043501745989216016,4212.50110318165,1418.7784278759311,-0.07732747826127484,0.10169941784770735,-263.724260079234
3.7719274256285994e-6,224.70077580881065,3503.769529919749,-0.07507319556686905,-0.06353614597231091,2.59884932303295e-6,365.25645437178053,3624.4086565407943,-0.044745285043885884,-0.04878843531957479,1.4901333867408018e-5,1561.3358805626194,263.2227844880341,0.024969364391668674,0.03548629445643602,0.00043530803742343694,4213.585514138542,1416.5779213965595,-0.07729189338183326,0.10162746654092801,-263.7537828446215
3.770935733109266e-6,224.70077580101682,3503.7695301205827,-0.0750334348576625,-0.06359275490447448,2.599184893460593e-6,365.2564543208898,3624.408657659818,-0.044692057975360945,-0.04883960176573938,1.4843697190752497e-5,1562.501539665169,258.886485875709,0.028217765359948535,0.03549733803820009,0.000435633258405981,4214.688794659221,1414.3308814646946,-0.07724000004470974,0.10154725183055187,-263.785559978519
3.7699426069989524e-6,224.7007757928733,3503.769530331447,-0.07498271161693812,-0.06365157023392516,2.5995859981906475e-6,365.25645426643445,3624.4086588620858,-0.04463013486357409,-0.048892980054885314,1.4786285194121302e-5,1563.6680690232224,1818.0982101789912,0.03148898900758565,0.03527023122547916,0.00043598814774474363,4215.818722606595,1411.995752788787,-0.07717998434669722,0.10145405176140834,-263.8197049389172
3.659554929920053e-6,224.7007758142778,3503.769528571169,-0.08557863358923312,-0.06388042716924709,2.5554436574472825e-6,365.2564538702739,3624.408658249988,-0.052988693615204224,-0.04907663301493731,6.2654567560609735e-6,1564.8354692864932,-221.6689307413598,-0.15649109085798116,-0.31342983157326554,0.00040857529176418014,4212.548372588911,1468.0226919729287,-0.08521066462934038,0.1168055581187524,-264.0272332407051
3.7677963612739575e-6,224.70077577549023,3503.7695307872877,-0.07486874616552228,-0.06377524464740038,2.600471729844355e-6,365.2564541461783,3624.4086615202873,-0.0444968587531937,-0.049005829594568076,1.4669087255731408e-5,1566.0037411051803,1811.101328897669,0.03796986048882357,0.03413914669414897,0.0004367870322777301,4218.143663058513,1407.2019177011227,-0.07701852876105464,0.10125168965203098,-263.895469634856
3.766564712016229e-6,224.70077576647435,3503.769531026955,-0.07481342491986423,-0.06383766646948458,2.6009231798538247e-6,365.2564540809807,3624.408662962339,-0.044431846780983004,-0.04906336956490013,1.4607263536630609e-5,1567.1728851299679,1807.3986943366767,0.04116637369587504,0.03325445387329613,0.0004372158327170538,4219.32494514306,1404.8329371046345,-0.07691561119510171,0.10115932349947059,-263.93723338368557
3.65977712967183e-6,224.7007757776538,3503.7695296462975,-0.08486523938881096,-0.06428047046861743,2.559374214914301e-6,365.2564535038568,3624.4086654784487,-0.05236066988615836,-0.04942274908817614,6.400759346635434e-6,1568.3429020120257,1296.4424250819004,-0.10338186102737489,-0.3331638141809838,0.00041074987675852436,4216.509303030463,1455.875524716481,-0.0846135736176162,0.1151237654083053,-264.022135068313
3.66019998169628e-6,224.7007757661024,3503.7695299997335,-0.08457992874844879,-0.06439807627414683,2.5609015099982455e-6,365.25645338979893,3624.408667813764,-0.05211582543500619,-0.049528997287316516,6.454407739124265e-6,1569.5137924030096,1283.440769727161,-0.08706881158724467,-0.33619375110359334,0.00041159583278596243,4217.8354081549005,1451.7718313736775,-0.0843431281359028,0.11453708260831391,-264.02495894657466
3.6606930929739027e-6,224.7007757549403,3503.7695303479168,-0.08428248551856114,-0.06450793314251013,2.5624844874536143e-6,365.2564532804841,3624.408670092848,-0.051862280282195285,-0.04963035491975248,6.508419888102918e-6,1570.6855569550626,-299.29978711135044,-0.07157942575512272,-0.3379770824657204,0.00041247762394299917,4219.155949775796,1447.7041280376473,-0.08404636896258953,0.11395297211804745,-264.03028203287886
3.6613369660074527e-6,224.70077574431068,3503.769530686549,-0.08396745327172363,-0.06461020275762777,2.564145186132601e-6,365.2564531774331,3624.4086722909815,-0.05159591078220308,-0.04972695029135917,6.560431609749824e-6,1571.8581963208123,-311.5987623143059,-0.05724924819348031,-0.33868717524607334,0.0004133996198514024,4220.45865969711,1443.6703605983262,-0.08372496670150534,0.11336557218986583,-264.03823794439967
3.6620540720545056e-6,224.70077573405098,3503.7695310195522,-0.0836432386992264,-0.06470430225330223,2.5658443545112143e-6,365.25645307972707,3624.4086744165497,-0.05132326284599925,-0.04981807805981277,6.611170060191445e-6,1573.0317111533789,1249.872293684488,-0.04385480273684543,-0.3385156872352774,0.0004143553958192935,4221.748046193932,1439.6903189916586,-0.08338029385177761,0.11278202645062572,-264.04895143055444
3.6628030517790624e-6,224.7007757243162,3503.7695313419554,-0.08331534049738985,-0.06479134428604381,2.5675572814005057e-6,365.25645298839487,3624.4086764499984,-0.051048736425315634,-0.04990441699835742,6.658839887051565e-6,1574.206102106365,1240.1372840649299,-0.031503423924154686,-0.33764968367902876,0.0004153231458324605,4223.012558425108,1435.8129983735246,-0.08302107417763217,0.11221290753376882,-264.06253625180756
3.663563173493877e-6,224.70077571524962,3503.7695316492745,-0.082986759242448,-0.06487095900287057,2.5692701977206534e-6,365.2564529042551,3624.4086783744374,-0.05077475408134568,-0.049985539667782575,6.703589393851984e-6,1575.3813698338627,1230.9802170204277,-0.02011760267853892,-0.336184708365814,0.0004162928854056428,4224.238111702605,1432.0755554320024,-0.08265146343735984,0.1116628216393171,-264.07909320216254
3.6643544276747917e-6,224.70077570670128,3503.769531945276,-0.082657012749739,-0.06494157240645537,2.5709846851381374e-6,365.2564528265499,3624.4086801988033,-0.050500893680609574,-0.05006014421567491,6.744986706404759e-6,1576.5575149904528,1222.3216692485605,-0.00972677300877966,-0.33425087897009803,0.0004172750747630796,4225.433350986728,1428.4515891586668,-0.0822684147501067,0.11112725070842838,-264.0987085130385
3.6651279819612253e-6,224.70077569885652,3503.7695322235345,-0.08233113526991331,-0.0650052674456058,2.5726786679293376e-6,365.2564527563415,3624.408681901314,-0.050231163723324375,-0.050129717953484594,6.783912737346333e-6,1577.7345382312044,-363.6218065858395,-0.00019066247247777202,-0.3318694762385155,0.00041823956342485017,4226.5830207857125,1424.984157642403,-0.08188703148307065,0.11061522277935479,-264.12145239860376
3.665852479060239e-6,224.70077569155617,3503.76953248885,-0.08201493336074923,-0.06506143490869902,2.5743213563129567e-6,365.2564526928964,3624.408683492875,-0.04997018630303402,-0.05019357484549321,6.817696716914606e-6,1578.9124402116759,1206.2857351303464,0.00834265641795427,-0.3292389333665899,0.00041919021208768867,4227.693487529804,1421.6930528596392,-0.08150132918932114,0.11013307118142583,-264.14737777855646
3.66656887866904e-6,224.70077568496373,3503.7695327353954,-0.08170317671471991,-0.06511087061997192,2.575939587115471e-6,365.2564526369869,3624.4086849561454,-0.04971373649905831,-0.05025236296764777,6.8487346043055315e-6,1580.0912215879152,-381.2969016103918,0.016115476802975752,-0.326308380685504,0.0004201206835533095,4228.7540714328525,1418.5596677649978,-0.08111966875839695,0.10967248898525626,-264.17651932857115
3.667192307323565e-6,224.70077567908803,3503.7695329628027,-0.08140667058560686,-0.06515154814879015,2.5774833680268252e-6,365.256452588238,3624.4086862936383,-0.049470420558998,-0.050304271594908044,6.876161784368504e-6,1581.2708830164602,-389.66462449485124,0.023064724186713365,-0.3231645099906603,0.00042101688081075763,4229.761342529232,1415.6438783642989,-0.08074329678621844,0.10924926818375369,-264.2088927441196
3.6677599519328585e-6,224.7007756738328,3503.7695331728983,-0.08112270849229455,-0.06518450041430979,2.5789635685020154e-6,365.2564525467502,3624.4086875008084,-0.04923812983543162,-0.0503500835129006,6.90079241825514e-6,1582.451425154338,1184.7286245016721,0.02918149233491141,-0.31980128030104504,0.00042188326759993533,4230.717093846197,1412.9177187176522,-0.08037359359565895,0.10885561893320796,-264.24449421139497
3.668221228067446e-6,224.70077566936178,3503.769533361121,-0.08085594576783028,-0.06521029007306701,2.5803602256241616e-6,365.25645251265075,3624.4086885732136,-0.04902044703319556,-0.050390084124263004,6.922110921444237e-6,1583.6328486590671,-405.54725219055507,0.03458437861193808,-0.31628324493664717,0.00042270057611052916,4231.613989484449,1410.4237952386818,-0.08001552771914888,0.10850227419734372,-264.2833000737491
3.6686150527656766e-6,224.70077566557887,3503.769533529018,-0.08060460730508923,-0.06522963693207459,2.5816784047681867e-6,365.25645248605065,3624.4086895069995,-0.04881601779843772,-0.05042476383574786,6.9392339355197694e-6,1584.8151541886568,1171.6792831797611,0.03918106844783393,-0.3126801477293454,0.00042347093385237304,4232.4530701092735,1408.1336569506625,-0.079673404424557,0.10818210357006859,-264.3252668205626
3.668917852117978e-6,224.7007756626082,3503.7695336732572,-0.08036999053084186,-0.06524049693614328,2.582916012009383e-6,365.25645246686594,3624.4086902998897,-0.048625700424102504,-0.050452460908337125,6.953330975140274e-6,1585.9983424016075,-420.5462106094647,0.04315227114732702,-0.3089776566374642,0.0004241984636793465,4233.2244591923045,1406.0730771259484,-0.07934196146324535,0.1078956460500195,-264.37033117437295
3.6690422190233267e-6,224.70077566034232,3503.769533796116,-0.08016332966615382,-0.06524312505884931,2.5840199611813837e-6,365.25645245454194,3624.4086909560474,-0.04845855467010632,-0.05047321425342218,6.965806156222603e-6,1587.1824139569112,1159.4703243847193,0.046408516064958896,-0.3050906097454588,0.00042486098949313537,4233.936085406562,1404.283635016715,-0.07902698555075753,0.10765951867624121,-264.418410550849
3.6690872359218286e-6,224.700775658778,3503.7695338968515,-0.07997510496625711,-0.0652394831359336,2.5850293502909166e-6,365.2564524493814,3624.4086914726076,-0.0483068818266266,-0.05048849816050484,6.973398773222348e-6,1588.3673695140517,1153.6501536904061,0.048967049440068786,-0.3012092709577687,0.00042546106584812906,4234.587054401364,1402.7008591192814,-0.07873681985119624,0.10745906613495206,-264.4694033957444
3.6690078785817536e-6,224.7007756579191,3503.769533976405,-0.07980891628625177,-0.06522835920079853,2.585932812070808e-6,365.25645245047656,3624.408691862752,-0.04817341461246808,-0.05049730224356846,6.976120631692327e-6,1589.5532097330038,1147.948594726015,0.05091406693935469,-0.29734777449336575,0.00042600761383852407,4235.175358726769,1401.363505520035,-0.07845895638910043,0.10729932224633859,-264.5231900078182
3.6687946678672603e-6,224.70077565796376,3503.7695340268233,-0.07966722298140654,-0.06521149047501243,2.586717905354594e-6,365.2564524595841,3624.408692091223,-0.048060239673427124,-0.050500917843671,6.977722288744875e-6,1590.73993527424,1142.4597984081176,0.052242544709082385,-0.2933272883346316,0.00042647193312728116,4235.69017207989,1400.2769866617807,-0.0782124791965944,0.10718166221462364,-264.5796333111101
3.66844311176639e-6,224.70077565868272,3503.76953405605,-0.07955113365366126,-0.06518723357474694,2.5873775160378846e-6,365.25645247489325,3624.4086921904577,-0.04796808043707947,-0.0504979365981127,6.9751339748086625e-6,1591.9275467987209,-454.8163105531523,0.05295323334676297,-0.2893082349369878,0.0004268754213051772,4236.142580517584,1399.4407063309282,-0.07798194247446019,0.10710701756896703,-264.6385796338977
3.667999672023628e-6,224.70077566003857,3503.7695340634164,-0.07945572716129846,-0.06515543726336948,2.587937885139573e-6,365.2564524959957,3624.4086921623766,-0.04789297274048463,-0.05048835820228734,6.970364396798589e-6,1593.116044967902,1131.929920731148,0.0531016208644564,-0.28517720867383634,0.0004272146470800173,4236.538938840281,1398.7981980584257,-0.07777679096040321,0.10706623206774808,-264.69985970891605
3.6673596776709674e-6,224.7007756621712,3503.76953404542,-0.0793919322244012,-0.06511840161949504,2.5883467748979607e-6,365.25645252341917,3624.408691999513,-0.047843478034225465,-0.050473641433467636,6.960316947744596e-6,1594.3054304437328,-467.4506079099363,0.052708493009094894,-0.2810835043261423,0.0004274641345000051,4236.867765457263,1398.435991190235,-0.07760068092010373,0.10707745236000861,-264.76328956943485
3.666638567798137e-6,224.70077566507365,3503.769534001792,-0.07934832455953852,-0.06507647476992413,2.588656915467162e-6,365.25645255729137,3624.4086916988795,-0.04781059393198399,-0.050454239535039844,6.948041704851067e-6,1595.495703888657,1121.9561289636042,0.05176483600417978,-0.2768939468741033,0.0004276423901706777,4237.130535854603,1398.28271441501,-0.07745151838369033,0.10712219415136438,-264.82867153319336
3.665745642087673e-6,224.70077566863387,3503.7695339354536,-0.07933463562380302,-0.06502788404801758,2.588823692138351e-6,365.2564525964453,3624.408691276539,-0.04780189285084879,-0.050428602289868986,6.932286460461568e-6,1596.686865965613,1117.2046191196737,0.050293482532701425,-0.2726307417901548,0.00042774004766705083,4237.335521555844,1398.370214964155,-0.07732971489583372,0.10721291384031685,-264.89579509958156
3.6646918460652907e-6,224.70077567286188,3503.769533846352,-0.0793490942139191,-0.06497459992074567,2.5888572812841633e-6,365.25645264081413,3624.4086907363826,-0.04781583264250511,-0.05039820417408091,6.911515956639685e-6,1597.8789173380335,1112.570201553281,0.04837054084743268,-0.2683554319137263,0.0004277577595298856,4237.482318494445,1398.6943612378734,-0.07723435612315781,0.10734726513678725,-264.9644376841586
3.663555496150314e-6,224.70077567780612,3503.7695337324276,-0.07938477780300135,-0.06491481755601973,2.5887887504200493e-6,365.25645269053905,3624.4086900730886,-0.0478469807999208,-0.050361766443874884,6.888288497996949e-6,1599.0718586698474,1108.1194755934628,0.045931363386174234,-0.26395506498497445,0.00042770965531240825,4237.569344445571,1399.212174556006,-0.07716446797763209,0.10751317282778355,-265.03436555041986
3.66226839857672e-6,224.70077568341034,3503.769533594772,-0.079447673770537,-0.06485301913460517,2.5885914740622136e-6,365.2564527451095,3624.40868929588,-0.04789994513140646,-0.05032263691988415,6.861130873014086e-6,1600.2656906254788,1103.8178391094134,0.04304343472986398,-0.25946270669129523,0.0004275626980895418,4237.600277022389,1399.9422689438068,-0.07713358307596287,0.10772250162614919,-265.1053343798624
3.660896835351299e-6,224.70077568956975,3503.769533436854,-0.07953232419563028,-0.06478513692345574,2.588290533624009e-6,365.2564528037369,3624.408688418867,-0.047970334808453696,-0.05027770710961267,6.830015025794659e-6,1601.4604138698476,1099.706491866174,0.03969264632721766,-0.25486414217478315,0.0004273567185148574,4237.58328688594,1400.8439993464733,-0.07712510135014514,0.10796143982830987,-265.1770898758247
3.6593642067291218e-6,224.70077569648782,3503.7695332526464,-0.07964465182537261,-0.06471656512909411,2.5878593149667346e-6,365.25645286719,3624.4086874292184,-0.04806273400537602,-0.05023105317387436,6.793503217517288e-6,1602.6560290683708,1095.7332122433338,0.03593706918450459,-0.2501825676829285,0.0004270506179469746,4237.506330275777,1401.9708426590107,-0.07715431683327077,0.10824442941159004,-265.2493684078426
3.6577675955841874e-6,224.70077570381162,3503.7695330518436,-0.079775848801403,-0.06464277940977049,2.587338906871169e-6,365.256452933391,3624.408686360738,-0.04817009581101939,-0.05017933179417119,6.753950746811614e-6,1603.8525368869616,-511.8796915082675,0.03177566571528904,-0.245295753845951,0.00042668671454103616,4237.394690490978,1403.2203992205136,-0.07720920667010173,0.10855232360955876,-265.3218973195326
3.656015441024286e-6,224.70077571186653,3503.7695328250916,-0.07993509296937475,-0.06456788379030301,2.586688635683188e-6,365.2564530039816,3624.408685186985,-0.04829968744140169,-0.05012555383501217,6.710141785686469e-6,1605.0499379920307,-516.6174259638053,0.02719799470757641,-0.2402259081812011,0.00042622230041007906,4237.227722017188,1404.6855675829056,-0.0773029403556725,0.10890447116344845,-265.3943954075446
3.6541882222109556e-6,224.70077572037783,3503.769532580763,-0.08011253340848654,-0.0644906131909896,2.585954994492693e-6,365.25645307687574,3624.408683945519,-0.048443495640974825,-0.050068886105130474,6.661293706348919e-6,1606.248233050486,1085.0817362334678,0.022299446860047433,-0.23497518216780394,0.0004256932532785228,4237.024450366311,1406.278982316223,-0.07742403408747436,0.10928297779134072,-265.46657317473534
3.65225467591753e-6,224.7007757294801,3503.769532314262,-0.0803123403596023,-0.06441234266554428,2.5851185012107538e-6,365.25645315302035,3624.4086826188045,-0.0486048841480078,-0.050010377431047505,6.6100658825193025e-6,1607.447422729732,1082.0220890566409,0.017053655680915603,-0.22939121908975182,0.00042508072473124495,4236.778577090904,1408.0255298888674,-0.07758093239550892,0.10969397995601891,-265.5381332173151
3.6502633412847275e-6,224.70077573902574,3503.769532029969,-0.08052846887199393,-0.06433420826162353,2.5842072003335637e-6,365.25645323108995,3624.4086812324495,-0.04877887109032089,-0.0499509706133077,6.552853530681389e-6,1608.647507697676,1079.1833719246356,0.011489813251596221,-0.22358630805085197,0.0004243939476903385,4236.499434660866,1409.8775124282852,-0.07777341117156114,0.11012988765539965,-265.6087705357623
3.648196399189033e-6,224.70077574905412,3503.7695317271055,-0.0807624821033282,-0.0642548663674264,2.583216185740762e-6,365.25645331103,3624.408679786287,-0.0489667155403111,-0.049889657387108675,6.492669470753997e-6,1609.8484886227193,-533.1886863639779,0.005608522576074928,-0.21739556380912015,0.00042363679248135237,4236.187777675034,1411.8493374874347,-0.07799655018238352,0.11059353328350853,-265.6781728366508
3.6460253398430146e-6,224.70077575943924,3503.769531409178,-0.08101744560149275,-0.06417616160933355,2.582130081507749e-6,365.25645339224195,3624.4086782923296,-0.04917072490973408,-0.04982782287767921,6.427618779666228e-6,1611.050366173764,1074.4559253901548,-0.0005522435935651628,-0.2108333683077426,0.00042281383106971215,4235.846557556742,1413.941650294881,-0.07824832155587111,0.11108409789246303,-265.74602089867
3.64386163728097e-6,224.70077577022263,3503.769531074821,-0.08128067558206174,-0.06409895748003018,2.5810093949498665e-6,365.25645347442077,3624.408676758904,-0.049380799322564665,-0.049766376172927104,6.35920034285103e-6,1612.2531410202114,1072.614273063824,-0.006937897591232129,-0.20380795599284515,0.0004219258047017708,4235.4820345159005,1416.0783328071655,-0.07853646044879418,0.11158919339549112,-265.8119891173676
3.6416751896550316e-6,224.70077578131927,3503.7695307266495,-0.08155542795840724,-0.06402352533834094,2.5798389197383236e-6,365.2564535571291,3624.4086751942364,-0.04959945467491632,-0.04970548957354929,6.286117925987586e-6,1613.4568138319623,1071.1988849058125,-0.013595568668572313,-0.1962893050561596,0.0004209789539047049,4235.097171560537,1418.2729207260932,-0.07885632730642621,0.11211121897708967,-265.87574579674094
3.639397765699995e-6,224.70077579272836,3503.7695303651376,-0.08184730438888788,-0.06395036728089325,2.578594279515856e-6,365.25645363995864,3624.408673604931,-0.04983111377746306,-0.049645554915928536,6.212034474366185e-6,1614.661385279418,1070.234560366846,-0.02035368807002442,-0.1881273635617437,0.00041996571545486073,4234.693231938622,1420.5547398687645,-0.0792066405003884,0.11265867260001299,-265.9369538816423
3.637177137912354e-6,224.70077580412664,3503.7695299995758,-0.08214188051193717,-0.06388025167540753,2.5773396346584058e-6,365.25645372126905,3624.4086720240166,-0.050064235397300885,-0.04958738766613192,6.1337403530865655e-6,1615.8668560334802,1069.8152181504888,-0.027323367519261663,-0.1793454949609354,0.0004189239613972146,4234.290738188336,1422.8075318915953,-0.07957991299917852,0.11320690745344647,-265.9952712979165
3.6349139552860257e-6,224.70077581609533,3503.7695296123215,-0.08244767455411985,-0.06381554654516175,2.576041389538096e-6,365.25645380368826,3624.4086704051724,-0.05030560792318767,-0.04953279278310684,6.055539259858588e-6,1617.0732267655517,1070.0474457920964,-0.034320711165562685,-0.16970809839413772,0.00041779423124575944,4233.855848273097,1425.133911543906,-0.08000127194288126,0.11377707822038984,-266.05035132264857
3.6327547798425082e-6,224.7007758277649,3503.7695292297954,-0.08275153667646346,-0.06375381998662258,2.5747522726723226e-6,365.25645388279895,3624.4086688284824,-0.05054470903242928,-0.04948011218546465,5.977383906569264e-6,1618.280498147536,1071.1156665330582,-0.041347014741580146,-0.15912011403667445,0.00041666572076852194,4233.442697549392,1427.364737771778,-0.08043484545633971,0.11433604333472286,-266.10184209842384
3.6305616845928815e-6,224.70077583951547,3503.7695288398877,-0.08306688796281844,-0.06370302457074561,2.5734151302187757e-6,365.25645396048105,3624.408667262889,-0.05079220725027208,-0.049435449229528965,5.903796212998902e-6,1619.4886708518388,1073.2312595876144,-0.04817743767907807,-0.14734676238746428,0.00041546203429534376,4233.031811816891,1429.6019969958938,-0.0809132711424019,0.11491282846732931,-266.14938425171954
3.6284192115485176e-6,224.70077585124113,3503.769528445993,-0.08338824617719541,-0.06366162101947657,2.5720539691036693e-6,365.25645403596246,3624.408665724208,-0.05104373657885505,-0.04939775057910718,5.839629211965421e-6,1620.6977455513672,1076.937259388941,-0.05464156750683677,-0.13397887893603885,0.000414214171053408,4232.627877522819,1431.8034831175341,-0.0814258840122362,0.11549437466661999,-266.1926024781061
3.6265324100850815e-6,224.70077586278842,3503.7695280481485,-0.08370545424522828,-0.06364649348076404,2.5707087627910708e-6,365.25645411009106,3624.4086642028306,-0.051291392889655354,-0.04938062578657899,5.807734121399483e-6,1621.9077229195316,1083.85650777326,-0.06015102618060602,-0.1178693849272545,0.0004128892416216983,4232.262324196777,1433.7801158050975,-0.08201820218490212,0.11605543343114409,-266.23107399661177
3.6248072769148567e-6,224.7007758740012,3503.7695276432146,-0.08407199292317678,-0.06369367018768389,2.5691185425555204e-6,365.2564541833982,3624.408662685407,-0.051577831098033544,-0.049411791639826376,5.874593695766655e-6,1623.118603630244,1098.9797188370326,-0.0623972991712103,-0.09581366198554858,0.0004113258876131719,4231.970020805541,1435.5756335361534,-0.0827892081153702,0.11664881165659172,-266.26416218679174
3.578227833047502e-6,224.70077596279543,3503.769525498657,-0.09154846646712599,-0.06375372396767306,2.5352166475402726e-6,365.2564543451706,3624.4086574187127,-0.05748871603196185,-0.049261372872661,8.446963290751207e-6,1624.3303883579206,1290.7779290640124,0.03606368424320139,-0.03150815220507903,0.00039720775540458286,4226.7412963157785,1479.6579362815091,-0.08601414186934428,0.1278129183855398,-266.24853431466056
3.5716226724751142e-6,224.70077597905757,3503.769525129299,-0.0923424607244131,-0.06365003320101577,2.5318802246579745e-6,365.2564543903578,3624.408656351086,-0.0581082311053108,-0.04915384325369397,8.749030046435182e-6,1625.5430777774789,1290.168004226331,0.049033382062604144,-0.03622227160906564,0.00039577747268599456,4226.002056182734,1485.0667599385465,-0.08616435667879946,0.12905724306015048,-266.2175357171641
3.5662956012866106e-6,224.70077599306586,3503.769524799932,-0.0929812815939297,-0.06358823093460635,2.529216669031374e-6,365.2564544329259,3624.4086553653137,-0.058606136331798224,-0.04908415257465104,9.035478343028997e-6,1626.7566725643449,1286.1661785957192,0.05966073440483175,-0.04080865503303641,0.0003944818489697274,4225.430225917512,1489.242641092155,-0.08640031436055189,0.1300620453360104,-266.1777776784062
3.5617314480326335e-6,224.70077600540063,3503.7695245064456,-0.09353202651869308,-0.06355216788719589,2.526925979314048e-6,365.25645447063255,3624.4086544851507,-0.05903483686674955,-0.04903729507069665,9.319070475060839e-6,1627.9711733944448,1280.620431892178,0.06902322680177159,-0.04518279456550351,0.00039328844080012735,4224.973604751875,1492.6676019737483,-0.08667350234825448,0.13092333458595626,-266.1295350997038
3.5576813781229403e-6,224.70077601636885,3503.7695242449986,-0.0940215145407041,-0.06353275126973736,2.524896802048638e-6,365.25645450252046,3624.4086537244657,-0.059415140323645844,-0.049005313881796554,9.599028424052799e-6,1629.1865809442104,1274.214438208394,0.07762444853519151,-0.049314758418429284,0.00039218056805593037,4224.613283882102,1495.5602970924274,-0.08696178310081445,0.13168761487353436,-266.0728562040733
3.5541214317888205e-6,224.70077602589683,3503.7695240206876,-0.09445224605724957,-0.06352598068805115,2.523113131794082e-6,365.25645452744726,3624.408653105343,-0.05974889585584572,-0.048984802162923204,9.877490834674927e-6,1630.4028958905785,1267.3332342295885,0.08562575487048239,-0.053224598147366055,0.00039119092027038705,4224.343193312212,1497.9581626796237,-0.08723883001548484,0.1323519693829213,-266.007729295899
3.550930744122287e-6,224.70077603392886,3503.7695238365473,-0.09483410106298151,-0.0635291240894011,2.521537308304287e-6,365.2564545443272,3624.40865264844,-0.06004374801980403,-0.04897337626329608,1.0150036450003002e-5,1631.6201189109918,1260.1705224925277,0.09322543500425505,-0.05691892876412968,0.00039030728179862757,4224.171059706771,1499.9288974355154,-0.08749828340727689,0.13293816399926686,-265.9341402695146
3.5482318151332337e-6,224.70077604025252,3503.7695236998297,-0.09515440040728655,-0.06353971579065948,2.5202184551942142e-6,365.2564545520794,3624.4086523729284,-0.060289708627478206,-0.048969290727154356,1.042033143445866e-5,1632.8382506833984,1252.8112209113845,0.10048478879475485,-0.060400599928740424,0.00038958388324463594,4224.102003817304,1501.396766850172,-0.0877155079562382,0.1334172182111803,-265.8520970460732
3.5459356312691316e-6,224.70077604491541,3503.7695236098884,-0.0954193294538982,-0.06355704780312496,2.5191328114984923e-6,365.25645455062636,3624.4086522846746,-0.060491592892776565,-0.04897186084804204,1.0683949518056323e-5,1634.0572918862524,1245.350845338574,0.10746638886610284,-0.06372243963844161,0.00038900733786623393,4224.133008502798,1502.4198102700311,-0.08788992246892878,0.13380397672285557,-265.7616415190697
3.544070960207902e-6,224.70077604763014,3503.769523575034,-0.0956244263673599,-0.06358171542737866,2.5182983969856806e-6,365.2564545386145,3624.408652407358,-0.060645904032420796,-0.048981677133378955,1.0941406608305118e-5,1635.277243198515,1237.8233880461441,0.11421045643150778,-0.06686875111708158,0.0003885934723257481,4224.278502114991,1502.9547531152618,-0.08801380396441441,0.13409039699217187,-265.66285517518617
3.5427036817517884e-6,224.70077604839025,3503.769523595288,-0.09576033062312894,-0.06361217760830334,2.5177583157515206e-6,365.2564545163696,3624.408652737116,-0.06074521228735794,-0.04899770557206025,1.1190534658004281e-5,1636.4981052996534,1230.262115130889,0.12079027301084297,-0.06985086239964224,0.0003883684059515179,4224.534166915671,1502.961708458595,-0.08807851419694344,0.13425789671238297,-265.55586127317576
3.5417397045865914e-6,224.70077604716764,3503.7695236736,-0.09583645069132679,-0.06364596927037822,2.5174678254757645e-6,365.25645448325025,3624.408653287307,-0.0607970954674317,-0.04901785134473832,1.1432673994913998e-5,1637.719878869643,1222.6888727692506,0.1271713256413372,-0.07270048551285314,0.00038833188347223196,4224.9033870028325,1502.5059995058673,-0.08806988643505081,0.13432366214515273,-265.4408249443493
3.5412685947187812e-6,224.70077604394444,3503.7695238088522,-0.0958408701391241,-0.06368451568798822,2.517484256823037e-6,365.25645443971786,3624.4086540491126,-0.06079212140613681,-0.04904349381894549,1.1667749757365774e-5,1638.9425645889662,1215.1143665420561,0.13341350266283689,-0.07538886601286107,0.00038849062004670925,4225.384435032172,1501.5225459762967,-0.08799639821656265,0.13427013394160028,-265.3179518014558
3.541284378482841e-6,224.70077603856944,3503.7695240067474,-0.09577271577786053,-0.06372646045212438,2.517807184130983e-6,365.2564543850781,3624.408655038599,-0.06072963479504909,-0.049073580902160414,1.1893005639705548e-5,1640.1661631386137,1207.5489938926137,0.13952917726698982,-0.07796411776806685,0.0003888642665636369,4225.984267466061,1500.007827648721,-0.0878430916224008,0.1340953424789721,-265.1874855150942
3.541728160050783e-6,224.70077603135556,3503.7695242576456,-0.09563671498207632,-0.06377096315429115,2.5184213416259986e-6,365.2564543208577,3624.4086562266507,-0.060613465257491256,-0.049107427136144854,1.2109874917847107e-5,1641.3906752000848,1200.0011460602607,0.1455428886591964,-0.08037792045024918,0.0003894292253509361,4226.684128199007,1498.0220669365049,-0.08762098984127192,0.13381095317380823,-265.0497047670433
3.542660570639779e-6,224.70077602202358,3503.7695245705413,-0.09542527352986728,-0.06381736859619092,2.5193596507098046e-6,365.25645424598827,3624.408657634294,-0.06043762708311866,-0.04914465410935532,1.2317794242811933e-5,1642.6161014553854,1192.4711725171642,0.15144577469512338,-0.08268628335187506,0.0003902231319933587,4227.49710113063,1495.508361550959,-0.08731200492057975,0.13340037012825381,-264.90491959732987
3.544028509330004e-6,224.70077601086746,3503.76952493601,-0.09514314173510505,-0.06386576896874349,2.520601726621368e-6,365.2564541619697,3624.408659232901,-0.06020597916023505,-0.0491852755713548,1.2518677568979257e-5,1643.8424425870362,1184.970526230773,0.15724558151668344,-0.08484934718126326,0.00039121241648325906,4228.407456881201,1492.5100690289496,-0.08693684832423043,0.13287716658412937,-264.75346757122156
3.545878582894844e-6,224.70077599768106,3503.7695253611564,-0.0947840893965722,-0.06391416162947425,2.5221778054123823e-6,365.25645406808013,3624.4086610366962,-0.05991363628369573,-0.04922783961726193,1.2711815697240319e-5,1645.069699278062,1177.501667184526,0.1629457089047586,-0.08688236584786112,0.00039243504584924633,4229.425544615955,1488.9873083667014,-0.08647475025280231,0.13222794228314616,-264.5957095600116
3.5481080937967073e-6,224.70077598302993,3503.769525829465,-0.09435791940883599,-0.06396326253130401,2.5240475051406686e-6,365.2564539669973,3624.4086629986273,-0.05956840653138023,-0.04927271942213145,1.2898142482894777e-5,1646.297872211999,1170.0649075218987,0.1685650734075479,-0.08878695247386481,0.00039384176341252463,4230.51896938348,1485.053436243197,-0.08594865814604966,0.13147842261022374,-264.43202564404
3.550784084731793e-6,224.70077596666417,3503.769526347812,-0.09385679844883382,-0.0640117696165382,2.5262466094946376e-6,365.2564538578888,3624.4086651314988,-0.05916416279186248,-0.04931907720819387,1.3078221299918475e-5,1647.5269620728948,1162.6645548056877,0.17407228410192419,-0.09055627355455502,0.00039546464461671227,4231.69907855381,1480.6331697052697,-0.08534984607163974,0.13060980171370637,-264.2628108343083
3.5538246134349506e-6,224.70077594889375,3503.7695269079845,-0.0932884206633461,-0.06405822597275149,2.5287455178555535e-6,365.25645374223376,3624.408667409626,-0.058707000967023845,-0.04936560055417,1.3251387298379486e-5,1648.7569695453062,1155.3030163551932,0.17952193773885725,-0.0921849537274972,0.0003972853149880352,4232.950292945011,1475.8080027793997,-0.08468197861593982,0.1296398980090672,-264.0884709604504
3.557222164777794e-6,224.70077592987985,3503.7695275049955,-0.09265356990642497,-0.06410273031661504,2.5315411361672483e-6,365.25645362095804,3624.408669814773,-0.05819764149609368,-0.049412362016229776,1.3421637917686683e-5,1649.9878953143022,1147.9883199052979,0.18482867448671253,-0.09367784670078648,0.0003992934937638919,4234.262407865727,1470.584375888035,-0.08395503679265999,0.1285704641727766,-263.90941852999293
3.5608989907505542e-6,224.70077590990553,3503.7695281307947,-0.09195923339061493,-0.06414519103207586,2.5346081796226365e-6,365.2564534953483,3624.408672324612,-0.05764162552375987,-0.04945914644239938,1.3586767145169602e-5,1651.2197400654627,1140.7118412175948,0.19005739692064275,-0.09502983440719162,0.00040145917375511284,4235.621327166509,1465.034294665664,-0.08318125824258785,0.12742154730160007,-263.726068768006
3.564887875690838e-6,224.7007758889354,3503.7695287860456,-0.09120169894359259,-0.06418606498503077,2.537963165703278e-6,365.25645336578646,3624.4086749311864,-0.0570360393869459,-0.04950633990313838,1.37488190221393e-5,1652.45250448488,1133.4810870374035,0.1951728423448383,-0.09627091809551239,0.0004037940856761378,4237.027433590972,1459.117677859947,-0.08236187708593849,0.12618172537162392,-263.5388356974071
3.569164444871613e-6,224.70077586724793,3503.769529463528,-0.09038301122769726,-0.06422130067969155,2.541602667887408e-6,365.256453233514,3624.4086776109534,-0.056382573919872676,-0.04955071195353939,1.3910269007622346e-5,1653.6861892591578,1126.3041888371981,0.20014645599281122,-0.09735819103516932,0.00040630415428737115,4238.462830634987,1452.8880972573515,-0.08149036556967225,0.12485685877523081,-263.34812837375415
3.5736615199868942e-6,224.70077584504108,3503.769530156614,-0.08950977034050082,-0.06425337429922133,2.545499615139085e-6,365.2564530995829,3624.4086803445357,-0.055686439878825454,-0.04959407009600494,1.4069629555448556e-5,1654.920795075413,2774.097450322805,0.2050161403944462,-0.09830024475894332,0.0004089484052380635,4239.921318733363,1446.3763485381912,-0.08058986005282556,0.12346237769701898,-263.1543472663043
3.578368283035265e-6,224.7007758225388,3503.7695308592097,-0.08858266349586585,-0.06428074694939495,2.5496539286005884e-6,365.2564529652328,3624.408683109249,-0.054948195288805915,-0.049635132773146164,1.4229106570691335e-5,1656.1563226212752,1112.0963484997546,0.20974632284864975,-0.09912229885024194,0.0004117320447292564,4241.384527451362,1439.6169134904756,-0.0796580989001693,0.12199832429264466,-262.9578806380089
3.5832038745851517e-6,224.70077579998014,3503.7695315638794,-0.08761029295131131,-0.06430394671139587,2.554028742152213e-6,365.25645283171724,3624.408685880085,-0.054174756617948544,-0.04967411973751336,1.4391697387376663e-5,1657.3927725848878,1105.0804621519749,0.21429603768451563,-0.09978847285345932,0.00041461422534673655,4242.844629436961,1432.6566179492327,-0.07871391891616218,0.12048333265776842,-262.7591011645389
3.5882412295924277e-6,224.70077577719485,3503.769532275264,-0.08658386912992591,-0.06432188114475375,2.5586693982358156e-6,365.2564526982133,3624.40868867118,-0.053359026407144086,-0.049710303608156314,1.4554552636542278e-5,1658.6301456549074,1098.1051500052345,0.21873100696095918,-0.10035013976097074,0.0004176258780135739,4244.3094055798965,1425.4290697197864,-0.07775014801168387,0.11890007987889098,-262.55836267440156
3.593345957055834e-6,224.70077575476338,3503.7695329772846,-0.08551744781965717,-0.06433453595644407,2.5635144906030654e-6,365.2564525676713,3624.408691430058,-0.052512264993842456,-0.04974334597604765,1.4721226473409535e-5,1659.8684425205051,1091.1894759807337,0.22298894867325264,-0.10076521542307096,0.0004207200150360026,4245.745530957527,1418.0720385725967,-0.07677860178611975,0.11727660430870084,-262.35599697694573
3.598604709488043e-6,224.70077573255577,3503.769533671819,-0.08440100197370332,-0.06434201655957143,2.568613978319554e-6,365.2564524396061,3624.408694161914,-0.051626458306354955,-0.04977345410047654,1.4893155380646029e-5,1661.1076638713646,1084.3285539793671,0.22707401462972834,-0.10106189206362633,0.00042390256672298406,4247.163347724689,1410.4877705308122,-0.07581090604264888,0.11559629651892023,-262.15231078889116
3.6039447232957454e-6,224.7007757107923,3503.7695343536534,-0.08324234060215374,-0.06434249133737723,2.5739317746355406e-6,365.2564523149391,3624.408696850094,-0.05070781000841714,-0.04979897752414452,1.5070904425306836e-5,1662.3478103976897,1077.520436435483,0.23097382390853777,-0.10123773339730134,0.00042716683853808124,4248.549898798618,1402.7431197252733,-0.07484247089048002,0.11387105458752887,-261.94758288696096
3.609380387527454e-6,224.7007756895931,3503.769535017009,-0.08203831000628976,-0.0643396025858598,2.579489489960955e-6,365.2564521945493,3624.4086994763416,-0.04975382188437025,-0.04982275093711549,1.52570012597324e-5,1663.5888827901945,1070.7721984469517,0.2346743430634892,-0.10128606278579666,0.000430477114102335,4249.901759059948,1394.8041284623664,-0.0738989679963286,0.11210038103154966,-261.7420611981415
3.61485992445034e-6,224.70077566914472,3503.769535658041,-0.08079385711197473,-0.06433020515035931,2.585267826366652e-6,365.2564520791939,3624.4087020285115,-0.048768377539952674,-0.04984215150381351,1.545038973858134e-5,1664.8308817401105,1064.072832367872,0.23819417409616786,-0.1012403831121891,0.0004338433017696768,4251.203413752726,1386.7334305080492,-0.0729670823119438,0.11028986314905363,-261.53595997187205
3.620453853729929e-6,224.70077564951671,3503.7695362723766,-0.07950026392463154,-0.06431634515466277,2.5913110540590743e-6,365.25645196929014,3624.4087044959497,-0.04774453360670697,-0.04985884182039569,1.5653930226046048e-5,1666.0738079391847,1057.430038409829,0.24151160421899528,-0.1010793903886184,0.00043724543143435586,4252.459807312976,1378.444849856616,-0.07206824823622685,0.10842853105556718,-261.3294568141707
3.6261662169085474e-6,224.7007756306839,3503.7695368604964,-0.07815592184354875,-0.06429738345704152,2.5976299216699814e-6,365.2564518645723,3624.4087068828203,-0.04668095466526655,-0.049872238586822985,1.5867594580555807e-5,1667.3176620796814,1050.8370484734123,0.24465462168012345,-0.10082630587391671,0.0004406839121962079,4253.671101312743,1369.9218910229658,-0.07120307469659731,0.10651391855427884,-261.1226895258751
3.6319750570767905e-6,224.70077561296048,3503.769537412938,-0.07676173152973147,-0.06427240230292781,2.6042252032940776e-6,365.25645176642365,3624.4087091630067,-0.04557835929697759,-0.04988149587863141,1.6094363638194855e-5,1668.562444854381,1044.3010872855054,0.2475968072930562,-0.10045905238115423,0.0004441398551574925,4254.821314674726,1361.1892944176361,-0.07037808710191584,0.10454946903326638,-260.91575221166596
3.6379332882130093e-6,224.70077559646336,3503.7695379237634,-0.07530946433981828,-0.06424624385190926,2.611143704885031e-6,365.25645167552074,3624.4087113241044,-0.044430156266507245,-0.04989039368955719,1.6336310269041217e-5,1669.8081569565818,1037.818054980894,0.2503127716462081,-0.10002124117423596,0.00044757725401205445,4255.907050931342,1352.1771081652219,-0.06961917840805781,0.10252566528100614,-260.7086907014114
3.644189237902973e-6,224.70077558115617,3503.7695383931505,-0.07378088049219364,-0.06421523970865749,2.6184782101786455e-6,365.2564515912859,3624.4087133755165,-0.04322174063497832,-0.049896217857278574,1.6593098665050788e-5,1671.054799080099,1031.3847118219817,0.25287817081726005,-0.09949510283757412,0.00045103323821624885,4256.937054113988,1342.754667225476,-0.06891988972164773,0.10041349020578162,-260.5014962873691
4.095644046813003e-6,224.70077630100215,3503.7695125163755,-0.02690360164162165,-0.05951249013178458,2.870014388843896e-6,365.2564519213343,3624.408696712854,-0.00548258716163414,-0.04651117978986764,1.4642403715043022e-5,1672.3023719192659,-1215.860260083922,0.3739992311939582,-0.11131436578332796,0.0004549317917837044,4236.867887091345,1016.0152031906543,-0.09479599376765863,0.020275328365267114,-260.2486576384724
4.1283697588631926e-6,224.70077633962663,3503.769511218232,-0.022781927077730402,-0.058069586094795525,2.8943394822055684e-6,365.25645149586484,3624.4087040217905,-0.0021841556985152783,-0.045376049738007386,1.5434708758920435e-5,1673.5508761689348,453.0286751192979,0.3720471632074652,-0.09966075104213791,0.0004582675076971129,4238.381471186491,978.9384492156587,-0.09405633582390012,0.012519639584811502,-259.88329496346324
4.146996217384995e-6,224.7007763677552,3503.7695103254614,-0.019833124974635807,-0.05686553740318223,2.9122903918521757e-6,365.2564511122078,3624.4087106593734,0.00017320530589073343,-0.04442695889084488,1.620940350661095e-5,1674.8003125244763,449.006949191098,0.3693198582077948,-0.08988593817963583,0.00046151934790202514,4239.676838120308,952.1344439243001,-0.09292710729665919,0.00706580046572894,-259.5033591651938
4.158547678879071e-6,224.70077639155286,3503.769509609809,-0.01742647270229658,-0.055762093147944156,2.927316865873937e-6,365.25645074791447,3624.4087169947356,0.0020946753877626955,-0.04355598373344917,1.698486847916747e-5,1676.05068168178,444.5564368627682,0.36628391144716377,-0.08131306614913278,0.00046476668340982025,4240.839649933781,930.1276882615725,-0.09162091583353078,0.0026932885766152606,-259.11019704308103
4.1654830065702985e-6,224.70077641338236,3503.7695089857166,-0.015341377704886687,-0.05469951174440949,2.940635625088187e-6,365.25645039485005,3624.408723152067,0.0037571663619547736,-0.042716248994925,1.7771365046671835e-5,1677.3019843372554,439.7546383297234,0.363042009898972,-0.07365022602384905,0.0004681082207409742,4241.879492587023,910.9600185762131,-0.09017432259801099,-0.0010457148041698105,-258.7044085621718
4.169016862078209e-6,224.70077643442684,3503.769508412078,-0.013467880534120905,-0.05364293611989754,2.9528565368309127e-6,365.2564500487155,3624.4087291974324,0.005248915742545072,-0.04188024926344111,1.8573401141495234e-5,1678.5542211878314,434.66024437816696,0.35968625130263426,-0.06670108236839808,0.00047163412703459586,4242.806368935394,893.6399081170856,-0.08858272218947506,-0.004374484180060005,-258.28624755348824
4.1698773975780176e-6,224.7007764554589,3503.769507860986,-0.011742673658415134,-0.0525736443186914,2.964329667475675e-6,365.25644970701245,3624.408735167737,0.006620528444948759,-0.04103318801561813,1.9394260653886825e-5,1679.8073929309562,429.2964350002508,0.3562655037639242,-0.060380147464796106,0.00047533450149374475,4243.630249487306,877.5458187056473,-0.08687424481496732,-0.00742766943969349,-257.85574780347383
4.168461973719836e-6,224.70077647698994,3503.7695073168175,-0.010127192889528031,-0.05146858465690527,2.9752728822210085e-6,365.25644936765525,3624.408741088213,0.007903243195108595,-0.04015664302362966,2.0236644327150314e-5,1681.0615002646034,-1257.3696966252091,0.35282284345088705,-0.0545845098446461,0.0004793526214935387,4244.3457877328865,862.2851282553518,-0.08499495949291834,-0.010295364843140151,-257.41277031820806
4.1649772214955805e-6,224.70077649930056,3503.7695067699647,-0.008602005584418102,-0.05031565597881095,2.9857929164462873e-6,365.25644902916474,3624.4087469777346,0.00911270945643487,-0.03924092322580302,2.1102520505004297e-5,1682.3165438872627,417.87054549760666,0.3493861392932559,-0.04923419176181425,0.00048372623452586604,4244.9632902072835,847.5906194489249,-0.08294131704335465,-0.013028864181310825,-256.95701895284134
4.159562554678796e-6,224.70077652290448,3503.769506206988,-0.007150970016994414,-0.049099344740800854,2.995983601189139e-6,365.2564486914785,3624.4087528296154,0.010262073420950797,-0.03827351048691086,2.1997030207572202e-5,1683.5725244979467,411.8479085220524,0.3459373376871031,-0.04426691392170854,0.0004885601818206461,4245.458529560546,833.2962785771233,-0.08067411716252049,-0.01566800861607695,-256.4880392190595
4.15237444913162e-6,224.7007765480343,3503.7695056202324,-0.005759880639243317,-0.04780237795785375,3.0059229497900276e-6,365.2564483516812,3624.4087586826085,0.01136292242345208,-0.03724045520725291,2.292188892611967e-5,1684.8294427961905,-1279.1957205116535,0.3425097671372572,-0.03963345735627698,0.0004939488302617164,4245.851183546271,819.1108660820703,-0.078164534710749,-0.018260887634642713,-256.0052055613671
4.143367163092041e-6,224.70077657520073,3503.7695049985773,-0.004427163415798569,-0.046403085674119764,3.0156250028447784e-6,365.25644800905917,3624.4087645367804,0.012416980645968237,-0.03612420606971745,2.388110167488604e-5,1686.0872994820506,2085.3312851594283,0.3390998278113854,-0.03524666866244962,0.0005000758982705677,4246.113435598894,804.9220357995587,-0.07534589025521093,-0.020828213126775103,-255.50769627061212
4.132533545562213e-6,224.70077660475573,3503.7695043338645,-0.0031495972981322746,-0.04488325352988565,3.025106256982791e-6,365.25644766167835,3624.4087704114954,0.013427182401257051,-0.03490983796336441,2.488073258352542e-5,1687.3460952561068,392.6838889332762,0.3356856554323441,-0.031063110613547214,0.0005071140330048809,4246.241059519917,790.5520893987571,-0.07216287736696607,-0.023392992730988094,-254.99445298223853
4.119823139552968e-6,224.70077663738078,3503.769503610046,-0.0019273318946132023,-0.043207769534248784,3.0343691861438604e-6,365.25644730580734,3624.408776348255,0.014394057031040217,-0.03356883606272667,2.5925647304466718e-5,1688.6058308194617,2074.562759079463,0.33227115957355285,-0.02700218999625877,0.000515344405845801,4246.225364631306,775.725239228906,-0.06852572572697027,-0.0259905034724771,-254.4641153594261
4.105032275724379e-6,224.70077667391416,3503.7695028094477,-0.0007702918592100307,-0.04133605215710109,3.0433595907043893e-6,365.2564469374973,3624.4087823840005,0.015310614489015871,-0.03206798747898567,2.702618615775593e-5,1689.8665068737414,379.0610583378795,0.3288054128351111,-0.02297707286532239,0.0005251917853218585,4246.0314128401415,760.2132443725764,-0.06430216115330668,-0.028641625197996835,-253.91491070734617
4.0878942297054145e-6,224.70077671599233,3503.769501895907,0.0003094041706680443,-0.03918970222232837,3.0520201819731206e-6,365.2564465479721,3624.4087886135976,0.016168875552290886,-0.030343321807307946,2.819997333601253e-5,1691.1281241210959,-4701.40197350865,0.3251931503507478,-0.018841428646577438,0.0005374161605662608,4245.601795553745,743.5586833476251,-0.05925766259416892,-0.03139383133139787,-253.34445084838868
4.067923771455985e-6,224.70077676630015,3503.769500811449,0.0012857648987365097,-0.03663657556776626,3.0602152523755755e-6,365.25644612069345,3624.40879522306,0.01695098465805927,-0.028286648835549634,2.9472723629637692e-5,1692.390683264199,364.6818998669725,0.3213148345585968,-0.014384380695640065,0.0005534120563084623,4244.86159757898,724.9232844287312,-0.052983152623633616,-0.03431972851579518,-252.74929849150922
4.043790275647138e-6,224.70077683313343,3503.7694993712566,0.002085839795567504,-0.03330475940523391,3.0675874435253594e-6,365.25644561135374,3624.408802694718,0.017606831908608466,-0.0255938292384569,3.0924768511604754e-5,1693.6541850062497,357.02150959301247,0.3166841734091841,-0.00904938492112903,0.0005770497186238048,4243.500666082236,702.19377300697,-0.0443555039328732,-0.037623684478068846,-252.12376132164016
3.887733818338728e-6,224.70077818382586,3503.7694717074864,-0.010933710195963014,0.0008007593459818282,2.9839551241547084e-6,365.25644098299904,3624.408859166742,0.007155780009649554,0.002988789453919005,3.8042979095966025e-5,1694.9186300509716,2028.0144832837805,0.2767252171809483,0.04112273168355425,0.0012145973845305088,4242.819139294897,418.47058550081357,0.05928700142939491,-0.041960112618059056,-250.51779496741258
3.863116366794724e-6,224.70077819616222,3503.769471663681,-0.01083295163872513,0.00110571968864004,2.9853636798419413e-6,365.25644096824146,3624.4088602907696,0.007176542438200423,0.0032361755760495245,3.8977468895244385e-5,1696.1840191026135,326.39369876604104,0.276738545043479,0.04123088683178634,0.0012152405251958974,4243.474819929425,416.2067209437862,0.059391548436861605,-0.04186986739329431,-249.55309053805428
3.837971048404325e-6,224.70077820579675,3503.7694716802594,-0.010704387849315251,0.001383565944191479,2.986981948750242e-6,365.25644098123183,3624.408861002646,0.007218700536718626,0.0034598142901935704,3.988477002016201e-5,1697.4503528659507,2017.221284918907,0.27697140831541295,0.04124600317427205,0.0012146081621317551,4244.086366021526,414.33425137339606,0.0594142719217882,-0.041804653324068713,-248.57225366392632
3.8122612445083065e-6,224.70077821293754,3503.769471752784,-0.010549839125635308,0.001636900446926626,2.9887980511064927e-6,365.2564410202363,3624.4088613280014,0.0072806971506023865,0.003661998716698528,4.0768231200962556e-5,1698.7176320462822,313.2228949512831,0.27739001723950263,0.04117515636981782,0.0012128118619764029,4244.666021834912,412.80127151735064,0.05936255646936765,-0.041762244184361696,-247.57729474703854
3.7859284095011077e-6,224.70077821777028,3503.7694718772696,-0.010370649739085918,0.0018666682860993852,2.9908051548777668e-6,365.25644108470914,3624.4088612722753,0.0073614256208778366,0.003843688875325987,4.162908880867345e-5,1699.9858573494391,2006.7325986869612,0.2779830465068869,0.041020387081105746,0.0012099410904666283,4245.211334510655,411.60674275939346,0.059241755896246376,-0.04174002782388479,-246.57030497805593
3.758938866795227e-6,224.7007782205783,3503.7694720474547,-0.01016892613490218,0.002076333162635051,2.9929867659486355e-6,365.25644117196833,3624.408860876705,0.007458917550266321,0.004007876075377305,4.2469889368759034e-5,1701.2550294817743,300.33731893443365,0.2787344053499907,0.040782209509312335,0.0012061292822704132,4245.743713875552,410.6647592760132,0.05906068578546729,-0.04173668523858586,-245.55345775111417
3.731235923209717e-6,224.7007782213433,3503.769472263902,-0.009944703158021137,0.00226524505898323,2.9953455235941377e-6,365.2564412806875,3624.408860159389,0.007573197410752595,0.004154160215052023,4.3292678022367084e-5,1702.5251491501695,293.9935737258494,0.2796317424153403,0.0404642013979772,0.0012014172855328942,4246.265776260139,409.9784204420568,0.05881993011235761,-0.04175041368819223,-244.52901052500764
3.7027551182931187e-6,224.7007782203572,3503.769472520597,-0.009700798958376323,0.0024354156469072754,2.9978628051560736e-6,365.25644140951925,3624.4088591386158,0.007701821122541037,0.004284429295775778,4.4101526690568414e-5,1703.7962170620344,287.7112622048308,0.2806522750376638,0.0400691095208469,0.0011959420693357123,4246.783326176445,409.51222359835236,0.0585274814219191,-0.04177811424938865,-243.49930857650514
3.6734422435060428e-6,224.70077821757192,3503.7694728187034,-0.009436622751386504,0.002586220107582461,3.000544373410906e-6,365.25644155670955,3624.408857839585,0.007845258700389234,0.004398267091917894,4.489977011793388e-5,1705.068233925307,281.4876690646992,0.2817837642243443,0.03959259356399456,0.0011897268003932939,4247.298980111446,409.26665149169384,0.05818293194249773,-0.04181875538732075,-242.4667917799725
3.643234215078776e-6,224.70077821312262,3503.769473155252,-0.0091534986800513,0.0027176051367239643,3.0033832114948927e-6,365.25644172129006,3624.4088562735838,0.008002390854004175,0.004495793557135198,4.569023117057533e-5,1706.341200448453,1981.6593951049615,0.2830163848948809,0.03903118721080343,0.001182839418192558,4247.811705480318,409.2417156741045,0.05778871904695107,-0.04187025212397386,-241.43400492306762
3.612050818258425e-6,224.70077820698341,3503.7694735311225,-0.008851688223210323,0.0028283650896493303,3.006381109839175e-6,365.2564419019946,3624.408854456918,0.008173005266202679,0.004576185868468338,4.647828365518026e-5,1707.6151173404683,1976.8166615786047,0.2843267930241777,0.03838535591035511,0.0011753171084043106,4248.318707643838,409.45528321172645,0.05734456824114263,-0.041930408526204825,-240.40361299589813
3.579829778858349e-6,224.7007781992356,3503.769473945,-0.008532234986143772,0.0029197211252980507,3.0095314496569467e-6,365.2564420959609,3624.408852433551,0.008356088380189003,0.004640556422438378,4.726818682796824e-5,1708.8899853108771,3680.9152067754803,0.28570128897406494,0.037658906090208555,0.0011672301354236996,4248.838544582388,409.85285055315154,0.05685297507526743,-0.04199792227091505,-239.37842221852517
3.5464730024986593e-6,224.70077818991575,3503.7694743964857,-0.008196055246387706,0.002989270966152006,3.012831641148879e-6,365.25644230347507,3624.408850191396,0.008550908801157085,0.004687254122597249,4.806436940005266e-5,1710.1658050697336,1967.2815664687148,0.28712677050671315,0.036845924403668136,0.001158646468494709,4249.350822702884,410.49876490345224,0.056316271951453625,-0.04206878472326723,-238.3614079216804
3.5119082565284534e-6,224.7007781790044,3503.769474886156,-0.007843622593686914,0.0030360703412179012,3.016281367153529e-6,365.25644252273565,3624.408847755781,0.008757043776599142,0.004715600026433392,4.88726882281243e-5,1711.4425773276223,251.13938228515775,0.2885818857593661,0.03594208207059198,0.0011495854085086736,4249.858983662774,411.39514195172427,0.05573232485449557,-0.04214131210008632,-237.35575033668297
3.476037154549567e-6,224.700778166529,3503.769475414034,-0.007475729178014332,0.0030595544094943793,3.0198782176458768e-6,365.25644275204735,3624.4088451496023,0.008973733882283228,0.004725326062408381,4.969861309496466e-5,1712.7203027956582,1957.926214262524,0.2900503029980444,0.03495360131718193,0.0011401040846963067,4250.36455538127,412.54320631708964,0.055102662530841756,-0.042212812287658906,-236.36487974971368
3.43877711897981e-6,224.70077815248393,3503.769475980491,-0.007093492263705292,0.0030572653214132406,3.0236173167746263e-6,365.2564429911171,3624.408842370616,0.009200030335143832,0.004714678402289278,5.054661917095739e-5,1713.9989821854867,239.31084241902053,0.29151981322114917,0.03387498063817482,0.0011302512111751087,4250.856910181767,413.9816785676615,0.054427637573877065,-0.04228002847465291,-235.39253179184237
3.400033972654292e-6,224.7007781369638,3503.7694765841266,-0.006698787400973108,0.003028796712339821,3.027487922909793e-6,365.2564432384708,3624.4088394371165,0.009434284777440455,0.004683569411929772,5.142277984040024e-5,1715.2786162092852,233.4516997519637,0.2929715808419291,0.03270703198894286,0.0011201059132683647,4251.333636902431,415.7173310783585,0.053710645602252485,-0.042339163178430644,-234.44281484304247
3.3597231627369485e-6,224.70077811987093,3503.7694772273194,-0.006292426584013461,0.002971221144370411,3.0314881309829818e-6,365.2564434933616,3624.408836353747,0.009675808579406248,0.0046298288520556586,5.233300010203664e-5,1716.5592055797624,227.6261064487535,0.2943856062115663,0.0314525536040188,0.0011096948410072081,4251.78859912159,417.78708244786907,0.05295018575748301,-0.04238706837379092,-233.52028985878502
3.317735064920226e-6,224.70077810125375,3503.769477909874,-0.0058768300803291465,0.0028823963519439147,3.0356053356855353e-6,365.25644375530555,3624.4088331204885,0.00992258064756547,0.004552052851172901,5.3282563002073925e-5,1717.8407510101572,221.83247229884586,0.2957473106673492,0.030113873064193535,0.0010991042047795128,4252.208904440542,420.23710289859036,0.05214991209433907,-0.04241794199724987,-232.630064086825
3.2740144978307257e-6,224.70077808120752,3503.769478629859,-0.005454952841236206,0.0027617307560131236,3.0398190235567994e-6,365.2564440231568,3624.4088297482645,0.010172073885767881,0.0044500145638241145,5.427684689920216e-5,1719.123253214247,216.06684922078983,0.2970391794448738,0.02869525231748814,0.0010884146535705742,4252.593124500001,423.0653721113571,0.051314230842942565,-0.04242835316555605,-231.77789831211743
3.2284966444528515e-6,224.70077805972628,3503.7694793878977,-0.005029421937717138,0.002606625085719814,3.044113975483391e-6,365.25644429661514,3624.4088262323476,0.01042217713819492,0.004321914515737934,5.5320851188260045e-5,1720.4067129063355,210.32654836652304,0.2982431685730659,0.02720117170484925,0.001077696833510092,4252.927055797248,426.3239341423506,0.050446357355636136,-0.04241264661119083,-230.97032665322268
3.1811296938341855e-6,224.7007780369217,3503.769480181867,-0.0046045213163430875,0.00241558062701026,3.04846184895015e-6,365.256444575464,3624.4088225659184,0.010669395765173938,0.004166895176190264,5.6418395395472e-5,1721.691130801263,204.60858463395232,0.29934645316388353,0.025639555428862853,0.001067058309172782,4253.197490445933,430.0450464019663,0.04955361482211294,-0.04236500869063821,-230.21478538309867
3.1319027209960313e-6,224.70077801284646,3503.7694810107478,-0.004184781274478968,0.0021869124652568734,3.05283181648689e-6,365.25644485928717,3624.4088187443226,0.010910130814360743,0.003983925340269848,5.757340018020395e-5,1722.976507614402,1921.8863397260552,0.30033035686999926,0.024020327787025952,0.0010565990073557628,4253.392841098903,434.26132172158697,0.048643103016944605,-0.042279624999965605,-229.51974436960012
3.080839242853835e-6,224.70077798764783,3503.769481871221,-0.0037761054986730457,0.0019199736491179586,3.0571826386604376e-6,365.25644514804316,3624.4088147555776,0.011139723235545943,0.0037728370757906323,5.8787944313402414e-5,1724.2628440616604,193.22675989181243,0.301181183725767,0.022357759128815914,0.0010464438646758739,4253.497602125181,439.00165646637214,0.04772541829301405,-0.0421504544224681,-228.8948301182057
2.9424096563986254e-6,224.70077720591888,3503.7694992008196,-0.0004492255215298932,0.003471864352937442,3.0748764360428603e-6,365.2564489331182,3624.4087522141845,0.013518934770949755,0.004784403535305166,6.825259860168227e-5,1725.5501408594796,759.7959970683205,0.2796796590993746,0.012635110504162739,0.0008909389630146567,4232.329634356278,518.4815323420493,0.03233326354002931,-0.044284320166112986,-228.16721544103163
2.8813322855554228e-6,224.7007771317623,3503.7695012823,0.00023445144112587297,0.0030165855920117777,3.0812302728581214e-6,365.2564489732831,3624.4087520569515,0.013972211637176957,0.004428108797903703,6.984416416979868e-5,1726.8383987248365,755.0440368310896,0.2807067809031842,0.01208333861503084,0.0008830056105059455,4234.258829932409,526.4549812957741,0.030776732420448136,-0.04324699211700562,-227.35681186584807
2.8189135217352158e-6,224.7007770580906,3503.7695033942455,0.0008140416161339026,0.0025450022621515984,3.0868574154728335e-6,365.25644900134097,3624.4087519660984,0.014341768955762717,0.004064150466781572,7.145808780245094e-5,1728.1276183752427,750.2263993481987,0.2816464110895919,0.011424967680172465,0.0008781130953256491,4236.274688776413,534.2663884422304,0.02957919937907593,-0.04205214034468288,-226.6418283076936
2.7554611049378684e-6,224.70077698557338,3503.7695055156246,0.0012776194492556767,0.002066264040648669,3.0916721192655996e-6,365.2564490203904,3624.4087518690417,0.014619263570715989,0.0036997997842159636,7.309253034915254e-5,1729.4178005287463,745.335991163446,0.28246528333924675,0.010678502883630385,0.0008762545728456818,4238.305954623991,541.9172364517904,0.028765615354462554,-0.04072719559990484,-226.04223906642048
2.6913726274285746e-6,224.70077691493697,3503.769507621439,0.0016187074685727256,0.0015882403152665645,3.0956265597857094e-6,365.2564490350342,3624.408751668863,0.014800658492075217,0.0033410558209443736,7.474439967943018e-5,1730.7089459039305,740.3669357744086,0.28313442793162724,0.009863441319394853,0.00087730773464509,4240.262172756589,549.4572251765691,0.02833800784586261,-0.03930587408251199,-225.57927444393033
2.627140960375507e-6,224.7007768467731,3503.7695096877824,0.0018399826523106842,0.0011162901495554366,3.0987368067824064e-6,365.25644905005464,3624.408751269093,0.014889142948105357,0.0029915695304978496,7.64068002594183e-5,1732.0010552199158,2467.3166002346466,0.28364070018131726,0.008995925604742105,0.0008810033275356475,4242.050138808599,556.9810753297014,0.028271025296537175,-0.03782453607924997,-225.2747773938078
2.5634647131064313e-6,224.70077678202898,3503.7695116795035,0.0019456920233623719,0.0006598757930890482,3.101022473176137e-6,365.25644907059035,3624.408750567921,0.014889051717361323,0.0026582405184024313,7.80685732982494e-5,1733.294129196359,730.1769300810831,0.28396938569034985,0.008101008802784073,0.0008870223841396924,4243.574826832096,564.5258308717475,0.028529243490247717,-0.0363269666461292,-225.15039150782835
2.501247370200739e-6,224.70077672173628,3503.7695135563354,0.0019457207633462332,0.00022647044866731724,3.1025379934384065e-6,365.2564491029227,3624.4087494476357,0.014809208621476775,0.0023461734119348677,7.971204473268407e-5,1734.5881685534546,724.9455342722222,0.28411386605740496,0.007201242617461019,0.0008949148986677202,4244.734204503205,572.1473722921348,0.029057338082531338,-0.034858816266929875,-225.22654540703695
2.441583432415766e-6,224.70077666714488,3503.7695152720553,0.001852786396618047,-0.0001751982665458991,3.103352683330605e-6,365.25644915360203,3624.408747790604,0.014660773960839629,0.0020614584641104592,8.13123309464154e-5,1735.8831740119347,719.614692702719,0.2840741308246212,0.006320042647947791,0.000904184859735276,4245.422664133566,579.9058980823711,0.029795251242083407,-0.033462582727332414,-225.5212101252148
2.3859337184267598e-6,224.70077661991272,3503.769516764859,0.0016805244734244527,-0.0005354408098859972,3.103529505961977e-6,365.2564492309439,3624.408745450543,0.014455706467986497,0.0018108785152002643,8.283450762184246e-5,1737.179146293067,714.1748906425724,0.2838471962476626,0.005485935635159644,0.0009141951575991524,4245.518615250112,587.8294369160659,0.03067052288067883,-0.03218881882467648,-226.0484421000437
2.335880465750077e-6,224.70077658172485,3503.7695179747243,0.0014446236506347003,-0.0008448347459763828,3.1031433952264737e-6,365.25644934231326,3624.40874230847,0.014207810923194909,0.0016011083527743839,8.423656622995455e-5,1738.4760861186646,708.6157977562184,0.2834391837851687,0.004722623177416867,0.0009243206623311862,4244.9260701373105,595.924086318418,0.03161682462506234,-0.03107769212626867,-226.81679030498114
2.2932503562664144e-6,224.70077655448435,3503.7695188335933,0.001160514871259915,-0.0010945773405988634,3.1022589794800007e-6,365.2564494959113,3624.4087382386324,0.013930814177669839,0.0014382687287330278,8.546803824040043e-5,1739.7739942110725,702.9250526622259,0.28285493538867124,0.004053626474224462,0.000933844503505526,4243.550110194095,604.1693557053172,0.032563053913182996,-0.03017125317175607,-227.8277358046436
2.2598407805948467e-6,224.70077654006957,3503.769519277457,0.0008423197350038687,-0.0012783289828940869,3.100934094828687e-6,365.25644970017413,3624.4087331237206,0.013637507568561554,0.0013265699652214565,8.647731191189771e-5,1741.0728712931777,697.0895603555933,0.28209730789089077,0.0034980714392600027,0.0009420995026927806,4241.308363904602,612.565632051997,0.033448298685671125,-0.02950101617632376,-229.07442768504626
2.237386715751415e-6,224.70077654010223,3503.769519253509,0.0005016448422257908,-0.0013893134556679718,3.0992092607555716e-6,365.25644995999903,3624.408726922376,0.013338768660022435,0.0012706734259983284,8.721105334658197e-5,1742.3727180884066,2433.467590342882,0.2811733378039533,0.003069118603252715,0.0009485415913870521,4238.188598896272,620.9830588971654,0.03422656440815057,-0.029092802873004784,-230.54104064871223
2.2272716853851835e-6,224.70077655594108,3503.7695187220856,0.00014588128155789204,-0.0014249103109889862,3.0971084793719833e-6,365.2564502809516,3624.4087195942675,0.013041992669016737,0.0012718899338347342,8.76247769866958e-5,1743.6735353207255,684.9263555563068,0.2800847905308102,0.0027730909773448667,0.0009527850602022686,4234.186956959431,629.3569926210171,0.03486764147855632,-0.028959539320142714,-232.2030510950345
2.230244031200749e-6,224.7007765877892,3503.769517683985,-0.0002193469701796914,-0.0013875469141829938,3.0946629577713078e-6,365.25645066172575,3624.4087112301504,0.012752915586764665,0.0013275293531839034,8.76882651930239e-5,1744.975323714642,678.5721551487655,0.2788422581730009,0.0025983791130411204,0.0009547349158396911,4229.407037172779,637.5298532042921,0.03536437207646745,-0.02909503974878756,-234.02857090911684
2.2466691201677204e-6,224.70077663561014,3503.769516151879,-0.0005947693952876394,-0.001279294887555056,3.0918701293617817e-6,365.2564511001079,3624.408701941275,0.0124719801948058,0.0014352746472763472,8.738292019362801e-5,1746.2780839952034,672.0171436092809,0.2774490904790214,0.0025291288168281245,0.0009545179841657455,4223.9795573170795,645.3110001999744,0.03572857784760895,-0.0294872483936126,-235.98061086002502
2.2762609288058543e-6,224.700776698113,3503.769514178125,-0.000981600086569847,-0.0011072268753985323,3.0887408210564763e-6,365.25645158640737,3624.4086919663473,0.012198873240870782,0.0015888531423561602,8.670545541047466e-5,1747.5818168879991,665.2485048424494,0.27592166857373185,0.002530425830516818,0.0009525077364210503,4218.130711087925,652.4276597662966,0.03598858793470304,-0.03010752781619865,-238.01986724628986
2.3184340222666685e-6,224.7007767736218,3503.7695118271986,-0.0013844522747742684,-0.0008786520599524827,3.085268645536101e-6,365.2564521082768,3624.4086815824735,0.011930381673033532,0.0017819411240601584,8.566060807580918e-5,1748.8865231191605,658.2494845477056,0.2742803703363944,0.002559614140759764,0.0009492223694270356,4212.117004361316,658.5681929939349,0.036183987913535116,-0.030920875740481305,-240.10747364788983
2.3724297567879214e-6,224.70077685987337,3503.769509176961,-0.0018084767718345768,-0.0006037480052946149,3.081440695448659e-6,365.256452649809,3624.4086711128675,0.01166260709967714,0.002006145560767369,8.425769182074365e-5,1750.1922034153602,650.9995747942867,0.2725495808034303,0.002560425643197238,0.000945241205332874,4206.227714621719,663.3569591965891,0.03635781311237909,-0.03189029074306204,-242.2072167489287
2.437480751550326e-6,224.70077695445994,3503.7695063060273,-0.002258861513946563,-0.00029335017376069344,3.0772379351441993e-6,365.2564531932518,3624.408660897972,0.01139149158247891,0.002252679569637412,8.250549146267433e-5,1751.4988585038138,643.4729137259409,0.2707619605003334,0.002472744692644137,0.0009411377665402298,4200.75209516123,666.4113699246851,0.03655245767191292,-0.03297722842822216,-244.2869367105889
2.513099657864198e-6,224.70077705499438,3503.7695032868937,-0.0027428636014599113,4.285315409989887e-5,3.0726073020661258e-6,365.2564537182287,3624.4086513095203,0.011111306278610239,0.0025139902357882208,8.040342619408477e-5,1752.8064891122801,635.6305802733374,0.26895836672734336,0.0022256247486761036,0.0009374850154434895,4196.006450614633,667.2053104925486,0.03681154345115538,-0.03415147909557903,-246.31908877400187
2.599117167762177e-6,224.700777159365,3503.769500179855,-0.0032670121542247308,0.00039643655873208725,3.067480971543542e-6,365.2564542040188,3624.408642715339,0.010816761099153303,0.0027837141909865296,7.794254322446589e-5,1754.1150959690606,627.4183544222789,0.26718532426685265,0.0017478436339441873,0.0009348071584620251,4192.292160972657,665.1644152210049,0.037177907781291236,-0.03539032049393613,-248.28061565573546
2.972608943698207e-6,224.70077760738948,3503.7694897614674,-0.0059704794999791075,-0.005055827358253418,3.049430651120721e-6,365.25645210270164,3624.408678257811,0.00903986543408969,-0.0015271278234571905,6.110016812693023e-5,1755.424679803001,1794.9468609739392,0.27570917135581013,0.032952324012834426,0.0010358295033992698,4223.761478377388,551.9497652452645,0.04731109819663881,-0.03866795004649863,-252.35171137708747
3.1115341729995845e-6,224.70077763305588,3503.7694884395764,-0.006105880593813062,-0.004429448507087185,3.0435634397622454e-6,365.256451919313,3624.40868119092,0.009111979325798297,-0.0010670116061919856,5.772631502847772e-5,1756.7352413434894,1786.4753633411915,0.27131347115661836,0.039206825430779066,0.0010444686144194806,4227.485331805628,533.0950496180301,0.048508972325498265,-0.03959971542181394,-253.7278582861605
3.260938038026616e-6,224.70077766847695,3503.7694868989493,-0.006238318868621025,-0.003610777637641582,3.0370726858132266e-6,365.2564516283843,3624.408686303968,0.009186297429466353,-0.0004554649524147786,5.4357735173217864e-5,1758.0467813204634,1776.8267995481194,0.2657560059618441,0.04593588315552908,0.0010558919634720812,4232.40392669951,510.2131135949932,0.04997396196998755,-0.04054210225057852,-254.95079672185904
3.4169967051920426e-6,224.70077771529174,3503.769485132723,-0.006399703082120468,-0.0026094628004260287,3.0298922901106176e-6,365.25645124189094,3624.40869337817,0.009229433857632393,0.0003019171035621599,5.119474671403694e-5,1759.3593004644003,1765.6601783702004,0.25882301727326495,0.05266706239406898,0.0010706306794872422,4238.304957492681,483.99650319130444,0.05172528748812689,-0.04143677335806687,-256.0169607989278
3.5744582284562034e-6,224.7007777742261,3503.7694831542667,-0.006623362910661234,-0.0014686771254350589,3.0220411003391783e-6,365.25645078825676,3624.408701890523,0.009207312536151865,0.0011726278311015978,4.846338764263174e-5,1760.6727995063252,1752.6991471057243,0.2505212073582797,0.05863795106081015,0.0010887664390459267,4244.785923656212,455.79418910659456,0.05372771792935734,-0.042221489046065666,-256.92914747891285
3.7422400755278457e-6,224.70077591296987,3503.769530163421,-0.09907876648359124,-0.042634284943833804,2.5087296092168908e-6,365.2564529722773,3624.4086881600933,-0.06286165148439944,-0.032656115964424894,1.9856340098109025e-5,1761.9872791778077,986.0870740804809,0.25837407480701235,-0.08467792146118436,0.00046068699063616964,4244.221512192422,1541.8426330795105,-0.03882394659607845,0.13409559343512745,-263.91996240322385
3.7691223162791466e-6,224.70077586623316,3503.7695314005705,-0.09908699995481995,-0.04345811524625254,2.507131543377539e-6,365.2564527183487,3624.4086934966867,-0.06281600275460535,-0.033331962650355186,2.0466471519426826e-5,1763.302740210965,974.7502342073279,0.25714839560166597,-0.0856136089393756,0.00045867086073718226,4246.828811099484,1534.003575191837,-0.040369723141476604,0.1340048263695907,-263.74248456768066
3.793788280927259e-6,224.70077581949994,3503.769532657518,-0.09897137892595438,-0.04430873920680654,2.5060922972925825e-6,365.25645247384136,3624.4086986453785,-0.06268047924773541,-0.03403012482070913,2.0997536435708082e-5,1764.6191833384598,963.9832970091669,0.25624567266523124,-0.08656257835801581,0.0004570959577058259,4249.393862776296,1525.804573446717,-0.04180429762719127,0.13371834366693158,-263.56171884530335
3.816306343185508e-6,224.70077577359592,3503.769533905459,-0.0987631136058409,-0.04517759586202924,2.505480669376164e-6,365.2564522408148,3624.4087035608145,-0.06247864052711284,-0.03474313906997123,2.144910482890147e-5,1765.9366092935022,953.6517199484551,0.2556412214891471,-0.08753840308388541,0.0004558163591962846,4251.869928001972,1517.4725099298444,-0.04315965109160561,0.1332969856900418,-263.38006948137945
3.836648034037193e-6,224.70077572903068,3503.769535126378,-0.09848155759424536,-0.046056828042714895,2.5052181460768696e-6,365.2564520210168,3624.4087082029323,-0.0622251596658951,-0.03546428869140027,2.1819213963595728e-5,1767.2550188098496,943.6855566656735,0.25531118025111244,-0.08851316785895405,0.0004547552617582394,4254.229272237769,1509.1371264607594,-0.04445262938447551,0.13277309496810757,-263.1994995659533
3.854875224664267e-6,224.70077568627485,3503.769536303342,-0.09815159877292973,-0.04694214836598978,2.5052071048567324e-6,365.2564518155438,3624.408712548046,-0.061938871631308685,-0.03618973879693269,2.2115855887233757e-5,1768.5744126218076,933.999613169711,0.2551832440053812,-0.08949712910858845,0.0004537971295561812,4256.452576292992,1500.9492389114137,-0.04571112240438297,0.132196375373295,-263.02157859433544
3.871036557181351e-6,224.70077564565824,3503.7695374244613,-0.09778818554725853,-0.047827605557693574,2.5053841835573753e-6,365.25645162545237,3624.4087165719734,-0.06163103776830176,-0.036914411312363574,2.234042742425887e-5,1769.8947914642295,924.5413050732722,0.2552713280338581,-0.09047869363019828,0.00045289236801370587,4258.515303480861,1493.0138048639676,-0.04694496135031547,0.13159051219645937,-262.84752731244026
3.885288320379412e-6,224.70077560715777,3503.7695384885,-0.09739667695919389,-0.04870620436362456,2.505728488547719e-6,365.2564514503136,3624.408720277632,-0.06130539729326298,-0.03763264346589233,2.2496820359323705e-5,1771.2161560725174,915.2645491713971,0.25558382060976387,-0.09146888579376594,0.0004520326108361558,4260.418416641098,1485.3525967320763,-0.048154347118072205,0.13096363633197683,-262.67826209846334
3.897681528241521e-6,224.70077557113257,3503.7695394832567,-0.09699354732334993,-0.04957746141439522,2.506174695219535e-6,365.256451291435,3624.40872364175,-0.06097445065398672,-0.03834377327296508,2.259334505435142e-5,1772.5385071826224,906.1272935443196,0.25607001724879025,-0.09245191908058996,0.00045114540298236885,4262.138746068465,1478.0790438337046,-0.04935739627993472,0.13034561003084108,-262.5144382050328
3.908441918677477e-6,224.70077553728217,3503.7695404164324,-0.09657624405552408,-0.050436057844722305,2.50673426787442e-6,365.25645114748926,3624.408726685826,-0.060635782384457076,-0.03904363605486711,2.2633123591081354e-5,1773.8618455310452,897.0963596792801,0.2567723374393195,-0.09342788759037088,0.0004502626214694475,4263.692670702611,1471.1402764517018,-0.05054503564201056,0.12972660660398233,-262.3564911251712
3.917609845071341e-6,224.7007755058991,3503.7695412793987,-0.09615655250463845,-0.051277139461975894,2.5073583057350444e-6,365.25645101944303,3624.408729393953,-0.06029834192610123,-0.039728224793318195,2.2625090332069584e-5,1775.1861718548364,-887.0243412282666,0.257651335424364,-0.09437657121216093,0.0004493523183728047,4265.068836979684,1464.62336278395,-0.05172037853282034,0.12912692479654225,-262.2046754456688
3.9253308409940546e-6,224.70077547652227,3503.7695420841187,-0.0957378628719271,-0.05210007232276343,2.5080311752034277e-6,365.2564509048267,3624.40873180679,-0.059964468904800075,-0.040396989904163925,2.2570934940747077e-5,1776.5114868915948,879.2846010290855,0.25874625447021093,-0.09533076765651656,0.00044842030494829274,4266.283640237804,1458.5002381983884,-0.05288140283291026,0.12854636455872026,-262.059099989621
3.931719074144741e-6,224.7007754494651,3503.769542821381,-0.09532372612203559,-0.052902012298409455,2.5087388582920145e-6,365.256450805197,3624.408733900976,-0.05963669040415044,-0.04104766678046302,2.2478616677782766e-5,1777.8377913794752,870.4554221318956,0.2600333204988962,-0.09625910715388077,0.0004474514941478582,4267.323743369345,1452.8099072277507,-0.05403221761774551,0.1279926524497249,-261.91975908112374
3.936934737651622e-6,224.70077542441118,3503.769543500832,-0.09491316962380593,-0.05368035284440688,2.5094852938859907e-6,365.25645071900806,3624.408735706001,-0.05931395164854533,-0.041678268235115536,2.2353178331584513e-5,1779.1650860571788,861.6648956790747,0.26152878352859277,-0.0971425996198974,0.00044647650544741625,4268.20846169594,1447.5113958514326,-0.05516074625065547,0.12745753609709895,-261.78655949639113
3.940986480585373e-6,224.70077540149222,3503.769544118605,-0.09451554053901036,-0.054434778624219304,2.5102302574891565e-6,365.25645064662024,3624.4087372169656,-0.05900345817869567,-0.04228839242895246,2.2197529491621383e-5,1780.4933716639591,852.898497849694,0.263241866428827,-0.09798830948432717,0.00044547303766071704,4268.925181986471,1442.669243476014,-0.05626920696741185,0.12695404468913246,-261.6593432365412
3.944023032474538e-6,224.70077538038086,3503.7695446830744,-0.09413024920976396,-0.05516238339609995,2.510971616243253e-6,365.25645058603476,3624.408738468716,-0.058704490518511745,-0.042875811840616916,2.201529590045245e-5,1781.8226489396222,2625.9648222521346,0.2652022432365344,-0.09880702476571446,0.00044444927337012095,4269.4951542258605,1438.2337861982598,-0.05735959911839602,0.12648164260142286,-261.5379064984595
3.9461684731911574e-6,224.70077536095914,3503.7695451996356,-0.09375463451759736,-0.055862481342479425,2.51172312206786e-6,365.2564505370597,3624.4087394714247,-0.05841477646189309,-0.04344013749524107,2.1813059343437197e-5,1783.1529186245264,835.400121810318,0.26738485133135825,-0.09955695456067462,0.00044344416774318813,4269.9281684208545,1434.1735782822775,-0.05841390765796219,0.1260264542891346,-261.42201511647687
3.947446031308875e-6,224.70077534343704,3503.7695456618812,-0.09339375587233487,-0.05653432834308944,2.51246270793528e-6,365.2564505003698,3624.4087402150953,-0.0581381968972038,-0.043980656607245545,2.159130947050981e-5,1784.4841814595825,826.6608754441414,0.2698308683995471,-0.10023778966103225,0.00044243559238733176,4270.208532281257,1430.5441130850036,-0.05943779471626406,0.1256005950860809,-261.31141683885414
3.947889126092024e-6,224.7007753274028,3503.7695460812424,-0.09305323249567536,-0.05717820115764931,2.5131619279110297e-6,365.2564504735831,3624.40874074167,-0.05787901799089365,-0.044497611205166945,2.135433178337074e-5,1785.8164381862546,-967.8904098598498,0.27252873962283164,-0.1008523563901037,0.0004414224282856984,4270.362904724014,1427.3076119823697,-0.060433511760444085,0.12520648457719108,-261.20585117331325
3.947570959316867e-6,224.70077531303872,3503.769546454256,-0.09273301269084577,-0.05779224291743462,2.5138206461367587e-6,365.2564504576878,3624.408741040961,-0.05763707778512082,-0.04498955625639693,2.110632353509275e-5,1787.1496895465605,-977.9456419337484,0.2754831071846123,-0.10134452145956284,0.00044041949786388087,4270.386217443264,1424.4788739596033,-0.06139167684123498,0.12484225501073043,-261.105057006057
3.946574645709884e-6,224.70077530017193,3503.769546785114,-0.09243265204239993,-0.05837864339936513,2.5144401353179097e-6,365.25645045167096,3624.408741131415,-0.057411916884807124,-0.045458266819298675,2.084750649295984e-5,1788.483936283072,800.4742227196497,0.27873368679573873,-0.10174066943743701,0.0004394275355477708,4270.279704284771,1422.0436095214773,-0.06231371159322227,0.12450568632163721,-261.0087785636023
3.944936693172481e-6,224.7007752886713,3503.7695470792205,-0.09215198083301183,-0.058935373341227816,2.515019428070243e-6,365.2564504549143,3624.408741029706,-0.057203322994561774,-0.045902231371035204,2.058389941051208e-5,1789.8191791389145,791.7661997009633,0.28223361252368956,-0.10198436823022336,0.0004384675013887568,4270.063905221544,1419.965631836011,-0.06319091279846487,0.12419187719080998,-260.91677000443235
3.942635310664378e-6,224.70077527864154,3503.769547333007,-0.09189993171315479,-0.059461879885075765,2.515517463966439e-6,365.2564504671651,3624.4087407396228,-0.057018257198916275,-0.0463208873514082,2.0314474806735594e-5,1791.1554188577695,-1008.0972208851914,0.286028758860922,-0.1021139123657401,0.0004375175994443664,4269.72478840962,1418.3115031626623,-0.064026830765957,0.12391554199911009,-260.82879901974906
3.939767483274335e-6,224.70077526996562,3503.7695475519517,-0.09167002676867751,-0.05995847936002317,2.5159614818291005e-6,365.2564504882674,3624.4087402732166,-0.05685152920600038,-0.04671465735099871,2.0044974047969567e-5,1792.492656183873,774.3874831902313,0.2900815190434207,-0.1020421489930789,0.000436609246168747,4269.282995855161,1417.012701690086,-0.0648111167377562,0.12366212371471058,-260.7446497486013
3.936322021992672e-6,224.70077526254903,3503.7695477370403,-0.0914680260383659,-0.060427492618402884,2.5163253595476654e-6,365.2564505172868,3624.408739644285,-0.05670763056265735,-0.047085293790165225,1.9774292079826048e-5,1793.830891862016,765.7303028079207,0.29443007934812926,-0.10180377183220812,0.0004357155187216648,4268.735473087405,1416.087000527878,-0.06555632547425036,0.12344148953709455,-260.66412509625707
3.93236850858897e-6,224.70077525637038,3503.7695478920214,-0.09128974533663271,-0.060864587751056916,2.5166272053434753e-6,365.25645055413855,3624.4087388641965,-0.05658318553542731,-0.04742955029719868,1.950859050268697e-5,1795.170126637547,757.1369405149796,0.2990072631920451,-0.10132002860822985,0.00043488429415078583,4268.098212162354,1415.4988152022302,-0.06623902494889936,0.12324034323726231,-260.5870486617729
3.927873090448735e-6,224.70077525145524,3503.769548014297,-0.09114239537647441,-0.061274183018482385,2.516830323970018e-6,365.2564505984871,3624.408737936622,-0.056483833613009966,-0.04775077599822362,1.9245748278476067e-5,1796.510361256368,748.5838104862171,0.3038672864381905,-0.10061644321873339,0.0004340727639381736,4267.362767408679,1415.2845188689407,-0.06687837900363909,0.12307342637406075,-260.5132666677517
3.9228853221005615e-6,224.7007752478508,3503.769548105355,-0.09102294000270898,-0.061652561110729295,2.516950429226822e-6,365.2564506504587,3624.408736867879,-0.0564071544236509,-0.048046164974476856,1.8990883459711165e-5,1797.8515964649437,-2855.597414469167,0.3089425852455616,-0.09963686735922181,0.00043331935683246683,4266.534499631844,1415.4347534072742,-0.0674528618624795,0.12293185111475836,-260.442649364626
3.917423739645411e-6,224.70077524529248,3503.769548172218,-0.09093209594918514,-0.062001840518033986,2.516981457980106e-6,365.2564507086277,3624.4087356842365,-0.0563536245437098,-0.04831745659396029,1.8746470289231606e-5,1799.1938330102907,731.7154962557258,0.3141926920698953,-0.09835733550898197,0.0004326197772620131,4265.638289718211,1415.8893677970714,-0.06796957779900568,0.12281290996954258,-260.3750925283061
3.911529380983294e-6,224.70077524394077,3503.769548211029,-0.09086848552635747,-0.06232022516425516,2.5169292587963126e-6,365.25645077336014,3624.408734383432,-0.05632214321066093,-0.04856327682936748,1.85131368264917e-5,1800.537071639985,723.4167758487736,0.3196129503238241,-0.0967941418960144,0.0004319797404409838,4264.662708167412,1416.6783877847183,-0.0684223800385101,0.12271844563521923,-260.3105188021556
3.905161981666599e-6,224.70077524365692,3503.769548225635,-0.09083784413449889,-0.06261252915755579,2.516762388565898e-6,365.2564508439056,3624.4087329812664,-0.0563171968952408,-0.04878737199435258,1.8293873805164512e-5,1801.881313102161,715.2269332827146,0.3251372279421086,-0.09491581371474753,0.0004313741672807679,4263.6266666790525,1417.782096020283,-0.06882341773246943,0.1226556157099798,-260.2488787722016
3.898385256133085e-6,224.7007752445927,3503.7695482138406,-0.09083447654932371,-0.06287099731594104,2.516510718348713e-6,365.25645092046244,3624.408731480268,-0.05633422790295943,-0.04898382303617807,1.809178376103115e-5,1803.226558145511,707.1762773916367,0.33068980739271475,-0.09269118110988332,0.00043084976771893575,4262.529921002356,1419.1894451105927,-0.06914910440769194,0.12261204212729614,-260.1901517724514
3.891219482752042e-6,224.7007752464513,3503.7695481836054,-0.09085899150682669,-0.06309877805524365,2.5161667153267262e-6,365.2564510014733,3624.4087299082357,-0.056373660685564354,-0.049155159260142904,1.7908486439300778e-5,1804.5728075192872,699.2651517389269,0.33621532290338596,-0.09013168653681305,0.0004304011645736731,4261.393521958458,1420.8560916047586,-0.06940476794975192,0.12258709011929156,-260.134346425054
3.883635294068953e-6,224.70077524940714,3503.7695481300525,-0.09091581624578698,-0.06329854541486349,2.515708010841805e-6,365.2564510875617,3624.408728257859,-0.056438978772195704,-0.04930340149494394,1.7744276945267102e-5,1805.9200619733,691.5000913214469,0.3416875801526315,-0.08722963646010402,0.00043000309491675066,4260.209481475391,1422.81660163087,-0.06959916095882605,0.12259037656547724,-260.08150081386503
3.875651722236871e-6,224.7007752535162,3503.769548052575,-0.09100301866199817,-0.06346722916966575,2.5151447793290814e-6,365.2564511785449,3624.408726536063,-0.056528627313828655,-0.04942624447923611,1.7601400908562732e-5,1807.268322257921,-1123.3706125381073,0.34700398174168984,-0.08399405259312556,0.00042966791457778466,4258.986759568314,1425.0620011473948,-0.06972468603517462,0.12262077208952409,-260.0316820565717
3.867393350110659e-6,224.70077525846864,3503.7695479600698,-0.09111057775547378,-0.0636042016603764,2.514517523136097e-6,365.25645127284815,3624.408724772479,-0.05663457438980245,-0.04952346518399939,1.748323294251417e-5,1808.617589124081,676.4581865305821,0.35206865581646035,-0.08043537596029676,0.00042942770859898425,4257.754934796573,1427.478302712678,-0.06977582510910321,0.1226582898893824,-259.98498554923106
3.858731197129187e-6,224.7007752644798,3503.76954784587,-0.09125145969264283,-0.06371191196961239,2.513768523241246e-6,365.256451371001,3624.40872295779,-0.05676708980464086,-0.04959677333556754,1.7387484124662415e-5,1809.967863323271,669.1785722651617,0.3568612646909577,-0.07659328492032587,0.00042923624548400524,4256.497589627434,1430.1617912383424,-0.06976501103204609,0.12272650730368719,-259.94153367772896
3.8497796401346924e-6,224.70077527128723,3503.7695477184625,-0.09141671389091946,-0.06378917500938178,2.5129325890568394e-6,365.2564514716499,3624.4087211194064,-0.05691898973687775,-0.04964552972367944,1.7321364278080447e-5,1811.319145607545,-1149.2654120708187,0.3611901732149455,-0.07249968676267034,0.0004291168901179498,4255.253936272742,1433.0065743339942,-0.06968720786160318,0.1228130660624566,-259.90147405469304
3.840522930174317e-6,224.70077527895063,3503.7695475757732,-0.09160820180632365,-0.06383506167671595,2.512001906415535e-6,365.2564515746771,3624.4087192589723,-0.057091709180326425,-0.04966895705105131,1.7280310644736345e-5,1812.671436729516,655.0799581702978,0.36509771732290885,-0.0681778921066485,0.00042907381366794533,4254.01316937526,1436.035004248741,-0.06953910163917854,0.12291745690430257,-259.8649774673813
3.831015599508779e-6,224.70077528738685,3503.769547419523,-0.09182189254450022,-0.06385306124890901,2.5109905706180732e-6,365.2564516797543,3624.408717383126,-0.0572820360906975,-0.04966991584266251,1.7266547895203985e-5,1814.0247374423607,648.23485764719,0.3684935668354608,-0.06368901711421757,0.0004290941855886378,4252.789116444754,1439.2029496237287,-0.06933072730651159,0.12303782218866668,-259.8322355496544
3.82123415003447e-6,224.7007752966975,3503.7695472473333,-0.09206076419107945,-0.06384072065568695,2.5098873911034786e-6,365.2564517868266,3624.408715494554,-0.05749223588479801,-0.04964647671861751,1.7279086360466682e-5,1815.3790484998174,641.524171289452,0.37135346494471694,-0.0590377988765861,0.000429175577173666,4251.583548645449,1442.5288986713022,-0.06906033449082463,0.12317995186616122,-259.80345820793895
3.8112289433569334e-6,224.70077530656147,3503.7695470672593,-0.09232131403779192,-0.06380017486232353,2.5087030391276766e-6,365.2564518942679,3624.4087136186026,-0.057719484191595616,-0.04960048252191754,1.731976876486682e-5,1816.7343706561853,634.9068380190569,0.3735868157633681,-0.05434028327719373,0.00042931580130304615,4250.421246238744,1445.9478889594543,-0.0687332181186361,0.12333948878852384,-259.77887114525555
3.8009922868783815e-6,224.7007753172527,3503.7695468716606,-0.09260446628440015,-0.06373104811529814,2.5074340187008794e-6,365.25645200311976,3624.4087117394224,-0.0579644529376441,-0.04953163820404019,1.738794734435959e-5,1818.0907046663326,2446.4719227006203,0.37516200362912405,-0.04960732707917805,0.00042950173761752635,4249.29423183819,1449.4837716521017,-0.06835404393745649,0.12352153481413929,-259.75871328343936
3.790654875065383e-6,224.70077532838306,3503.7695466701553,-0.09289962553391432,-0.06363542618989618,2.5061243826243753e-6,365.25645211159366,3624.408709885327,-0.05821870738067473,-0.04944179972132721,1.7479603076291877e-5,1819.4480512856849,621.9153141051331,0.3761672232334216,-0.0449325341772247,0.000429751882539033,4248.223126260858,1453.0420291304415,-0.06792329121302478,0.12371051575294369,-259.7432341606091
3.780127408601723e-6,224.7007753401351,3503.769546457116,-0.09321593760250843,-0.06351279471618984,2.5047343629931803e-6,365.25645222005977,3624.408708047442,-0.058489419910012865,-0.04933045806410028,1.7594488082894154e-5,1820.806411270234,615.4965433559146,0.37656460808663433,-0.04034892282512988,0.0004300399812345847,4247.200503241211,1456.6797649441985,-0.06744794473612199,0.12392111339863453,-259.73269145528184
3.769548939144291e-6,224.70077535233983,3503.769546236692,-0.09354033744473478,-0.06336525383652973,2.503319147793754e-6,365.25645232790055,3624.4087062377744,-0.05876616428824288,-0.0491995466525628,1.7730472096304962e-5,1822.1657853765366,609.1165028566201,0.3763642961686492,-0.03590139022381458,0.00043038151255168336,4246.245964298445,1460.2986058018894,-0.06693013379714358,0.12413693180740872,-259.7273480151633
3.7589713650872704e-6,224.70077536492335,3503.7695460096866,-0.09386835150480667,-0.06319368585626159,2.5018995998689377e-6,365.256452434575,3624.408704462616,-0.05904535538803659,-0.049049858075492746,1.788232670449616e-5,1823.5261743617134,602.7641665091417,0.37565652622312834,-0.031640387537416235,0.00043078117427316256,4245.355442422299,1463.8839869105702,-0.0663706917510373,0.12435262673595887,-259.7274686090025
3.7484223833091293e-6,224.7007753777741,3503.7695457789064,-0.09419914786865295,-0.06299920639623886,2.5004761284956e-6,365.2564525394199,3624.4087027321248,-0.059326247151909636,-0.04888234743482108,1.8049648984265314e-5,1824.8875789834508,596.4240501669709,0.3744552768866791,-0.02760012862935778,0.0004312293856010087,4244.546448172415,1467.4003949206249,-0.06577638079876802,0.12457090392248142,-259.7333159145001
3.7380076255339264e-6,224.70077539082368,3503.7695455445555,-0.09452222969910572,-0.06278201346608343,2.4990953020643013e-6,365.2564526419655,3624.408701050383,-0.05960048491405166,-0.048697416430167034,1.8224286226241263e-5,1826.2500000000005,590.0953615981772,0.3728638409119872,-0.02384888803855714,0.00043174660837842495,4243.818384773274,1470.7954853076556,-0.06514490564944712,0.12477647950509463,-259.74514515004756
