mu_1,P_1,t01,ecos1,esin1,mu_2,P_2,t02,ecos2,esin2,mu_3,P_3,t03,ecos3,esin3,mu_4,P_4,t04,ecos4,esin4,tcos,tsin,dphi,lprob
2.542775869847375e-6,224.70077836696103,3503.7694883477466,-0.0006173813580144591,0.00309954099854119,3.0061801492042578e-6,365.2564479857876,3624.408786735057,0.01223420816503148,0.005338449378394309,1.1438285879648238e-7,657.4500000000002,-49.39712830275505,0.18735709441183745,0.1363505112013903,0.0010010811522197594,4266.615003108821,456.70642130864474,0.04447686102511361,-0.036244760695391315,0.00014703332551035996,-0.00161038070884842,2.3120905607789353,-216.87588300007036
2.5428320972756956e-6,224.70077848169439,3503.769485202282,-0.0005227415326092622,0.003279816735355997,3.007020102914985e-6,365.25644820922275,3624.408784051488,0.012326054426619165,0.005474900277295097,1.198417245061224e-7,657.714443847733,603.8238832921792,0.1732856692208535,0.1419716491965815,0.000997770670975082,4268.01009654526,452.9488577289158,0.04453185968893775,-0.0363638563775705,0.00015028451934569166,-0.001610912683508803,2.312089581008693,-216.59066922468
2.544329511585996e-6,224.70077858953778,3503.7694820824836,-0.00041540755266917623,0.003467138285608021,3.0080099399412556e-6,365.2564484563055,3624.408781083837,0.012433513672990263,0.0056167352880160965,1.2681660079387045e-7,657.9789940618034,-58.9277164831052,0.1546871736447697,0.14729856525600357,0.0009943110721124533,4269.633592996308,448.7527876388435,0.04461517794467105,-0.036505013035153154,0.00015254125248034483,-0.0016110768509624846,2.312030275335504,-216.31478661986787
2.54767265814684e-6,224.70077868930267,3503.7694790144305,-0.00029342301633267996,0.003659740019174458,3.00916557615418e-6,365.2564487322738,3624.408777725214,0.012558653441894281,0.005762149588711859,1.3521279521927217e-7,658.2436506849946,593.6327891160073,0.13333896027804,0.1511228221069605,0.0009906543201850927,4271.42616936205,444.22725578396955,0.044726527663710845,-0.03667659340566817,0.00015378044756561145,-0.0016107479610135205,2.311908008303938,-216.0483602218623
2.5526628205857334e-6,224.7007787846964,3503.769475912016,-0.00015605850086702986,0.0038560861893156746,3.010477115577628e-6,365.25644903480946,3624.408773964431,0.012701114961673842,0.0059092140108627685,1.445294897189034e-7,658.5084137601074,587.6763223614151,0.11201613633484245,0.15271429276643395,0.0009867654399312049,4273.297455696448,439.5373051837518,0.04485828281338331,-0.03688110401459986,0.00015438505664569773,-0.0016100110696627482,2.3117398313380892,-215.79120285873728
2.5586170585232023e-6,224.7007788798865,3503.769472679632,-3.109858170063978e-6,0.004052535546098636,3.011922116787572e-6,365.25644935578936,3624.4087698944295,0.012859000110378773,0.006054574192948208,1.5422466513527158e-7,658.7732833299592,581.4290053485504,0.09282875682494524,0.15209969364403525,0.0009826488082733508,4275.17022362357,434.8546989157664,0.044999226481638836,-0.03711143166199071,0.0001548070887607798,-0.0016091203199593955,2.3115508814489156,-215.54324225776057
2.5648581469415684e-6,224.70077897791367,3503.7694692483233,0.00016541500019978238,0.004245157730622234,3.0134808751534517e-6,365.2564496869638,3624.408765625709,0.013030509935957758,0.006195023223977529,1.639290298608788e-7,659.0382594373848,575.1190617658455,0.0765239592019789,0.14988973267090452,0.0009783470198576499,4276.9991500778015,430.3132461171654,0.04514273722492953,-0.037356300147588783,0.00015535782229537509,-0.0016083237027498794,2.3113612854199435,-215.30471253631197
2.5711005932208687e-6,224.70077907979174,3503.769465592947,0.00034835918984944754,0.004432763989805324,3.0151384043549548e-6,365.25645002393,3624.408761222458,0.013213881026509824,0.006329656914897133,1.7351632861728262e-7,659.3033421252376,568.8692593793297,0.06288267120854645,0.14670713102614294,0.0009738773596848386,4278.758785269723,425.97730435481157,0.045284935342202355,-0.037610776538343486,0.00015612889339485956,-0.0016077110405034458,2.3111779467914766,-215.07612574962718
2.5770258085976297e-6,224.70077918702478,3503.769461678802,0.0005447581035263286,0.004614562909574359,3.0168760120154805e-6,365.25645035986423,3624.408756789418,0.013407379875552792,0.006458066221938892,1.8285046467822067e-7,659.5685314363863,562.7732903106536,0.051699892883124966,0.1430039767553348,0.0009692877269778835,4280.446106263097,421.86608351685544,0.0454244688453795,-0.037868037616848205,0.0001572396548903034,-0.0016073774642647212,2.311009740839112,-214.85817805357533
2.5824849420147062e-6,224.70077930047407,3503.769457484188,0.0007529222585728292,0.004791272679983667,3.0186781727043655e-6,365.25645069061653,3624.408752387568,0.013609112325618762,0.006580970752293539,1.9185186119905834e-7,659.8338274137176,556.8752949739032,0.04258478710354802,0.13913168351405783,0.000964611552615792,4282.04739944597,418.00408042498117,0.04556061536951254,-0.038124373746556486,0.00015872713141386045,-0.0016073526106660145,2.310859968914696,-214.65166410628945
2.5874211958917265e-6,224.70077942020475,3503.7694530065737,0.0009725118473960592,0.004961445571649675,3.0205405311185866e-6,365.25645101408554,3624.4087480494823,0.013818609087154678,0.006697460080500431,2.005248303492496e-7,660.0992301001357,551.1776070565879,0.035147841906407386,0.13526113152101535,0.0009598621560961234,4283.552592778831,414.43047063145445,0.04569238634277877,-0.03837629350037574,0.00016057186559961478,-0.001607632628985197,2.3107294406815395,-214.4574122784242
2.591691889405158e-6,224.70077954704257,3503.7694482254797,0.0012016362408724,0.00512415377537961,3.0224470735283817e-6,365.2564513263471,3624.408743831935,0.014033977982278624,0.006807023532959919,2.088114110771895e-7,660.3647395385617,545.6902504739104,0.029126946509122936,0.13153439969134229,0.0009550852359161846,4284.951940512458,411.17574411035787,0.04581976672217406,-0.03861875760541635,0.00016281048499916284,-0.0016082391905382582,2.3106218438205124,-214.2762373502264
2.5953350907751258e-6,224.70077968192544,3503.769443117496,0.001438544899314501,0.0052819517625490005,3.024384744556092e-6,365.25645162426895,3624.4087397819912,0.014253669394093279,0.006911840230958933,2.166821659561825e-7,660.6303557719341,540.4094674733504,0.024279814628860915,0.12804342295378024,0.0009503012280785727,4286.243926911635,408.22060562273373,0.04594315813382216,-0.03885101664546195,0.00016544438753943205,-0.0016091217087734386,2.3105368216622746,-214.1089063569611
2.5983284386352665e-6,224.70077982500473,3503.769437677322,0.0016832513131421673,0.005432917950592893,3.026353792001612e-6,365.2564519064209,3624.4087359182777,0.014477657399036625,0.007010547768260324,2.241377548840758e-7,660.8960788432086,535.3178017741413,0.0203836062730888,0.12481691177322841,0.0009455163099289158,4287.417792386277,405.6084271263372,0.046060722499998825,-0.03907030724998978,0.00016845024263516123,-0.0016102652002319816,2.310474636329549,-213.9561139685343
2.6006850275327375e-6,224.70077997712582,3503.7694318828526,0.0019330393422193047,0.005578902788288421,3.0283368465587266e-6,365.25645217034804,3624.4087322750306,0.014703680674852684,0.007104789451520586,2.3114389483830304e-7,661.1619087953583,530.4087237032562,0.0172847975077282,0.12189426570271873,0.0009407714012251554,4288.462641143246,403.3453818156369,0.04617426777076921,-0.03927412074753516,0.0001718280215997883,-0.001611626084147604,2.3104349849436963,-213.8184661027693
2.602347015246826e-6,224.70078013961464,3503.7694257025014,0.002186418465710922,0.00571956515076377,3.0303215490509767e-6,365.256452413197,3624.4087288925098,0.014930346436097273,0.00719450059330418,2.3765259335845351e-7,661.4278456713736,525.6807893560946,0.014898999127666863,0.119296851146713,0.0009360996607372558,4289.374313828284,401.44524908034134,0.046283820388253225,-0.039458399731601194,0.0001756078755582263,-0.0016131837815588045,2.3104202548982964,-213.69647014836355
2.6033946395880535e-6,224.700780312229,3503.769419137206,0.0024433380132039165,0.005854073939745224,3.0323113073794896e-6,365.25645263474144,3624.4087257734095,0.015157849196059909,0.007279103647352826,2.4370549610850426e-7,661.6938895142613,521.1047931336602,0.01305597925165753,0.11700284312136577,0.0009314984744071984,4290.15028043511,399.92156083442296,0.046388014662566646,-0.03962295942957764,0.00017973007742770708,-0.0016148940117816305,2.3104275361443714,-213.59053044097402
2.603856574428823e-6,224.70078049649615,3503.7694121475083,0.0027018943553343043,0.005984988849622631,3.0342932353003727e-6,365.2564528329752,3624.4087229465936,0.01538458909204554,0.007360761432875244,2.4926242371164733e-7,661.9600403670478,516.6799390813908,0.011700467668103818,0.11503160071545071,0.000926993552536539,4290.78521320639,398.76627964144285,0.04648797098126903,-0.039765787520865556,0.00018421215553252496,-0.0016167053807687255,2.3104568259088825,-213.50094899698396
2.6037061391091543e-6,224.70078069285904,3503.7694047179443,0.0029608967382552297,0.0061103630992031,3.0362627716589237e-6,365.2564530069004,3624.408720421668,0.01560968034878741,0.007438014367111813,2.5429862575859067e-7,662.2262982727744,512.3947024895689,0.0107554961498558,0.11337911140556088,0.0009226057618599091,4291.265953231855,398.0268110860703,0.046581845778548125,-0.039883286247863005,0.0001890349686242343,-0.001618598664480483,2.3105081020793397,-213.42792969073898
2.6030020329658565e-6,224.70078090269385,3503.7693968112476,0.003219291733218398,0.0062313379263411045,3.038212436746512e-6,365.25645315562554,3624.4087182137623,0.01583236321660632,0.007511935113665603,2.5881845606129135e-7,662.4926632745011,508.23900558336965,0.01017017455469717,0.11204093720807763,0.0009183628455058112,4291.598909525868,397.6792294117146,0.04667217108743953,-0.039974203126760324,0.00019419973269805575,-0.0016205183079368623,2.310580568851212,-213.37158560526635
2.6017511197170867e-6,224.70078112701634,3503.769388395378,0.003476264977825497,0.006348339237131679,3.040139591682505e-6,365.2564532778088,3624.408716341091,0.016052007966507437,0.007582871041020407,2.627887333063542e-7,662.7591354153043,504.2090976681511,0.009903753857318386,0.11102466093371953,0.0009142677093668188,4291.779464597479,397.7352467434101,0.04675611781160418,-0.040036593807593765,0.00019969938527641452,-0.0016224328605073254,2.310673730199423,-213.33194855515694
2.60001087877152e-6,224.70078136684256,3503.769379436996,0.0037301349440551856,0.006461666514782798,3.0420363432964726e-6,365.25645337429603,3624.408714788445,0.016267483172024363,0.007651168679150882,2.66213776683182e-7,663.0257147382783,500.2918103249753,0.009902491691459275,0.11032379911483187,0.0009103480930585319,4291.795902180059,398.21724126400824,0.04683570935028367,-0.0400687902586876,0.0002055182417134825,-0.0016242890472647268,2.3107859692051327,-213.30898015465755
2.597786350352774e-6,224.7007816234045,3503.7693698961793,0.00398035638403699,0.006571668712157153,3.043900263195575e-6,365.2564534435557,3624.4087135815703,0.016478392129870616,0.007717173387204203,2.6907634563678185e-7,663.2924012865348,496.4863238990412,0.010149214940581595,0.10994606493225481,0.0009066231315507744,4291.660107109549,399.1039015474515,0.04691031414512077,-0.04006825861559821,0.00021165015744687175,-0.001626059578566108,2.3109167529585126,-213.30258363873332
2.595113845542066e-6,224.7007818985134,3503.7693597198718,0.004225968697763732,0.00667817049450721,3.0457269040497946e-6,365.2564534863778,3624.408712706126,0.01668413703849608,0.007780813366911709,2.7136094201023374e-7,663.5591951032025,492.78343621886637,0.010616569098984263,0.10989494059924156,0.0009031124969433776,4291.360351754725,400.42267051047935,0.04698062639630971,-0.04003328930239518,0.00021810020424052043,-0.0016276923883582234,2.311065733638535,-213.3126159799181
2.5920443355846365e-6,224.70078219299265,3503.769348869525,0.004466488713390031,0.006781450595473143,3.0475170983937607e-6,365.2564535023467,3624.408712169206,0.01688448502129012,0.007842291299022142,2.7305127119597026e-7,663.8260962314275,489.18004777906594,0.01127433445854444,0.11018710484832143,0.0008998256648800044,4290.9027714668355,402.1602996010872,0.04704491819122347,-0.039963175153352924,0.00022483784219219966,-0.0016291489780920865,2.3112305553977266,-213.33889986071927
2.5885678091868026e-6,224.7007825097541,3503.7693372629305,0.004700621531546375,0.00688178549558751,3.0492633486690817e-6,365.2564534916439,3624.4087119666333,0.017078474637822593,0.007901898811990318,2.741017103860146e-7,664.0931047143736,485.6763463155715,0.012125960559009991,0.11085020769209637,0.0008967953328708661,4290.276137214754,404.3460327734593,0.04710424021493776,-0.03985444352946015,0.00023189688024803282,-0.0016303819848711917,2.311412285920304,-213.38123540253966
2.5847833476056227e-6,224.70078284870868,3503.7693248782116,0.004928420495106844,0.006979043038409291,3.050969114716175e-6,365.256453455447,3624.4087120856184,0.0172664361767826,0.00795956266926731,2.7456393504003244e-7,664.3602205952209,482.2582645938682,0.013119603592192846,0.11187324099451539,0.0008940285177383943,4289.497098800847,406.94265769548406,0.04715894772635744,-0.03970862619757359,0.0002392149736666537,-0.0016313557126820962,2.311606915680062,-213.4394107868
2.5806865543119227e-6,224.70078321398034,3503.769311589365,0.005146836089970798,0.007075545972284657,3.0526184683671154e-6,365.2564533929055,3624.4087125356473,0.01744598829200582,0.008017119666050085,2.7432583618503475e-7,664.6274439171691,478.9386283167729,0.014267658046581025,0.11334009586608088,0.0008915792221025466,4288.549260040428,409.97657589989666,0.04720959262176842,-0.039521332900438466,0.0002468481225248948,-0.001632001362051999,2.3118151630762984,-213.51321272519132
2.576267123159451e-6,224.7007836059219,3503.7692973697776,0.005358313750817403,0.007166585058274066,3.054227482500403e-6,365.25645330594995,3624.408713291229,0.01761926652071966,0.008070913098240566,2.734317517123133e-7,664.8947747234331,475.70464266418935,0.015541341617675283,0.11524071881489532,0.0008894541633456275,4287.441199707566,413.47258635770964,0.04725544937212498,-0.039290474559547046,0.00025474148886627825,-0.0016323209772148605,2.312035992492705,-213.6024359647474
2.5715950163628014e-6,224.70078402827284,3503.7692820867055,0.0055593014548700765,0.007255408049112076,3.0557781523943247e-6,365.25645319418743,3624.408714357527,0.01778358596358481,0.008123482150663074,2.717950613959345e-7,665.162213057246,472.565740941568,0.0169234214340054,0.1176731040888999,0.0008877055794797367,4286.168616284332,417.412624244887,0.04729696469055066,-0.03901525966331472,0.00026292909097790665,-0.0016322261061315964,2.3122678039089983,-213.70689242514536
2.566695770946916e-6,224.70078448234253,3503.769265674683,0.005750576084216466,0.007340148124056748,3.057277405334494e-6,365.25645305913696,3624.4087157139033,0.017939733940686087,0.008173375267752945,2.694208464618647e-7,665.4297589618584,469.5174435181948,0.01837871448711023,0.12067821703139865,0.0008863552450272785,4284.732784074722,421.81518458677607,0.047333913801974846,-0.0386943208238557,0.00027137376094213736,-0.0016316911335316783,2.3125087422474344,-213.826419464523
2.561628369214044e-6,224.70078497130416,3503.769248003298,0.005929583347741251,0.0074218370279905445,3.058712020911839e-6,365.2564529010543,3624.4087173583557,0.018085834599453114,0.008221443813321735,2.6626206073649394e-7,665.6974124805378,466.5648322091328,0.01985985777708201,0.12436050767671819,0.0008854697289623703,4283.139039621713,426.65863904634904,0.04736820058560303,-0.038326542283986305,0.00028008487152438066,-0.0016306466099420516,2.312756833507726,-213.96088831000156
2.5563812386787395e-6,224.70078549663393,3503.7692289845527,0.006096508790937452,0.007497344144004891,3.060086715623889e-6,365.2564527214089,3624.4087192700845,0.018222191110172054,0.008265227946674322,2.623122961432323e-7,665.9651736565696,463.70697433505677,0.02129640132034545,0.12880610215610724,0.0008850888733214444,4281.385296421637,431.9805844462285,0.047398511105255704,-0.03790902725150227,0.00028902969886777897,-0.0016290783809315926,2.3130105637472123,-214.11021137552817
2.551051491744308e-6,224.7007860602016,3503.7692084889845,0.006248954902891183,0.007567472203689856,3.061390047559197e-6,365.2564525213226,3624.4087214340525,0.018347055498655115,0.008305390891157985,2.575622712808966e-7,666.2330425332566,460.94394126129697,0.022557248455565258,0.13415192915369295,0.000885282773030275,4279.478406552961,437.752866860852,0.047426378706696755,-0.03744300231397957,0.00029819124161752276,-0.0016269262597982464,2.313266000298972,-214.27434866178947
2.545639756370353e-6,224.70078666454714,3503.7691863610953,0.006384679791771423,0.007628878124367257,3.06261180626331e-6,365.2564523010879,3624.408723846183,0.01845876330323571,0.008339357565242286,2.51977027067483e-7,666.5010191539186,458.2812690279553,0.023478574489240754,0.140576826371114,0.0008861518714868086,4277.42002392343,443.9974417802436,0.04745185924741481,-0.03692459808502291,0.0003075607532180602,-0.0016241504833822515,2.3135213027933674,-214.45331186228128
2.540191787817136e-6,224.70078731176721,3503.7691624371837,0.006501502007798881,0.007679354497290198,3.063742836975443e-6,365.2564520623756,3624.408726481471,0.01855565706495504,0.008365414892325921,2.455583347384226e-7,666.7691035618932,455.7169659400007,0.023796687290275183,0.14828281389898013,0.0008877891178253843,4275.205475568893,450.7365451226379,0.047474316774603294,-0.03635277490947178,0.00031713311423014193,-0.001620700375744022,2.3137738169279456,-214.6471636419292
2.5347497189649567e-6,224.7007880056937,3503.769136460214,0.0065949807206523705,0.007716474198233421,3.0647607387191525e-6,365.25645180552516,3624.4087293329007,0.018634250385721453,0.008381749938752287,2.3827230750664548e-7,667.0372958005347,453.25367758128453,0.0231003738522451,0.15756840544098008,0.0008903590271107704,4272.822504311123,458.009243790792,0.047494373637435174,-0.03572324892907736,0.00032693741934180403,-0.0016164972624093913,2.3140208160928784,-214.8560091703131
2.5293097469697253e-6,224.70078874858217,3503.7691081668995,0.006658331808456084,0.007736323870918719,3.065629543251161e-6,365.2564515311511,3624.4087323874564,0.018689112862678103,0.008385506947015137,2.3013687155566889e-7,667.3055959132167,450.88479644040035,0.02077010080160234,0.1687373177622913,0.0008940816369889733,4270.262632096757,465.85066046634887,0.047514271233305753,-0.035029019872808126,0.00033699587898138695,-0.0016114869765152258,2.3142596494731813,-215.07997500869564
2.523928634722755e-6,224.70078954162452,3503.7690772328115,0.0066849082790993745,0.007732218078597673,3.0663164195985954e-6,365.2564512398227,3624.4087356311293,0.018714899805828352,0.008371609363640455,2.2123180463940697e-7,667.5740039433284,448.56400439481274,0.015768245963663982,0.18207229678513856,0.0008992161683625867,4267.513569023137,474.31060226168245,0.047532052789988906,-0.03426517089287753,0.00034733396927092363,-0.0016055990798613537,2.314486131511438,-215.31917081988843
2.5184983927493063e-6,224.7007903894744,3503.7690431532333,0.006662727053199383,0.007696376725795368,3.066758867934565e-6,365.2564509313039,3624.408739053076,0.018701795075674377,0.00833433604972814,2.115865474038486e-7,667.842519934277,446.22629006431987,0.006621520419407767,0.19783373989407507,0.0009061700241336805,4264.535302163323,483.51445203682,0.04754784037920506,-0.03341370918211938,0.00035806934582322024,-0.001598742445064243,2.3147003436793354,-215.57363410214688
2.512876121407752e-6,224.70079129634414,3503.769005281069,0.006574306283205609,0.007621687733321508,3.066863350507109e-6,365.2564506034932,3624.4087426616293,0.01863546045781642,0.008268755863109252,2.0123410481413312e-7,668.1111439294873,443.73928094301885,-0.008793662029534622,0.21602018150407168,0.0009154974493967589,4261.291396009395,493.5587769961392,0.0475627717114002,-0.032449959691176374,0.0003693398098607119,-0.001590809159243092,2.3149025631068834,-215.84327860351237
2.7664732470719344e-6,224.70079362658788,3503.768758954206,0.010944629001100558,0.007205285320246247,3.0949513674081986e-6,365.2564494816132,3624.4087643319594,0.02227007205124324,0.007733429142836314,5.442021384255768e-10,668.3798759724015,-13973.05147923482,-100.2140532217121,-68.26832354172258,0.000697596051960617,4348.312971495759,301.8739166740692,0.026447392045620556,-0.0508315423758729,0.00043236865178702656,-0.001494118766942581,2.311087719689736,-216.01617720359684
2.763111089924787e-6,224.7007937923314,3503.7687092867995,0.011201576296173106,0.006905328833336688,3.096606023212166e-6,365.2564492917725,3624.4087666569094,0.02244367256207039,0.007473046041105873,3.939330533179763e-10,668.6487161064791,-18690.350550620675,-146.6274788563862,-90.40076418241009,0.0006876424256480303,4350.416820039642,299.85650354865896,0.02590494716770624,-0.05114139650753434,0.0004386130103325251,-0.0015020529054598627,2.3109289312333967,-216.22069536377498
2.7558948857035093e-6,224.700793963503,3503.768654482747,0.011467596934048679,0.006590174289009633,3.098237935639699e-6,365.2564491032395,3624.4087689012445,0.02262233573813168,0.007202318099553945,2.6156331198324166e-10,668.9176643751973,-27352.69086906545,-232.20858305328363,-131.0419672944377,0.0006771618342515995,4351.816768322118,299.3138586718678,0.025305629138416785,-0.05144757770368418,0.0004455838416563513,-0.0015114288181360715,2.3108600977582823,-216.44164521385875
2.7449805377091406e-6,224.7007941119891,3503.768594646217,0.011712697278617384,0.006250710106749688,3.099666622307788e-6,365.25644890673453,3624.408771168396,0.02278185500177421,0.006914404090855025,3.838384436483916e-10,669.1867208220508,-17826.239601337096,-165.34375597733793,-86.25945518277504,0.0006665590977104759,4352.4113641061795,300.4584277217269,0.024666152657569395,-0.05170943567824938,0.00045290287321883164,-0.00152221377884183,2.3108676626206726,-216.68621376103465
2.7308181608855323e-6,224.7007942372959,3503.7685291186353,0.011938962959046888,0.005898433127724566,3.10090672087309e-6,365.25644870379193,3624.4087734454165,0.022924533975392198,0.006618422363248715,5.449717441399148e-10,669.4558854905517,-12032.275605302657,-120.98809515351788,-59.02740847402238,0.00065581532240017,4352.163076443474,303.2929404932736,0.023990369773532836,-0.05193438642539497,0.00046046876045893363,-0.0015341970279943663,2.310944782169656,-216.95645316622242
2.713349532454919e-6,224.7007942832755,3503.7684586810437,0.012118016459028862,0.0055277119702427146,3.1017959170650293e-6,365.25644848732844,3624.408775802231,0.023027558043041203,0.006310336039781906,5.345920601341258e-10,669.7251584242289,-12046.121635830297,-127.21554230429133,-59.059662529705655,0.0006454503017235908,4350.916578297925,308.1527592470831,0.023323562727262277,-0.05204845569207917,0.0004676968567353041,-0.0015477178866680414,2.311082077602578,-217.25555056384314
2.6931464584745814e-6,224.70079419117053,3503.7683839853307,0.012199532839246147,0.005128597001680567,3.1020078416097816e-6,365.25644825526194,3624.408778229971,0.02305030148535739,0.005982489292229028,5.828317304099242e-10,669.9945396666309,-10834.077429159903,-119.61534264896507,-53.34325981960123,0.0006361225334472735,4348.533071071442,315.07381722913226,0.02273081023031902,-0.052028335668574,0.00047400324169808827,-0.0015628049581701206,2.311260061422708,-217.59160825229768
2.670120445361263e-6,224.70079382385023,3503.768308149325,0.012085367344412281,0.004687441652061591,3.1009349372373118e-6,365.2564480017834,3624.4087807293204,0.022914132689434725,0.005625496595030401,5.535022012944024e-10,670.2640292613216,-11288.933465785407,-127.98127868442347,-55.44433274216576,0.0006293272811333824,4344.69457380029,324.3980993175732,0.022385272967785738,-0.051747424016436123,0.0004782116071848022,-0.0015801952767509622,2.3114625594593687,-217.96831882262435
2.6443240146289282e-6,224.70079291554265,3503.7682384992813,0.011591697837093847,0.0041829893856821015,3.0974250909329474e-6,365.2564477231315,3624.4087831851984,0.02247141146690945,0.0052251731892082555,5.294035298318461e-10,670.5336272518833,-11610.422338076281,-134.19473957206569,-56.920019282976284,0.0006278873313090684,4338.800462565669,336.50520529807176,0.022612737136656694,-0.05102010504600172,0.0004782667746212728,-0.0016012747154418045,2.311662678314717,-218.38923262316192
2.6161720264905324e-6,224.70079077456418,3503.7681963198766,0.01030364454599143,0.0035531605161266432,3.0888688498918026e-6,365.25644742181174,3624.4087851115587,0.021388219792284342,0.004739432588696842,8.419522226488077e-10,670.8033336819155,-6765.637768075513,-82.66680348811134,-34.20380984331843,0.0006389693988197966,4329.333157135252,352.1456958915885,0.024220462896947105,-0.049450547956498885,0.00046919253005338725,-0.001629871629806826,2.3118003409944317,-218.8522325481426
2.5956502423954764e-6,224.70078289962902,3503.768326718268,0.0065126053086619895,0.0024373163793745055,3.0642726516111847e-6,365.25644719550706,3624.408782201068,0.018278099587379755,0.003918357303449285,1.7388136292643442e-9,671.0731485950357,-2302.326924415613,-36.26655593875581,-13.323400588385471,0.0007056116153217095,4306.143504942349,376.9589413886196,0.03173128275477393,-0.04513258588997485,0.0004191050335774336,-0.0016924888957511345,2.311492282813385,-219.3254904594259
2.6322748802012856e-6,224.7007649250907,3503.76879658755,0.001683578063403607,0.0017645971469810475,3.0334294222261924e-6,365.25644749139957,3624.4087668549146,0.01439745820665396,0.0035282054961674574,5.425737394841499e-8,671.3430720348786,483.8326163050963,-1.0798351879018047,-0.37187236695118436,0.0008929094084457958,4260.731663076684,422.6787065968347,0.04610373935704785,-0.036702283838319534,0.00030897981845453724,-0.0018059098878517167,2.3102999221192753,-219.64410728493402
2.6512061929257136e-6,224.70075737224317,3503.7688641798436,-0.00041091982530094747,0.0014720746435230568,3.021032062811192e-6,365.25644765367815,3624.40876107578,0.012749697346250762,0.0033704538317027087,1.304168967535999e-7,671.6131040450964,514.3311681149701,-0.4822751487663372,-0.23048313056449063,0.0009805022149852263,4245.845172682249,437.84667307579616,0.04907834845459869,-0.033846821150818364,0.000293517071486717,-0.0018576308245219634,2.3100786495520635,-219.78927937427235
2.6591324414169553e-6,224.70075322263975,3503.7688099243965,-0.001745723545945218,0.0012369922728430619,3.0132974197890536e-6,365.2564478249697,3624.408757373795,0.011708668278687454,0.003234142198876223,1.813269641386884e-7,671.883244669359,514.3306390060235,-0.35698212164631343,-0.21433725141273993,0.0010317843288217983,4239.481889303092,443.56946606675984,0.04989932580294157,-0.03224319221759869,0.00029772232113958486,-0.001884083232452715,2.3103161390914893,-219.8844324676447
2.662355153839905e-6,224.7007505968329,3503.7686861006496,-0.002841616726375638,0.0010208321865939585,3.006993143624857e-6,365.2564480283954,3624.408754171922,0.010861369014921183,0.0031078150463815742,2.2096276182377744e-7,672.153493951354,511.5425181277868,-0.29294002690521487,-0.20774913498017364,0.0010699268588065297,4236.153567484259,446.37533758895063,0.049995447193081285,-0.031130476339523143,0.0003080693871768376,-0.0018970144876258057,2.31073938964771,-219.9652510261844
2.662328311335284e-6,224.70074905914237,3503.7684972481843,-0.0038122841444046696,0.0008346212235163032,3.001440427945551e-6,365.25644826232167,3624.4087511728585,0.010117456959779,0.0030046582063915045,2.5241065281022847e-7,672.4238519347863,508.0628223295563,-0.250100830807623,-0.20311084990840436,0.001100267378435396,4234.494607898176,448.11551287565084,0.04969158512182793,-0.030313870970337498,0.00032006823254768484,-0.0018993896143534935,2.311257773576959,-220.04808622085824
2.66008089560906e-6,224.70074836585533,3503.768236083759,-0.004707738118748639,0.0006899892641825782,2.9963531325860727e-6,365.2564485267182,3624.4087481876604,0.009436879080591707,0.0029362149270087652,2.7718679758817866e-7,672.6943186633778,504.3633957603651,-0.21655515758814417,-0.19887918122538678,0.0011259035005861929,4233.854314779611,449.7471162455511,0.049143948702156784,-0.02968265710499474,0.0003305991148528863,-0.0018929322461156493,2.3118104658768766,-220.13909478976814
2.6565573930798663e-6,224.7007483508482,3503.767878798353,-0.0055431850480612745,0.0005972726892579281,2.9916471090156205e-6,365.2564488233761,3624.4087450477546,0.008807122902817089,0.002911815153147877,2.960594392453986e-7,672.9648941808701,500.61467208762315,-0.18736901414147564,-0.19454220199204414,0.0011488816111826874,4233.901158475095,451.7619650842139,0.048449516941272065,-0.02917065855459538,0.00033718211326182846,-0.0018789347619284499,2.3123484695142915,-220.23628720074407
2.6526721357750308e-6,224.7007488809247,3503.767363695958,-0.0063177799419162585,0.0005659710432429446,2.9873310918963476e-6,365.25644915046894,3624.4087416598304,0.008228256832507282,0.0029397037658916276,3.094405396244109e-7,673.2355785310205,496.8581491600682,-0.15982970432583096,-0.18994638012777382,0.0011708182220494807,4234.529427016954,454.23961088695677,0.04767632205836616,-0.028729253259971117,0.0003377477042277533,-0.0018585360451326201,2.312827562179129,-220.33042374028366
2.6491935865722993e-6,224.700749842815,3503.766501349949,-0.007017548783805376,0.0005976692247787315,2.9834851901863775e-6,365.2564495049298,3624.4087379627476,0.007710541501418569,0.003021189477953519,3.177192026579627e-7,673.506371757604,493.14929082067783,-0.13230510188641703,-0.1848157504733604,0.0011927869429043726,4235.7476888181545,457.00297954042077,0.04687497210977201,-0.028333298178450338,0.0003308716198411753,-0.0018329600009577042,2.313208288996974,-220.40589961862082
2.4876146330832885e-6,224.70080606455687,3503.7742934350913,-0.013804118987447319,0.0009473598733618575,2.9494424427903886e-6,365.2564513704788,3624.4087130001917,0.0021855416847875553,0.003371359575601595,1.9063299962493162e-7,673.777273904414,73.69754082471462,-0.29383529743402154,0.2109181684774187,0.001026938939087653,4202.487010178775,581.0785532544589,0.03531605884354193,-0.03078127065605748,-5.319685082020827e-5,-0.0012888251406890595,2.3027014576787774,-220.3952883771246
2.4830168902834476e-6,224.70080764469674,3503.804444471896,-0.014850317326975332,0.0008306201918790576,2.944424978346128e-6,365.25645224663924,3624.4087014466363,0.001358429636943968,0.0033185761805012383,1.869289914455169e-7,674.0482850152607,72.06493870895672,-0.32217392172854664,0.22400567679892788,0.0010380151565636993,4197.818363593938,591.3454405682935,0.0348419682708293,-0.03042819347925024,-7.413209422493401e-5,-0.0012723824218586325,2.3015492081714837,-219.55431839129403
2.4862224590782195e-6,224.70080855490832,3503.7593306506396,-0.01559276347903555,0.000918489821136421,2.9410511544550207e-6,365.256453116861,3624.408689957511,0.0007929698511486618,0.0034488136594626236,1.7840568063321273e-7,674.3194051339726,72.86315450124312,-0.3497019909719456,0.2457097751781368,0.0010481340444693163,4194.581581091547,596.9970439774818,0.0344633603776137,-0.030165955235587818,-9.605044492713374e-5,-0.0012597832732027686,2.300386734393477,-218.65480657564163
2.4912299937714435e-6,224.7008087284783,3503.764452915325,-0.016006418004744113,0.000976142476968444,2.93938049998471e-6,365.25645386968046,3624.4086804402464,0.00048789033569867734,0.003530031662040834,1.6217102459109515e-7,674.5906343043955,77.81137873821181,-0.38301781589915573,0.2828764862426503,0.001062375887304342,4193.746865706667,598.0322197143878,0.034420961133435714,-0.029871192479806512,-0.00010980817464118892,-0.0012575038184323942,2.299555775213098,-217.76970187133165
2.5038758777938638e-6,224.70080803581902,3503.765997384551,-0.016226254208870382,0.0010910254843427896,2.9387357604553162e-6,365.25645464246554,3624.4086706265102,0.0003467051126531313,0.0036581052185326456,1.296673400699882e-7,674.8619725703929,98.64586328121186,-0.4425328741413418,0.38513233547595,0.0010844590030550936,4195.12318458946,593.3195816051827,0.03469241471775048,-0.029424720414892403,-0.00011920227850140865,-0.0012625862793931076,2.298967300313711,-216.89622982533587
2.580250397288924e-6,224.70080466851488,3503.766717781707,-0.016438209325558676,0.0015708294628458683,2.939040387117748e-6,365.2564559425831,3624.4086536783157,0.0002831004131348892,0.004069093456364578,4.929882554039111e-9,675.133419975846,3101.9050884857397,-1.5420576818917144,14.266733970648296,0.001137781511119756,4201.317349120102,565.1331206857717,0.036257155707430926,-0.02815068356606996,-0.00015833805892357132,-0.0012577033633978721,2.2972166539240866,-215.86664744361818
2.5858128800922017e-6,224.70080463552114,3503.7671695863555,-0.01640091481063262,0.0016316303792501907,2.939731264731864e-6,365.2564565357162,3624.4086466281587,0.0003464456713941694,0.004123577963710464,2.6631663476937734e-9,675.4049765646527,5714.781742924939,-3.48798572428987,26.434840606263723,0.0011410001462196504,4202.245227472034,563.6648348125864,0.036208629779450115,-0.028207544044684774,-0.00016478509439690842,-0.0012587893370118641,2.2966148429623923,-214.99538916941555
2.5896079278858845e-6,224.70080442461216,3503.7674848513298,-0.016249982613628856,0.0016985779999006748,2.9409398260394187e-6,365.25645705057974,3624.408640596843,0.0004978889255079741,0.004177600611821087,1.9899597539621173e-9,675.676642380731,8240.557731702096,-6.0264634237284875,35.0488548710823,0.0011431868537247487,4203.606651669481,561.9186208178802,0.03617981328131693,-0.028315024815791057,-0.00016740955757661783,-0.0012635909032094922,2.2962343669099967,-214.18312171017558
2.593673091483414e-6,224.70080406016058,3503.7677185274133,-0.01601917216081103,0.0017775124243740166,2.9425300558466883e-6,365.25645751446586,3624.408635198565,0.0007125862552652189,0.004235145731238819,9.26794591236892e-10,675.9484174680142,15978.288084877184,-15.35227115694022,74.15931818341107,0.0011446982661927252,4205.249970202793,559.6339044231052,0.03619553609689341,-0.02845258616959773,-0.00016841779655371293,-0.001270134532605957,2.2959654072614586,-213.4261660614998
2.596558142405309e-6,224.7008035835801,3503.767903435728,-0.015719780403531464,0.0018571302327166598,2.944403358643505e-6,365.2564579192755,3624.4086305019737,0.0009788623901490778,0.004288957567799913,7.977700503839145e-10,676.2203018704541,18818.062694219032,-21.35842727097055,84.2042519254965,0.0011455533505126685,4207.102283318979,557.2545884649811,0.036232188758350735,-0.028630443018427067,-0.00016687413761831945,-0.0012788438445477909,2.29585616168027,-212.7357861281502
2.599512255504687e-6,224.7008030110343,3503.7680538776035,-0.015369107888340347,0.0019440232798773355,2.946507936437362e-6,365.2564582815827,3624.408626279332,0.0012847266215733624,0.004343730606957672,6.19915155230076e-10,676.4922956320203,22714.360460522417,-31.501094797072902,105.42786371288574,0.001145843716581771,4209.06920848364,554.6263681314808,0.036302517206152025,-0.028827639631055824,-0.000164108037176123,-0.0012885623044044201,2.2958339003170085,-212.107676609535
2.6022276839228864e-6,224.70080236393486,3503.7681800667415,-0.014979140963386971,0.0020343723607277905,2.948770435151745e-6,365.2564586027465,3624.408622496517,0.0016197354281294503,0.004397446092205089,5.832747308271344e-10,676.7643987966999,23372.446154567442,-37.600252411202376,108.4635716357707,0.001145678733589648,4211.115110259536,551.8657984111179,0.03639803947328706,-0.029046531371807113,-0.00016010923588705408,-0.0012991504391942094,2.295899089573247,-211.54259638616742
2.604730401772214e-6,224.70080165638592,3503.7682882769327,-0.014558744091783654,0.0021250192399577795,2.9511493144428457e-6,365.256458887948,3624.4086190750286,0.001976674309680492,0.004448170361341077,5.15575701162111e-10,677.0366114084975,25480.955337264622,-46.91982232838145,118.22728043517652,0.001145150093313277,4213.203990945188,549.0361082276812,0.036513307130787646,-0.029283160376071534,-0.00015513899955694115,-0.001310343577649518,2.2960379022503714,-211.03748603890344
2.607138552305661e-6,224.70080090980264,3503.7683824674095,-0.014116530223904536,0.0022176090134533705,2.953603562865253e-6,365.25645913923455,3624.408615991164,0.0023488565875243485,0.004497598686126847,5.680204782355853e-10,677.308933511436,22873.300085511986,-46.292063388468385,102.96648670932153,0.0011442818777262082,4215.312035481745,546.1075693935759,0.0366480909451143,-0.029533854976495553,-0.00014951249282445223,-0.0013218247343340249,2.2962278534578404,-210.5903983455845
2.609278096834507e-6,224.7008001266311,3503.7684657308814,-0.013658856164480836,0.00230685880690914,2.9560980191505106e-6,365.25645936161794,3624.4086131635877,0.002730615642770253,0.004542360735577699,4.734806293187412e-10,677.5813651495553,26114.013940213314,-59.72566300329843,117.97319891070381,0.0011432150348506622,4217.428957250311,543.1704843074383,0.03679423217130105,-0.029798346793678255,-0.00014326816124860805,-0.0013335639470089637,2.2964718258110297,-210.19544393486626
2.611004192920157e-6,224.70079931996267,3503.768540102008,-0.013189770781992105,0.002392004757257628,2.9586119974216955e-6,365.25645955620087,3624.4086105746146,0.003118448863838116,0.004582226213773361,4.272999399608798e-10,677.8539063669136,26775.33044452387,-70.72277937833178,124.15549694881977,0.0011419249756370695,4219.535569557731,540.2698211637046,0.03694714831025839,-0.03007523301895711,-0.00013651959883081744,-0.0013454801490333998,2.2967628497619885,-209.84958150763146
2.6124924168230424e-6,224.70079850142082,3503.768606948167,-0.01271470892605741,0.0024751001603654315,2.9611242693077073e-6,365.2564597260539,3624.4086081948826,0.003508367111515571,0.004619067270734845,3.959642337162652e-10,678.1265572075858,27313.219193568035,-80.8905684679603,126.62230033203822,0.0011404441977366333,4221.634568013334,537.3256701987175,0.037106673441311626,-0.030360807301596467,-0.0001295641771262368,-0.0013573580233082428,2.297081816012547,-209.5476866246512
2.613602312751174e-6,224.70079767557687,3503.76866752806,-0.012236742670620644,0.002553374210205188,2.9636163370701946e-6,365.25645987379283,3624.4086059836955,0.0038974517976286143,0.004651246090981594,3.306249829326354e-10,678.3993177156667,31405.260007435485,-102.13583867078789,142.40502549633072,0.0011388417441165449,4223.72699886626,534.3766037997467,0.03726760469455633,-0.030656598513851115,-0.00012246075786614906,-0.001369197586180504,2.297426837574504,-209.28427590870757
2.626457134266649e-6,224.7007651628394,3503.7693435026736,-0.009077522299256454,-1.9716275792877543e-7,2.971942382858639e-6,365.2564564871809,3624.408649215116,0.006237298684130172,0.00340889901783679,3.3493955029823936e-7,678.6721879352668,452.752149270363,0.13526766562230064,-0.0754523463640708,0.0015325826545096676,4336.940717942405,343.21034687424174,0.04131541669100459,-0.029060426091967424,2.3577670295721805e-5,-0.0015831826355306021,2.310717957698944,-208.58371218315855
2.621377573829207e-6,224.70076527788493,3503.7693730997453,-0.008978601020868286,-3.843754364997312e-5,2.972430937968072e-6,365.25645669553944,3624.408646088037,0.006304052711700278,0.0033847721498314904,3.3242217671933967e-7,678.9451679105149,449.5877109422204,0.13267238521568359,-0.08300418466136143,0.0015305443388610033,4341.004443021988,335.914220401928,0.041304993828070534,-0.029270208542276247,3.011578536231979e-5,-0.0015878053683847462,2.310949722257906,-207.7532844072649
2.61540231226173e-6,224.70076542720113,3503.769400439212,-0.008867973915783482,-7.298418575095753e-5,2.9729879590702256e-6,365.2564568755139,3624.408643302054,0.006379140752399753,0.0033603446830363527,3.2947382524764364e-7,679.2182576855577,446.44377676426456,0.1294180362859363,-0.09022283818297643,0.001526510638819455,4344.676447187761,329.3345986085075,0.04129048298556733,-0.029477997041307196,3.7194537570125224e-5,-0.0015925969099367407,2.311190942856635,-206.96201185170239
2.608648512984257e-6,224.70076561296014,3503.7694252932492,-0.008745948894760847,-0.00010409141100483617,2.973605505752559e-6,365.2564570260708,3624.408640877831,0.0064622351229347355,0.003335738183282393,3.2612511269594787e-7,679.4914573045595,443.33957799967266,0.12563692561953116,-0.09702753005844794,0.0015206835847430436,4347.969218047708,323.4529969039339,0.041271403761961374,-0.02968711444499747,4.455859871695394e-5,-0.0015974416145094104,2.311434191914718,-206.21332835404755
2.6011292252949407e-6,224.70076583636563,3503.769447566963,-0.00861308518036021,-0.0001335448956152481,2.9742771913605552e-6,365.2564571483123,3624.408638800376,0.006552860168108761,0.0033098341415789254,3.223877556324895e-7,679.7647668117025,440.28639281744984,0.12147604915910558,-0.1033358773062542,0.001513240672234017,4350.878106461763,318.30611457277337,0.04124670359316722,-0.029897490800278523,5.201340045835031e-5,-0.0016022851015076744,2.311674743981653,-205.50954925054427
2.592969091748765e-6,224.70076609672194,3503.769467233563,-0.008470128293334924,-0.00016112688558715083,2.974995717063059e-6,365.2564572428702,3624.408637067982,0.006650435306485412,0.0032830880866608464,3.182550026438153e-7,680.0381862511867,437.2861820056919,0.11710062575527025,-0.10910450219349534,0.0015043892112233408,4353.420053778806,313.8574203081765,0.04121658845193185,-0.030110054183744923,5.93605477751664e-5,-0.0016070471252083234,2.3119063449561015,-204.8519459022538
2.584241446280833e-6,224.7007663884389,3503.769484442153,-0.008317134484497373,-0.0001880679830609959,2.9757578118755093e-6,365.2564573106661,3624.408635668821,0.006754893491706386,0.0032547667098155103,3.1379283584850887e-7,680.3117156672298,434.34342524537016,0.11253111307948789,-0.11441832918235334,0.0014943163865542165,4355.601241721452,310.1106861715735,0.04118160692262999,-0.030325224878530677,6.652826161822121e-5,-0.001611732761017392,2.312129147020924,-204.2408431513853
2.5750585880466307e-6,224.70076670972037,3503.7694992567685,-0.008155003068000238,-0.00021359364719360986,2.9765581996263776e-6,365.2564573533996,3624.408634587827,0.006865598327290526,0.003225731968229856,3.0895364029609026e-7,680.5853551040673,431.4474900266998,0.10795303451211609,-0.11925529948158779,0.001483221239012867,4357.441967824006,307.01746950882017,0.04114280493211844,-0.03054200777702472,7.335694425965512e-5,-0.001616286432573586,2.3123376286403254,-203.67573228097814
2.5655965075449647e-6,224.7007670536114,3503.769511894439,-0.007984603307337657,-0.00023693575845300894,2.9773895055510343e-6,365.2564573722129,3624.4086338165803,0.0069819124039946,0.0031968471116834273,3.0380248031559664e-7,680.8591046059516,428.59505991122256,0.10336717369753186,-0.12372374942692821,0.0014713114760813184,4358.969870381986,304.5060971668399,0.04110214685450245,-0.03076128039077696,7.980213127340127e-5,-0.0016206790991743292,2.312531127251825,-203.15539364680777
2.555939117727535e-6,224.70076741655967,3503.769522532914,-0.00780653257812734,-0.00025765690365215727,2.978249100520286e-6,365.25645736929386,3624.4086333301343,0.007103427065009644,0.0031686086785578864,2.983550129994598e-7,681.1329642171554,425.779168576524,0.09884221617990631,-0.12784797116101349,0.0014587359204728586,4360.1946572957595,302.5535645884151,0.04106063029482562,-0.03098209905789457,8.581247197637963e-5,-0.0016248968316892058,2.3127080065200465,-202.67802231058596
2.5461061527480355e-6,224.70076779392744,3503.769531363536,-0.007621152559832976,-0.0002768730253534691,2.9791356633780802e-6,365.25645734665426,3624.4086331072504,0.007229922924211653,0.0031402923525696022,2.9262120502033293e-7,681.4069339819669,422.9897408611384,0.09442626788076934,-0.13169493245804814,0.0014456485204133584,4361.137456443774,301.12804356288353,0.041018848328951994,-0.031202104548773882,9.135772062990253e-5,-0.001628971708096017,2.312868664433569,-202.24135161495101
2.5363008212828943e-6,224.70076817971002,3503.7695386065957,-0.0074295250740703915,-0.0002921748628480105,2.9800429599054197e-6,365.25645730565566,3624.40863313896,0.007360649219722157,0.0031139789225430848,2.866651893787876e-7,681.6810139446925,420.22311078879864,0.09008617247854626,-0.13535994590589726,0.0014322121787103527,4361.828712328039,300.13843246052573,0.04097913038172038,-0.03142256718589638,9.643332075037494e-5,-0.0016328554390582014,2.3130123141530228,-201.8427707980537
2.5265087985617724e-6,224.70076857118022,3503.7695444310816,-0.007232146511030356,-0.000304573703501749,2.9809695945399043e-6,365.2564572486919,3624.4086333976447,0.0074952662619069505,0.003088970851722448,2.8049771498710374e-7,681.9552041496571,417.47045792521425,0.08586131889971757,-0.13887603605878515,0.0014185416247721283,4362.282062036052,299.56748605291574,0.040942045749809364,-0.03164096672269842,0.00010102946824010718,-0.0016365825924672573,2.3131393212923044,-201.47943274953326
2.516796421697518e-6,224.70076896378816,3503.769549032114,-0.007029573383736542,-0.00031329395326981933,2.9819144876804194e-6,365.2564571775737,3624.408633867039,0.007633418300431302,0.003065983588533705,2.741439707475647e-7,682.2295046412029,414.72514108224624,0.08172772040043247,-0.14232944559233612,0.00140474776955488,4362.517798091599,299.369605671844,0.04090910360999877,-0.03185583655672219,0.00010516239104471726,-0.001640161890547608,2.3132505370914513,-201.14835092448283
2.5072434785624975e-6,224.70076935393692,3503.769552587123,-0.0068224770857067876,-0.0003180044706434311,2.9828734613002597e-6,365.25645709374254,3624.4086345344763,0.007774595466010387,0.0030453773992464204,2.67675488298456e-7,682.50391546369,411.98788154215066,0.07763320110766378,-0.14576797314349185,0.0013909315537718233,4362.561439208477,299.48119720964326,0.04088095318896401,-0.03206764649157122,0.00010886204206625622,-0.0016435858442399249,2.3133468085600524,-200.8464830354605
2.497837169348505e-6,224.7007697394154,3503.7695552374457,-0.006611420885220448,-0.00031896186595989807,2.9838462459527084e-6,365.25645699921637,3624.4086353797775,0.007918443697776473,0.0030269940111941054,2.610902837623962e-7,682.7784366614966,409.2503589309868,0.073577991002735,-0.1492460137407129,0.001377172276253014,4362.42580598531,299.8855058285436,0.04085865419998723,-0.03227350691171016,0.0001121359387385604,-0.001646884196063631,2.3134286900495,-200.57080268298577
2.488630767468983e-6,224.7007701178563,3503.76955712407,-0.006397015385300758,-0.0003156242392364687,2.984829171186014e-6,365.2564568952633,3624.4086363923147,0.00806448067003692,0.003011328713784706,2.544485555869353e-7,683.0530682790185,406.5147692476461,0.06950509769008827,-0.1527978644794269,0.0013635446375359973,4362.1333364066295,300.52712474595467,0.04084288807339177,-0.032473685531708214,0.00011501800380596902,-0.0016500527910947769,2.313496986343354,-200.3183585209916
2.479607680506631e-6,224.70077048790762,3503.7695583563313,-0.0061795899271257495,-0.00030835979094106787,2.985822582199237e-6,365.256456783449,3624.4086375565294,0.008212496593149064,0.0029980848151986536,2.477614367503727e-7,683.3278103606694,403.7785655479649,0.06537546320364786,-0.15647560552842646,0.0013500939731836527,4361.693521432108,301.3961512828736,0.04083403555715089,-0.032666273152200775,0.00011752407963192641,-0.0016531181458996013,2.3135524453253957,-200.08632310422044
2.4708022230949094e-6,224.70077084824752,3503.7695590440912,-0.0059600581782580245,-0.0002969367168203747,2.98682160248692e-6,365.25645666506455,3624.408638860977,0.008361805794922421,0.0029874941037570067,2.4106627060710986e-7,683.6026629508804,401.0408018012683,0.061160587176031095,-0.16028998247188098,0.001336887691381933,4361.125796694232,302.4445269284605,0.0408331074943876,-0.03285077255359915,0.00011968064866771235,-0.0016560728646748118,2.3135953252730217,-199.87203291501078
2.4621532733248995e-6,224.70077119744397,3503.769559289762,-0.00573819741850907,-0.00028259106298905836,2.9878295163904097e-6,365.25645654092506,3624.4086402983394,0.008512578962497255,0.0029785343725667987,2.344142346192438e-7,683.8776260941021,398.3114450259981,0.05675112838133095,-0.16427429533913868,0.001323941055282595,4360.435601945602,303.6824986419658,0.04083949172402451,-0.0330251986206893,0.00012152940954094378,-0.0016589639953292277,2.313627914391684,-199.67302195781792
2.453700901143771e-6,224.70077153565893,3503.7695591568895,-0.005515013608367236,-0.0002650382141548807,2.988841286875787e-6,365.2564564123319,3624.408641853619,0.008664110826380904,0.002971421634859504,2.2781991828942653e-7,684.1526998348014,395.58842236736973,0.05214276720114996,-0.16841794182491115,0.0013113004152954127,4359.634143570366,305.0802214007706,0.040853961323813796,-0.033189096476235504,0.00012307528727685578,-0.0016617719682170983,2.3136492966092796,-199.48705097579187
2.4454367839025924e-6,224.70077186231313,3503.76955871826,-0.0052909638665161775,-0.000244751538840351,2.9898554858331235e-6,365.2564562798206,3624.408643523127,0.008816097512856953,0.002965771948695591,2.2131800671691968e-7,684.4278842174633,392.87798502701594,0.04726942654366935,-0.17272082436902972,0.0012989989165019835,4358.731354814674,306.62346214652166,0.04087709459906609,-0.033341064534674815,0.00012434127235209878,-0.001664508016936615,2.3136601441631823,-199.31213424587776
2.4373631777022694e-6,224.70077217710414,3503.769558034701,-0.005066447174047585,-0.00022206118359973284,2.990871196663075e-6,365.25645614387713,3624.4086453023738,0.008968289795500222,0.0029612807311774057,2.14942030684965e-7,684.7031792865912,390.18735715400106,0.04207414684939804,-0.17716815701370267,0.001287060220855631,4357.737242559098,308.2972579465995,0.040908819396607475,-0.033480144072831924,0.0001253457437869866,-0.0016671761960994338,2.3136607390856363,-199.14656517687268
2.4294731457436997e-6,224.70077248017685,3503.769557153206,-0.004842416977932129,-0.00019764037838075794,2.991884570835248e-6,365.25645600486524,3624.4086471857327,0.009120053550548077,0.0029574104893464867,2.0871475736351218e-7,684.978585086706,387.5212629768749,0.036526512435331754,-0.18172782384128336,0.0012755194283700104,4356.6584753084135,310.0947498795651,0.04094975569700923,-0.033604684820431587,0.0001261037483566864,-0.0016697794966829991,2.313651401352573,-198.9889406167596
2.4218364270280422e-6,224.7007727711612,3503.769556129451,-0.004619766396949029,-0.0001710499112541317,2.9928913885373487e-6,365.25645586245656,3624.4086491748103,0.009270867562451608,0.00295452026290645,2.0269856499571864e-7,685.2541016623466,384.89450370951965,0.030577123007842263,-0.1863196083699477,0.0012644130512920843,4355.504188038377,311.99232135501813,0.0410011505081117,-0.03371447901340876,0.00012663217802945357,-0.0016722846794090503,2.3136316862316266,-198.83818300085147
2.4143960418078747e-6,224.70077305035232,3503.7695549948444,-0.004398316147958399,-0.00014448793636079985,2.99389542970541e-6,365.256455716228,3624.4086512702597,0.009421019565325862,0.002950793908557479,1.9691556375886202e-7,685.5297290580698,382.31594352304063,0.0242130412496177,-0.190886401272385,0.0012537417578158618,4354.279865258166,314.0091651971289,0.04106093279775319,-0.03380718554140128,0.00012694271166620148,-0.001674724399205937,2.313602643017938,-198.69355716955806
2.4072413574755345e-6,224.70077331700594,3503.769553803103,-0.004179611708613369,-0.00011735518558575994,2.9948897593677895e-6,365.2564555650661,3624.408653481921,0.009569570867236653,0.0029468138777219745,1.9143262509619738e-7,685.8054673184507,379.8036770160634,0.017408487251503412,-0.1953109547565298,0.0012435554290175462,4352.997537241912,316.1147912368284,0.041131048479717616,-0.03388219092327911,0.00012705565672234452,-0.0016770526847774245,2.313564107251809,-198.55467814494565
2.400355746887326e-6,224.70077357045938,3503.7695525981617,-0.003964004457792059,-9.089192728228646e-5,2.9958743505376617e-6,365.2564554074192,3624.408655823547,0.009716404165246911,0.00294165929985783,1.8631954819134818e-7,686.0813164880817,377.38201115456707,0.010138916110669678,-0.1994664933837125,0.0012338737776267361,4351.671635487808,318.30029592828055,0.04121067081798593,-0.03393804503694417,0.00012699872781507125,-0.0016792819703510447,2.3135175642603305,-198.42150543395869
2.393747990204739e-6,224.70077381094433,3503.76955139979,-0.003751762970519787,-6.579528074431463e-5,2.9968499377738248e-6,365.25645524166333,3624.4086583095536,0.009861518846816832,0.002934852984113144,1.8159553868611312e-7,686.3572766115728,375.06179203906606,0.0024530370199008183,-0.20324907106312562,0.0012247004164505468,4350.311336561407,320.5606433265643,0.041298863411836556,-0.033973677408136047,0.00012677810120566762,-0.0016814128883375526,2.313463459742452,-198.29431948611708
2.3875325855376223e-6,224.70077403796304,3503.7695502398115,-0.00354444126493678,-4.100813934499558e-5,2.9978094074381327e-6,365.25645506562836,3624.4086609622464,0.010004031202472265,0.002927358769560399,1.7730903196239044e-7,686.6333477335542,372.85869882136495,-0.005594112729526803,-0.20652914517469487,0.0012160728940579142,4348.940104443348,322.83745531180034,0.04139654884021172,-0.033989838719694423,0.0001263969736664743,-0.0016833896342262657,2.313400913222088,-198.17367910378286
2.381625159967087e-6,224.70077425088692,3503.7695491520676,-0.003341823553395871,-1.8444322612271948e-5,2.9987568627515766e-6,365.256454877048,3624.408663800607,0.010144204457613066,0.0029178471021997837,1.7352874512169986e-7,686.9095298986714,370.80122615645826,-0.013959917223002733,-0.20914145452871308,0.0012079805114005035,4347.564632141059,325.15744130673806,0.041501664313206676,-0.03398404256611095,0.0001258968605557694,-0.0016852563709827556,2.313333114408193,-198.06036164368194
2.376074058589974e-6,224.7007744494889,3503.76954815549,-0.003144555257506313,2.731777578025455e-6,2.9996885125410204e-6,365.25645467332373,3624.408666854495,0.010281649178330667,0.0029071820819800125,1.7030313665684324e-7,687.185823151589,368.9120529600023,-0.022582595375462224,-0.21095426723922758,0.0012004267336514637,4346.204311419863,327.472294352585,0.041614412273945765,-0.03395764549363797,0.0001252926104286456,-0.001686993209585541,2.31326046712586,-197.9552906582558
2.370832303306366e-6,224.70077463406,3503.7695472563864,-0.002952765553271876,2.134727957479395e-5,3.000606089159719e-6,365.25645445254446,3624.4086701376777,0.010416394023444405,0.002894571825318674,1.6765849974209175e-7,687.4622275369898,367.2038719385706,-0.03133965355099248,-0.21186022478704317,0.0011933906546962665,4344.863768235786,329.8011203057111,0.041732684456921874,-0.03390944456008648,0.00012459702891221746,-0.0016886228794479904,2.3131844646704978,-197.8594606157403
2.365887139827372e-6,224.70077480534428,3503.7695464482463,-0.002766625964278151,3.760969413614535e-5,3.0015083941466766e-6,365.2564542131283,3624.408673667722,0.010548317657375935,0.00288033702385149,1.6557525563599834e-7,687.7387430995738,365.67249414269156,-0.04010556457829724,-0.21184169667150032,0.001186851053905044,4343.5548427787835,332.1185766798583,0.04185551478705009,-0.03384027796016947,0.00012381294077438144,-0.0016901565880045495,2.313105656304098,-197.77386682477476
2.361241427295967e-6,224.70077496351604,3503.769545737781,-0.0025865073678950075,5.230318176218609e-5,3.002393491640929e-6,365.2564539530694,3624.4086774679636,0.01067715693309052,0.0028652960608817795,1.6408824845119087e-7,688.0153698840595,364.32743170463596,-0.048775021990382,-0.21082745835122646,0.001180792846023337,4342.29111111267,334.3988284854923,0.041982438980948784,-0.03375082017103401,0.00012295494841486554,-0.0016915922668546887,2.31302485993061,-197.6994488122981
2.3568192803713584e-6,224.70077510952098,3503.769545113605,-0.0024120692882888908,6.478438195262642e-5,3.0032648963978364e-6,365.2564536715558,3624.4086815415903,0.01080315542186921,0.002849019707298396,1.631854746722029e-7,688.2921079351835,363.1624166577932,-0.057223949072720874,-0.2088253470003638,0.001175168230045446,4341.064607909708,336.6778171474334,0.042111296571121774,-0.03364037569790494,0.00012203181087566391,-0.0016929676764168397,2.312943463506494,-197.63705244180804
2.3525921060000018e-6,224.70077524438886,3503.7695445614763,-0.002243488205244308,7.506272046061415e-5,3.004120359983107e-6,365.2564533680072,3624.4086858982623,0.010926099815935699,0.002831607601192766,1.62823862182705e-7,688.5689572977001,362.15338357581606,-0.0653472078893121,-0.205929126023048,0.0011699570205633378,4339.889803962578,338.9235109536794,0.04224108002370719,-0.03350985313976433,0.00012103806389589899,-0.0016942994105527275,2.312861680811813,-197.5874107716736
2.3485640348729484e-6,224.70077536906518,3503.76954406911,-0.0020807781650731922,8.448241887978108e-5,3.0049600292994174e-6,365.2564530418292,3624.408690539899,0.011045977694123063,0.0028142366564242053,1.6299596361923843e-7,688.8459180163817,361.28347082398415,-0.07302759090870764,-0.20217902851184585,0.0011651204310010122,4338.7614486967295,341.141830735712,0.04237119636371972,-0.03336035893520871,0.00011998096864156806,-0.0016955841600250596,2.3127799150497643,-197.55114301185645
2.3446768334038665e-6,224.70077548460145,3503.769543621296,-0.0019237317855185843,9.243774053360026e-5,3.0057847608298465e-6,365.2564526932046,3624.408695462434,0.01116287027022602,0.0027964667500182143,1.6367390134300543e-7,689.1229901360186,360.53010227855697,-0.08019848706522609,-0.19767654668862264,0.0011606229595582003,4337.678040639632,343.34360190621015,0.04250017756169735,-0.033191942412489676,0.00011886271488100692,-0.0016968503076587912,2.3126990037089254,-197.52876676660816
2.340880163106253e-6,224.70077559200243,3503.769543204247,-0.00177233729812191,9.851591683661935e-5,3.0065953747131434e-6,365.25645232264526,3624.408700658536,0.011276774538600138,0.002778010645811597,1.648008703531859e-7,689.4001737014187,359.85431859809586,-0.0867854296481365,-0.19256945313896034,0.0011564403595798987,4336.641166995765,345.5362262448758,0.042626889318963426,-0.03300392240992207,0.00011767944106447715,-0.00169812209478298,2.3126195982813664,-197.52071951322637
2.337215266334918e-6,224.70077569207152,3503.769542807344,-0.0016264189690971273,0.00010433489593053792,3.0073916171484728e-6,365.2564519301625,3624.408706129258,0.011387785107283183,0.0027601902098510433,1.6636340317369935e-7,689.6774687574097,359.234565577496,-0.09275306708967439,-0.18694678135330772,0.0011525362525025274,4335.654984351556,347.6925453780396,0.04275080535974292,-0.032798798414133565,0.00011643143234779145,-0.0016993796090664396,2.312541353189093,-197.5273841906058
2.3336525304901947e-6,224.70077578568467,3503.7695424178924,-0.0014860268814763336,0.00010929168516157031,3.0081739884958056e-6,365.256451516869,3624.4087118562043,0.0114959095806558,0.002742561456653035,1.683161641014628e-7,689.9548753488353,358.6344126064316,-0.09806283847004615,-0.1809446456341056,0.001148888017668079,4334.715003389116,349.8317042233282,0.04287123842724488,-0.032576078465916904,0.00011511466781841862,-0.001700633306638558,2.3124647957066933,-197.5491155228437
2.3301840643525617e-6,224.70077587356366,3503.769542026833,-0.001350779252970763,0.00011421164070402375,3.008944004675911e-6,365.25645108345435,3624.4087178340883,0.01160134955746881,0.002725772811284788,1.7063510973844927e-7,690.2323935205584,358.0347912799465,-0.10272911554921768,-0.17465943356170657,0.0011454583982457665,4333.821155669144,351.9448647562042,0.04298731000254724,-0.03233708720328882,0.00011373093146167126,-0.0017018891572669246,2.3123901276075163,-197.5862639077784
2.326815708717609e-6,224.70077595626552,3503.7695416271017,-0.0012204716245541986,0.00011847409182799618,3.0097044514071005e-6,365.25645063122596,3624.408724043465,0.011704399237155692,0.0027093601537515467,1.7327419665259343e-7,690.5100233174592,357.3969985945808,-0.10672916864060503,-0.16821814925575987,0.001142227051955982,4332.976968880759,354.0366570074071,0.04309830824551741,-0.03208161988942276,0.00011227039679318711,-0.001703138426208748,2.312317541363309,-197.63919492567797
2.323550942189069e-6,224.70077603451222,3503.7695412070234,-0.0010945845238873957,0.00012274663918590578,3.010457544232479e-6,365.2564501616464,3624.408730463845,0.011805419229492305,0.002693846114689761,1.762092052530957e-7,690.7877647844364,356.7042316165955,-0.1100889480448406,-0.161697230853441,0.0011391504213625245,4332.1738253813755,356.1154059785023,0.04320343317869364,-0.031811385470818014,0.00011073652924734487,-0.0017043806260377415,2.312247321299464,-197.70830287375225
2.320436920181747e-6,224.70077610875438,3503.769540761515,-0.0009729305055477948,0.000127682223461056,3.011204152359621e-6,365.25644967541217,3624.4087370912516,0.011904603706554242,0.002679727160757065,1.7940484601788823e-7,691.0656179664066,355.93470727670706,-0.11283952114861441,-0.15518454567704504,0.0011362111469860603,4331.424142342741,358.1473938420371,0.04330265455808539,-0.031528026290441206,0.00010911099929063237,-0.0017055922680160771,2.312178572021898,-197.79401809051885
2.3174455596988765e-6,224.70077617934814,3503.769540285749,-0.0008545533775162366,0.00013216821061101463,3.011950951131427e-6,365.25644917481657,3624.4087438917245,0.012002744746914264,0.002666141172140765,1.8284684528241843e-7,691.3435829083047,355.0706273399101,-0.11499533354012186,-0.14873421845649223,0.001133365202531011,4330.718369042317,360.16638205504336,0.04339471422393726,-0.031231696387242255,0.00010739705817599033,-0.0017067823093358857,2.3121122859251204,-197.8968074673336
2.3146924448457473e-6,224.70077624684384,3503.769539770277,-0.0007391543014074196,0.0001389603765932906,3.0126981014529303e-6,365.25644866063794,3624.4087508618404,0.012100117745254243,0.002655232452636972,1.8649262345722278e-7,691.6216596550835,354.09536266053163,-0.11660022459473572,-0.14241242762590367,0.0011305894078867563,4330.071015264151,362.1094687333933,0.043480386889896895,-0.03092641086879522,0.00010557101269978954,-0.0017078994802338459,2.3120464557861675,-198.0171683462795
2.3121191908852488e-6,224.70077631155715,3503.7695392107485,-0.0006255126790795322,0.000145643040166082,3.013454344963822e-6,365.2564481354857,3624.4087579633624,0.012197707888726452,0.0026450369553981568,1.9032638283963387e-7,691.8998482517137,353.0000672300273,-0.11768882323311995,-0.1362535542164411,0.0011278334586002814,4329.467504601804,364.0298045359917,0.04355760973011237,-0.03061184314355874,0.00010363034606322359,-0.0017089697787106381,2.311982159923503,-198.15561625810443
2.3098472244295644e-6,224.7007763739098,3503.76953859946,-0.0005129574543842452,0.0001549998850077246,3.0142224405214233e-6,365.2564476005914,3624.408765186547,0.012296112611614828,0.0026377085366718314,1.943066134810052e-7,692.1781487431837,351.77072559900085,-0.11830000417528255,-0.13030279376511916,0.001125070531299442,4328.922490350888,365.8688772197272,0.043627194136113316,-0.03029211812393059,0.00010154851818572145,-0.0017099400857962896,2.3119172707331055,-198.31266773361352
2.3078511016573094e-6,224.7007764340713,3503.7695379342144,-0.00039992333901659946,0.00016517901294678684,3.0150119236061635e-6,365.25644705833497,3624.408772497272,0.012396590927279122,0.002631747253708132,1.9843273890325652e-7,692.456561174502,1042.8574354104335,-0.1184527569766845,-0.12456891869039959,0.001122249394287543,4328.430946867513,367.6504348104768,0.043687539264427006,-0.029968382620958318,9.931832730207657e-5,-0.0017108225774696373,2.311852341109134,-198.48881850276305
2.306176955564375e-6,224.70077649250638,3503.7695372070116,-0.00028548097646552466,0.00017723460351745234,3.015828277153681e-6,365.25644651073526,3624.40877987406,0.012499885703125374,0.0026278566117519104,2.0265579731270457e-7,692.7350855906931,348.88734209169024,-0.11820728442414119,-0.11908119400477203,0.0011193369791461386,4327.989822792621,369.3697863178987,0.043738581072394346,-0.029642986612407846,9.691668539562772e-5,-0.0017116049740054046,2.311786034615507,-198.68451941344324
2.3049251640647107e-6,224.7007765494319,3503.7695364146666,-0.00016822390147560074,0.0001926529215627129,3.016677845091173e-6,365.256445958909,3624.4087873071317,0.012607119909725685,0.002627129268989151,2.069732985524909e-7,693.0137220368002,347.2290649858367,-0.11759149350546642,-0.11383584569465555,0.001116289361566243,4327.613411665091,370.97044484175814,0.0437796068026589,-0.029320836014383306,9.432013251921135e-5,-0.0017122468598379833,2.3117165026876463,-198.90015092671598
2.304073974292825e-6,224.70077660511475,3503.7695355521423,-4.6523940115324355e-5,0.0002102053222188428,3.0175718354356864e-6,365.2564454058522,3624.408794755146,0.012719644041442057,0.0026284622651108975,2.113258170230395e-7,693.2924705578848,345.4142175210556,-0.11663285409352714,-0.10886430764531778,0.0011130643596301126,4327.291623194556,372.49055071643147,0.04380969401772574,-0.029002686016594077,9.150926641818732e-5,-0.0017127685070707046,2.311643728956082,-199.13599851728765
2.303707873082285e-6,224.70077665972224,3503.7695346181467,8.13356190497109e-5,0.00023094518121218578,3.018518443720945e-6,365.25644485263325,3624.408802209399,0.012838813909465658,0.002632568683220917,2.15719627906429e-7,693.5713311990264,343.44908460923267,-0.11536063388082936,-0.10414557444436186,0.001109615841819806,4327.033960008474,373.88780212092536,0.043827782051507204,-0.028693207828425424,8.846397779020365e-5,-0.0017131420132765944,2.311565943305856,-199.3922302235202
2.3038283157855402e-6,224.70077671341838,3503.7695336105426,0.0002168698932048885,0.0002539475566603797,3.019526984366456e-6,365.2564443015366,3624.4088096416726,0.012965853056584493,0.002638545509253028,2.2008196564324363e-7,693.8503040053226,341.3234051842583,-0.1138071917214576,-0.09970963680008946,0.0011059096374613595,4326.838134487235,375.1729288045071,0.04383285209176608,-0.02839452115489338,8.516188527622014e-5,-0.0017133812864430701,2.311482645350682,-199.66887817181382
2.304487625213142e-6,224.7007767663341,3503.7695325314403,0.00036164653773074256,0.0002809013551943001,3.020604481688004e-6,365.25644375268087,3624.4088170587606,0.013101867798695599,0.0026475794711744,2.2443621295020864e-7,694.1293890218893,339.0542042878718,-0.11200865760874586,-0.09551635718603621,0.001101913699115199,4326.708673857443,376.3113028763196,0.043824166216983186,-0.028110571157512827,8.159545065486016e-5,-0.0017134788870424146,2.3113924327240287,-199.96582544633787
2.305685012477847e-6,224.70077681844666,3503.7695313838576,0.0005174860734618818,0.00031025359396083985,3.021761230934229e-6,365.2564432077512,3624.4088244402906,0.013248307194037754,0.002658280111107796,2.287355751971282e-7,694.4085862938604,336.6358999360758,-0.10998436856483611,-0.09157761262497122,0.001097592407703007,4326.646124725019,377.3086519933979,0.043799944318362254,-0.027843944160408376,7.775407448170606e-5,-0.0017134506776801542,2.3112951406335345,-200.282798331843
2.3074563616508795e-6,224.70077686974824,3503.769530171254,0.0006860186681133676,0.0003426031805170115,3.023006150744937e-6,365.25644266711197,3624.4088317872515,0.013406437534870879,0.0026709489771026967,2.329406466373302e-7,694.687895866388,334.06698118564026,-0.10775296252273402,-0.0878930830832943,0.0010929188398995362,4326.653527621116,378.14929551789675,0.043759209848320484,-0.027598068889778303,7.362493328609931e-5,-0.0017132987929183317,2.3111897653745124,-200.61936436688592
2.3098374381090055e-6,224.7007769201793,3503.7695289006365,0.0008683194300765579,0.00037869538849037016,3.024342755094398e-6,365.25644212999924,3624.408839118928,0.0135769667522932,0.002686014852026153,2.3702011189508644e-7,694.9673177846416,331.3572302999005,-0.1053519212970172,-0.08445264444454628,0.0010878850019814979,4326.737730046158,378.7969695799445,0.0437008328100518,-0.0273768634018782,6.921416553866434e-5,-0.001713027453781229,2.311075630025579,-200.97493485490517
2.3127514144752383e-6,224.7007769694688,3503.7695275823294,0.0010660987858755078,0.0004155169944677441,3.0257819807721092e-6,365.2564415972203,3624.408846427078,0.013761186910975677,0.0027009245292736223,2.4092120680393554e-7,695.2468520938112,328.5026286414823,-0.10279290038482504,-0.0812639315770832,0.0010824697011989108,4326.887580436362,379.30330130864337,0.043622566670857336,-0.027180792604721362,6.453402091797452e-5,-0.0017126880084985254,2.310954137927463,-201.34877080259645
2.3162648244271473e-6,224.70077701746067,3503.769526226226,0.001279991419967564,0.00045543197287151616,3.0273240841116486e-6,365.2564410664558,3624.408853755716,0.013959426546548604,0.0027174422080232306,2.446271796959336e-7,695.5264988391026,325.51490487821644,-0.100103321162604,-0.0783056370819268,0.001076678186284693,4327.1119006119125,379.61416999498243,0.04352392621159995,-0.027014547142593118,5.960088394542061e-5,-0.0017122670756223473,2.3108243172645464,-201.73998887655424
2.3203541182420884e-6,224.7007770637885,3503.769524845905,0.0015108013158464009,0.0004973602416116885,3.02897211877516e-6,365.25644053630555,3624.4088611307457,0.014172194230650567,0.002734603287399395,2.480615396784879e-7,695.8062580657406,322.39047049164554,-0.09730003598980481,-0.07559197877878794,0.0010705220440713592,4327.412940236124,379.7262139270009,0.04340376607771202,-0.02688039158675471,5.4440349541647776e-5,-0.0017117916173063443,2.3106870929312078,-202.14756651778524
2.3249775378575327e-6,224.70077710802812,3503.769523457187,0.0017591874339768485,0.0005402500939609354,3.0307285327277904e-6,365.2564400045682,3624.408868591902,0.014399799811126818,0.0027514656910418737,2.511584046701427e-7,696.0861298189682,319.1328930892021,-0.0944040926587154,-0.07312551148454628,0.0010640103737555185,4327.788233217725,379.64555923489604,0.04325965149872633,-0.02678029365345281,4.90933949325374e-5,-0.0017112951697260612,2.310544023755838,-202.57034197802196
2.3301127164202447e-6,224.7007771497978,3503.769522075331,0.002023963724689448,0.0005839397382309307,3.032583604661972e-6,365.25643946860663,3624.4088761837447,0.014641108934348359,0.0027679250154823394,2.5384124071838574e-7,696.3661141440466,315.74671226440967,-0.09144044228565773,-0.0709096533218011,0.0010571974468515802,4328.229926568992,379.37935108750315,0.04309266210094549,-0.02671571478076243,4.3609882885868806e-5,-0.0017107916311265685,2.310396331731138,-203.00700937367458
2.3357932042885867e-6,224.70077718860756,3503.769520715617,0.0023057602699781965,0.0006288745053475957,3.034538714191307e-6,365.2564389254625,3624.408883957337,0.01489648038322446,0.0027842982102905876,2.5601144466940614e-7,696.6462110862551,312.2210840002858,-0.08840828659602257,-0.0689608539752433,0.0010500956441054548,4328.747460945807,378.8921130742213,0.04290127779635117,-0.026690972086165884,3.8024276451961184e-5,-0.0017102740078453738,2.310244459823855,-203.45610698518905
2.341891061572064e-6,224.70077722395607,3503.769519396842,0.002603196294235626,0.0006727215763764953,3.0365841430543177e-6,365.25643837257957,3624.408891954533,0.015164494710227147,0.0027988064646370806,2.5758605313899736e-7,696.9264206908914,308.560594847269,-0.08532768739071765,-0.06728455166679864,0.001042762797956601,4329.320045025395,378.24257068325073,0.04268540001621866,-0.026704786375480943,3.241617675182113e-5,-0.0017097974457425623,2.310092038740054,-203.91600118422872
2.348453496637247e-6,224.70077725541998,3503.7695181339,0.0029150681051215233,0.0007175649116912248,3.0387091999756967e-6,365.2564378056183,3624.4089002483643,0.015443970801979822,0.0028131868619929697,2.584606572860125e-7,697.2067430032714,304.7601089993921,-0.08220661796880825,-0.06589196118253735,0.0010352468801310337,4329.956867129571,377.3780614156582,0.042445381881419164,-0.02676131796168492,2.6838844282957365e-5,-0.0017093366847176594,2.309939466131554,-204.3848680823557
2.3554238526099815e-6,224.70077728262564,3503.7695169402173,0.0032394047195590018,0.0007629300447939501,3.040900309565359e-6,365.2564372219678,3624.4089088807013,0.015733103121829004,0.0028272117464249913,2.5852358027557394e-7,697.4871780687289,300.80996844917865,-0.07904611361545683,-0.0648009493283907,0.0010276078253681354,4330.6428121653025,376.3273598620608,0.04218271568380351,-0.026861244817443022,2.1358063449364203e-5,-0.0017089040200925273,2.309788917643166,-204.86067788181253
2.362739895981661e-6,224.70077730511574,3503.769515831596,0.003574549267532245,0.0008072913514170274,3.043145033123074e-6,365.2564366184416,3624.4089179021466,0.016030302869511348,0.002839825485739815,2.57655473252823e-7,697.7677259326157,296.69691253525895,-0.07584385258585018,-0.06403849128275879,0.0010199013575573047,4331.37183044008,375.10277079633596,0.04189779377949187,-0.02700529355408149,1.6040038519795164e-5,-0.0017085128679506494,2.309642706967562,-205.3411873504861
2.3704052855937233e-6,224.700777322894,3503.7695148119665,0.0039180312201667,0.0008530990170438105,3.0454268196457746e-6,365.2564359926579,3624.4089273516893,0.016333391329913155,0.0028531829981721405,2.557987402942229e-7,698.0483866403035,292.40640001375664,-0.07258216077295154,-0.06360744830014271,0.0010121794025602692,4332.129567461196,373.7086362407248,0.04159419888632113,-0.02719544785952966,1.0933411276064471e-5,-0.0017081360508332563,2.309501215709077,-205.82394630536612
2.378351491926307e-6,224.70077733580462,3503.769513890416,0.00426721091414512,0.0008996632215897654,3.0477272485144584e-6,365.25643534189254,3624.4089372705207,0.016639978400848167,0.0028669651195848997,2.5288315446922854e-7,698.3291602371806,287.92240078260267,-0.06924746804339242,-0.0635279958210646,0.0010045028292600417,4332.905590888956,372.1600244597578,0.0412741786408845,-0.027431533322799188,6.099923038667216e-6,-0.0017077773015172944,2.3093663186100777,-206.30632099808076
2.3865758256786958e-6,224.7007773441254,3503.7695130633983,0.004621444850213862,0.000948189315872641,3.050040647200961e-6,365.256434665151,3624.4089476728964,0.016949378511108806,0.0028823005590177483,2.4893444723333225e-7,698.610046768654,283.21309026942214,-0.06578171489336851,-0.06379876436228095,0.0009968786158714262,4333.688371783413,370.46495070758647,0.0409406607203819,-0.02771610416553423,1.558567426253493e-6,-0.0017074114625862309,2.3092376811347757,-206.7855376321933
2.3950306381999785e-6,224.70077734811463,3503.769512328677,0.00497766679190228,0.000998945874314839,3.0523465963647494e-6,365.25643396051316,3624.408958584948,0.017258924411717457,0.002899625703037336,2.4392918172246773e-7,698.8910462801489,278.24587312450086,-0.06214024186668538,-0.06443892799710277,0.0009893552516345497,4334.4610685982125,368.6433129642771,0.04059770779767816,-0.02804970980667384,-2.6541054568553318e-6,-0.0017070266316609988,2.309115905824236,-207.25874116251043
2.403725954209181e-6,224.70077734835908,3503.7695116756104,0.005336915649469175,0.0010528350711978987,3.0546499172154213e-6,365.25643322672477,3624.4089700211816,0.017569329456927785,0.0029197256084953545,2.380193065727353e-7,699.1721588171089,272.9780657200524,-0.058221667182111386,-0.06542197872345124,0.0009819025529824007,4335.215333316269,366.7040638206701,0.04024729318734114,-0.028435047180336123,-6.5520799028767465e-6,-0.0017065960509583839,2.3089994806647973,-207.72306127288877
2.4127130768907536e-6,224.7007773457534,3503.769511084191,0.0057002898270944544,0.0011112818552929803,3.056953750439298e-6,365.256432462492,3624.408981995316,0.017881369850054948,0.0029438106306956535,2.3146005537681764e-7,699.4533844249959,267.34814031021574,-0.05387845092540237,-0.0666849963870982,0.0009744740735518632,4335.946411637008,364.6223898190932,0.0398934993662423,-0.02887927758902318,-1.0167340817190817e-5,-0.001706074498401413,2.308885808847312,-208.17566689444868
2.4220859720508436e-6,224.70077734133937,3503.769510529038,0.006073333616722221,0.0011744119467331782,3.0592893098499325e-6,365.2564316654192,3624.408994537281,0.018199475808057898,0.002971814607027483,2.2467299563906052e-7,699.7347231492898,261.2800588061612,-0.04889645821653609,-0.0680907904001467,0.0009669457318019707,4336.649560267293,362.3945020259528,0.039536035243983476,-0.029392662618272235,-1.3578222036965929e-5,-0.0017054179831100826,2.30877087171921,-208.61377176028773
2.4321192163624376e-6,224.7007773365442,3503.769509966488,0.006467928866543062,0.001242608962142472,3.061723044306809e-6,365.2564308320086,3624.409007691316,0.018533216223589524,0.0030036006207241387,2.1834272321021218e-7,700.0161750354894,254.64827710542352,-0.04292936209779228,-0.06935568821959869,0.0009590558165845222,4337.3206898144235,359.9791132022923,0.03916921840278938,-0.030002049452625443,-1.6916268213512986e-5,-0.0017045345433639413,2.308647626241113,-209.03451022109894
2.4434746303122478e-6,224.7007773331187,3503.7695093277857,0.006908059411254213,0.001316751576317476,3.0643878928838797e-6,365.25642995129846,3624.409021621643,0.01890203476912639,0.003038912597731132,2.1371953298078827e-7,700.297740129111,247.22503235768835,-0.03539948490672141,-0.06986711463389307,0.0009503375517724656,4337.986398849837,357.20880309408517,0.038779294040890165,-0.030768708055035825,-2.043436221252817e-5,-0.0017032238550867928,2.3085021826240375,-209.4344683292
2.4576331082476866e-6,224.70077733284575,3503.769508493742,0.0074341326009748476,0.001395004660577792,3.067501371556113e-6,365.25642899947667,3624.4090366937644,0.01933873396887932,0.0030745860795452214,2.1317924448363852e-7,700.5794184756893,238.55523580880723,-0.025395928307553904,-0.06832449008604453,0.0009400139996877312,4338.675744761103,353.7669180105965,0.038329643676819986,-0.03183343879364759,-2.4514780619649327e-5,-0.0017010190521345898,2.308310206225224,-209.80818693797704
2.5178561389598505e-6,224.700777043098,3503.769511307472,0.005274258498660119,0.0025533435764163634,3.0557778191814642e-6,365.2564276941833,3624.4090586248044,0.017668980328688518,0.004046601753972408,3.1636410343503916e-7,700.8612101207789,162.87285486885804,0.009375188628839968,0.02418270469212521,0.0009808122944612936,4337.631619845086,338.90543993522704,0.03946982028353323,-0.034051844601805624,6.833136503754853e-6,-0.0016751053944438954,2.308807762127005,-210.10380523635175
2.5222177590183708e-6,224.70077704825212,3503.7695100926353,0.005349484084696271,0.0022457518682077677,3.0559793921246793e-6,365.25642671012787,3624.4090740732695,0.017737103856492284,0.0037965815959488903,3.16457722310656e-7,701.1431151099507,165.27268925488562,0.0114467238184909,0.016028668710735123,0.0009790021865766177,4337.510775090416,339.61192320728236,0.03894143089275944,-0.03487820136030871,3.0472382520318303e-7,-0.0016727823347824512,2.308556669869212,-210.2353577135076
2.5282538593668208e-6,224.70077705901952,3503.7695088503037,0.005432926404730862,0.001981684842523088,3.0561655118434432e-6,365.2564257164604,3624.4090895621857,0.017809625624084786,0.0035822785880165937,3.270489680987743e-7,701.4251334887948,167.44934071781324,0.010748903466254192,0.0083354055405354,0.0009765815954416437,4337.18794551593,340.0995782215157,0.038532596030242984,-0.03579963413131063,-5.657250317571986e-6,-0.0016697044656988752,2.3082980894469296,-210.31616303986868
2.5346334916287694e-6,224.7007770682519,3503.76950784873,0.005452428465370749,0.0017997380036289365,3.0559966199870426e-6,365.25642471454483,3624.409105036093,0.01782943186133579,0.0034365697642485043,3.4680940096669373e-7,701.7072653029196,168.1251252137492,0.008069330829473993,0.003354882416015397,0.0009751752277967487,4336.663008545743,340.48572485055115,0.038318921296891136,-0.03659556939037604,-9.90610349605111e-6,-0.0016662870588453138,2.30808131488909,-210.3544594156399
2.5405885497676623e-6,224.70077707263732,3503.7695071117128,0.005370012714793864,0.0016789447687269657,3.0552620650124214e-6,365.25642371296556,3624.409120373249,0.017766831028855734,0.003343973332346952,3.711666126558443e-7,701.9895105979515,167.3301961407788,0.004894761292920547,0.0007789994572950401,0.0009757018055664067,4335.970191573072,340.9366942021303,0.03827784626332579,-0.03721850713575247,-1.2469522241614302e-5,-0.001662694116384853,2.307913098179506,-210.3595133771998
2.546117921564017e-6,224.70077707379812,3503.769506543109,0.005205125958003217,0.0015936314955114393,3.0540514465356365e-6,365.256422713082,3624.409135559138,0.017637463553358358,0.0032832734550905197,3.9703788728107965e-7,702.2718694195358,165.61208508302738,0.0019131510576546895,-0.00046486098973118643,0.0009778411163591356,4335.165097513209,341.4613649667612,0.03835861107283688,-0.037721435567253624,-1.388669145352183e-5,-0.0016589446230307816,2.3077772233393152,-210.33730550711587
2.551297794879488e-6,224.70077707359275,3503.769506073379,0.004982403174396654,0.0015297963935965177,3.052492320757158e-6,365.2564217160743,3624.409150568272,0.01746094250536593,0.003242430770540978,4.2302828361402966e-7,702.5543418133359,163.35714736483766,-0.0007208196961623692,-0.001038580270842072,0.000981136952454271,4334.279683089738,342.05335719814104,0.03852762067129003,-0.0381451831787837,-1.4529858868367603e-5,-0.001655071954539892,2.3076623794497344,-210.29193842959432
2.556126882875567e-6,224.70077707303767,3503.769505670795,0.00472056843935855,0.00147949798379088,3.050688396357247e-6,365.25642072189925,3624.409165392501,0.017252206530519478,0.0032144219756379197,4.4843263480638603e-7,702.8369278250334,160.7648364582506,-0.0030028088671359577,-0.0012652725929636968,0.0009852561526921102,4333.340442101012,342.7116646846671,0.03876340861404944,-0.03850779373145891,-1.4604741259953585e-5,-0.001651142844823504,2.3075637309669,-210.22690487022763
2.560665570820434e-6,224.7007770727232,3503.769505318481,0.004433039765208749,0.0014419801747285004,3.048718700003159e-6,365.2564197303106,3624.409180030471,0.017022038171717463,0.003198050585979461,4.7289234092011015e-7,703.1196275003285,157.944415511112,-0.004968931872837617,-0.0012973150041017806,0.0009899558251169375,4332.370476071031,343.40286742486427,0.03905068847176034,-0.03881911207844993,-1.423686068049649e-5,-0.001647190116013701,2.3074776439090336,-210.14552855207555
2.5649435105527486e-6,224.70077707301232,3503.7695050041807,0.004131383775387914,0.001413710241217674,3.0466514908946574e-6,365.2564187407162,3624.4091944838356,0.016779743167398515,0.0031900114610571334,4.962643807133297e-7,703.4024408849398,154.9663617113633,-0.006661058960413837,-0.0012247748962613439,0.000995024526760718,4331.384326411421,344.1242844198916,0.03937523641808758,-0.03908714767978287,-1.3526390601504062e-5,-0.0016432511131375205,2.307402175634229,-210.05107279235565
2.5689644827520954e-6,224.7007770740415,3503.7695047233797,0.0038221087306724503,0.0013945126039865141,3.0445280588510608e-6,365.25641775402784,3624.4092087353242,0.01653065803174994,0.0031898350575028677,5.1839214507709e-7,703.6853680246033,151.86650694385628,-0.008114284834419424,-0.0010880566781330434,0.0010003404803670692,4330.3957169003625,344.86046463216604,0.0397287509995579,-0.03931353196465489,-1.2529844708586537e-5,-0.0016393606979807022,2.3073364979724387,-209.9467391508455
2.5727676881308974e-6,224.70077707604057,3503.7695044685033,0.003514253476794083,0.00138405207098108,3.0424036892162196e-6,365.25641676794214,3624.4092228179497,0.016282096736001225,0.0031968320324817757,5.392420890237715e-7,703.9684089650759,148.68156761188106,-0.009353755269831487,-0.000916742124290189,0.0010057323968860287,4329.420278562246,345.5914018829921,0.04010048781582679,-0.03950346525590887,-1.1323656232780198e-5,-0.0016355524454421488,2.307278785177043,-209.83563048579515
2.576354144527196e-6,224.7007770790445,3503.7695042341393,0.0032107443944113735,0.0013811465997949168,3.040297669820038e-6,365.25641578371796,3624.409236708945,0.016036521813563187,0.003209891414419651,5.588550238668296e-7,704.2515637521306,145.42923008994123,-0.010411368790206089,-0.000724469920669997,0.0010111345964631969,4328.457783304231,346.3251882680229,0.04048528909436167,-0.039659548197636306,-9.942718853146587e-6,-0.001631843950417188,2.307228925912165,-209.72070768086803
2.5797512881476156e-6,224.70077708300923,3503.7695040189064,0.0029159451800842232,0.0013857529597890426,3.038239120573203e-6,365.2564148003093,3624.409250427271,0.01579758417706011,0.0032287246171363673,5.772506507332882e-7,704.5348324315594,142.12048524288454,-0.011304360977207637,-0.0005176162645868339,0.0010164595972286627,4327.524571866686,347.03681447168793,0.0408764292343431,-0.03978349568363768,-8.438877178034445e-6,-0.0016282531863496886,2.3071856732392244,-209.6047516688922
2.5830163450761974e-6,224.70077708815714,3503.769503812009,0.0026319598885420287,0.0013985583755206,3.0362396334893613e-6,365.2564138161588,3624.4092639925093,0.015567015621824968,0.003253726706964477,5.944810674014929e-7,704.8182150491729,138.77597497030612,-0.01205350377091856,-0.000302978268295024,0.001021637680206918,4326.617851484322,347.71341673197645,0.0412707185891643,-0.039881752991667026,-6.846507787644994e-6,-0.0016247707355087444,2.3071477362615638,-209.49033540056357
2.586123605220471e-6,224.70077709431104,3503.7695036143473,0.0023594879030383606,0.0014181483708610807,3.034307322347978e-6,365.25641283418634,3624.409277365444,0.01534554806223617,0.003283713265674441,6.105938646069054e-7,705.1017116508001,135.39296739675223,-0.012674915100856207,-8.042603371497606e-5,0.001026651505963973,4325.736146749617,348.3775585576885,0.04166499574210416,-0.03995265778690555,-5.191131807422272e-6,-0.0016214164119536753,2.307115240582102,-209.37980850741425
2.5891285966503005e-6,224.7007771015861,3503.769503418086,0.0020993569721842373,0.001445087475201709,3.0324462861954964e-6,365.2564118528894,3624.409290566479,0.015133893627912056,0.003319053643418146,6.256898728815485e-7,705.3853222822884,131.98880741074728,-0.013185024417703311,0.00014682880291066192,0.0010314597999483703,4324.881667091382,349.00914159944244,0.042057286649587,-0.04000210558747202,-3.5021659136948364e-6,-0.0016181759089795948,2.3070867866907636,-209.27529227468645
2.5920390078121365e-6,224.70077710991123,3503.7695032215574,0.001851387368044505,0.001479586587757245,3.0306574055053267e-6,365.2564108730918,3624.4093035895694,0.014932011584131443,0.0033599025943213466,6.398136343877138e-7,705.6690469895035,128.56196240412382,-0.013595199256663845,0.00038186307017316873,0.0010360629372528293,4324.05387264337,349.60493937804335,0.042447105638217554,-0.040030362036136614,-1.7998902440274702e-6,-0.001615050879335175,2.307061914912325,-209.17868495448025
2.5948911533623293e-6,224.70077711929423,3503.769503019759,0.0016155894930384848,0.0015208487010958636,3.028940484083597e-6,365.2564098938816,3624.409316446785,0.014739965757179311,0.003405575370227457,6.530705575696686e-7,705.9528858183298,125.12095847073061,-0.013917624184865597,0.0006218376068575668,0.001040435692119604,4323.249857378724,350.16785830010036,0.042832291686564376,-0.0400417157782763,-1.0517929118137273e-7,-0.0016120265960513193,2.3070397684582518,-209.0916727538184
2.5977328749221573e-6,224.70077712978747,3503.769502807546,0.0013898174949560343,0.00157061234946616,3.027283760678707e-6,365.2564089184204,3624.4093290945384,0.014556102046460094,0.0034575236374996695,6.655044617285784e-7,706.23683881467,121.66994095441133,-0.014166157926799336,0.0008720039633781231,0.001044601929056214,4322.462441294352,350.69203191416455,0.043214627852186036,-0.04003809876348037,1.5723585990734242e-6,-0.001609076025359801,2.3070191443211745,-209.0157458259732
2.60058811662324e-6,224.7007771412744,3503.7695025853213,0.0011752551061217289,0.0016284928028333936,3.0256939404129384e-6,365.25640794269646,3624.4093415998022,0.01438139935534732,0.003515356920025082,6.771723109837236e-7,706.5209060244447,118.21232908079399,-0.014343690405386463,0.0011314105770689525,0.0010485349366243018,4321.707626140248,351.1385821651061,0.0435919530370812,-0.04002252709684883,3.210704827616875e-6,-0.00160620077552834,2.306999421430459,-208.95221568834774
2.6034673715693574e-6,224.70077715384977,3503.7695023468955,0.0009697609480521498,0.0016947843993644737,3.0241589693505424e-6,365.25640696998556,3624.40935391327,0.014214162403128242,0.003579408225446454,6.881317720672324e-7,706.8050874935949,114.75115701518392,-0.01446238915365026,0.0014019866171074138,0.0010522580805637067,4320.962846978002,351.54818938384165,0.04396583451878475,-0.03999630069352854,4.809680332676089e-6,-0.0016033852452124174,2.3069802372391823,-208.90223278571096
2.606411069685973e-6,224.70077716741162,3503.7695020923143,0.0007726024287368779,0.0017691936648131798,3.0226740371782886e-6,365.2564059995615,3624.4093660514873,0.014053844137445396,0.003649444496852374,6.984239813912865e-7,707.089383268078,111.28974350725784,-0.014528383955356173,0.001683603558360775,0.001055777287541466,4320.238981175239,351.8885123010275,0.044335940753923275,-0.03996195636057412,6.354212009077012e-6,-0.001600610836620694,2.306960647752712,-208.8668026529002
2.609421295563044e-6,224.7007771819759,3503.769501819103,0.0005837718960389257,0.0018524108673219914,3.0212397373829766e-6,365.2564050296323,3624.409378047093,0.013900418120836323,0.003726009212758661,7.081042972031035e-7,707.3737933938708,107.83090008757699,-0.014545619489619214,0.0019782518180182225,0.0010590870845018268,4319.531585127736,352.1625451228535,0.044702041227860555,-0.03992115512705294,7.842029226418044e-6,-0.001597880797258712,2.3069406109277706,-208.84679942104887
2.6125681119757013e-6,224.70077719761707,3503.7695015230993,0.00040168312323506154,0.0019462968710161138,3.019846086741269e-6,365.25640406081305,3624.409389897456,0.013752617611834283,0.0038106226009384557,7.171571307263043e-7,707.6583179169683,104.37988320711642,-0.014520670321878149,0.0022897367697198036,0.0010622013836139859,4318.838182028109,352.3502950917976,0.045065803235514984,-0.03987679706573469,9.267260537722335e-6,-0.0015951602348719366,2.306918578425461,-208.84297631923124
2.615838103410299e-6,224.70077721428666,3503.7695012037534,0.00022627551433574013,0.0020498864987403436,3.0184933479188733e-6,365.2564030898972,3624.4094016561935,0.0136103867854753,0.0039025075696402936,7.256297980964866e-7,707.9429568833841,808.8811894469078,-0.014456041356063692,0.002616507680738597,0.001065114816727545,4318.155384007214,352.46141105460845,0.04542613684157776,-0.03982994804017396,1.0626000894741649e-5,-0.0015924552063767863,2.306894761355801,-208.8559726303731
2.6193012052978745e-6,224.70077723197485,3503.7695008602327,5.751047304243584e-5,0.0021652172584700974,3.017180426531997e-6,365.2564021105019,3624.409413429756,0.01347367417503359,0.00400324560430421,7.335198248076556e-7,708.2277103391505,97.51256106135958,-0.014352958620953617,0.002961634617857619,0.0010678249977271066,4317.496325775232,352.44519671124374,0.04578389687591268,-0.0397839317449128,1.190512016632726e-5,-0.0015897417303800824,2.3068676401540227,-208.88631711316023
2.6229156437974663e-6,224.7007772506144,3503.769500492686,-0.00010537391137286899,0.0022909343205458487,3.015904702202372e-6,365.25640112575053,3624.409425183034,0.013341873756185448,0.00411179304335431,7.40836891112928e-7,708.512578330318,94.09870529008882,-0.014215119476920047,0.003324664288747872,0.0010703372398115883,4316.849005247638,352.3392889857719,0.04613776537402228,-0.0397379475090657,1.311207962733294e-5,-0.0015870334241203739,2.3068380262928025,-208.93442759550086
2.626761181497449e-6,224.70077727030755,3503.769500097655,-0.00026195606682901914,0.0024299146528870643,3.0146674990033937e-6,365.2564001248609,3624.409437087196,0.013215253948870825,0.0042303815005275865,7.475647580866518e-7,708.7975609029559,90.70955509666351,-0.014042109960415782,0.0037086154896790275,0.001072632658652735,4316.2191433120215,352.09873708750246,0.04648870296296308,-0.03969643842434545,1.4243460627325092e-5,-0.0015843056233407603,2.306804499403733,-209.0006074517797
2.630818473802505e-6,224.70077729091207,3503.7694996779946,-0.0004126279306042292,0.0025810919238740964,3.0134676556984004e-6,365.2563991038305,3624.409449218552,0.013093507162854717,0.004358147612233632,7.536986323253673e-7,709.0826581031519,87.34285457665416,-0.013835044182926673,0.0041122510793733524,0.0010747186892644581,4315.6119138836175,351.72100449510305,0.046835678868062065,-0.03965921552578788,1.529546771002874e-5,-0.0015815659392177462,2.306767238750304,-209.08503897832512
2.6351133114384286e-6,224.7007773124579,3503.7694992324846,-0.0005560706398345187,0.0027466009256050614,3.012314318893988e-6,365.2563980546849,3624.409461721177,0.01297765153716636,0.004496707390146606,7.592229983491322e-7,709.3678699770114,84.00282462314901,-0.013590624874911503,0.004539686859849966,0.0010765614977020425,4315.026123846676,351.1935196839508,0.04717760739976536,-0.03962832719510962,1.62671808324861e-5,-0.0015788177479313902,2.306725719899154,-209.1877739090911
2.639634958103312e-6,224.70077733485948,3503.7694987627497,-0.0006917770096369481,0.0029259344299093324,3.011210939936687e-6,365.25639696102974,3624.4094748512452,0.012868040351600872,0.0046455679440386465,7.641193052289802e-7,709.6531965706607,80.69765428233883,-0.013306920247985977,0.004986803584857173,0.001078141297416151,4314.4665819291085,350.5087011528641,0.047512859966974366,-0.03960559610823531,1.716209433746069e-5,-0.0015760715056304666,2.3066803754733187,-209.30872206147527
2.644386554137182e-6,224.70077735800223,3503.7694982714,-0.000819470479663168,0.0031197317980943672,3.0101610149749106e-6,365.2563958201819,3624.40948868635,0.012764904504157636,0.004805215810303976,7.683622394622047e-7,709.9386379302425,77.42364041808374,-0.012983068044072975,0.005457089767473056,0.0010794551591177507,4313.93817231538,349.6527543521454,0.047840634599336386,-0.03959117460404088,1.7978183933327753e-5,-0.0015733320893777732,2.3066309123029325,-209.4476379766242
2.6494022686519966e-6,224.70077738182843,3503.769497759824,-0.0009377238667054761,0.0033294997965928282,3.009173924003687e-6,365.2563946083364,3624.409503606596,0.012669347395369747,0.004976701881355978,7.719306819674814e-7,710.2241941019187,74.19202318078624,-0.012613952457839884,0.005949889506381479,0.001080467202719579,4313.45260957547,348.58772403011477,0.04815939366350053,-0.03958809383235432,1.8711587441568992e-5,-0.0015705996343212806,2.306576713362541,-209.60410720235515
2.654619052658015e-6,224.70077740616983,3503.7694972323625,-0.0010444653789719344,0.003554830207777116,3.008264731392462e-6,365.25639331290677,3624.4095198436257,0.012582991954591536,0.005159602440383346,7.747993512751226e-7,710.5098651318696,71.00320174750426,-0.012193682661693789,0.0064642477247805865,0.001081135137686261,4313.008819974511,347.33111518432713,0.048465599657519724,-0.03959614046518251,1.937227411063328e-5,-0.001567918657416486,2.3065191949213624,-209.77753168369495
2.6600308214464938e-6,224.7007774310215,3503.769496689448,-0.0011381047729011303,0.003797723400401156,3.0074452873591583e-6,365.2563919086955,3624.409537804132,0.012507037636213771,0.00535538519614993,7.769504692104452e-7,710.7956510662945,67.8705963649017,-0.011717499389369319,0.007000352987873999,0.0010814185861151855,4312.605193390127,345.8794446610703,0.048757539206370215,-0.03961728883126839,1.9975074955566782e-5,-0.0015653088154499058,2.306458836882363,-209.9671158951148
2.6656161399364984e-6,224.7007774560012,3503.7694961405527,-0.00121727429387862,0.004056458720572961,3.006725871448425e-6,365.25639037940687,3624.4095577907606,0.012442632436506684,0.005562551180872279,7.783653990468129e-7,711.0815519514108,64.78887834333725,-0.01118017578626104,0.007555150318446407,0.0010812985110111642,4312.265645927202,344.19501353835153,0.04903156955850331,-0.03965213416022913,2.0509786269464582e-5,-0.001562788446877886,2.3063958613116617,-210.17185410803006
2.67132116658641e-6,224.70077748089696,3503.7694955917395,-0.0012793996293913082,0.004330965849807575,3.006125278998682e-6,365.2563886882044,3624.4095803990313,0.012391824337656416,0.005780891128475414,7.790228796207025e-7,711.3675678334548,61.76867221892154,-0.010572790581374548,0.008123469089716173,0.0010807288121180698,4311.995741322756,342.2826636732787,0.04928436121378909,-0.03970115477953186,2.0980030659355892e-5,-0.0015604009649960292,2.306331412945365,-210.39051916880942
2.6770881415963877e-6,224.7007775055379,3503.769495047811,-0.001320734154582904,0.004622514195372187,3.0056702301802385e-6,365.2563868083973,3624.409606101848,0.012357566552194055,0.006011227751958632,7.789062491510867e-7,711.6536987586815,58.81871440386436,-0.009885344573625034,0.008705260248494549,0.0010796303187399529,4311.7965902634005,340.14640658348475,0.04951051214789519,-0.03976576709286105,2.1406885012467924e-5,-0.0015582017879847965,2.3062671841982665,-210.62165335096313
2.682844221076108e-6,224.70077752951929,3503.7694945195367,-0.0013390744173846503,0.004928961465652842,3.005376945015393e-6,365.25638470364737,3624.4096354996523,0.012341641285408404,0.006251736168346559,7.780398615946733e-7,711.939944773364,55.944455010088014,-0.00911084277540881,0.009292085764915177,0.0010779803288891506,4311.684733758517,337.7808208614315,0.049706104371940965,-0.03984585627270514,2.179688004064947e-5,-0.001556234523999332,2.3062049261728226,-210.86356161456843
2.4497095531627327e-6,224.700777026398,3503.7695064656164,0.004374417163056284,5.4542149366996094e-5,3.0441392521993474e-6,365.2563411975233,3624.410244017246,0.01665947807664281,0.002163677210969913,1.9383539554985431e-7,712.2263059237938,294.5745605698766,-0.010309473602050125,0.08635068338769472,0.001009914669979772,4328.85273269646,360.8381180163321,0.043473386016108506,-0.037971409869450155,-1.6219317892346674e-5,-0.001677560546294535,2.308690218633995,-210.972790194049
2.4519533486172115e-6,224.70077704235268,3503.7695061780714,0.004479951242246921,0.00013871751649916503,3.0447729801214483e-6,365.25633560069963,3624.4103188304202,0.016746417817893745,0.0022233932101188366,1.8903097488719108e-7,712.512782256283,294.3277284155997,-0.00550221370040049,0.09016477632498868,0.0010078153776046186,4329.081486566381,359.63206261385244,0.04345495576167098,-0.03804981486998747,-1.7270324118216264e-5,-0.0016774949349117334,2.3086272405545967,-211.00361937475458
2.4543172914906257e-6,224.70077705785772,3503.769505905929,0.004593792843764375,0.0002161498890255961,3.045451387106079e-6,365.2563295826303,3624.4103992014307,0.016840218755494605,0.002277250998985022,1.8302366579438894e-7,712.7993738171601,294.42526634970704,-6.852904529248971e-5,0.09469169496053802,0.001005606272085692,4329.33100322219,358.43241146742776,0.04342422858768964,-0.03813443077904232,-1.8267799653689863e-5,-0.0016774273656240803,2.308568154555552,-211.0353625898791
2.456831897408154e-6,224.7007770728674,3503.76950565139,0.004718910071058996,0.00028375393312896145,3.0461929131935133e-6,365.25632306166864,3624.410486233415,0.01694334170385131,0.002322607277035251,1.7534999783795475e-7,713.0860806527731,295.01386022980296,0.006294571368740318,0.10031977276555311,0.0010032366638140248,4329.603883251832,357.25403823115124,0.04337710605843002,-0.038226952912483896,-1.9230754082645008e-5,-0.0016773554762589044,2.3085126297660827,-211.0676067660588
2.4594258037001903e-6,224.70077708749366,3503.769505410923,0.004851734345560024,0.00033891878663373174,3.046976837079038e-6,365.2563159879488,3624.4105805242916,0.017052881264530834,0.002357568330427167,1.6617821717889438e-7,713.3729028094886,296.1103508841666,0.013859201163368005,0.10720143741695527,0.00100077328856812,4329.888339515172,356.14122095021685,0.04331716150628275,-0.03832451404830233,-2.016558349572304e-5,-0.0016772759730430016,2.3084608471002825,-211.0999081791189
2.46196221478351e-6,224.70077710185853,3503.7695051799187,0.004990154577224421,0.0003791910283964836,3.0477907469680684e-6,365.2563082924974,3624.410682909711,0.01716687126384939,0.0023803563371810736,1.5623107632404402e-7,713.6598403336916,297.650232773638,0.022897008501132902,0.11519641079672817,0.0009982476534106703,4330.160776987971,355.1625338976111,0.043246241410749744,-0.03842469745758287,-2.1096529013314646e-5,-0.0016772113091201883,2.3084128311825403,-211.13181260142252
2.4645242658441248e-6,224.70077711634568,3503.769504948993,0.005130511924747087,0.00040706072292835644,3.0486134362237975e-6,365.25629987863596,3624.4107946789486,0.017282515847165444,0.002393056963763236,1.452123414335029e-7,713.946893271786,299.76968959453194,0.03395940442501611,0.12485113619963474,0.000995711544232601,4330.416183192117,354.2952157031337,0.04317024539765988,-0.03852842689950177,-2.2049024273154875e-5,-0.0016771070808371613,2.3083657521100696,-211.16288776465348
2.46700148848567e-6,224.7007771311975,3503.7695047091233,0.005264612284449338,0.00042580531293107875,3.0493954921075403e-6,365.2562907490611,3624.4109156941677,0.01739304100119992,0.0023987498596922713,1.3445422422182796e-7,714.2340616701946,302.1611941459643,0.04701529760546785,0.135471340741096,0.0009932889097608835,4330.643513754329,353.53649703890613,0.04309774616106781,-0.038631073478191884,-2.3041943551215186e-5,-0.0016769543794104018,2.308317953769071,-211.19276234231828
2.4694254601107547e-6,224.70077714663012,3503.7695044548896,0.005391174170235604,0.00043863812928705327,3.0501309342820438e-6,365.2562808432862,3624.411046809531,0.017497489951017534,0.002400040334324115,1.2400923991585557e-7,714.5213455753584,304.8172418248054,0.06241147340594967,0.14716826051345144,0.0009909781544009076,4330.832802710413,352.88196336501716,0.04303013467627769,-0.038732261847447144,-2.4096211114047313e-5,-0.001676743041387065,2.3082674162956587,-211.2211555734547
2.4717786191374546e-6,224.7007771628728,3503.769504179481,0.005506251304024812,0.0004522741438928563,3.0507941605078327e-6,365.2562701631532,3624.41118801466,0.017592587631321436,0.0024025122297848998,1.1476024272955122e-7,714.8087450337373,307.4200321750362,0.07979180671341803,0.15900163301652134,0.0009888299857838984,4330.987807303283,352.2747052955982,0.04297232742048475,-0.03883076572954193,-2.5211319320663613e-5,-0.0016764705908901593,2.3082126240565235,-211.2478860981929
2.4740620774005247e-6,224.7007771799942,3503.769503880449,0.005608239206773295,0.0004709669115557944,3.051375195797735e-6,365.2562587262887,3624.411339115864,0.017677081597355062,0.002409640566365919,1.0707183331695835e-7,715.0962600918091,309.6994407922316,0.09854081985292797,0.1701241168481805,0.0009868576273408978,4331.104630209176,351.6978225110214,0.04292579424449351,-0.038924847555485566,-2.6378839923315412e-5,-0.0016761447614141185,2.3081530943515713,-211.27285241207267
2.4763086806955534e-6,224.7007771979104,3503.7695035603538,0.005699124129158124,0.0004973686238124327,3.051885454725674e-6,365.2562465206305,3624.411500359762,0.017752616890304954,0.002423434973362582,1.0097047527140957e-7,715.3838907960726,311.48898200253825,0.11802991931734626,0.17988377558438012,0.000985018756662275,4331.194775500742,351.1154265672524,0.0428871354605822,-0.039015069224848,-2.7586346432011756e-5,-0.001675779640153261,2.3080889023448403,-211.2959995819734
2.478528343131205e-6,224.70077721655088,3503.7695032214765,0.005781307228921488,0.0005325191663577152,3.052336119762668e-6,365.25623348535424,3624.411672659483,0.01782107631492577,0.0024446200769643197,9.653258052550205e-8,715.671637193043,312.61700767319957,0.1374210678294305,0.18746689472611008,0.0009832766445499964,4331.269068383872,350.49786707197876,0.04285429413296945,-0.03910300661603908,-2.883262220575371e-5,-0.0016753919376072523,2.308020317362524,-211.31728667677336
2.480745304545569e-6,224.7007772358336,3503.769502865998,0.00585597018331288,0.000576114628797056,3.052734198971596e-6,365.25621957712076,3624.41185669317,0.0178835043569322,0.0024728745167983384,9.347819262450362e-8,715.959499329255,313.07320528212995,0.15620762773767308,0.19273792371739581,0.0009816068377457307,4331.323282943707,349.86166199005396,0.04282512065494697,-0.03918846228323908,-3.010243179970793e-5,-0.0016749868970517715,2.3079480227342546,-211.33666334949015
2.482957466277672e-6,224.70077725560137,3503.7695024975574,0.005924051629202491,0.0006292956307065791,3.0530824410465976e-6,365.2562047975351,3624.412052479276,0.01794059758730527,0.0025090847181062984,9.199554761353758e-8,716.247477251262,312.65943364076446,0.17307283633298093,0.19492505472874677,0.00097999939305651,4331.371161014412,349.1712499314777,0.042798165286651084,-0.03927183586894944,-3.1373347538708145e-5,-0.001674578746124062,2.307873050312698,-211.354056445697
2.485209310982661e-6,224.70077727575193,3503.7695021189866,0.005988364057625219,0.0006904931913421623,3.0533971844597744e-6,365.2561890310964,3624.412261716411,0.017994663662697603,0.002551816940145505,9.169423681701895e-8,716.535571005636,311.54699773613254,0.1880718226056539,0.1945357815035179,0.000978404807531216,4331.414608607507,348.4329800527316,0.04276972813195166,-0.03935533232392919,-3.2648747405605196e-5,-0.0016741634615068724,2.3077955181883354,-211.36936060982396
2.4874937836137464e-6,224.70077729633584,3503.7695017289257,0.00604883205462232,0.0007621878613124939,3.0536728383582636e-6,365.2561722266937,3624.4124851287165,0.018045512358308896,0.0026030651899463264,9.294868677858242e-8,716.8237806389682,309.56907849924687,0.1998329919748947,0.19090440209505447,0.0009768349340836468,4331.460863951828,347.6161891511352,0.04274192313960031,-0.03943966011446207,-3.3918978356588116e-5,-0.0016737440189557985,2.3077156552916263,-211.38243512626892
2.4897099465281567e-6,224.7007773170462,3503.7695013349035,0.006107965320253607,0.0008375422603356746,3.05392607212851e-6,365.25615428920804,3624.4127241537367,0.018095180119946687,0.002657283527612672,9.545735743272423e-8,717.1121061978678,306.9494179775014,0.20871642354690673,0.18482731126512517,0.0009752469899445879,4331.493956134558,346.81719984053876,0.042708585166221724,-0.03952182688477594,-3.5175003699250346e-5,-0.0016733735946168214,2.3076362465026827,-211.39309982144925
2.4920408883268752e-6,224.70077733795932,3503.769500934828,0.006165648776185263,0.0009225839767107653,3.054152156252965e-6,365.256135146842,3624.4129799026223,0.018143598948422362,0.002719220348195029,9.910690098491741e-8,717.4005477289633,303.8372856954143,0.21486972934883053,0.17694434843241258,0.0009736432542962482,4331.542573980705,345.91178065124916,0.04267218133976459,-0.039607850289837425,-3.640761996347778e-5,-0.0016729812174676724,2.307554987281862,-211.40113391226973
2.494356253082915e-6,224.7007773589438,3503.7695005317646,0.006222684967577272,0.0010129266223089313,3.054354122869815e-6,365.2561146733234,3624.413254195143,0.01819132446472416,0.002785366807867006,1.0402201543952016e-7,717.6891052789018,300.3035304540381,0.21821409534561068,0.1675300941634743,0.0009720220209912139,4331.593249277682,344.97315317661963,0.04263155561370442,-0.03969444718161238,-3.761912751751744e-5,-0.0016726189096398878,2.307474032286211,-211.40627468776685
2.496653638286602e-6,224.7007773799853,3503.7695001259995,0.006280887291573813,0.0011086678302328194,3.0545399828874446e-6,365.25609275322057,3624.4135488149386,0.018239707314777552,0.0028557359719142096,1.1025910725199527e-7,717.9777788943485,296.46532162884046,0.21900833545693313,0.15700344842809122,0.0009703513952955471,4331.643361514195,344.0098066972777,0.042584358796902,-0.03978271804526382,-3.879703794732304e-5,-0.0016722963642832652,2.307394096665772,-211.408215638246
2.4989885050224555e-6,224.70077740098185,3503.7694997195526,0.006340338210993102,0.0012097572910359745,3.0547085502080216e-6,365.2560692410127,3624.413866000901,0.01828887001047634,0.0029302293053915227,1.1766224774807431e-7,718.2665686219893,292.49586044542497,0.21797326675950277,0.14606974469569417,0.0009686312785307797,4331.7040536527675,342.9915578138571,0.042530533419879675,-0.03987425282668944,-3.9946979991733535e-5,-0.0016719891356498675,2.3073145701755995,-211.4066066781995
2.501328500242903e-6,224.7007774218989,3503.7694993125992,0.006401430279846985,0.0013165955719440393,3.0548582917138715e-6,365.25604404265044,3624.4142071368324,0.01833898526013439,0.003009157394940916,1.2649964833431895e-7,718.5554745085271,288.413541983597,0.21502399413883277,0.13487867858774838,0.0009668595126543058,4331.773086823734,341.9226437476051,0.04246998390382392,-0.03996910028718574,-4.1052944014362773e-5,-0.0016717104201677427,2.307236451624718,-211.4010536814814
2.503633197542273e-6,224.70077744261428,3503.769498908041,0.006466099627502109,0.0014273106163483283,3.0549999091693155e-6,365.2560169804014,3624.4145750252715,0.01839156893432888,0.003090976266631278,1.3668158286560586e-7,718.844496600684,284.3408383607681,0.21084401306558823,0.12387405369504888,0.0009650077463292953,4331.845721977473,340.8362014722528,0.042399843335808575,-0.04006655161540725,-4.2107995211481484e-5,-0.0016714870173673844,2.3071610047533664,-211.39111935204778
2.5059557063813993e-6,224.7007774630565,3503.7694985071653,0.006534910274416367,0.0015426606030716334,3.0551314942372098e-6,365.2559878514572,3624.414972711871,0.018447020137586524,0.0031762032594959875,1.4835744420409508e-7,719.1336349452009,999.4507015482544,0.20566141997016552,0.11323381547718193,0.0009630757946950559,4331.940082350608,339.6789938505075,0.0423206565606877,-0.040169233401932555,-4.312635366129283e-5,-0.0016712929588323623,2.307087222222265,-211.37632497374588
2.508225464120489e-6,224.7007774831297,3503.7694981116424,0.006609118235742869,0.0016607537232152098,3.0552589345420457e-6,365.255956471858,3624.4154030979016,0.01850625724391045,0.003263313107442596,1.6160660367736533e-7,719.4228895888377,276.38419174819643,0.19979379619675103,0.10311947980833393,0.0009610430143994755,4332.042542503839,338.5045000614535,0.04222992798708105,-0.040275482925663485,-4.409341375340308e-5,-0.0016711623130925078,2.3070168544936567,-211.35615315824674
2.5104457318931722e-6,224.7007775026575,3503.769497725098,0.006688862802090061,0.0017808056011145898,3.0553795465138438e-6,365.2559226445109,3624.415869283679,0.018569350956882776,0.003351670952224237,1.7649862648400658e-7,719.7122605783729,272.56946347947775,0.1935131128543416,0.09365638883702308,0.0009589181264546452,4332.162131519122,337.29692677349806,0.04212781384371271,-0.04038555092191221,-4.500385767150757e-5,-0.0016710918000159207,2.3069503526414032,-211.33005173869563
2.6008363051548262e-6,224.70077723435307,3503.7695039455893,0.01518320495937727,-0.003337897298130126,3.1199594418698583e-6,365.25615499472,3624.4125606811454,0.025380442952839085,-0.0010913773503744577,1.5692733712597808e-6,720.001747960604,770.4326441520225,0.034484325159541376,-0.009138050793891156,0.000827632946734413,4341.992331018607,362.54144260697416,0.026037838782387707,-0.04200827793427785,-1.0270980579737863e-5,-0.0016719600464314985,2.3103080310238386,-211.2967111159325
2.597577354659403e-6,224.70077723578973,3503.7695038615043,0.014831131653533447,-0.0032104606467173737,3.117683683366286e-6,365.25613361721025,3624.412824983197,0.025098817621266884,-0.0009811264075809461,1.5962740007487898e-6,720.2913517823472,767.3152282726104,0.034354829879970336,-0.008933894495016352,0.0008326022135540348,4341.661630410967,362.5015212943407,0.026684402140084457,-0.04181481330375397,-9.47096028584341e-6,-0.001672098150521076,2.310314824031336,-211.1963619437643
2.5944011054947746e-6,224.70077723565063,3503.7695038059487,0.014481674094926573,-0.0030766714283171777,3.1154364380003703e-6,365.25611002674805,3624.4131170305936,0.02481885407012011,-0.0008656275851935709,1.6246750870984193e-6,720.5810720904376,764.2339990653329,0.03421628543423576,-0.008723689738977606,0.0008375436343315501,4341.318819960844,362.4205642269852,0.027319139302345384,-0.041629796606044316,-8.69241217960365e-6,-0.0016722063196341914,2.3103189894502,-211.09781856335368
2.591291550627672e-6,224.70077723389554,3503.7695037797707,0.01413525376474277,-0.002939427820333029,3.1132212107015527e-6,365.2560840076063,3624.413439477228,0.024540913339603974,-0.0007472061855223254,1.6545654483411068e-6,720.870908931729,761.1859776403231,0.034071112964635664,-0.008512312942905206,0.0008424520218295702,4340.9652261468755,362.3173169874914,0.027940527178110228,-0.04145136858123443,-7.9440539824893e-6,-0.0016722924797787186,2.310320690339851,-211.00086342389275
2.588303338565645e-6,224.70077723068871,3503.7695037781946,0.013793866067503649,-0.0027950496851843996,3.1110511018620522e-6,365.256055231624,3624.4137964995957,0.024266534450475233,-0.0006229420494193323,1.6860425444035945e-6,721.1608623530935,758.1678808319438,0.033923180922727274,-0.00829265847352871,0.0008472955648497038,4340.595391852634,362.17675295180277,0.02854742854775598,-0.041282700191092855,-7.208325058661648e-6,-0.001672347737402782,2.3103196678944853,-210.90526267298534
2.585460825014058e-6,224.70077722595974,3503.7695038029497,0.013457814338017965,-0.0026453104177916417,3.1089283030216373e-6,365.2560233720516,3624.4141922966837,0.023996028455877887,-0.0004943079857959621,1.719159382931204e-6,721.4509324014241,755.1750591280658,0.0337742165772314,-0.0080686317600138,0.0008520657017172454,4340.221277222719,361.98024519732434,0.029138354217596488,-0.041124028303260764,-6.503042951630831e-6,-0.0016723616263503922,2.310315192689173,-210.81076793096867
2.582757593801767e-6,224.7007772197942,3503.769503850937,0.013128321921211033,-0.0024893481052110683,3.1068637684043754e-6,365.2559879948386,3624.414632280363,0.0237302745444909,-0.00036060112327064895,1.7541889964437292e-6,721.7411191236307,752.2120305689103,0.033625738292147704,-0.00783716298478887,0.0008567449276473093,4339.833075777462,361.7461310820143,0.029712762668359455,-0.04097568969003057,-5.812839213203392e-6,-0.0016723449776737157,2.3103078609819554,-210.7171181845847
2.580233753219604e-6,224.70077721218576,3503.7695039226332,0.012805793216237444,-0.002326771179321286,3.1048590712971434e-6,365.255948646926,3624.415122398915,0.023469667694767847,-0.000221540199261459,1.7911059999653183e-6,722.0314225666424,749.2709369305016,0.033479644377906737,-0.0075986735036851025,0.000861324726744545,4339.439103936128,361.4500565020182,0.03027056545026946,-0.040838662753012026,-5.14594842081795e-6,-0.0016722844361018588,2.3102968514748814,-210.62404153531878
2.577924556301837e-6,224.70077720322078,3503.7695040152194,0.012491991764921466,-0.0021557945721223347,3.102926367864845e-6,365.25590475211953,3624.415670041808,0.02321556558005283,-7.573013838943818e-5,1.8300183242902323e-6,722.3218427774075,746.3509088165214,0.033338918187110336,-0.007349763805406763,0.0008657734400645417,4339.035824620924,361.08397075383687,0.030810073058272932,-0.040715059380820186,-4.494673539943003e-6,-0.0016721760630114654,2.3102819560391756,-210.53125756964158
2.5757933779587837e-6,224.7007771928575,3503.7695041296856,0.01218606085799773,-0.0019784422942681107,3.1010635931994125e-6,365.2558556671217,3624.4162835015086,0.022967301585942457,7.52398027968247e-5,1.8711918707224618e-6,722.6123798028931,743.4524240117208,0.03320213851571939,-0.007093677600873558,0.0008701033176778657,4338.62216954901,360.66938429803446,0.03133235426675463,-0.040602489773907416,-3.861229739496055e-6,-0.0016720314885270333,2.3102635732358245,-210.4384795204739
2.5739077682333553e-6,224.70077718114,3503.769504265019,0.011890101947601896,-0.0017919095787110942,3.099283102082185e-6,365.2558005863484,3624.4169734116913,0.022726557870802057,0.00023354908442040098,1.914554098386125e-6,722.9030336900853,740.5708093422904,0.03307273764351385,-0.006826667517303817,0.0008742800523298603,4338.204050220779,360.1690858611081,0.03183600399783702,-0.040504206674679986,-3.2451923959339173e-6,-0.0016718360421298453,2.310240761531762,-210.3454173004929
2.572251457466822e-6,224.70077716806153,3503.7695044211478,0.01160350444253101,-0.0015975200186725592,3.09758496302792e-6,365.2557385688458,3624.417751946957,0.022492851823371962,0.0003981556583413015,1.9605065957177994e-6,723.1938044859887,737.7068563770802,0.03294968264291186,-0.006550405284184848,0.0008783101903335489,4337.780843135966,359.5958321351043,0.032321821368984906,-0.04041880448208941,-2.6468638450502532e-6,-0.0016715935774394234,2.310213802462178,-210.25178055973714
2.570852501220908e-6,224.70077715364425,3503.7695045973255,0.011327587220781338,-0.0013940332938316836,3.0959778894738173e-6,365.2556684895555,3624.418634042959,0.022267221556326655,0.0005700100956510096,2.0089793114166582e-6,723.4846922376273,734.8574061976334,0.032834418618676836,-0.006264116432974513,0.0008821636871315549,4337.350287415655,358.9421040683471,0.03278804457098766,-0.040348222863921146,-2.0619345846433565e-6,-0.0016713014768782182,2.310182321839264,-210.15728300911792
2.532573817646932e-6,224.70077766558634,3503.769494235105,0.009101664841121454,0.0035830846947050923,3.0582962621011783e-6,365.25494140368147,3624.4298779137066,0.020387861603819904,0.004614628390973786,6.664923758882632e-7,723.7756969920439,228.38856610174903,0.11986719796666251,0.02825652897802453,0.0009109530216751594,4336.726020497874,316.80222175866004,0.0386762454284524,-0.042613707153521765,-4.992390861520351e-5,-0.0016803470153331542,2.3066338417188366,-209.99849011704433
2.5336492280787898e-6,224.70077766566246,3503.769494190945,0.00938138952868923,0.00372742244692413,3.058434331551479e-6,365.25479908932283,3624.431937442778,0.020594124236214956,0.0047102684639545155,7.334863035181979e-7,724.0668187962991,225.3900869798743,0.11700935444199259,0.026914651427149685,0.0009061097207041932,4337.242594135554,315.12549540049565,0.03826254020448885,-0.04282949325103784,-4.9458541981755394e-5,-0.0016817772518068444,2.3066633066986437,-209.81054845589236
2.534712433469117e-6,224.70077766304675,3503.7694941968653,0.009658685028500367,0.0038740550088136204,3.0584260443447228e-6,365.2546382371705,3624.4342685433107,0.020797226173595338,0.004807169295959192,8.065111142734683e-7,724.358057697475,222.36498930057024,0.11445938106477782,0.025803897060333366,0.0009013322618153014,4337.752474031014,313.4769053994689,0.03784511101718047,-0.04304258279835994,-4.879286561040416e-5,-0.0016832234830523823,2.30670110962414,-209.60793301876458
2.535750028463918e-6,224.70077765715322,3503.7694942640055,0.009919439082860033,0.004021774275551328,3.0581910571395735e-6,365.2544560389833,3624.4369135358024,0.020986097633048133,0.004904910628437432,8.854078762050324e-7,724.6494137426706,219.3151126019827,0.11219642128533383,0.024891842303763952,0.0008968281849636361,4338.22911213263,311.9083550085461,0.03744227612328736,-0.04324402270042195,-4.788181159881067e-5,-0.0016846262944121668,2.306748108767964,-209.39086242810126
2.5367086453658773e-6,224.70077764718408,3503.769494409179,0.01014690801048065,0.0041669327837659574,3.057642080772269e-6,365.2542491703969,3624.4399227476138,0.02114766630577976,0.005001280484871341,9.696959970168367e-7,724.9408869790041,216.24311238725525,0.11019474709834118,0.024143795952233055,0.0008928558800561405,4338.6463362342965,310.4862172027398,0.037077007405471984,-0.0434209082185013,-4.668885420240222e-5,-0.0016859270808632016,2.3068053954180066,-209.1599621584288
2.53755017044055e-6,224.7007776322746,3503.7694946506517,0.010321620998500267,0.004306271738465955,3.056687456920056e-6,365.25401356743595,3624.4433583693376,0.021266819648068494,0.005094486694921104,1.0584765788858362e-6,725.2324774536129,213.15448437056153,0.10842679390169808,0.02352895955698381,0.0008897042262201151,4338.978457607323,309.27426167232863,0.03677585446709409,-0.04355899675050984,-4.518982853004158e-5,-0.0016870442963719244,2.3068730934213666,-208.91631781298148
2.538173229417534e-6,224.70077761157614,3503.7694950056043,0.010424352368668103,0.004433576479085117,3.0552431177376526e-6,365.25374414600196,3624.4472985384295,0.021328581575549677,0.0051805094140414745,1.1506346653869154e-6,725.5241852136535,210.05698045893624,0.10685586952938216,0.02300805946563274,0.0008876630228532473,4339.188121338102,308.3704775325968,0.036565817566146186,-0.043643623690648836,-4.336566200723692e-5,-0.001687917511344867,2.3069520407698505,-208.6614509819632
2.5385046955130857e-6,224.70077758433,3503.769495489299,0.010439929512483783,0.004542878207862165,3.053252036534353e-6,365.2534339130315,3624.4518516752787,0.02132118811221683,0.00525538067824382,1.2449798072691007e-6,725.816010306301,206.96395338983754,0.10545369224451596,0.022540231146853162,0.0008869605888074619,4339.252522344395,307.84408564733656,0.03646794054865746,-0.04366314666324202,-4.12292164592212e-5,-0.0016884896270502874,2.3070419197899907,-208.39720423511926
2.5385238435405427e-6,224.700777550379,3503.7694961040243,0.010357665141818982,0.0046352111795521286,3.0506755733990555e-6,365.25307308095176,3624.4571673717605,0.021236235174721025,0.005320539172321708,1.3407708699990021e-6,726.1079527787498,203.88220090851095,0.10418410454345135,0.02211032221901346,0.0008877578480240424,4339.155398918741,307.7011267731443,0.03650008728026306,-0.04361265012568213,-3.879211498458144e-5,-0.001688712433706205,2.307141020053018,-208.12557132273724
2.53814058658101e-6,224.70077750962275,3503.769496849526,0.010174373394029854,0.004706608129350078,3.047509651266705e-6,365.252647968327,3624.463454889577,0.02107109412729121,0.005373220059865875,1.437767004871889e-6,726.4000126782132,200.8229862570702,0.10302219826189368,0.021684321974824443,0.0008901046791517702,4338.872468360275,308.00858392420184,0.03666541761088445,-0.04348959100405583,-3.60840649116651e-5,-0.001688596098852425,2.307248894125309,-207.8485491752192
2.5373634086113912e-6,224.7007774622961,3503.7694977153224,0.00989082088831109,0.00475974790787029,3.0437555834698245e-6,365.25213915056435,3624.471014378464,0.020825999626859756,0.00541581333696773,1.5363701708731347e-6,726.6921900519235,197.80433657145372,0.10194944371178394,0.02124116781921506,0.0008939868526969115,4338.390565095952,308.75986271390644,0.036962501281048325,-0.04329883487629438,-3.313054358823146e-5,-0.0016881340620586976,2.307363726311465,-207.56809472054275
2.5361234923234034e-6,224.70077740872097,3503.769498688169,0.009509569629828763,0.004795340977090991,3.0394139024028937e-6,365.2515193372924,3624.480264887229,0.020502411711749716,0.0054491452878543305,1.6376109278870196e-6,726.9844849471311,194.83846880351047,0.10094755124176007,0.02075913492564058,0.0008993683434828119,4337.673963441235,310.01402167211955,0.037385518260779536,-0.043044880472548286,-2.9934864818630332e-5,-0.001687364857058659,2.3074853525085857,-207.28625286647022
2.5344450771751895e-6,224.7007773492482,3503.7694997520935,0.009033966829556565,0.0048204535020281965,3.0344711377720783e-6,365.25074843774144,3624.4918255680814,0.020102177780894938,0.005479015664473801,1.7433021402869676e-6,727.2768974111078,191.94210052336405,0.10000451096013815,0.020229577879933416,0.0009061909789150328,4336.702542115519,311.75218776237017,0.037927277106688306,-0.04273662552805956,-2.6499699846078548e-5,-0.0016863012240625553,2.307611957650062,-207.00551627140814
2.53229085276287e-6,224.70077728391496,3503.7695008920373,0.008465198190449087,0.004838684774279957,3.028895882357956e-6,365.24976787704054,3624.5066098931943,0.019625191250981777,0.005508856796635234,1.855408309383571e-6,727.5694274911422,189.14467308579816,0.09911643552498585,0.019622767499924858,0.0009144229821995689,4335.417549924132,314.0564217480578,0.038580592438522965,-0.04238069491104009,-2.2793092466251995e-5,-0.0016849666950115047,2.307743748310186,-206.72951244672424
2.5296563489683727e-6,224.7007772126034,3503.7695020940596,0.007802785969951676,0.004858141662947317,3.0226298778371565e-6,365.2484870258456,3624.5260327214587,0.019069721749652237,0.005545830362635431,1.9768153831754924e-6,727.8620752345424,186.47428637402777,0.09827886118790898,0.01891866595407393,0.0009240467841512267,4333.751154070819,316.9862245533805,0.039340184947779744,-0.041985364423197606,-1.8770295329403485e-5,-0.0016833768587174132,2.3078798691863653,-206.46422453270856
2.5264754690462867e-6,224.70077713470144,3503.769503346106,0.007042971835084937,0.004886375316045387,3.0155918435260953e-6,365.2467619543651,3624.552363708343,0.018430983946235012,0.0055974045303584545,2.1104725897206674e-6,728.154840688636,183.9818994976957,0.09750007648392296,0.018069777245213685,0.0009350788487415664,4331.5874325023515,320.70345282978013,0.040202465006373846,-0.04155667705180579,-1.4336646247418592e-5,-0.0016815628768736667,2.3080213897877866,-206.22019414308767
2.5228166543287736e-6,224.7007770492416,3503.769504633297,0.00617713131559803,0.0049380629087317435,3.0076593129268593e-6,365.24434888589803,3624.5894668643523,0.017699837313871324,0.005677491069900151,2.259960560098861e-6,728.4477239007692,181.7336356455656,0.09679406838533298,0.017020559143439046,0.0009475457292737661,4328.757270803116,325.3954416893463,0.04116668473261469,-0.04110639170514683,-9.378191105730349e-6,-0.0016794902569496504,2.3081660287958976,-206.01672283066205
2.518732705842646e-6,224.70077695451292,3503.7695059463886,0.005192605510744043,0.0050327287263989,2.9986819372689658e-6,365.2408063770286,3624.6443684256724,0.01686318321758068,0.0058052412337390525,2.4292301319710353e-6,728.7407249183076,179.81715151920193,0.09618825232059766,0.015683051894048974,0.0009614522169920711,4324.988680529819,331.41731924292037,0.04223013232294959,-0.04064743247287412,-3.734888387552657e-6,-0.0016771483936207547,2.308310410822018,-205.89055223542866
2.5144754774869996e-6,224.7007768475476,3503.7695072874976,0.004072525768657431,0.005201730197786583,2.9885015560826645e-6,365.23525863455853,3624.7310772919013,0.015903847846598047,0.0060117443135826445,2.6212491813413555e-6,729.0338437886354,178.36499649486944,0.09573683668864683,0.013907194371440456,0.0009766461394266853,4319.831186248177,339.37184738839284,0.04337848125438727,-0.040203555804703736,2.782488449434279e-6,-0.001674493126076008,2.308444329471726,-205.9159148096241
2.510115149220066e-6,224.70077672208103,3503.7695087481184,0.002807117481956985,0.005475084709065698,2.9771081240293146e-6,365.2257396967247,3624.8810428785832,0.014810910607701264,0.0063309365006788305,2.834203877429263e-6,729.3270805591562,177.52366136382506,0.09550845184082503,0.011432475353527507,0.0009923010273773503,4312.393761638486,350.87605624813807,0.04452682503646651,-0.03980139796168365,1.0368153450381264e-5,-0.0016717779743863836,2.3085512453677444,-206.25930982441727
2.533835242162745e-6,224.70077663937548,3503.7695099749517,0.0009582064367127975,0.007098238742334735,2.9616073175305593e-6,365.2077364149531,3625.1533301221193,0.013266392080733188,0.007696836216327677,3.1107753993025375e-6,729.6204352772927,172.606962362849,0.09314935157180365,0.017579978314685604,0.00100448714907557,4300.883125863524,358.74081250696196,0.04577477192324138,-0.04029932491618303,2.0785819416043965e-5,-0.001657668291233228,2.3080865068510863,-207.47314249495187
2.5157350859567504e-6,224.70077644986543,3503.7695152479805,0.0010360958921855395,0.0058755441607997935,2.968004173044656e-6,365.1779486193173,3625.6084919970885,0.013421601581248837,0.006820832007446813,2.8542944698071136e-6,729.9139079904857,168.54501421290735,0.09276654505759298,0.015186451986346595,0.000983217548574701,4281.143913715531,415.67207297052045,0.04218213078091027,-0.03940136015666411,3.62250492899695e-5,-0.0016692913501996376,2.30872625916741,-211.0006135012768
2.572642649202471e-6,224.70077654106066,3503.7695109561305,0.003663619279956737,0.002725903096468141,3.0590037660396066e-6,365.20348035972813,3625.1714895057357,0.015961199337566175,0.0044587292281031005,3.7165412420786146e-6,730.2074987461974,672.0893765390741,0.03289651472581745,0.005058395710969196,0.0009339514957647317,4266.975648985002,472.909746932812,0.03589249618143463,-0.038612462851475106,8.027979362186528e-5,-0.0016502367259088302,2.3104556182931937,-217.62558124905843
4.844203951100501e-6,224.69934597101016,3503.7989130923893,-0.0013042165752558685,0.0030688305171749034,3.0118505599023216e-6,365.25827168144014,3626.5575976650466,0.010991665754857986,0.004049709385712786,4.4813608707537415e-8,730.5012075919071,506.3839927978372,0.018232301827376993,0.008024252541039707,-0.013107767321484484,91668.28941337028,121895.67434532839,13.423796156531742,-23.32016313357886,-0.0003434763834412388,-0.0009096135386817105,1.5773498405724908,-314.95414228759523
2.552667767761165e-6,224.70077681460992,3503.7695027902087,0.0004528762849878639,0.0007518419069927215,3.0363208326472325e-6,365.249783970131,3624.6413023492128,0.013445098102120828,0.0030948628395116974,3.232241221920837e-6,730.7950345751135,669.4087505183605,0.04066180513822956,0.009948550605212757,0.0009933969843691115,4258.323276247539,498.45526725202853,0.040298733271726304,-0.03614884974689602,0.00011062436808895137,-0.0016274583197205968,2.3119149089358446,-219.18623053173584
2.5279309894762333e-6,224.70077670920537,3503.769504270428,0.002258789396619148,0.0027953730842408923,3.0229447183680266e-6,365.2074186335991,3625.187268594842,0.014748960252484117,0.004907014343466672,1.5235216465312551e-6,731.0889797433348,-49.7807946149644,0.13303175472830644,0.0594728233060657,0.0010059882269245182,4288.3850125297995,418.19487713432187,0.04463631642678485,-0.03735453568234036,3.9060380142395856e-5,-0.0016670254853376385,2.309342883691899,-214.83961161547208
2.5328787824085895e-6,224.70077676369013,3503.7695045990736,0.003304527658167491,0.0027201004440428915,3.028172990988758e-6,365.222481309922,3624.9455332588627,0.01565242982082176,0.0047226581987733565,1.1561178751556357e-6,731.3830431441081,680.5507217979027,0.16087276738268858,0.07174407094523638,0.0009975380483878947,4299.115879703535,396.8339156230663,0.04438611857177656,-0.03776138545044716,2.822070400970069e-5,-0.0016695735980860574,2.3090493619261925,-213.61963795692242
2.537592987897709e-6,224.70077678945304,3503.7695055875247,0.004017968150648995,0.002601608262142807,3.03298444229873e-6,365.2327091422227,3624.784539899791,0.01628549148896903,0.0045194245172727465,9.569489113996991e-7,731.6772248249897,677.8085271674238,0.1734005625039324,0.07822016918712575,0.0009899065213733748,4306.13027905096,383.6548403137097,0.0439310494314716,-0.03804949742356106,2.077552142827293e-5,-0.001670373012797172,2.308836561391068,-212.9682352861878
2.5400248937160366e-6,224.70077679103437,3503.769506614046,0.004265949873397402,0.0024679206152928516,3.0363901543021162e-6,365.23956198894285,3624.677663802259,0.01652541031991121,0.004346391881802716,9.711572879106204e-7,731.9715248335549,671.9141135276744,0.15791640853291808,0.06939398678275634,0.000987470128662741,4309.587460754458,377.6689911546071,0.04372396218773272,-0.038109754974309074,1.7798803790536363e-5,-0.0016700842753019952,2.3087397817952864,-212.64792460495104
2.5411126134443027e-6,224.70077678708537,3503.769507681784,0.004485879056097956,0.0023142961722142693,3.039109210232926e-6,365.2439035688446,3624.609661548466,0.016738148385953402,0.0041690683452533,9.515518325608055e-7,732.2659432173983,-65.4548555783893,0.1490678809543439,0.06386339769741496,0.0009845817080793044,4312.108007381277,373.9359175473695,0.04342963577500065,-0.038143012170238674,1.4939343448720656e-5,-0.0016704102657821801,2.308657041670312,-212.5161171388008
2.541742769617115e-6,224.70077678236953,3503.769508685547,0.004692112602461864,0.0021620584825443054,3.0413124813454864e-6,365.24678682766665,3624.564275568974,0.016936329223827346,0.004000219024562072,9.030509198911937e-7,732.5604800241335,662.2346256495117,0.14500664080034775,0.061040149264688474,0.0009813684959849162,4314.087673953362,371.3726597184123,0.04308797497517215,-0.03817377932507279,1.2166074770861247e-5,-0.001670932655464782,2.3085810349311853,-212.49904222539755
2.542168925701465e-6,224.70077677868588,3503.769509587021,0.00489044083159004,0.0020189643068800815,3.043152354791633e-6,365.24878877812455,3624.5326003286373,0.017124958800847363,0.003843803170646538,8.349729319951033e-7,732.8551353013928,657.978406945769,0.14429295436001302,0.06035530096964665,0.0009779443699878842,4315.712375601146,369.5017216701303,0.042721795844505826,-0.03820828348584098,9.4872815555327e-6,-0.001671509320148252,2.3085109692303143,-212.55193879422117
2.5427701037663006e-6,224.700776776811,3503.769510373647,0.005088020445317084,0.0018956694697694805,3.044752526642728e-6,365.25023391486974,3624.5096238375218,0.017310144972719384,0.0037065073139902443,7.538027126416032e-7,733.1499090968296,653.9274776130028,0.1462634461850919,0.061728147958561616,0.0009742899474553505,4317.123457653074,367.9138883359449,0.042339593549995294,-0.03825907287044391,6.870356813407861e-6,-0.001671983080373176,2.3084423177858095,-212.6467168819497
2.543686057837396e-6,224.70077677684483,3503.769511046735,0.005289219627765599,0.0017978991079516924,3.046210923284597e-6,365.25131292108307,3624.4923929903102,0.01749555103448731,0.0035919495319926653,6.65518588222292e-7,733.4448014581142,650.0262043162259,0.15055294118750737,0.0652997691312042,0.0009704194260400994,4318.405973483621,366.3866258782763,0.041947856628465646,-0.038329932447175113,4.303565825890506e-6,-0.0016723044237074134,2.308373549491976,-212.76503879218478
2.6066423021226018e-6,224.70077666923444,3503.7695182029775,0.008272806026075441,0.0014479139186578639,3.0645592543656985e-6,365.25243155682955,3624.460398987561,0.019999746692620977,0.0028438018745230768,1.8434525492517586e-7,733.7398124329369,298.5754771774586,0.2209247647092535,-0.2864686053548703,0.0009115725532924668,4332.762554318111,345.28795763969697,0.035898846636009944,-0.04037666518854812,-6.599466569406587e-6,-0.00164479918416456,2.30867934510469,-212.69438086101843
2.603932159692934e-6,224.700776669475,3503.7695179810426,0.008309654304012211,0.0014086341355770994,3.0649257274074973e-6,365.2530561877145,3624.452242594729,0.02002032769221358,0.002826916748584291,2.0721679676900565e-7,734.0349420690073,308.0945812377547,0.19113439908788316,-0.235104083194433,0.0009121468988510023,4332.856099976446,345.1836439094327,0.03600135722479574,-0.04035854398415229,-6.971841448969755e-6,-0.001645754982620907,2.308694679960429,-212.58977086531903
2.6032396976601523e-6,224.70077666459068,3503.7695179299867,0.008347154144621425,0.0014134939376351054,3.06540316347545e-6,365.25355333386545,3624.445690013684,0.02004260694137005,0.002840898227961152,2.53104842977945e-7,734.3301904140542,317.8901239859834,0.16607817804984498,-0.17395179950763168,0.000912259165634083,4332.867323012818,344.9666998404347,0.036050000232373355,-0.04037517377293331,-6.7277845011802645e-6,-0.00164592488135746,2.3087139609890137,-212.49294870770592
2.6024474444270617e-6,224.70077666000233,3503.76951789276,0.008377749822185565,0.001404253517581332,3.0658098590887265e-6,365.25395292214137,3624.440439735612,0.020060377742943072,0.002843220218860008,2.8925710513680807e-7,734.6255575158254,322.1507754643216,0.15064719856391923,-0.13873936076121385,0.0009124580308279989,4332.862309346385,344.8894006397823,0.03609650625682977,-0.04038358555721158,-6.593270199534035e-6,-0.0016461100170488629,2.3087287961554415,-212.39970612907499
2.601644638665811e-6,224.70077665548905,3503.769517874962,0.008406722874567755,0.0013860701702930619,3.066195118368395e-6,365.2542783617202,3624.4361753416397,0.020077612363659608,0.0028376680933713907,3.1970629610007907e-7,734.921043422088,323.93460095796786,0.14003145518421742,-0.11501408373901545,0.0009126603809103958,4332.85936348824,344.8792212183844,0.03613511010265106,-0.040389425283699196,-6.547440651471244e-6,-0.0016462926770102419,2.3087395690943655,-212.30764297695782
2.600947851583064e-6,224.70077665059958,3503.769517884595,0.008433264248585691,0.0013612235081395196,3.0665667369325837e-6,365.2545472804262,3624.432654785366,0.0200935374747164,0.0028259950720448367,3.477731391987049e-7,735.2166481806285,324.382133977891,0.13214095107117932,-0.09707329745261671,0.000912860404286029,4332.852640225715,344.9305768475752,0.036164576167289915,-0.04039414076517723,-6.5207114715383994e-6,-0.0016464131200328537,2.308748369612663,-212.2148913909589
2.600368811413368e-6,224.70077664541793,3503.7695179171283,0.008459686193040519,0.001332162558333795,3.0669418309777574e-6,365.2547718129127,3624.429716559375,0.020109810897389415,0.0028101609823024507,3.741120754651998e-7,735.5123718392521,323.91427955981743,0.1261270103783602,-0.0829415143849884,0.0009130331214028634,4332.845433419384,345.0169262572228,0.03618458876541111,-0.0404004329237149,-6.507375856338329e-6,-0.001646472556030715,2.3087552612869655,-212.11999751675765
2.5998722585170533e-6,224.7007766399225,3503.769517970415,0.008485814265239505,0.001297069401968413,3.0673203154155014e-6,365.2549612365293,3624.4272378484206,0.02012620416012526,0.0027888448963067137,3.9920797588450706e-7,735.8082144457837,322.7939197238776,0.12142446907821715,-0.07147891609554803,0.0009131942930594849,4332.838126274087,345.150963594104,0.03619600977466758,-0.040406848174570145,-6.505732465642404e-6,-0.001646477622368993,2.3087610336621833,-212.0217975953387
2.5994868046400497e-6,224.70077663424766,3503.7695180384085,0.0085117411005933,0.0012581255324839486,3.0677038024593734e-6,365.2551224587767,3624.4251273640425,0.02014268122060891,0.002763851678079418,4.234144525778095e-7,736.1041760480668,321.1804336576918,0.11769000356975541,-0.06196435234471397,0.0009133403187419529,4332.829608476514,345.31519160057684,0.036199491548776414,-0.04041554002275698,-6.504756095335489e-6,-0.0016464118323425555,2.308765495578818,-211.91932722734433
2.599228020921284e-6,224.70077662840592,3503.769518118208,0.008536507328046767,0.0012152913762550146,3.068086409056045e-6,365.25526093178365,3624.4233127566636,0.0201584051234667,0.0027352910977304435,4.472397113740542e-7,736.4002566939658,319.191473037545,0.11465844831581788,-0.053883084243155806,0.0009134938342354422,4332.816667542321,345.51075460546457,0.036197188335488795,-0.040426548190158514,-6.48415723074677e-6,-0.001646258868552408,2.3087692939183717,-211.8117616577214
2.599047347122518e-6,224.7007766224904,3503.769518206387,0.00856219974354382,0.0011677682986578643,3.0684800908869476e-6,365.2553805651954,3624.421743956203,0.020174940898824843,0.0027025400888724266,4.7050873705179254e-7,736.6964564313628,316.89914011129844,0.11219748172161252,-0.046997725202452045,0.0009136364989594648,4332.807257584545,345.7321803176925,0.03618724091909001,-0.04043989129376899,-6.4607431634484665e-6,-0.0016460446293004322,2.3087724621243266,-211.69837933016836
2.598991373271438e-6,224.7007766167195,3503.7695182946813,0.008585670686252149,0.0011177820945943353,3.0688648889931555e-6,365.25548477951224,3624.420375705024,0.020189714224369406,0.00266758839667926,4.936416322320708e-7,736.9927753081593,314.3706725336417,0.11015521413520091,-0.041020406688346216,0.0009138122139411815,4332.788247010095,345.9794213703995,0.03617471992506533,-0.040456742193519295,-6.4051727867019975e-6,-0.001645729666162704,2.3087749355228975,-211.57854333791445
2.5989724096599926e-6,224.70077661111443,3503.769518381594,0.008608316835029039,0.0010618290825188035,3.069248376682122e-6,365.255576014669,3624.4191770756934,0.020203771909502916,0.0026276982695432717,5.164747325712243e-7,737.2892133722763,311.6500627076261,0.10846249543302962,-0.03583347099904865,0.0009140162122161389,4332.760628556711,346.28241678916663,0.03615783168199917,-0.04047499916472452,-6.334179809019458e-6,-0.0016453505571764587,2.30877747811076,-211.4516960050054
2.5990486369993086e-6,224.70077660592287,3503.769518459558,0.008627878076624422,0.0010033703717011652,3.0696148523985983e-6,365.255656443252,3624.418119981073,0.02021527336918559,0.00258577391788454,5.392397657813096e-7,737.5857706716544,308.7859675339192,0.10702791523684108,-0.03127916313868187,0.0009142812765987955,4332.726951800589,346.6002578441965,0.0361408734991287,-0.040496862604542286,-6.2333259741937805e-6,-0.001644872107136332,2.3087791523896444,-211.31736360934357
2.599146286827864e-6,224.70077660123354,3503.7695185253665,0.00864555150408181,0.0009399192449234514,3.069970690731307e-6,365.25572765871857,3624.41718417895,0.020225098778335903,0.0025399066379484282,5.618026458832275e-7,737.882447254253,305.8041752290919,0.1058178119266749,-0.02728150035148156,0.0009146000419646866,4332.679416687584,346.9739144425046,0.036122334855282295,-0.0405207895091619,-6.108837751072889e-6,-0.001644324981115343,2.308780718707854,-211.17516752006426
2.599239523085831e-6,224.70077659721144,3503.7695185737725,0.008658758325543739,0.0008706302760675289,3.0702987432904284e-6,365.255791076544,3624.4163516813587,0.02023118015343936,0.0024895736796614544,5.841826585709822e-7,738.1792431680508,302.73581053869054,0.10478064455395542,-0.02376000182397497,0.0009150118959483969,4332.614903499402,347.4102965467587,0.03610504747942941,-0.04054582802659889,-5.962408204493095e-6,-0.0016437027108724093,2.3087820237595125,-211.02484115865678
2.59934419126744e-6,224.70077659406903,3503.769518599008,0.008665605462961969,0.000797488078848506,3.0705854111386407e-6,365.2558478733005,3624.415607419642,0.020231985491483726,0.0024365001928996666,6.064674357744042e-7,738.4761584610462,299.6069731924646,0.10387411656623406,-0.02063743060201375,0.0009155508223017477,4332.534286470634,347.8873609071809,0.036092975384498446,-0.040572725213334736,-5.787746261439065e-6,-0.0016429903835951782,2.3087824289182524,-210.86624872295837
2.599396733601389e-6,224.70077659192452,3503.7695185978255,0.008666115267988184,0.0007197981326999737,3.070830245224228e-6,365.255898873245,3624.4149408295452,0.02022745661504347,0.002380199937089347,6.285391100228446e-7,738.7731931812568,296.4251014556774,0.10308871890404932,-0.017870230683311568,0.0009162264771148231,4332.433782212513,348.4242540935136,0.036086680452850094,-0.04060011316037715,-5.586126696234794e-6,-0.0016422122823686609,2.308782479946268,-210.6994052386806
2.5993554030018446e-6,224.70077659094036,3503.7695185655316,0.008658530949815552,0.0006358704241731181,3.0710208889619824e-6,365.25594490534377,3624.4143416641245,0.02021622602804081,0.0023194426937342472,6.502791367955487e-7,739.0703473767184,293.21259129143084,0.10239591496954946,-0.015422427177217111,0.0009170595847772594,4332.305269664247,349.0484790893693,0.03608687988091751,-0.0406264952752167,-5.367274089881417e-6,-0.0016413743245718238,2.308781957130444,-210.5244956855607
2.5991645918829116e-6,224.70077659118195,3503.7695185014736,0.008641602450144054,0.0005453548080018491,3.071148329477007e-6,365.2559866516343,3624.4138012525273,0.020197281047580284,0.0022540625792655793,6.716671131446078e-7,739.3676210954887,289.985737985335,0.10177258573801078,-0.01325483544023349,0.0009180869688180794,4332.155327604729,349.75314796902666,0.036096691790189185,-0.040649761917899575,-5.132766649274105e-6,-0.00164049816938255,2.3087812290074017,-210.34189100064012
2.598813394286015e-6,224.7007765928231,3503.7695183999735,0.00861322939660865,0.0004485057169302858,3.0711986706892218e-6,365.2560245975069,3624.4133131764584,0.020168938501200342,0.0021843433787438176,6.926094264354753e-7,739.6650143856424,286.74461323598376,0.1012102965059718,-0.011335511679448617,0.0009193292244021725,4331.974624994293,350.5491321916578,0.036117537632881114,-0.0406701243460195,-4.877898175362811e-6,-0.0016395748625713798,2.3087801472823966,-210.15216011483392
2.598251183083883e-6,224.7007765959272,3503.7695182602138,0.008572773672030323,0.00034518439187361744,3.0711670574575983e-6,365.25605916685856,3624.412872071197,0.020130701601559817,0.00211023853705534,7.129596183799356e-7,739.9625272952743,283.4950371722537,0.10070047662891606,-0.009641603002900009,0.0009208078397829331,4331.7669817871065,351.4399148694382,0.0361509627227443,-0.04068538902126574,-4.608680607521164e-6,-0.00163862638259847,2.308778886021615,-209.95607515756151
2.5974123801249055e-6,224.70077660055819,3503.7695180812875,0.008518513140977296,0.00023414285660733913,3.0710412770148947e-6,365.25609078415533,3624.4124726819136,0.02008123230022876,0.0020308356480330954,7.325724384631507e-7,740.2601598724985,280.2505084622364,0.10022580489586481,-0.008154950076422795,0.0009225522322337532,4331.531823039112,352.4357540803165,0.036198889525563764,-0.04069318283343639,-4.3308630611050965e-6,-0.0016376773702145226,2.3087778444605567,-209.7546092689904
2.5962689591180054e-6,224.70077660679246,3503.7695178605018,0.008448220252434689,0.00011501984139776447,3.070807450273169e-6,365.2561197519133,3624.412110844678,0.02001879516675803,0.0019459262039317228,7.513565965885997e-7,740.5579121654486,277.00856641227347,0.09977811800571464,-0.00685457714255836,0.0009245866239144874,4331.25937256354,353.56298293170636,0.03626245835232878,-0.040691686028611486,-4.0375139455251545e-6,-0.0016367292177466473,2.308777400287804,-209.54892541440728
2.594799523955976e-6,224.70077661457893,3503.7695176000066,0.008363542073201795,-1.1204453154912554e-5,3.0704735701666056e-6,365.2561462392684,3624.4117843334666,0.01994468426961978,0.0018562153595821326,7.69072332970105e-7,740.8557842222773,273.766024711006,0.09936412777116774,-0.005728643569421656,0.0009269017417861029,4330.965588831595,354.7862491091151,0.036341353287565166,-0.04068111293566701,-3.737624003603517e-6,-0.0016358071027731606,2.3087776545543264,-209.3403556024501
2.5929685196520873e-6,224.70077662395272,3503.769517299692,0.008261220858296744,-0.00014504610570431406,3.0700192746008836e-6,365.25617060869274,3624.4114883976013,0.019856440590209502,0.0017614150241412538,7.8572953860158e-7,741.1537760911568,270.5379347603011,0.09895795472316646,-0.0047568014811006434,0.0009295396550911232,4330.6420466025675,356.13029081807,0.03643829406320508,-0.040658017956428566,-3.4290915348254555e-6,-0.0016349188925151043,2.308778801868133,-209.13037091830842
2.590744704775188e-6,224.70077663484392,3503.76951696074,0.008142094356343683,-0.0002861780261984895,3.0694488917375897e-6,365.2561929542401,3624.4112214780107,0.019754691044534423,0.0016617189156360077,8.011427189406662e-7,741.4518878202788,267.3136647351652,0.09856768335351575,-0.00392979336265583,0.0009324870920690221,4330.290317398929,357.5953833193768,0.03655186884575401,-0.040622271430036334,-3.1023065455207095e-6,-0.0016340871573629792,2.308781942934672,-208.9205433472712
2.588124167005399e-6,224.7007766472142,3503.7695165850773,0.008004916403007375,-0.0004340185649364383,3.0687539452774777e-6,365.2562134884511,3624.4109807458326,0.019638574215835692,0.0015576064564646287,8.15202200328447e-7,741.7501194578542,264.10031588698155,0.09818219327617059,-0.003234737515912752,0.0009357619776790028,4329.912833140613,359.17626262390985,0.03668347933963307,-0.0405719577017412,-2.7643184685054953e-6,-0.0016333185595613475,2.3087867626988383,-208.71250129741873
2.5851086585275375e-6,224.70077666089108,3503.769516176826,0.007852041433337707,-0.00058743796827526,3.0679480100304857e-6,365.25623228213925,3624.4107648248737,0.01950993291151518,0.0014498494588562755,8.278236794450322e-7,742.0484710521127,260.88925605869144,0.09780990438864412,-0.0026614108533066757,0.0009393318450334677,4329.517400773683,360.85513287815814,0.03683046802078515,-0.04050801770909229,-2.408066780277394e-6,-0.0016326314166266373,2.308794082254265,-208.50788156193738
2.5817030284702784e-6,224.70077667580588,3503.7695157380313,0.00768256494897795,-0.0007456581053569716,3.067025313808086e-6,365.25624952797295,3624.4105709876044,0.019368145159241856,0.001339061926516732,8.389677965372044e-7,742.3469426513055,257.6861083362051,0.09744023497473886,-0.002196738259196528,0.0009432013812349106,4329.102525703974,362.6308488597948,0.03699296991842282,-0.040429542667328545,-2.025260648750312e-6,-0.0016320308209364137,2.3088042102662105,-208.30828039504215
2.577901338466858e-6,224.70077669180318,3503.7695152726806,0.0074981992223558695,-0.0009079742712021097,3.06599593436717e-6,365.2562652884556,3624.410398116078,0.019214597988705347,0.001225692834643083,8.485154344431353e-7,742.645534303701,254.48638468979723,0.09707876293860308,-0.0018351534509240249,0.0009473439651629757,4328.669136661007,364.50428104937674,0.03716911314903814,-0.0403362611086368,-1.6172911173892055e-6,-0.001631536335421344,2.308817674480611,-208.1152074933076
2.573755372522557e-6,224.70077670869628,3503.7695147855143,0.007300291307030376,-0.0010726147093128178,3.0648675331093206e-6,365.25627967772147,3624.4102443462248,0.01905041070857994,0.0011110443945645109,8.564819778567657e-7,742.9442460575877,251.28943845174186,0.09672483573787333,-0.001564666318000721,0.0009517360211080208,4328.229110960572,366.4362769838511,0.03735720071080177,-0.04022996938345682,-1.1800988960818712e-6,-0.0016311424840384503,2.308834390858432,-207.93004466187173
2.5692867371532915e-6,224.7007767263782,3503.769514279152,0.007089500848994578,-0.0012383500533509572,3.0636448371058737e-6,365.25629283094634,3624.410107524609,0.01887614999093314,0.000996051095595999,8.629432835407811e-7,743.2430779612739,248.0965188833837,0.09637413030394412,-0.0013731934952199254,0.0009563593061047254,4327.775367978385,368.4369261344811,0.037556046581475065,-0.040110622065519796,-7.003146135162266e-7,-0.0016308523996400367,2.308854853924836,-207.75401247913538
2.5645449422480845e-6,224.70077674460836,3503.7695137594496,0.0068691193380350755,-0.0014037084556769882,3.0623475511399846e-6,365.2563047640843,3624.409987156784,0.018694447459786028,0.0008816589467299632,8.678050148633266e-7,743.5420300630867,244.90093171808124,0.09603818093197965,-0.0012575765503193802,0.0009611593951801858,4327.323549381352,370.46378670689194,0.037761757347482675,-0.03998083375869011,-1.9111025048886321e-7,-0.0016306673754762576,2.3088786668604975,-207.5881454106178
2.559582757136392e-6,224.70077676326977,3503.7695132293993,0.006639983355135268,-0.0015666678969649957,3.0609805762368607e-6,365.2563156096231,3624.409881179436,0.018505999821523882,0.0007694425563583263,8.711794938464039e-7,743.8411024113733,241.70527194963847,0.0957124299118362,-0.001204786657211486,0.0009661207848344243,4326.876665531899,372.49327609486835,0.0379738902267281,-0.03984219342208979,3.614060024941129e-7,-0.0016305788159374545,2.308905903115441,-207.43327659606837
2.5544079646083655e-6,224.70077678216583,3503.769512693233,0.006404629714927391,-0.0017276781768885245,3.0595605993635413e-6,365.2563254206589,3624.4097886103395,0.018312825998481424,0.0006588857570568157,8.730549303873418e-7,744.1402950544997,238.50497084526938,0.09540354827271476,-0.0012137610794535152,0.000971190628122316,4326.4283328004085,374.54705103168465,0.03818817278928278,-0.03969519184122238,9.563771496148827e-7,-0.0016305986024733163,2.3089371385924724,-207.29003163469238
2.549082131328613e-6,224.70077680116722,3503.7695121547927,0.006164129755849496,-0.0018846784700920867,3.0580951289655825e-6,365.2563343188351,3624.4097075946056,0.018115839714589608,0.000551572408289038,8.735890622784872e-7,744.4396080408519,235.3035925281026,0.09510745540507905,-0.0012723927885487463,0.0009763506554386608,4325.985251854996,376.5955517946125,0.038403997773542274,-0.039541141303356224,1.5961631580239927e-6,-0.0016307140775817625,2.3089719008269047,-207.15883090742818
2.5436591102788593e-6,224.70077682009745,3503.7695116176287,0.005922136633480478,-0.0020364026298084386,3.05660548977215e-6,365.2563423107353,3624.409637839525,0.017917879637596574,0.0004483110570094091,8.727257461668769e-7,744.7390414188351,232.0934869847001,0.09483690856328804,-0.0013796513013289069,0.0009815373505114116,4325.556090902366,378.6060364812515,0.03861758732137822,-0.0393838775481858,2.2740564181666627e-6,-0.0016309224587487366,2.309009872318889,-207.03989901667208
2.538184020219438e-6,224.7007768388792,3503.7695110835994,0.005678663401802654,-0.002181816584388301,3.0550931532001524e-6,365.2563495081732,3624.409577644376,0.017718995897494375,0.000349916570594737,8.706600921707066e-7,745.0385952368732,228.87646993093063,0.09458625474236108,-0.0015261279959290148,0.000986744173942704,4325.137769633242,380.57676325786144,0.03882901101033007,-0.03922389084455788,2.997230700707424e-6,-0.0016312073556662245,2.3090509135885124,-206.93327971785138
2.5326756612871908e-6,224.70077685726648,3503.769510558411,0.005436797982138547,-0.0023219529834042248,3.053576963876177e-6,365.2563559448164,3624.409526450432,0.01752162372527616,0.0002553918831192859,8.673707382417159e-7,745.3382695434119,225.64904251890016,0.09436418976430194,-0.0017150322534497668,0.000991915129982742,4324.737990591845,382.49660956206884,0.039033982596568484,-0.03906302690861255,3.755167828522195e-6,-0.0016315767231974178,2.3090951217186597,-206.83885483193868
2.5272305772294e-6,224.70077687526336,3503.769510042461,0.005197104061025369,-0.0024537216363586176,3.052061718977236e-6,365.256361725003,3624.4094827464382,0.017326269069267656,0.00016716579622782238,8.630711323158634e-7,745.6380643869143,222.41487102797197,0.09416582654328036,-0.0019329181557253263,0.0009970373818493571,4324.36241096802,384.3252810074539,0.03923318288577457,-0.03890364765818614,4.542213915727571e-6,-0.0016319959519943276,2.309141018825238,-206.75636564976017
2.5217713931355e-6,224.70077689266523,3503.769509539775,0.004961787952626431,-0.0025802499278961546,3.050561179253534e-6,365.25636686067276,3624.409446253126,0.017134556814650388,8.26729826140479e-5,8.57735478891009e-7,745.9379798158633,219.16562665774376,0.09400041607577134,-0.002188690899650083,0.0010020732738686227,4323.997864648876,386.12000959683184,0.039423547282681964,-0.03874483142097297,5.370794053971326e-6,-0.00163250598339861,2.3091906831773015,-206.68543592170423
2.5164544142619564e-6,224.70077690949586,3503.7695090500115,0.004731841616038589,-0.0026976913006238204,3.0490816220551594e-6,365.2563714337074,3624.4094158661856,0.016947381022142043,4.876434456342999e-6,8.515002486312296e-7,746.2380158787618,215.90475431666334,0.0938657562350296,-0.0024699071459808237,0.0010069919335721257,4323.661139853461,387.8026086473062,0.03960436803230166,-0.038591140218199385,6.217635735398068e-6,-0.0016330470805513433,2.3092411597191456,-206.62559425617903
2.5112354069837603e-6,224.70077692564377,3503.769508575439,0.004508053326913377,-0.0028077802193969444,3.0476284302232498e-6,365.25637547640883,3624.4093910824836,0.01676528421664503,-6.760839560401421e-5,8.444322498873222e-7,746.5381726241317,212.62724520193493,0.09376499171158179,-0.0027802040892779,0.0010117861565519578,4323.342537735974,389.41082009411997,0.03977582994448795,-0.038441858686874046,7.091789332621745e-6,-0.0016336388935244992,2.3092936915060216,-206.57629644396658
2.5061570225114863e-6,224.7007769410262,3503.769508118489,0.004291682009452926,-0.002910058598410694,3.046210266408559e-6,365.2563790504107,3624.4093710885363,0.016589285097757003,-0.00013450216837242315,8.366280845154501e-7,746.8384501005149,209.33460116816275,0.09369831227066494,-0.0031164011457849214,0.0010164277664026493,4323.051955173388,390.91462636601284,0.039936095936021286,-0.03829859805682071,7.980719098836665e-6,-0.0016342711392776778,2.30934744220102,-206.53694579782515
2.5012431928427286e-6,224.7007769555841,3503.769507680211,0.004083986965465575,-0.003004844916717158,3.044835105563374e-6,365.25638219390765,3624.4093553609505,0.016420361456603864,-0.00019610763703488093,8.281653926409023e-7,747.1388483564726,206.02402765154505,0.09366864935449735,-0.003478497588822741,0.0010208921338784793,4322.787107087678,392.3181689441717,0.040084141654829784,-0.03816265674324896,8.878620986035944e-6,-0.0016349360289854315,2.309402081857027,-206.50691218830266
2.496480298780488e-6,224.70077696929903,3503.7695072608867,0.003884811320216843,-0.003092666825106435,3.04350227443827e-6,365.25638494839643,3624.409343364489,0.016258347574218037,-0.000252830213870113,8.191062742865249e-7,747.4393674405856,202.6939950894029,0.09367517544322645,-0.0038667679564554206,0.0010251800911339135,4322.543588307839,393.6323228337515,0.040220796662927834,-0.03803413445931314,9.791931232035818e-6,-0.0016356383179278108,2.3094580291058517,-206.48554876211028
2.491937471000481e-6,224.70077698214538,3503.769506861614,0.0036949182135471836,-0.00317262926899298,3.0422176620295383e-6,365.25638736751586,3624.409334417358,0.016103926098501097,-0.00030400973697752783,8.095793438595422e-7,747.740007401454,199.346217795936,0.09371683721116982,-0.004276591762217546,0.001029274707663689,4322.330342947256,394.8275972411016,0.040345306824674035,-0.03791446911763749,1.0699709727665386e-5,-0.0016363503023252798,2.309513649381695,-206.47220659302815
2.4875949061837757e-6,224.70077699407605,3503.7695064833665,0.0035145401805418987,-0.0032457124233707412,3.0409823484241764e-6,365.2563894791867,3624.4093281846476,0.01595721445996503,-0.00035042839330869113,7.996220744404982e-7,748.0407682876971,195.97833209716998,0.09379458600239181,-0.004710289521995419,0.0010331740148825292,4322.147076827955,395.90642094527584,0.040458180344441166,-0.03780419968480292,1.1606097117508644e-5,-0.0016370810952163976,2.309569468650412,-206.46624731705447
2.483444850268538e-6,224.70077700510242,3503.7695061257104,0.003344100790469787,-0.003312423155262253,3.039800176745581e-6,365.2563913177689,3624.40932422891,0.01581852473421699,-0.00039249158107615976,7.893329466824248e-7,748.3416501479558,192.588055699355,0.0939089276884997,-0.005167455697490562,0.0010368667617627599,4321.985070116376,396.89455289004445,0.04055900932200157,-0.03770323483252608,1.2510215272782008e-5,-0.0016378320213595128,2.3096254806842054,-206.46705377320137
2.4794905650115405e-6,224.70077701514364,3503.769505791242,0.0031836108054519347,-0.0033739469500950765,3.038672524602388e-6,365.25639292817226,3624.409322026493,0.015687933291301893,-0.0004311761389498026,7.787722755379511e-7,748.6426530308881,189.1789559383513,0.09405718900934625,-0.005649009804621607,0.0010403481915100214,4321.849852358862,397.7869223852132,0.040647118221480975,-0.037611169487413665,1.3401572488955704e-5,-0.00163860273666841,2.309681407602356,-206.4740386453581
2.4757865015845782e-6,224.70077702439724,3503.769505474627,0.0030326422995298015,-0.0034277535321963902,3.037596687601954e-6,365.2563943407404,3624.409321189452,0.015565033439769737,-0.00046439602718941766,7.680781619309061e-7,748.9437769851727,185.74769880005593,0.09423765266911721,-0.00614610381387372,0.0010436268206997243,4321.735633321246,398.5699068151785,0.04072487141469936,-0.0375301600496569,1.4285196900079703e-5,-0.001639363583178367,2.309736309313327,-206.48665166123027
2.4722613184187867e-6,224.7007770326265,3503.7695051821843,0.0028918288087369393,-0.003478035325602033,3.036577595191379e-6,365.25639557623725,3624.4093215200323,0.015450367330014023,-0.0004955616324814671,7.572521471347052e-7,749.2450220595076,182.29560664620465,0.09445159212786439,-0.006669233224308964,0.0010466904098195152,4321.646870182125,399.26927179557987,0.04078992425594187,-0.037458291872862384,1.5151105485659064e-5,-0.0016401475390063435,2.30979117263739,-206.50438505264546
2.468978531555335e-6,224.70077703998118,3503.769504910596,0.002760783250151252,-0.0035222174015669045,3.035613241536187e-6,365.25639666504856,3624.4093226746986,0.015343638984422092,-0.0005225869113300748,7.463674535040064e-7,749.5463883026107,178.8226971256359,0.09469648080960864,-0.007210152880535937,0.0010495469987229064,4321.5868735647,399.85274465961186,0.0408444212832569,-0.03739720034902402,1.5993830352431857e-5,-0.0016409267077089893,2.3098446432605173,-206.5267778869418
2.4659414591704236e-6,224.70077704650757,3503.769504658365,0.00263829129760745,-0.003561160933605346,3.0346973202130486e-6,365.25639764499203,3624.409324176695,0.015243913154188568,-0.0005460887472781126,7.355942570857729e-7,749.847875763219,175.33187218247514,0.09496609936997827,-0.00776547196035207,0.0010522142961066408,4321.550015347752,400.3361923741777,0.040888925517079275,-0.03734641079489339,1.681695751905133e-5,-0.0016416874292382885,2.3098967387380833,-206.55341903306677
2.4631198199015376e-6,224.7007770521788,3503.769504426945,0.0025250193988694846,-0.003595442254763617,3.0338349670055324e-6,365.2563985294459,3624.4093259237857,0.015151705414747845,-0.0005665545021463838,7.249150792567179e-7,750.1494844900897,171.82258423359994,0.09526199073564748,-0.008336658548551807,0.0010546844574964753,4321.537761494206,400.72459797117017,0.04092318710977206,-0.03730522197774387,1.7617397288702832e-5,-0.001642449486477277,2.3099477476539545,-206.58394928930585
2.4605029334118295e-6,224.70077705702536,3503.7695042148202,0.0024203387941828416,-0.0036262659024220985,3.0330225652120784e-6,365.25639933247913,3624.409327766053,0.015066502411117611,-0.0005849151220657313,7.143990517094507e-7,750.4512145319992,168.29255140980965,0.09558287949158084,-0.00892440441091886,0.0010569606510105818,4321.540721643255,401.0449123826659,0.04094718226696159,-0.037273696524138124,1.8398916856290636e-5,-0.0016432081188903717,2.3099978336015456,-206.61806257254847
2.4581136635107832e-6,224.70077706108185,3503.7695040220997,0.0023239230389194,-0.003652828740849992,3.0322594044342775e-6,365.25640008066307,3624.4093294155414,0.01498810758646152,-0.0006005078448970122,7.041272882515271e-7,750.7530659377435,164.74692908354024,0.09592442725162145,-0.009523167446667487,0.0010590572658691947,4321.569353576174,401.26771156359615,0.0409619024745117,-0.03725159035317065,1.915307088442541e-5,-0.0016439544623393675,2.310046383943803,-206.65550614923464
2.455934749158139e-6,224.7007770643942,3503.7695038474194,0.0022345481441282677,-0.0036760935440446427,3.0315391841495047e-6,365.2564007932537,3624.4093306555883,0.014915570004754818,-0.0006140405724234042,6.941832193525751e-7,751.0550387561377,161.18706324066122,0.09628188873292319,-0.010130982036188185,0.001060991236877353,4321.614609432362,401.42141937921605,0.04096793484801736,-0.03723765123133472,1.9885515559055083e-5,-0.0016446863361330483,2.3100936853611986,-206.6960805076928
2.4539625413971137e-6,224.70077706696574,3503.769503690886,0.0021523746575010036,-0.0036964294623727336,3.030863281093477e-6,365.2564014799574,3624.4093314139195,0.014849023916443287,-0.0006258074683464229,6.845885420745163e-7,751.3571330360188,157.61421146231686,0.09665463024204096,-0.010746906521349322,0.00106276078517715,4321.679765392636,401.4990967924019,0.04096498424458497,-0.03723196104574225,2.0595529860966967e-5,-0.001645406411558272,2.3101397983281777,-206.7396386126094
2.4522150820425552e-6,224.7007770688804,3503.769503550733,0.0020769065497159645,-0.0037128673000250854,3.030229328624435e-6,365.2564021459886,3624.4093316801736,0.014788117208038291,-0.0006350260264229961,6.753421653691184e-7,751.659348826241,154.0287316585337,0.09704145132798968,-0.011367795716838366,0.0010643751353094527,4321.7650923668925,401.49466541336113,0.04095425846635836,-0.0372344668286428,2.127558020231405e-5,-0.0016461048143791251,2.3101840277762906,-206.78608453290923
2.58006477398918e-6,224.70077712118203,3503.7695014132228,0.0032380900446866514,0.0014708680780126304,3.038140588739764e-6,365.25641779584237,3624.4091560106785,0.015923320087534148,0.0033893632164684905,7.704404965665387e-7,751.9616861756789,345.8394255048062,0.08659846332509874,0.015843474264164627,0.0010349209379431636,4326.460677377051,353.1885655087273,0.03944775626575218,-0.038913846639798966,4.2840879314469914e-5,-0.001633306563364131,2.30864583542319,-206.81388941878768
2.5782965414402356e-6,224.70077712170186,3503.7695014235674,0.0030951306609854796,0.001463618193094759,3.0372714835965807e-6,365.25641708391964,3624.4091711948668,0.01580772165404962,0.003390464272324062,7.596443935896044e-7,752.2641451332269,342.0800858894497,0.08668540079619116,0.0164988092267926,0.0010375871188501081,4326.3757865669,353.1610060256367,0.039529643970553405,-0.03891427980509533,4.149114354626808e-5,-0.0016335478337840274,2.308592309672849,-206.84408204383305
2.576517569105868e-6,224.70077712155052,3503.7695014485203,0.002961288868178906,0.0014524224496477967,3.0364576908048e-6,365.2564164574589,3624.4091847742407,0.015699468363280743,0.0033877657671318676,7.492191043641827e-7,752.5667257477991,338.31376113006314,0.08678007612268125,0.01714937850731793,0.001040059049360821,4326.30731686355,353.1325825604666,0.03959769113393309,-0.038919984036429635,4.000669888643057e-5,-0.001633824517659157,2.3085368229700522,-206.88104693229891
2.5747249086432726e-6,224.70077712079015,3503.7695014867327,0.0028361525358833488,0.0014376749622376378,3.03569702636764e-6,365.2564159144706,3624.40919680374,0.015598239054496968,0.003381606498762387,7.391465611896232e-7,752.8694280683291,334.5408870206222,0.08688175084605566,0.017795145696549903,0.0010423444034274169,4326.253094561968,353.1049237216021,0.03965334430627776,-0.03893062437069128,3.839484171179078e-5,-0.001634136540465817,2.3084795659925814,-206.92462441274125
2.572881170961506e-6,224.70077711941659,3503.7695015376808,0.0027196145325476513,0.0014173039353821482,3.0349916773197756e-6,365.25641546472076,3624.4092071652462,0.015504026301506605,0.0033703670470443398,7.294914705662792e-7,753.1722521437703,330.76694964160646,0.08699363446906498,0.018427281818025807,0.001044434669706019,4326.201692278241,353.12370348798026,0.03969387558256299,-0.038943863382314675,3.666688427034213e-5,-0.0016344986540800172,2.308421418208033,-206.97470862524014
2.5710234167785633e-6,224.7007771175004,3503.769501600977,0.0026122742259597114,0.0013942036202158788,3.034344145075705e-6,365.25641509335657,3624.409216100058,0.015417270948016705,0.00335630528267731,7.201602810527024e-7,753.4751980230957,326.9887069096439,0.08711483713827264,0.019054480297294955,0.0010463292102469628,4326.169148453603,353.1334853233938,0.03972180616547552,-0.038961395893086864,3.481867695277916e-5,-0.0016349028422881536,2.308361550506956,-207.03124541022427
2.569147781506404e-6,224.70077711513756,3503.769501673649,0.0025125519440440023,0.0013677217975420171,3.033746965953122e-6,365.25641480988054,3624.4092234895475,0.015336805301249512,0.0033389854476014143,7.112318259198483e-7,753.7782657552981,323.2123347874738,0.08724605051618363,0.019670823650580767,0.001048047652918349,4326.143868006452,353.16308009111174,0.0397372694924617,-0.03898122033272506,3.286670151852794e-5,-0.0016353427761727445,2.3083003610437958,-207.09422901320215
2.5672306472951538e-6,224.7007771122799,3503.769501757526,0.0024215748689802616,0.001337416768243044,3.033207050907955e-6,365.2564146028763,3624.4092295176256,0.015263507825620411,0.0033179901561688025,7.026045095910659e-7,754.08145538939,319.43641613467264,0.08738822224648571,0.020277368494917625,0.00104956793593609,4326.1294006816315,353.210254164631,0.039739404106188106,-0.03900343718814632,3.081218104191845e-5,-0.0016358343744885305,2.308238419362679,-207.1636983898093
2.5653124647395675e-6,224.70077710908902,3503.7695018493073,0.0023383774049609615,0.0013055016873256135,3.0327192276717405e-6,365.2564144727337,3624.4092341989754,0.0151966603745907,0.003295130782909032,6.942628402267459e-7,754.3847669744027,315.66406678037106,0.08754110129983565,0.02087790365776178,0.0010509095607455121,4326.127948257132,353.2529669156101,0.03973076892573112,-0.0390277339297349,2.866346866786259e-5,-0.0016363596888022065,2.308175110863192,-207.23973246555
2.5633408948502834e-6,224.7007771055464,3503.769501949235,0.002262622996122906,0.0012695894579276504,3.0322840934947375e-6,365.256414421158,3624.409237519689,0.01513607547362242,0.0032685339788396566,6.862222127882577e-7,754.6882005593898,311.89954771538845,0.08770675745979797,0.021465077074879702,0.001052070718478537,4326.126061734339,353.34650816367355,0.03970932871704874,-0.039050928494176386,2.6429241462014087e-5,-0.0016369375538744194,2.308111446199753,-207.32244468894982
2.5613431122732203e-6,224.7007771017002,3503.7695020574624,0.002194949694523846,0.0012319628311752567,3.031904682996244e-6,365.25641443643974,3624.409239667446,0.015082223640066415,0.0032399531926488043,6.783648886130502e-7,754.991756193422,308.1420036497996,0.08788468566453168,0.022047386569521318,0.0010530432696842064,4326.1384933195095,353.43947767349846,0.039676633248119784,-0.03907445456227795,2.411479177509486e-5,-0.0016375637463730938,2.3080472756664108,-207.41197639055775
2.5593570674227578e-6,224.70077709769134,3503.7695021710247,0.0021342594236113776,0.0011938260344906302,3.0315750685362893e-6,365.25641451678274,3624.4092406798595,0.015034323860350236,0.0032103980111355345,6.706417512986478e-7,755.2954339255908,304.39371337130785,0.08807352971769618,0.022627994911734162,0.001053843904412348,4326.160093815697,353.5328234985432,0.03963495077661388,-0.03909720925780241,2.1720910182747292e-5,-0.001638216470476826,2.3079817779740774,-207.50848899083243
2.557295110825058e-6,224.70077709340566,3503.7695022937564,0.0020818067810586295,0.0011526682050618992,3.0313061345624893e-6,365.25641466339397,3624.409240552915,0.014993410136016148,0.0031778141360177497,6.629977178651843e-7,755.5992338050072,300.6618791574787,0.08827909456895522,0.023201820045701774,0.0010544493383176391,4326.190427315415,353.6608506109768,0.03958031213117295,-0.03911556228709073,1.9268676558587795e-5,-0.0016389427954035356,2.307917272177803,-207.61215447267782
2.5551818477042173e-6,224.7007770889882,3503.7695024232994,0.00203718056061357,0.0011106981408707617,3.031094951838126e-6,365.2564148653512,3624.409239451804,0.014959150377853187,0.0031439539983904147,6.553020858471504e-7,755.9031558808022,296.94359177618327,0.0884969700142885,0.023778617916335756,0.0010548668952988804,4326.227844081774,353.8114001809716,0.03951625873431928,-0.03912935780437306,1.6759173437136286e-5,-0.0016397299217017188,2.3078532645118752,-207.72314397691886
2.5530995879976626e-6,224.70077708454042,3503.7695025575767,0.0019993927617679313,0.0010696681814188304,3.0309350301802184e-6,365.2564151213976,3624.409237404838,0.014930871017237467,0.0031102293401451303,6.474731260978776e-7,756.2072002021263,293.2439459403376,0.08872632288352511,0.024364871111177536,0.001055106355093915,4326.278698049614,353.9463215660147,0.03944446364151515,-0.039139100282516257,1.4198436879983797e-5,-0.0016405376459700555,2.3077886835083707,-207.8416139103232
2.550928631609775e-6,224.70077707997206,3503.76950270062,0.0019703942153350804,0.001027359334634707,3.0308411722727058e-6,365.25641542714817,3624.4092344805995,0.014910080133631912,0.003074796328032368,6.393894088909659e-7,756.5113668181498,289.56388039000666,0.08896979491307878,0.024960173661450046,0.001055138536390719,4326.336292722965,354.12097726463344,0.03936231641333498,-0.03914033741133563,1.1606641035043288e-5,-0.001641428907446867,2.3077262707606803,-207.9676891786548
2.5487165304924682e-6,224.70077707542055,3503.769502850638,0.0019485272801127347,0.0009859074078025487,3.030804044612493e-6,365.25641578171945,3624.409230701893,0.014895565167864094,0.003039406439528607,6.309458757815763e-7,756.8156557780632,285.91249505109914,0.08922563353399734,0.025574334386206918,0.0010549952457800603,4326.408282716726,354.2990347202973,0.03927300433360062,-0.03913104768461356,8.999664974000726e-6,-0.001642378530964044,2.307665675250875,-208.10144275194708
2.546438782835764e-6,224.70077707087685,3503.769503009613,0.001935098898862397,0.000945136485728302,3.030832250964693e-6,365.2564161788827,3624.409226162137,0.014888376840419338,0.003003852414331492,6.219464666539287e-7,757.1200671310762,282.2906134741547,0.0894928422960316,0.026215839649939204,0.0010546527665704155,4326.492680541009,354.49576418885755,0.039176476057587964,-0.03910901428523344,6.387903924004125e-6,-0.0016434023210287999,2.3076078747597926,-208.24287156354328
2.544105247309148e-6,224.7007770663804,3503.7695031781036,0.0019300254380723218,0.0009062143682128968,3.0309257820087585e-6,365.2564166149283,3624.4092209193414,0.01488847077473746,0.002969034385435961,6.122734294230927e-7,757.4246009264178,278.7022802961897,0.08976957950045691,0.026895020723513064,0.0010541157884436708,4326.596741464039,354.6923356143396,0.03907388250762314,-0.03907242205019331,3.7932254348483616e-6,-0.0016444972356654737,2.3075535359643093,-208.39186734634868
2.456455872399479e-6,224.70077700986792,3503.7695034735134,0.0015087519303890785,-0.003380054823554893,3.024826163807812e-6,365.25641711168754,3624.4092103138228,0.01442160181589452,-0.00039183576435771183,5.643303821895015e-7,757.7292572133392,82.29725168322207,0.10542301697859534,-0.022767276547467755,0.0010714691794583594,4326.066109868241,390.6521006601803,0.03936677041478493,-0.03793709081829408,2.785336830558287e-5,-0.001657045299606585,2.310689799927266,-208.5416577883726
2.4585784296822012e-6,224.70077700412904,3503.769503606504,0.0015360497519303472,-0.00329894476825236,3.0250539824503337e-6,365.2564178716977,3624.4092009184724,0.01445505567544243,-0.0003346654782074732,5.574171954980509e-7,758.034036041109,78.80839677771952,0.10591150044473209,-0.023378676112138893,0.0010702614382914477,4326.4022732772355,389.4996816597499,0.03923786723385509,-0.03794895132603219,2.7464672058888453e-5,-0.0016576340717569286,2.3106758696797365,-208.69321988468965
2.460911426598313e-6,224.70077699847403,3503.7695037557783,0.0015721760428276986,-0.00320300517803541,3.025360965916501e-6,365.2564186191234,3624.409191503423,0.01449641332999702,-0.0002665211919439499,5.493484911053343e-7,758.3389374590163,75.33935319675727,0.10641772575493295,-0.0240342738942814,0.0010688334619438134,4326.763350823479,388.21350426833106,0.03911104501218746,-0.037951525583596844,2.6942515687245243e-5,-0.0016582457090579426,2.3106532735963055,-208.8526090071879
2.4633448507476248e-6,224.7007769928032,3503.7695039268433,0.0016181247454935082,-0.003094606969346674,3.0257602205952135e-6,365.2564193586145,3624.409182004393,0.014546502488419228,-0.0001893706549944707,5.398870348091391e-7,758.6439615163702,830.5500501863739,0.10693580100442007,-0.024759145162383728,0.0010671488965766582,4327.135218505354,386.86198864731807,0.038982714005662396,-0.03793731702090432,2.6291595964520534e-5,-0.0016589294468878789,2.310623410678542,-209.01953757332493
2.4659148536654024e-6,224.7007769873661,3503.7695041177963,0.0016742470585759035,-0.002968329491629414,3.026255731705948e-6,365.2564200870362,3624.409172470321,0.014605566167635633,-9.888348704678445e-5,5.287560787751765e-7,758.9491082624994,827.4612697659489,0.10746426610159023,-0.025568561551838117,0.001065215191243602,4327.527272614878,385.39026466545096,0.03885854936987376,-0.03790503640395201,2.549892616627292e-5,-0.0016596721469652545,2.3105841016669006,-209.19345382224316
2.4685830350099653e-6,224.70077698222636,3503.769504330347,0.001740206918750989,-0.0028231460682117972,3.0268485380515454e-6,365.2564208062105,3624.409162875345,0.014673304381604909,5.8101563843537075e-6,5.157402565451131e-7,759.2543777467527,65.17575059904887,0.10799017660635266,-0.026490161119732483,0.001063038499673667,4327.941449481196,383.7923438641932,0.03873973558760177,-0.037849603346321946,2.4569279876986066e-5,-0.0016604823356855085,2.310535161711276,-209.37347876097752
2.4712215478221777e-6,224.70077697739535,3503.7695045689434,0.0018147207680390986,-0.002658917634432985,3.0275367217977004e-6,365.25642151852287,3624.409153184704,0.014748629433340802,0.0001249158497874397,5.006872703417374e-7,759.5597700184986,-697.6420582663216,0.1084920148360838,-0.02755739539335101,0.001060660717124974,4328.378448664259,382.09619272863966,0.038628815729338566,-0.037761291911424445,2.3514379567168988e-5,-0.0016614027192418009,2.3104774996737723,-209.55833621225875
2.4738067163382975e-6,224.70077697308736,3503.7695048325445,0.0018986519698620684,-0.002472544737428635,3.0283276953006565e-6,365.2564222211781,3624.4091434366164,0.014832091409803383,0.00026093583984639854,4.832609134060472e-7,759.8652851271255,58.76027473048989,0.10895043142190323,-0.02882116540187576,0.001058065841387631,4328.833384151867,380.29281191297133,0.038528887668595434,-0.03763659624110068,2.2336868219850253e-5,-0.0016624370507336095,2.3104101533817154,-209.74627742802573
2.4761773823835048e-6,224.7007769693056,3503.7695051264373,0.001988807003342352,-0.002263703825997907,3.029208327032317e-6,365.25642291737574,3624.4091335856197,0.014921031411359918,0.0004143766150642662,4.63433336914255e-7,760.1709231220417,55.761258612831554,0.10930501425646452,-0.030335046950928136,0.0010553470522883144,4329.316279812331,378.38693734874397,0.03844290800264273,-0.037461133932379646,2.107136183155631e-5,-0.0016636285884603864,2.310334950781917,-209.93499942564858
2.512401013867149e-6,224.70077702963056,3503.7695058653144,0.0023714514084199113,0.0007754491227580299,3.0358268829679263e-6,365.2564225261306,3624.4091388221145,0.015316021061050027,0.0027848331845356875,4.323983178490308e-7,760.4766840526744,247.7839743593405,0.0924961806236163,0.04116992046655992,0.0010397773988295525,4329.409017284133,356.61821546915735,0.03809473047232152,-0.03685956004568308,-1.3404815035597476e-5,-0.0016621941240343786,2.307569901751003,-210.11978668331255
2.507705969486231e-6,224.70077702691916,3503.769506305104,0.0024535700117712484,0.0008132960269120505,3.0366446133920854e-6,365.25642320754315,3624.4091286138864,0.015390943499544382,0.0028037380309443344,4.0253618569484885e-7,760.7825679684732,246.01794438134195,0.09280405864226006,0.044594978535380775,0.0010381350398401166,4329.98663168213,356.67821152872233,0.03806749718450025,-0.03631438975405191,-1.3073533121023542e-5,-0.0016649367390102082,2.3076768759806754,-210.27459938165978
2.50252804370011e-6,224.7007770243551,3503.7695067960854,0.0025362782343966972,0.0008679915979794469,3.0374828605483452e-6,365.25642389125875,3624.409118258139,0.01546605742865815,0.0028359401345844407,3.707183919847394e-7,761.0885749189055,244.93054550984084,0.09330341582861658,0.04890330277604807,0.0010367078793001763,4330.63869446344,356.68474373051254,0.0380707159802052,-0.035672784992459586,-1.2070341492003869e-5,-0.0016679360467385864,2.307814567556378,-210.41303481662155
2.49684949906134e-6,224.700777022114,3503.7695073462155,0.0026168266188692705,0.0009470089702382805,3.038327674616202e-6,365.2564245703008,3624.409107861104,0.015539003442326654,0.00288749170048951,3.37590924226521e-7,761.3947049534588,244.84483880869155,0.0942790657125552,0.05437326068755406,0.0010355780831880629,4331.37064656044,356.59866862986166,0.0381139425471952,-0.034917917066812396,-1.0282477740595565e-5,-0.0016711997646483123,2.307986076755155,-210.53020836586907
2.490683587820026e-6,224.70077702037347,3503.76950797185,0.0026990004621057647,0.0010614392692132187,3.0392027096167938e-6,365.256425234428,3624.4090975757535,0.01561251806269108,0.0029670434293925466,3.0413776042697554e-7,761.7009581216408,246.22165546537536,0.09631924813200363,0.06131036768309166,0.0010346900369920676,4332.196132593634,356.3428746981508,0.03821046743236024,-0.03403276634009471,-7.550480169876853e-6,-0.0016747598919004336,2.308196705419885,-210.62043155967004
2.4842050236075305e-6,224.7007770190584,3503.7695086919216,0.0028007624194036507,0.0012188052761655489,3.040200627056251e-6,365.2564258728586,3624.409087560991,0.015700238485266298,0.0030799887927276345,2.719523445750657e-7,762.0073344729793,249.48059114599894,0.1003957368741065,0.0698012397562299,0.001033653597126704,4333.116820990092,355.84792400963994,0.03837742836996327,-0.03302982183137348,-3.715978723940939e-6,-0.0016786237389599065,2.308452542173808,-210.6769932194751
2.4781721390906114e-6,224.70077701782057,3503.7695094931514,0.002953148889753909,0.0014183043298618776,3.0414520475536214e-6,365.25642648285316,3624.409077877522,0.015825497543452076,0.003225006622847244,2.432053530688008e-7,762.3138340570217,254.5284998427326,0.10752050957527166,0.07925763013791867,0.0010317164750604814,4334.125465690306,354.94012019476,0.03862720876758797,-0.03200826696261395,1.215307717879042e-6,-0.001682562440744793,2.3087490344286117,-210.69298210398122
2.473461643538287e-6,224.70077701591268,3503.769510301745,0.0031672483458218665,0.0016304595738469022,3.0429462211701604e-6,365.2564270883136,3624.409068230134,0.015995643537455254,0.0033793332572584615,2.2025430456888673e-7,762.6204569233355,260.33697020773616,0.11774581506561616,0.08806294502358127,0.0010284799595582151,4335.131968100644,353.6620157865815,0.03894356328184064,-0.031133456889270543,6.864931483906311e-6,-0.0016861564098324153,2.3090644471578634,-210.6645994522813
2.4817189273367964e-6,224.70077700357615,3503.7695110882314,0.0046437713382903095,0.001827960300918238,3.0515754292078096e-6,365.25642827058596,3624.40904872538,0.017156327556407506,0.003506854302502948,3.1932199686481113e-7,762.9272031215081,863.1038211473665,0.06647807652230257,-0.016147101057039565,0.0009920544323953216,4337.083258697165,347.6936605395747,0.040224493842434705,-0.03231618826267875,6.818328640242023e-7,-0.0016838836254381333,2.3089126424760846,-210.54909967318204
2.481622820505473e-6,224.70077701086365,3503.7695112846454,0.004749860483511602,0.002029507056616366,3.052440535482489e-6,365.2564291369016,3624.409035080155,0.017236101540514012,0.0036700038113783974,3.624030182188495e-7,763.2340727011468,99.53905740003006,0.07183381452296249,-0.011436546469252252,0.0009893399493903347,4337.190124290956,346.6944155434951,0.0405735841308034,-0.032008536036879115,1.3290985393200914e-6,-0.0016835155114802445,2.3088924388420846,-210.33455156369035
2.480536236149251e-6,224.70077701904268,3503.769511422121,0.00479248766256489,0.0022062290802225947,3.0528891785749634e-6,365.2564300133634,3624.4090213194636,0.017262665263167394,0.0038178362721143105,4.0531322739156727e-7,763.5410657118782,861.2427582579002,0.07635954460397727,-0.00818520344288228,0.000987969974438941,4337.159912254174,346.11880343214705,0.04093721628769914,-0.03166260690016229,2.5306480432062392e-6,-0.001683135732599213,2.308894918703476,-210.0870855867885
2.4788466308944836e-6,224.70077702809334,3503.769511503738,0.0047924185982255296,0.0023629919909597522,3.0530367004444335e-6,365.2564308898421,3624.409007615958,0.01725257809673005,0.003953321743009801,4.471521884870266e-7,763.8481822033511,859.1514606089906,0.0800660153401427,-0.005751655874949637,0.0009874889418935232,4337.00851065954,345.83609066195635,0.04131254114111674,-0.03131755012219603,4.125452104794226e-6,-0.0016826884111606681,2.308910967523775,-209.80975022216091
2.4766414337892445e-6,224.70077703786416,3503.769511531678,0.004755627855574453,0.0024990836153413664,3.052914822760556e-6,365.2564317603195,3624.4089940765302,0.017210691242054942,0.004075532146763908,4.873630507753341e-7,764.1554222252321,92.58198726915009,0.08308061570626071,-0.0038566732689283385,0.0009877755419740717,4336.7419120746445,345.8207968053495,0.04169537842200637,-0.030988064914164205,6.051754020511553e-6,-0.0016821870354948283,2.308938517579459,-209.50615901404967
2.474120125084351e-6,224.7007770482647,3503.769511505379,0.00468659109880268,0.002616271356042444,3.0525467186358793e-6,365.25643262016143,3624.408980786456,0.0171408151614147,0.004185523424163005,5.255358185436179e-7,764.4627858272081,89.66291180188874,0.0855260371113698,-0.0023386596738012187,0.0009887278117132802,4336.3748195375565,346.0030325401988,0.0420799918662569,-0.03068856687127821,8.245827296274187e-6,-0.0016815897380957619,2.308973861348426,-209.18051665208608
2.4712627025730648e-6,224.70077705898254,3503.769511431079,0.004585905852977531,0.002712164225110392,3.051936012761366e-6,365.2564334640305,3624.408967834915,0.01704365024852974,0.004281153692806187,5.613257364308698e-7,764.7702730589865,851.3606342079534,0.08749775434293593,-0.001119481797362863,0.0009903613153874771,4335.922408956185,346.37309224714204,0.042460839480540066,-0.03042008219673345,1.0677279556226178e-5,-0.0016809374937795825,2.309017495209589,-208.83746816088296
2.4681754510148726e-6,224.7007770698148,3503.769511313243,0.004457693567837697,0.002787796754314344,3.0511079091365397e-6,365.2564342883736,3624.408955282537,0.0169227822971328,0.0043628561783316715,5.945163838475679e-7,765.0778839702945,848.4887718323192,0.08907723360922239,-0.0001317554835624815,0.0009925982046691474,4335.404943874327,346.87849313430536,0.042831585160343744,-0.030188676322760937,1.329619952587207e-5,-0.0016802310347611225,2.30906762264892,-208.48189543854735
2.464912235036057e-6,224.7007770806269,3503.7695111550843,0.004304701649661238,0.0028433785625578798,3.050081759307403e-6,365.2564350913021,3624.4089431582365,0.016780717119966048,0.004430461379539494,6.249602453773198e-7,765.3856186108791,80.14649584168225,0.09032907287878371,0.0006656274433742092,0.0009953874047674929,4334.825307154234,347.520484302973,0.043187031988150125,-0.029995129816091506,1.6061288901726236e-5,-0.0016794852725085059,2.3091232009243554,-208.11870472780598
2.461450526574096e-6,224.70077709101997,3503.7695109693414,0.004129433713621233,0.0028788352763561473,3.048875961765475e-6,365.2564358673723,3624.408931546017,0.016619736706000473,0.004483560575989225,6.525865030850628e-7,765.6934770305078,76.81059592495289,0.09130172225697314,0.0012999223486301389,0.0009987222997491685,4334.2235454009215,348.2346649996188,0.04352452245891376,-0.0298367979996314,1.8932981611858804e-5,-0.0016787527838542182,2.3091842943388077,-207.7526291361812
2.4579357803255313e-6,224.7007771009331,3503.769510758217,0.003935449635068455,0.002896927696844907,3.047515170422106e-6,365.2564366159161,3624.408920448596,0.016443025558806668,0.004523959911248551,6.774038935098482e-7,766.0014592789676,839.4169719839821,0.0920394852360224,0.001798909765033433,0.0010025194198287506,4333.611573483973,348.9758492868162,0.043839688994288445,-0.029715812890650718,2.1859381441405133e-5,-0.0016780050686204765,2.3092481394173827,-207.3880624802344
2.4543219938280158e-6,224.70077711010543,3503.7695105318894,0.003727775385308468,0.0028976895295106907,3.046036034402156e-6,365.2564373358005,3624.4089098788927,0.016254818072850747,0.004551280994217723,6.994843674319801e-7,766.3095654060656,836.280778391516,0.09258226298673215,0.0021795007730987235,0.0010067007520220869,4333.003953598965,349.74605053607223,0.044128476329953405,-0.029627752743457823,2.48104191529723e-5,-0.001677307857085793,2.3093153478599486,-207.02893384049318
2.4506244158259453e-6,224.7007771183871,3503.7695102973194,0.0035088743414850194,0.00288236042674848,3.0444573441715658e-6,365.2564380263582,3624.408899837501,0.016057305931707917,0.004566245055938045,7.189744632722556e-7,766.6177954616287,833.1007705130655,0.09295974520896197,0.002456449931999009,0.001011228945038556,4332.418401304389,350.50804179315054,0.04439083052058279,-0.0295693984479575,2.775409861629296e-5,-0.0016766820821497047,2.3093852634804004,-206.67862608135403
2.446905856485535e-6,224.70077712571018,3503.7695100593737,0.003282449299993258,0.0028540851727089185,3.042806515509329e-6,365.25643868748415,3624.408890318304,0.015853675799991425,0.004571008342082691,7.360215536646434e-7,766.9261494955056,829.8843426591101,0.09319866941692172,0.0026466703058915858,0.0010160256755528067,4331.871793056584,351.2202208868127,0.044625259948927555,-0.029539491710287306,3.065575811665395e-5,-0.0016761316004856447,2.3094563338714793,-206.33993690771098
2.4431492342640465e-6,224.70077713197736,3503.7695098235445,0.003051582008695744,0.002812738099775017,3.0411079905537033e-6,365.25643932087655,3624.408881284333,0.015646600805930073,0.00456521740973604,7.508028766044844e-7,767.2346275575628,826.6359418688967,0.09332241441773699,0.002757963046141531,0.0010210290115779267,4331.362404210447,351.9079319913231,0.044830963001546896,-0.029533291890422496,3.348637352864997e-5,-0.0016756850918580636,2.309528347397427,-206.01507768248607
2.439379118772942e-6,224.70077713717694,3503.769509593814,0.002819146997795172,0.002761478716954172,3.0393829008624933e-6,365.25643992728635,3624.4088727158937,0.015438472496722803,0.00455116707710152,7.635440599572993e-7,767.5432296976878,823.3606270760126,0.09335107097870271,0.0028040423202234438,0.0010261788405160014,4330.906215624831,352.524980262765,0.045008659344292164,-0.02954890536775196,3.623043192383192e-5,-0.0016753546948210648,2.309600573376907,-205.7057023295958
2.4356226508050403e-6,224.70077714124935,3503.7695093747993,0.0025875508973524147,0.002701744136472735,3.037649837761963e-6,365.2564405079116,3624.4088645862053,0.01523136064699036,0.004529815023586736,7.744780274023062e-7,767.8519559657881,820.0625075031071,0.09330196464377616,0.002793759537368614,0.0010314231455333406,4330.5137473733275,353.05053764709095,0.04515906062554084,-0.029583664766819697,3.886340846102679e-5,-0.001675141799834467,2.309672036133937,-205.41295777427797
2.431869752447477e-6,224.70077714425491,3503.7695091676705,0.002358379846392313,0.002634805317683595,3.0359230229179875e-6,365.256441065168,3624.4088568482634,0.015026625194330392,0.004502040119634396,7.838144980634485e-7,768.1608064117912,816.7440958700367,0.09318907633517214,0.0027345505249405334,0.0010367145180504992,4330.178291496137,353.50218531183896,0.045283045938292334,-0.02963405882746961,4.1373847597002816e-5,-0.0016750587345504833,2.309742469101907,-205.13754839132017
2.4281187663912028e-6,224.70077714620638,3503.7695089749413,0.0021332339675526482,0.0025620497053580327,3.0342151218491486e-6,365.2564416007729,3624.408849468981,0.014825614408438053,0.004468853682773541,7.917678645943886e-7,768.469781085645,813.4099219716949,0.09302446889521317,0.002634112357244039,0.0010420170677606123,4329.905026270762,353.86976707978556,0.04538253666626507,-0.029697678681691334,4.3752112805515035e-5,-0.001675114558219054,2.3098115367736582,-204.8798065998685
2.4244137195103513e-6,224.70077714716084,3503.7695087970824,0.0019140860717148027,0.002485137728187948,3.0325410728910114e-6,365.2564421170236,3624.408842406594,0.014629988217791991,0.004431466361742906,7.985258346151074e-7,768.7788800373169,41.28597241195758,0.09281962516092286,0.0025002775957405684,0.0010472721516509482,4329.6957576419645,354.1407904613492,0.04545760649123542,-0.029773843080757145,4.59863040344635e-5,-0.001675295963107422,2.309878280533132,-204.63976429951336
2.4207074168520234e-6,224.70077714721688,3503.769508634057,0.0016998820075795795,0.002404661067787387,3.0308972330269086e-6,365.2564426155365,3624.4088356275975,0.014438920914157978,0.004390399390456828,8.043221477316315e-7,769.0881033167948,806.7064380920755,0.09258106799572474,0.002337040550286483,0.0010524958670301572,4329.53992064469,354.3434231573455,0.04551248553486319,-0.029857829143356662,4.8076668552996904e-5,-0.0016756142090003305,2.3099429348897176,-204.41722042524194
2.417053521020484e-6,224.70077714639365,3503.769508486618,0.0014931494132501193,0.002321941677380769,3.02930123111465e-6,365.25644309850173,3624.408829094712,0.014254509711897779,0.004346585523144344,8.09270528095145e-7,769.3974509740868,803.3436169716288,0.09231740153982029,0.0021516313490968237,0.0010576182970183114,4329.445656873769,354.45336181937904,0.045545780318484275,-0.02995072651260165,5.001238696813141e-5,-0.0016760548442498512,2.3100045959473623,-204.21180267514728
2.413435168087522e-6,224.70077714480666,3503.7695083537183,0.0012928920335104166,0.00223785456201702,3.0277484306621684e-6,365.2564435673763,3624.4088227797033,0.014075956189556958,0.004300800187216337,8.13577145044508e-7,769.7069230592209,799.9755457833276,0.09203363168612284,0.0019482691364593114,0.0010626566840873754,4329.405413349656,354.4841188364822,0.04556154711836135,-0.030049442269153608,5.179594570331366e-5,-0.0016766142735916427,2.3100631945251835,-204.0230205907558
2.4098740923317943e-6,224.70077714247762,3503.7695082356877,0.0011001713975998116,0.002153016741491208,3.0262474452018263e-6,365.25644402365634,3624.408816654977,0.013904172926788501,0.004253475091360387,8.173259238558009e-7,770.0165196222446,796.606471140344,0.09173398119123097,0.0017312066787342909,0.001067575142215949,4329.4224681503065,354.42887655749615,0.045559199778568794,-0.03015373312861548,5.342098316933303e-5,-0.0016772846104444827,2.3101182377859955,-203.85031074844773
2.4063997560819643e-6,224.7007771396071,3503.7695081284387,0.0009141996254178647,0.002069005412446033,3.0247944330409577e-6,365.25644446907813,3624.408810690077,0.013738541382861003,0.004205948716864266,8.206793948254753e-7,770.3262407132274,793.2380440408593,0.0914228106329517,0.0015066783425017247,0.0010723743501134364,4329.485918242298,354.2964332710421,0.04554177856200222,-0.03026263355681082,5.488915588615228e-5,-0.00167804058984374,2.3101690750772095,-203.6930733394841
2.402953344492651e-6,224.70077713615154,3503.769508033917,0.0007356069472670533,0.0019842913424390706,3.0233955531047454e-6,365.25644490516737,3624.4088048565595,0.01357959438493788,0.004157008974494954,8.236971606162639e-7,770.6360863822575,789.8731116984433,0.09110302909119011,0.001274020977405473,0.001077039150563596,4329.58953043632,354.1225778371252,0.04550894608962407,-0.030373560704269626,5.620638580227258e-5,-0.001678907596372809,2.310216757698642,-203.55070079262632
2.399595060956381e-6,224.70077713214826,3503.7695079517334,0.0005638877143613615,0.0019004802971341584,3.022047233054004e-6,365.2564453318136,3624.4087991536057,0.013426939688038613,0.0041079568820715714,8.264786559660309e-7,770.9460566794431,786.5122797956928,0.09077535234686789,0.0010377233405512458,0.0010815793000468175,4329.746918776296,353.85907886258207,0.0454624179361873,-0.030487279397089104,5.7367320322614186e-5,-0.001679851577093794,2.310260186067056,-203.42259989253012
2.396323676844747e-6,224.70077712779485,3503.7695078772854,0.0003984279967463162,0.0018183175462909403,3.0207477013157217e-6,365.2564457507646,3624.408793550223,0.013280108394191678,0.004059440301629169,8.291091569211126e-7,771.2561516549131,783.1575915208298,0.09044210228150848,0.0008020642338974629,0.0010859886222339664,4329.939381295967,353.5463989877145,0.04540354251031543,-0.030602343394260823,5.837778197317104e-5,-0.0016808625841551197,2.31029932927233,-203.30820743980556
2.3931422507947005e-6,224.70077712300747,3503.7695078129677,0.0002394782423271717,0.001736970986027267,3.019499325375538e-6,365.2564461622536,3624.4087880400252,0.013139378107937447,0.0040108066462654956,8.315929637012835e-7,771.5663713588165,779.8120550456322,0.09010271809555173,0.0005670339987533155,0.0010902691026839987,4330.175734113328,353.1729856382716,0.045332416123885645,-0.03071814514658431,5.923538412675335e-5,-0.001681937247702997,2.310334293940357,-203.20700094996852
2.390060536353943e-6,224.7007771179108,3503.769507755961,8.634426512919227e-5,0.0016571635990479193,3.018298425297154e-6,365.25644656696335,3624.4087826092605,0.013004183636120001,0.003962695899085404,8.340265504590231e-7,771.8767158413222,776.4754354067843,0.0897589479064897,0.00033576357524650217,0.001094427342500768,4330.446897065534,352.75400466347804,0.045250354180122854,-0.030833603388603737,5.99448688420695e-5,-0.0016830603432044483,2.3103647889842307,-203.11850511764214
2.387130492044117e-6,224.70077711267564,3503.769507701663,-6.186391671099477e-5,0.0015804465732700966,3.0171399822398398e-6,365.25644696560323,3624.408777243606,0.012873860748031568,0.0039163873203445386,8.36410968795063e-7,772.1871851526196,773.1507773636099,0.08940843947514951,0.00011345509922272954,0.001098470714873739,4330.749788694773,352.27909084825467,0.045159004606256464,-0.030949662047591333,6.051028948132659e-5,-0.001684199721036715,2.3103903435900524,-203.04229437480495
2.384263798516501e-6,224.70077710711539,3503.7695076552413,-0.00020445620001527452,0.0015041580895890827,3.0160297288822003e-6,365.25644735812904,3624.408771941026,0.01274892927413722,0.0038697548049017164,8.387741029632695e-7,772.4977793429181,769.8378569157214,0.08905253754800647,-0.00010477457980443851,0.0011023985004907334,4331.085076619329,351.7795038670761,0.0450567922065064,-0.031063287658648603,6.094097715222544e-5,-0.0016853933376990307,2.3104126858802214,-202.9779930920518
2.3815873932487923e-6,224.700777101478,3503.769507609696,-0.0003428649847230427,0.001430301958499765,3.0149598459607897e-6,365.25644774521624,3624.4087666876035,0.012628469366391188,0.003824445661722661,8.411134267867675e-7,772.8084984624473,766.5395496076088,0.08868842161862392,-0.0003125461089824156,0.0011062238838413624,4331.443872034094,351.2506664036474,0.044946143541801174,-0.031175651285985564,6.122400915957693e-5,-0.0016865693448113739,2.3104293722391,-202.92527285401638
2.3790272959780444e-6,224.7007770956689,3503.769507567927,-0.0004768342690134443,0.0013584432866706676,3.0139311249593846e-6,365.2564481263244,3624.408761490177,0.012512490917940872,0.003780149620306883,8.434588160716792e-7,773.1193425614564,763.2560261059551,0.08831558262128865,-0.0005100002827867539,0.001109957040431848,4331.834986310606,350.6815952114891,0.0448268165237293,-0.03128576011668936,6.138481194506163e-5,-0.00168775985327002,2.310442691809749,-202.88384816476585
2.376652909829514e-6,224.70077708981896,3503.7695075257902,-0.000607199224737473,0.0012883520436930095,3.012941033792643e-6,365.2564485021988,3624.4087563328817,0.012400584657776806,0.003736686647249235,8.457747669838216e-7,773.430311690217,759.9890136576772,0.08793155309946898,-0.0006961746615491634,0.001113603611475608,4332.243610091467,350.10681393891036,0.04469951430535237,-0.031392802735149467,6.140987809131881e-5,-0.001688920837969532,2.3104510415522923,-202.85347042172276
2.374454322114875e-6,224.70077708388442,3503.7695074844887,-0.0007340638569177014,0.0012202839174961914,3.0119881752504737e-6,365.25644887220597,3624.408751225474,0.012292578959413334,0.0036942859123951905,8.480883336275211e-7,773.7414058990184,756.7395940715159,0.08753506106526861,-0.0008696368861714717,0.001117175336245208,4332.678280275152,349.504373794061,0.04456443290793754,-0.03149674663596471,6.131514517679464e-5,-0.0016900518575305396,2.310455393154288,-202.83392086696145
2.3724716395331004e-6,224.70077707798475,3503.7695074404864,-0.0008585055927817569,0.0011545731118041522,3.0110667098541934e-6,365.25644923654943,3624.408746160768,0.01218771476600211,0.0036532775629425046,8.503763860446876e-7,774.0526252381715,753.5091950004065,0.0871226113301124,-0.001027906050860806,0.00112069434245973,4333.131716384471,348.8862712583541,0.04442332494671386,-0.0315971179365846,6.110278071774414e-5,-0.001691122056839252,2.3104553501475693,-202.8250025873454
2.3706928326460713e-6,224.70077707211217,3503.7695073938294,-0.000980403073642717,0.0010908442047360119,3.010178516360798e-6,365.2564495951231,3624.4087411398036,0.012086098077303289,0.0036133364745710834,8.52629736483009e-7,774.3639697580068,750.298267958221,0.08669316718590084,-0.0011713693452520982,0.001124160384259297,4333.599270953405,348.27013105949106,0.044275574133780034,-0.0316928390053672,6.0784277363089174e-5,-0.0016921319423270752,2.310451530089618,-202.8265319556518
2.36912956302837e-6,224.70077706624858,3503.7695073445225,-0.0011003643050277868,0.0010285391642633887,3.009319781695266e-6,365.25644994762234,3624.4087361652087,0.011987285566161441,0.0035740618287572047,8.548388329939903e-7,774.6754395088752,747.1075936051162,0.08624379258146263,-0.0013001066769585893,0.001127595013952821,4334.081227395929,347.65682708157436,0.044122102528705354,-0.03178335229092945,6.0367146976386146e-5,-0.0016930665585954856,2.3104442067889406,-202.83833020157402
2.3678173328144605e-6,224.70077706050486,3503.76950728927,-0.001218985885473054,0.0009678457810197642,3.0084882808493326e-6,365.2564502941882,3624.408731233825,0.011890917003483789,0.0035356415452126788,8.569701512705255e-7,774.9870345411481,-31.04601565232578,0.08577171903667005,-0.0014110705152518808,0.0011310068249480215,4334.567366368652,347.0684738515905,0.0439637832891374,-0.031868017648487616,5.985866690659612e-5,-0.0016938985445992172,2.3104333457508663,-202.86021455402883
2.3667387502021638e-6,224.70077705481944,3503.7695072293795,-0.0013360795873903115,0.0009085131308688376,3.0076846815454785e-6,365.25645063425645,3624.4087263540337,0.01179706601636094,0.0034978273399646036,8.590005464975514e-7,775.298754905217,740.7955838535181,0.08527476803785652,-0.0015064607272798325,0.0011344036458544322,4335.059316766487,346.50307598397086,0.04380023538199291,-0.03194641468930543,5.927557111280614e-5,-0.001694632900200246,2.3104198124035014,-202.891990729965
2.3659970247299693e-6,224.70077704933672,3503.76950716073,-0.0014534964895132172,0.0008521779854053028,3.006897012312273e-6,365.2564509672474,3624.4087215370305,0.01170435922245452,0.0034620531941972938,8.609911115588943e-7,775.6106006514938,737.6754615690347,0.08474987674006235,-0.001579337392953087,0.0011378266597321985,4335.56079002061,345.92893689274615,0.04363474439943646,-0.03201943310059074,5.8615057337877265e-5,-0.0016952039380442822,2.3104021263996426,-202.93344568337628
2.3655268029888755e-6,224.7007770439922,3503.769507084467,-0.0015706528380588732,0.0007964571250510674,3.00613075146943e-6,365.25645129355087,3624.408716774814,0.011613299894599503,0.0034263797748337907,8.628584224498365e-7,775.9225718304102,734.5815370937154,0.08419507125585009,-0.001633940270704263,0.0011412658858538731,4336.054014995414,345.41175790318835,0.04346585711813399,-0.032084593207731896,5.790023611129055e-5,-0.001695637409340925,2.3103822369468436,-202.98434211707715
2.365349069232573e-6,224.70077703882947,3503.7695069993188,-0.0016883422890024138,0.0007420035146105921,3.005380108670905e-6,365.25645161265993,3624.4087120779877,0.01152319922275985,0.0033913689512379097,8.646415886104438e-7,776.2346684924181,731.5131536920461,0.08360888769440433,-0.0016685893521264283,0.0011447461770949803,4336.538852194097,344.9423435056319,0.04329509355354025,-0.032141825153240634,5.714138236974561e-5,-0.001695913536456852,2.310360148311997,-203.04441425957998
2.3655220615522163e-6,224.70077703393943,3503.7695069025085,-0.0018071339491998865,0.0006896182255101123,3.0046418168039034e-6,365.25645192413845,3624.4087074555455,0.011433702556778936,0.0033576931520138318,8.663025558159354e-7,776.5468906879915,728.4740398417478,0.08298799515357193,-0.0016791677838216012,0.0011482812785395954,4337.010639901047,344.51954547517016,0.0431239216023906,-0.03219145605404637,5.635070666280056e-5,-0.001695996725986017,2.310335624634219,-203.11336579787633
2.3660143271579054e-6,224.70077702923066,3503.769506795908,-0.0019271859739403653,0.000637769175240069,3.0039135228243946e-6,365.2564522278251,3624.4087029123566,0.011344593676845077,0.0033241597482100587,8.678698936548696e-7,776.8592384676227,725.4627373673623,0.08233210544458587,-0.0016690030336499824,0.0011518851163735558,4337.467100445473,344.15307229707213,0.042952435579296,-0.03223279953821775,5.554606723881117e-5,-0.0016958939593404595,2.310309761152928,-203.19086973125917
2.3668721225964226e-6,224.70077702478247,3503.76950667757,-0.0020492213605257065,0.0005876547041529037,3.003191526298695e-6,365.2564525230302,3624.408698465147,0.011255349776227825,0.0032917515957787396,8.693758701678836e-7,777.1717118818248,722.482264703097,0.08164046282543046,-0.00163330899624501,0.0011555744989059271,4337.90578667542,343.8414739246624,0.042781917546286775,-0.03226549941220304,5.473031258181695e-5,-0.0016955746322959715,2.3102819400719348,-203.27657038911798
2.36808037435362e-6,224.70077702063807,3503.769506545921,-0.0021736667567448685,0.0005384222322798938,3.0024723300226038e-6,365.2564528100343,3624.4086941104306,0.011165607894204926,0.003259862691951151,8.708042727747009e-7,777.4843109811314,-57.94950924046178,0.08091144461866866,-0.0015715398395239808,0.0011593622304970138,4338.313466846498,343.613439005962,0.04261356398667619,-0.03228890509071325,5.3930165850837946e-5,-0.0016950378645280409,2.310253367160503,-203.37008738759022
2.3696795844309195e-6,224.70077701678193,3503.769506401024,-0.002300890499265589,0.000490502416138217,3.0017523425174994e-6,365.25645308817684,3624.408689864834,0.011075037092110865,0.003228822891323755,8.721858711568242e-7,777.7970358160965,716.618673334146,0.08014517652798499,-0.0014838128647786048,0.0011632612579681526,4338.692279556399,343.44930494035225,0.04244824660355846,-0.0323039602591343,5.3149207513980096e-5,-0.001694258820604592,2.3102235159511304,-203.47102179118502
2.3716578620994704e-6,224.7007770132481,3503.76950624213,-0.0024313031551139144,0.00044398587587705544,3.0010280608410354e-6,365.2564533572503,3624.4086857365623,0.010983241767516555,0.0031987863363238285,8.735702038842449e-7,778.1098864372941,713.7364582280053,0.07934269745927718,-0.0013671554406609351,0.001167285988117056,4339.0373525245295,343.3574139376674,0.04228703070244733,-0.032310141796624434,5.2407316482892236e-5,-0.001693237652641588,2.3101931525663564,-203.5789633842238
2.374023342796519e-6,224.70077701007088,3503.7695060682922,-0.0025652195464390686,0.0003988467761783088,3.000297202131992e-6,365.2564536170504,3624.4086817343004,0.010889972522296825,0.003169744212918308,8.749673923859338e-7,778.422862895319,710.8893418304032,0.07850497749715746,-0.0012206877375781433,0.0011714430489431684,4339.339943296885,343.35256482089244,0.042130827038382654,-0.03230722753186142,5.17146377722517e-5,-0.0016919661253792502,2.3101624052831915,-203.6934995788535
2.3767680665082933e-6,224.7007770072328,3503.7695058798076,-0.0027028452001741986,0.0003545058398021582,2.9995573924951294e-6,365.2564538675768,3624.408677862408,0.010795005360802065,0.0031412777608488957,8.764174252839863e-7,778.7359652407858,708.0780442616206,0.07763366188523492,-0.0010442359249825395,0.0011757401437869682,4339.595242056868,343.44267533572963,0.041980130823633485,-0.03229509842798072,5.108535223350854e-5,-0.0016904435231920865,2.3101318105590884,-203.81422464256423
2.379916529490637e-6,224.70077700471654,3503.769505677268,-0.002844409231590484,0.0003115772644355613,2.998805521302756e-6,365.256454108058,3624.4086741408214,0.010698105334901918,0.003113920030188443,8.779994159236336e-7,779.0491935243302,-73.74456110880416,0.0767320823187,-0.0008347699267986984,0.0011801896516816764,4339.808058015501,343.6054539807646,0.04183579581305012,-0.03227447728352268,5.052531031628526e-5,-0.001688657316816168,2.3101011047832554,-203.94074953692143
2.3834624007158467e-6,224.70077700261868,3503.769505458248,-0.0029900680193337037,0.000270262601546261,2.998039880357866e-6,365.25645433888826,3624.4086705663503,0.010599077769645348,0.0030878350076356323,8.796869768812101e-7,779.3625477966067,702.5672565015477,0.07580116895859867,-0.0005925167097331351,0.0011847890393798172,4339.963451445485,343.8632308520006,0.04169888250415565,-0.03224564186398038,5.0051205919934274e-5,-0.0016866086306266876,2.3100708036626307,-204.07271127328386
2.387385950289452e-6,224.70077700087137,3503.7695052248678,-0.0031399074080583262,0.0002300610056088023,2.9972586791593606e-6,365.2564545596865,3624.4086671519553,0.010497806939112172,0.003062688970325411,8.815729541160743e-7,779.676028108293,699.8697901175076,0.07484572091213358,-0.00031556408214846143,0.0011895505196750145,4340.064658813672,344.21056030552273,0.04156978570050255,-0.03220810652510465,4.967218850332823e-5,-0.0016843076444527426,2.3100413766024857,-204.20978164937924
2.391708212674703e-6,224.70077699950323,3503.7695049763242,-0.0032940957687969965,0.00019136637394058864,2.9964595306538272e-6,365.2564547704097,3624.4086639034463,0.010394089408105498,0.0030387889264491498,8.837149874926645e-7,779.9896345100849,697.2102538981009,0.07387069308725537,-4.163905279946138e-6,0.0011944687633274917,4340.106539540416,344.6441041314777,0.041448809846613234,-0.032163138690894835,4.938792478435547e-5,-0.001681744026296997,2.310012299230776,-204.3516752193057
2.3964308751089673e-6,224.70077699852837,3503.769504712726,-0.0034524279299424122,0.00015459647755348995,2.995642705440907e-6,365.25645497081877,3624.4086608296034,0.010288042023856431,0.003016479408027408,8.861197495324988e-7,780.3033670526988,694.5905836418586,0.07287855723518301,0.0003437842925704252,0.0011995445966975278,4340.089144927463,345.15613912050986,0.04133655761258306,-0.03211110453462111,4.9211609663558414e-5,-0.0016789211451806304,2.3099839773993787,-204.49815570776286
2.4015416923358395e-6,224.70077699797528,3503.7695044336288,-0.0036150421697087594,0.0001198025330824829,2.9948060828966788e-6,365.25645516103594,3624.4086579315313,0.01017946982529565,0.0029958339004132204,8.888498158611616e-7,780.6172257868723,692.0102649802168,0.07187473087767636,0.0007288284453610546,0.0012047782371981165,4340.005999619685,345.75376530027484,0.04123365048876138,-0.03205240405157224,4.914795917393324e-5,-0.0016758464343348337,2.3099565111950033,-204.64904112269758
2.407011748901363e-6,224.7007769978317,3503.769504139771,-0.003781706272457491,8.634483255114686e-5,2.9939505621093067e-6,365.2564553413403,3624.408655207941,0.010068506684785428,0.0029763351378019093,8.919194961231638e-7,780.9312107633626,689.4691547018759,0.07086373208874662,0.0011493604639396513,0.0012101611600536855,4339.849577416068,346.4545826408011,0.04114010532846029,-0.031986836064832505,4.92059848249568e-5,-0.0016725367819503836,2.309930522065838,-204.80420744284416
2.4128864770846285e-6,224.70077699805634,3503.769503832564,-0.003952243941034123,5.532765924199024e-5,2.9930751219620457e-6,365.2564555109374,3624.4086526781907,0.009955233686496102,0.0029588666589685847,8.954268075256904e-7,781.245322032948,686.9676385504875,0.0698522621947978,0.0016074139391042074,0.0012156942214170165,4339.634836787031,347.2056694324596,0.04105591210598496,-0.03191641106686097,4.937656834232469e-5,-0.0016689784664909056,2.309904942653758,-204.96359042024633
2.419052168135753e-6,224.70077699867855,3503.769503512283,-0.0041261933901862976,2.5233853016804e-5,2.992183890238504e-6,365.2564556709503,3624.4086503233307,0.009839914129696743,0.0029421736188516372,8.993169707319045e-7,781.5595596464269,684.5031364817401,0.06884344633843262,0.002098243562692689,0.0012213564665708766,4339.338019268573,348.0788402228524,0.04098078978479668,-0.031838968653394285,4.967613089976434e-5,-0.0016652295253219915,2.3098816419393873,-205.1271865141996
2.4256072936428707e-6,224.70077699974814,3503.769503177469,-0.004303805233912879,-2.267283441926043e-6,2.991272548943721e-6,365.2564558207973,3624.408648155913,0.009722330342823562,0.0029276151947238214,9.036425098251616e-7,781.873923654618,682.0764412809255,0.06784102383702233,0.00262509952424092,0.0012271505756074493,4338.9695918682455,349.0169554403384,0.04091586083366227,-0.03175790564391608,5.0098069120775395e-5,-0.0016612476708588073,2.3098590521884423,-205.29505160319067
2.4324869289922453e-6,224.70077700126492,3503.7695028292037,-0.004484515272372412,-2.7743535082682283e-5,2.99034508356053e-6,365.25645596089464,3624.4086461711076,0.00960284203344318,0.0029146911518595766,9.084097727180797e-7,782.1884141083608,679.6858435478352,0.0668504501391906,0.0031850018952798566,0.0012330553721246731,4338.521896274594,350.0451802627705,0.04086028424959376,-0.03167237733950058,5.0647319599023974e-5,-0.0016570716784534403,2.3098380134425645,-205.46729897576893
2.4396856421960745e-6,224.7007770032558,3503.7695024671175,-0.004668173636085158,-5.155925215872922e-5,2.9894022563297277e-6,365.2564560915144,3624.4086443631527,0.009481549384935383,0.002903095089595058,9.135968923936435e-7,782.5030310585142,-105.17102619331943,0.0658741560501872,0.003777822946429019,0.0012390561330874327,4337.986616360482,351.17879908182545,0.040814164447250646,-0.03158288238149068,5.133084684934012e-5,-0.0016527080446937783,2.3098187850991674,-205.64409563080656
2.447122725044104e-6,224.7007770056518,3503.769502094359,-0.004854135956808574,-7.370617192007398e-5,2.9884460706790037e-6,365.2564562127856,3624.408642733796,0.00935871452190193,0.0028928022725887887,9.192698312182703e-7,782.81777455596,675.0075208657994,0.0649195405561102,0.004396246022349067,0.0012451404044791857,4337.371938760116,352.3981950630095,0.04077683020466741,-0.031489864344725886,5.213522580810556e-5,-0.0016482089839545738,2.3098015161162095,-205.82565760530073
2.4548627844066267e-6,224.70077700858727,3503.769501707651,-0.005042511551429921,-9.364559280293104e-5,2.9874768795030434e-6,365.2564563247955,3624.408641279333,0.009234375231188682,0.0028842238431012216,9.253480155786682e-7,783.132644651598,672.718103682783,0.06398549772603693,0.0050453049836873464,0.0012512883525225183,4336.666074144595,353.7163421531194,0.0407488470264273,-0.03139436441695043,5.307510462902784e-5,-0.0016435454361027016,2.3097859957201545,-206.01224406972102
2.462768406369154e-6,224.7007770119707,3503.7695013108355,-0.005232341570768447,-0.00011285993783239623,2.9865012340438557e-6,365.25645642807905,3624.4086399906796,0.009109065719448849,0.002876080800083239,9.31793887079521e-7,783.4476413963495,670.4564057971972,0.0630746714460821,0.005716096460632421,0.0012574699679990782,4335.867336758115,355.1582394831016,0.040728394916205196,-0.031295161679075055,5.4145262296039303e-5,-0.001638794090770953,2.3097734022311287,-206.20415032270188
2.470952010180578e-6,224.70077701598635,3503.7695008992623,-0.005424338209212569,-0.0001296277096853787,2.985513007329443e-6,365.256456522346,3624.408638871028,0.008982307581116887,0.00286981824918935,9.386241905226551e-7,783.762764841156,668.2284941769229,0.0621898156389016,0.006415353156068311,0.001263682469298838,4334.971144334602,356.6999711441496,0.040717477450824456,-0.031194981072967715,5.5354282412481976e-5,-0.0016339041418051315,2.3097625889800426,-206.40169993562907
2.4792597346386844e-6,224.70077702054192,3503.76950047703,-0.005617273536542133,-0.0001453330458841593,2.984520871459673e-6,365.25645660820146,3624.408637909959,0.008854814592426371,0.0028642124905967994,9.457418895994978e-7,784.0780150369798,666.0267312736605,0.061329965451455935,0.007133947072344189,0.0012698844699239454,4333.976268502672,358.3669659694926,0.04071371793553682,-0.031092622970184298,5.6700877968588153e-5,-0.0016289621211882624,2.30975503421657,-206.60523592422547
2.4877101674100267e-6,224.70077702573124,3503.769500042372,-0.005811563057168805,-0.0001598131497450423,2.983522006500598e-6,365.2564566857507,3624.4086371029275,0.00872626372728989,0.002859423730120823,9.531397192893518e-7,784.3933920348034,663.8537499257477,0.06049692432506534,0.007873409204063786,0.0012760663353460703,4332.876549776958,360.16234154642285,0.040718002931344595,-0.030988946165986072,5.818843282467487e-5,-0.0016239628269395182,2.309750382067687,-206.81511120891304
2.496299964718746e-6,224.7007770316594,3503.7694995935035,-0.0060069826438749864,-0.00017258744635208206,2.9825176736111604e-6,365.2564567549332,3624.408636448099,0.008596772308188961,0.0028558087837726454,9.607497629475186e-7,784.7088958856299,661.7119338791097,0.059690752478307886,0.008636186208132684,0.0012821971081520718,4331.666006186833,362.090939079736,0.04073018712994324,-0.03088505958069916,5.982870152960284e-5,-0.001618916090954036,2.3097488587831028,-207.03167860734766
2.5048964621627375e-6,224.70077703821295,3503.7694991350368,-0.006202589157256979,-0.00018541701072156733,2.9815151856938996e-6,365.25645681605437,3624.4086359393855,0.008466924075336526,0.0028518853373582665,9.684814356748697e-7,785.0245266404829,659.5989561907692,0.05891032305122993,0.009416251685576481,0.001288237597480466,4330.344835153192,364.1750312377801,0.040748028623120186,-0.0307796072922382,6.16249176940195e-5,-0.00161389693166465,2.309751877905525,-207.2552804160708
2.5134844080844576e-6,224.70077704556846,3503.769498663612,-0.006398592153488062,-0.0001979397740481476,2.9805137885510963e-6,365.2564568694049,3624.40863556694,0.008336486925480438,0.0028479323235269384,9.762369285804808e-7,785.3402843504068,657.5170220268237,0.05815407951301614,0.01021618366560772,0.0012941573679622728,4328.898625849605,366.44012727657594,0.04077219448310728,-0.030673307171885787,6.359046315210737e-5,-0.0016089165846746945,2.309759626080637,-207.4862381336745
2.5220991959317287e-6,224.70077705375724,3503.7694981792342,-0.006595103835805391,-0.00020946823369425292,2.9795116401092494e-6,365.2564569142018,3624.4086353423745,0.008205366075929985,0.0028445308280255002,9.840591989799178e-7,785.6561690664654,-130.18361339121867,0.05742692962446839,0.01104154001061958,0.001299942257515794,4327.3359523345,368.8520230740919,0.040802724641946175,-0.030567792197451083,6.57334091860298e-5,-0.0016039694380635043,2.309771760327332,-207.7248421483644
2.5306191429261837e-6,224.70077706280756,3503.7694976831767,-0.006791600672510322,-0.0002212895811309687,2.9785140632270305e-6,365.25645695094784,3624.408635253285,0.008073842147013647,0.0028405919233429563,9.91795110420133e-7,785.9721808397454,653.4677330378394,0.05672593255949023,0.01189176785336658,0.001305545165571425,4325.64343345809,371.45866347680305,0.04083852524976872,-0.030461745159638606,6.807275021645421e-5,-0.0015991220907348722,2.309789920472085,-207.97134234276896
2.5390487261626436e-6,224.70077707278497,3503.7694971748865,-0.006988181102636736,-0.00023304052004183154,2.9775196719647076e-6,365.25645697922766,3624.4086353034427,0.007941772650221187,0.002836429050893468,9.99448833009727e-7,786.288319721352,651.5071977820188,0.056055199425152316,0.01277073522315702,0.0013109430089452965,4323.823585970276,374.2438917094968,0.040879749993372023,-0.03035655012298457,7.061931845125554e-5,-0.0015943821116358428,2.3098140611155324,-208.22593924479358
2.5473305806191287e-6,224.70077708376223,3503.7694966543127,-0.007184680152570951,-0.0002448563112951417,2.976530984676291e-6,365.256456998864,3624.408635491916,0.007809214572803512,0.002831888656465718,1.0069528259221952e-6,786.6045857624114,649.5951947421355,0.055416749406919166,0.013681990581583195,0.0013160954580909232,4321.869533383854,377.22990323869976,0.040925701710679045,-0.03025197085203948,7.338452790177679e-5,-0.0015897869254533552,2.3098446902525844,-208.48877672057571
2.5554066133323692e-6,224.7007770957313,3503.7694961230923,-0.007380751744477752,-0.0002575509609663983,2.9755500737218897e-6,365.25645700967004,3624.408635817933,0.007676323118488676,0.0028263102993972694,1.0142546037559893e-6,786.9209790140704,-139.18302148285878,0.05481401605142408,0.014628563441386185,0.0013209579264629539,4319.780433467353,380.4195322429473,0.040975334366571546,-0.030148715717860035,7.63908013037437e-5,-0.0015853758959939364,2.309882888893012,-208.75993632032132
2.5633024423961813e-6,224.70077710879914,3503.769495580128,-0.007576851727767339,-0.0002708777763384298,2.97457439308312e-6,365.25645701120374,3624.408636285475,0.007542810716348136,0.002819914341906033,1.0213499713037324e-6,787.2374995274969,645.9512686543795,0.05425494134321233,0.015623134283732775,0.0013255054621566951,4317.549881373556,383.8177291116169,0.04102986003566687,-0.03004737599322825,7.967634168802747e-5,-0.0015811477334811805,2.309929325868233,-209.03943346279982
2.570855883542393e-6,224.7007771229345,3503.76949502848,-0.007771855491579565,-0.00028604320688469984,2.973612019224053e-6,365.256457003454,3624.40863688888,0.007409300073375588,0.002811654201894465,1.0281916273635027e-6,787.5541473538785,644.2322602238397,0.05374680743225185,0.016661667949005483,0.0013296673925417475,4315.172332666791,387.460121081816,0.04108655825713699,-0.02994743732862161,8.32461531256849e-5,-0.0015771950764886253,2.309985469109446,-209.32721669295506
2.5781337284848144e-6,224.70077713816553,3503.769494468727,-0.007966173613470358,-0.00030172446923371575,2.972658941309121e-6,365.25645698516473,3624.408637647785,0.00727547107000073,0.00280260705403576,1.0348937971889424e-6,787.8709225444242,642.5903862021112,0.05330283654364147,0.017751729886267067,0.001333429732842588,4312.6637524234475,391.2902134956094,0.04114612940284922,-0.029851154112748867,8.710556276654678e-5,-0.0015735037370101527,2.3100501632956325,-209.62316959976602
2.5849544232902436e-6,224.7007771544852,3503.769493903444,-0.008159259080654773,-0.0003200780217853382,2.9717202710034477e-6,365.25645695710335,3624.4086385419005,0.007141550681290539,0.0027910183282054673,1.041373746213479e-6,788.187825150363,641.0303248624158,0.052930431273457895,0.01889348632076867,0.001336727627903765,4310.006108012111,395.37676566468735,0.041207091474575214,-0.02975705655684621,9.129054580605744e-5,-0.0015701703151350661,2.310126175019297,-209.9271169766399
2.5913578523145388e-6,224.70077717193055,3503.7694933334164,-0.008350766551397408,-0.0003396160959227991,2.970795640684471e-6,365.2564569176063,3624.4086395958693,0.007007732758963853,0.0027780709407559593,1.0477530268349731e-6,788.5048552229448,639.5581401153288,0.052648925042736876,0.020091417391551916,0.001339524761423342,4307.212902321994,399.6704192522271,0.04126990145534056,-0.029667874633365177,9.580774932216824e-5,-0.0015671998831196863,2.310212762649327,-210.23883489918376
2.713852772704743e-6,224.70077769313647,3503.7694840667696,-0.009107030272871616,0.0022306205557949994,2.971784078040707e-6,365.25645989918644,3624.408608167895,0.006441919875333278,0.004310890149890379,9.131184211081124e-10,788.8220128134401,-11883.843548278881,-53.96785684196672,-48.090154102518,0.0012287301918042504,4272.561752218696,448.2983226181928,0.04045953687981462,-0.03083006478931744,7.267060477036932e-5,-0.0014971248867266295,2.3090469431113223,-210.4571025724691
2.7157368526726343e-6,224.70077770778101,3503.769483672959,-0.009354992839863022,0.0022512759923149182,2.9704250918922523e-6,365.2564598294209,3624.4086098064145,0.0062455204215650754,0.004336517119967125,7.649068766398576e-10,789.1392979731393,-14925.493548258595,-64.31797253486745,-60.162369322857266,0.0012312826263478887,4271.354859439954,450.1441638773885,0.040313688050653315,-0.030635666747205546,6.942496009003367e-5,-0.0014954307879027674,2.309008470298199,-210.6640510393963
2.7173783996235756e-6,224.70077772273032,3503.769483276782,-0.009602736554872478,0.0022709658348624073,2.969068053013e-6,365.2564597398234,3624.40861165847,0.0060488457533992,0.004361372080953022,9.278136479717902e-10,789.4567107533555,-12875.935092258658,-52.779148598587184,-51.96444611297048,0.001233814220282272,4270.136749068699,451.9931280280745,0.040166289386587437,-0.03043866725951483,6.594259466361918e-5,-0.001493858832043197,2.308967221811695,-210.8857288585689
2.7187703853764928e-6,224.7007777380418,3503.7694828788703,-0.009848036610549742,0.0022888338905155494,2.96773219998796e-6,365.25645963111674,3624.408613712662,0.005853746422431965,0.004384168205792991,6.310449103076075e-10,789.7742512054206,-19915.664961437447,-77.21105480607616,-79.92881251990968,0.0012361577306405946,4268.873919226472,453.93159210052045,0.04001174761131398,-0.03023998890116422,6.220151457084279e-5,-0.001492408408191879,2.3089235641303674,-211.12053643213702
2.7194946836579814e-6,224.70077775305523,3503.769482489114,-0.010088444936308796,0.0023015484774682547,2.966414633696652e-6,365.2564595005811,3624.4086159917274,0.005661125780404492,0.0044028848928471115,9.612761925224755e-10,790.0919193806873,-13588.027859972057,-50.3636772109203,-54.719137228326275,0.001238397385425805,4267.608577165641,455.94588516386955,0.03984922605942068,-0.030041963626053443,5.8497511517010185e-5,-0.0014913516685568866,2.308893708625655,-211.37286930853108
2.7201301788921946e-6,224.700777768821,3503.769482089501,-0.010327085819720881,0.00231599736620375,2.965113075273142e-6,365.25645935001234,3624.408618483015,0.0054696362949512856,0.00442232677828009,7.91739859826545e-10,790.4097153305293,-17248.207769259378,-60.698495753575685,-69.22756807666556,0.00124046880699954,4266.29697983375,457.99593055297123,0.03968663510715449,-0.02984579813743646,5.4488879546873204e-5,-0.0014903258567350865,2.308856098090935,-211.63994134971023
2.720527542712162e-6,224.70077778446992,3503.7694817017973,-0.010559039760533177,0.002327033917196623,2.9638588822446246e-6,365.2564591736612,3624.408621273083,0.005283271769122113,0.004438499844036554,8.162461754466096e-10,790.727639106341,-17467.069032727155,-58.10667864740805,-70.05110983624503,0.001242391668745405,4264.979116836298,460.03670116081486,0.03952025785917872,-0.02964790025501483,5.005642560724703e-5,-0.0014893807801680374,2.308807454288405,-211.92489474837788
2.7198322143715853e-6,224.70077780010058,3503.7694813123317,-0.010782815315306095,0.002333528474577465,2.9626294566814803e-6,365.2564589785791,3624.4086242136636,0.005100825423559264,0.004450741335737938,7.845671767917816e-10,791.0456907595374,-18825.97690224589,-60.0795620333396,-75.40322562013918,0.0012439506240304553,4263.603580641809,462.351729118786,0.0393413784701862,-0.029459527601243776,4.617229037930967e-5,-0.001489157231162093,2.3087979527967573,-212.22774877757843
2.719011930185014e-6,224.70077781581512,3503.7694809365635,-0.010997393722849757,0.0023382083594703255,2.9614700579078263e-6,365.256458756477,3624.4086274704655,0.004925966859728207,0.004460637697772541,7.986040750258841e-10,791.3638703415542,-19205.690108598777,-58.15757731746457,-76.8625982308463,0.001245294809285771,4262.2078095211455,464.64752525146355,0.03916382823428231,-0.02926782705241462,4.172943757657787e-5,-0.0014889196440817528,2.308768740122085,-212.54960341747793
2.7175424823554353e-6,224.70077783148434,3503.769480565301,-0.011201952943405164,0.0023406127070415834,2.9603576903649633e-6,365.2564585101507,3624.4086309742806,0.004757553577493381,0.004468144139593858,8.49038408070716e-10,791.6821779038477,-18675.696128342883,-53.96573347921298,-74.71141883237006,0.0012463155277679615,4260.783694944209,467.057950824454,0.038981973942728995,-0.0290856726165986,3.743026962370254e-5,-0.0014891015848615017,2.30875442983724,-212.89111520132872
2.715489970447341e-6,224.700777846917,3503.7694802121937,-0.011392189866485014,0.002339371380934556,2.95933267965633e-6,365.25645823824135,3624.4086347515304,0.00459976046693044,0.0044717673218661385,9.150761852022446e-10,792.000613497895,-17891.913580618875,-49.199746434973015,-71.55502747196257,0.001246938189159132,4259.324486175475,469.58298998437493,0.03879620337648602,-0.02890549236054767,3.303256375133625e-5,-0.0014896069247483665,2.3087434832416402,-213.25275580325945
2.713011417777613e-6,224.70077786236524,3503.7694798696325,-0.011568747760923434,0.002339106858156888,2.958383306596848e-6,365.2564579394739,3624.4086388224423,0.004451905554905145,0.004475252462370652,1.0823379465275257e-9,792.3191771751931,-15580.905406638349,-40.7125786588039,-62.345479438650834,0.0012472001916773842,4257.852373290467,472.1181134011387,0.03861375162411472,-0.02873458687001325,2.859306472831349e-5,-0.0014903765289556155,2.308733988804108,-213.63518160077803
2.7099641915694324e-6,224.70077787743608,3503.7694795513926,-0.011726767353779942,0.002337043543953126,2.9575450059523235e-6,365.25645761410726,3624.408643182059,0.00431797663804822,0.004475951065163441,9.043117051552128e-10,792.637868987262,-19225.94701335551,-47.549951956839536,-76.74986424536745,0.0012469263708194806,4256.353574171797,474.744332367717,0.03842843189370241,-0.028569367503022733,2.4122548493410993e-5,-0.0014914888363973906,2.3087284517114206,-214.03709676901238
2.706299279351503e-6,224.7007778922948,3503.7694792549705,-0.011864973414876648,0.0023356145460036366,2.956820695963252e-6,365.256457263657,3624.408647801859,0.0041988918724670185,0.004476026099972153,1.0338097808017481e-9,792.9566889856402,-17260.35764746993,-40.357059711375456,-68.91390778118715,0.0012461542680406008,4254.829767387624,477.460165732175,0.03824694454369103,-0.02840966727756458,1.980542051953486e-5,-0.0014930184094291302,2.3087317416908184,-214.46053470041522
2.7018905103845818e-6,224.7007779060382,3503.7694790042788,-0.011976190939434505,0.002332254872840785,2.9562477557635154e-6,365.25645688168106,3624.408652775832,0.004100344858457005,0.00447351295940394,2.3878453222427476e-9,793.2756372218876,-7593.938522467128,-16.72552683437323,-30.586107662212825,0.0012448598579517588,4253.329361895128,480.18846919543284,0.03807284277676647,-0.028256016754508766,1.5715692856852005e-5,-0.0014950508555111673,2.308745060650443,-214.90790060945125
2.6971012410742294e-6,224.7007779198614,3503.769478775915,-0.012063735269285433,0.0023351260562821585,2.9558205870167373e-6,365.2564564769327,3624.4086579887407,0.004019996518793401,0.004473759781256635,2.0216206931859915e-9,793.5947137475848,-9201.124378222474,-18.92571675423523,-36.9180908604039,0.0012427580685824445,4251.791727284968,482.97238447333893,0.03790082589571151,-0.02811307065338509,1.1651914524007437e-5,-0.0014973506437921797,2.308758102417261,-215.3691634466985
2.6917076644531485e-6,224.70077793113973,3503.769478653173,-0.012106838880276095,0.0023386443415357033,2.9556499470525518e-6,365.25645603242106,3624.4086636873158,0.003975276533384632,0.0044737150141992196,7.365385145555772e-9,793.9139186143334,-2509.7470271221473,-4.666618259980937,-10.402668743930782,0.0012403722127293502,4250.398873811458,485.43387047412057,0.037766073997769135,-0.027956361953100858,7.86809796666992e-6,-0.0015001217492640795,2.3087707359251675,-215.86524814215593
2.685597215539366e-6,224.70077794309583,3503.769478520265,-0.012129634255347804,0.00234939677677521,2.955594513880642e-6,365.2564555753418,3624.4086694672524,0.003944702464611317,0.004476640714142621,6.055952428331517e-9,794.2332518737554,-2334.162414901098,-5.3705863553489674,-12.827842931462955,0.0012365830810238303,4248.882120147139,488.30388277013856,0.037606753866339826,-0.02783420352215959,4.5894431025655685e-6,-0.0015034874950136598,2.3088093937884175,-216.35808696636607
2.786400324740282e-6,224.70077797634332,3503.769480737926,-0.011609395348181405,0.0033611730643969204,2.9580083080721307e-6,365.256454978636,3624.408683372136,0.004609570268412496,0.004990774788269718,5.191957923555912e-7,794.5527135774939,824.9419980879904,0.22255510667674366,-0.09951198473263712,0.0011628687813065885,4243.566671447479,477.1131838067315,0.037027184792195016,-0.028080390744821805,-2.982290587815946e-5,-0.0014886551823544891,2.308333036426063,-216.86707913751744
2.7826967618231712e-6,224.70077798285084,3503.7694809442423,-0.011524469822697739,0.0034154035785937888,2.9583746470337026e-6,365.25645450242473,3624.408689385609,0.004668537046228039,0.005006069818541837,5.419059609762769e-7,794.8723037772126,823.0257793474831,0.22385770390170678,-0.08837054143155074,0.0011512319086960116,4242.0564287979205,478.78192785473084,0.036766580427265196,-0.02809055117814685,-3.6601650579533785e-5,-0.001494463871803743,2.308392433048566,-217.3379454469657
2.777594945610602e-6,224.7007779859052,3503.7694812425975,-0.011389367822880272,0.003465285500100052,2.9590215147815076e-6,365.2564540009687,3624.4086956146175,0.004764251722416292,0.005018744477057631,5.602329819743738e-7,795.1920225245957,25.652488720378795,0.22544503678431194,-0.07835963746596283,0.0011394662682946632,4240.79156724372,480.09189004792916,0.036538916812743995,-0.02811079329208245,-4.349788846192109e-5,-0.0015008023779958255,2.30843931443685,-217.81881519847812
2.771029923628191e-6,224.70077798531068,3503.769481638176,-0.011197110441247892,0.003514146001760526,2.959989994194437e-6,365.2564534757243,3624.4087020496063,0.004902007125757161,0.005031588200378106,5.737276769259987e-7,795.511869871348,818.4531624120607,0.22738175033883706,-0.06916589253355167,0.0011275728667745637,4239.797579012963,481.0137355387168,0.03635021019232949,-0.028141365028899818,-5.022732510104629e-5,-0.0015076854794240668,2.308479563785445,-218.30722877412512
2.762967398496004e-6,224.70077798047706,3503.7694821472924,-0.010938830877153234,0.0035617475490111166,2.961336733289346e-6,365.25645292666667,3624.408708697831,0.005088905625971587,0.005044835679259792,5.815668942660402e-7,795.8318458691972,815.8870613919778,0.22979746590553538,-0.06056713065703149,0.0011156209621578914,4239.113458088,481.5390706611413,0.036211468576460036,-0.028176283483219496,-5.6558038972567445e-5,-0.0015150812496368968,2.3085150062689004,-218.8000172911997
2.7532410053244277e-6,224.7007779712189,3503.769482777568,-0.010606678279609929,0.003611376461103394,2.9631113722403217e-6,365.25645235500514,3624.4087155514485,0.005331000680242764,0.005061751542513124,5.828072042422047e-7,796.1519505698892,813.190758581264,0.23280806349047645,-0.0523796861873574,0.001103658122074914,4238.767358858528,481.6957333607371,0.03613400564840888,-0.0282092845084586,-6.200411016505617e-5,-0.001523090727050728,2.3085551391254002,-219.2932094328063
2.7417781318964015e-6,224.7007779570938,3503.7694835437396,-0.01019090734474552,0.0036644161564622804,2.9653772839952924e-6,365.2564517623186,3624.4087226092447,0.005636148011458763,0.005083761471799101,5.767570257409379e-7,796.4721840251918,810.4038788723416,0.23656371763685635,-0.044324763724619326,0.001091669728941137,4238.793869291624,481.49931734733565,0.03612478202528613,-0.028234036399497633,-6.618084965103732e-5,-0.0015317527326674633,2.3086069501019324,-219.7819392073233
2.728322186129043e-6,224.70077793804003,3503.769484456252,-0.009681691781860981,0.00372369151491205,2.968199272124874e-6,365.25645115180447,3624.408729842799,0.006012314795257552,0.005113806975347133,5.625812610250484e-7,796.7925462868935,807.6028563849445,0.2412118312497116,-0.03612515441990414,0.001079545355395801,4239.199957566211,481.0889337297423,0.03619097905174676,-0.02823995492689977,-6.838533048919657e-5,-0.0015413470100317567,2.308686619907463,-220.26035575634154
2.7126438809063524e-6,224.7007779139245,3503.7694855231425,-0.009069900277445735,0.0037918656950487657,2.971641782049339e-6,365.25645052536,3624.4087372522213,0.00646676743534642,0.005155043788497632,5.387956256568863e-7,797.1130374068038,804.8444114612271,0.24713675385282857,-0.027533781237125503,0.0010673563809382213,4240.034830740007,480.50566357884566,0.03634309998759009,-0.02821733852276998,-6.792811868282338e-5,-0.0015520356639884675,2.3088049239012713,-220.72153590232898
2.6034283217779503e-6,224.7007775020501,3503.769492818788,-0.00595252970751639,0.000394882082917034,2.985955646257427e-6,365.25644909454616,3624.408750371375,0.008912246302848703,0.002876192703795723,1.137365466570354e-6,797.4336574367526,580.9551532670177,0.0993636684568433,0.014341420014757465,0.001130932318992913,4246.044086078138,486.99674343241077,0.04163547313174867,-0.03051045941372021,0.00011200380761369057,-0.0016822387734634642,2.3111103656590526,-221.07669174902406
2.6067076615241157e-6,224.70077749206845,3503.769493882358,-0.005149036201477252,0.0007125908748990869,2.990315278487962e-6,365.2564486782336,3624.40875589999,0.009548798826619872,0.0030757429179799514,1.1126214688624389e-6,797.7544064285911,576.6125438721575,0.10312046026919149,0.0105066379378325,0.0011137823808172675,4247.16090884463,483.5103856493916,0.041951119043876425,-0.030482778176054614,9.874165288885518e-5,-0.0016882798524773532,2.310930871550592,-221.36119393841713
2.609489421674853e-6,224.70077748158587,3503.769494999462,-0.004286027438193681,0.0010585513529458661,2.9950153746545076e-6,365.2564482896883,3624.4087610714546,0.01023090859476163,0.003298072120863048,1.0835644821458017e-6,798.0752844341912,572.130152797105,0.10713573422728727,0.006257976931313198,0.00109642512858212,4248.4806819694295,479.81733779063364,0.042326995732818944,-0.030421128975893573,8.528456947925689e-5,-0.0016941339850122415,2.310767290750463,-221.60684486911384
2.61140681346902e-6,224.70077747144575,3503.7694961382263,-0.0033816572468143525,0.0014247134876515547,2.9999676448667705e-6,365.2564479372343,3624.4087657741716,0.01094331319777079,0.0035383334095802866,1.0497507700702e-6,798.3962915054457,567.5567860994722,0.11136816663976332,0.0015879783868422257,0.0010790532017109322,4249.932455608442,476.1391475810618,0.04275702901526309,-0.030326788181427724,7.213074922732344e-5,-0.001699709027433406,2.3106257173772384,-221.8113356685278
2.6121162605759155e-6,224.70077746234364,3503.7694972685013,-0.002457390391356504,0.0018000421787242643,3.005065982689156e-6,365.25644762778086,3624.408769916509,0.01166820826606427,0.003789215240833791,1.0108798613714668e-6,798.7174276942673,562.9533726850641,0.11575120404174366,-0.003531704717175375,0.001061801271391582,4251.448052955352,472.6821664420272,0.04322643061330632,-0.030204886070267754,5.9848304479673564e-5,-0.0017049239139876591,2.3105122406392096,-221.97381034100425
2.611385339371779e-6,224.70077745490983,3503.7694983584483,-0.0015337497698111018,0.0021744522499192553,3.0102068754307345e-6,365.2564473662092,3624.408773436157,0.01238866496855448,0.004043943523968704,9.66380080427891e-7,799.0386930525923,558.3684261211857,0.12019634937763386,-0.00916233018591268,0.0010447981951506818,4252.96907362993,469.61809954606,0.04371951192624365,-0.030065809364356905,4.896220088288898e-5,-0.001709628554830149,2.3104309758038064,-222.09488772344122
2.609166328026719e-6,224.70077744938405,3503.769499390738,-0.0006305645788168676,0.002539838407518624,3.0152856900665913e-6,365.2564471530431,3624.4087763384105,0.01308861346346508,0.004297082569106651,9.160893867301744e-7,799.3600876323751,553.8650315590608,0.124595371179902,-0.015423634568233742,0.0010281050867562479,4254.485889303755,466.963748775551,0.04422011432781326,-0.029922636269976998,3.998155722894047e-5,-0.0017137096652521495,2.3103836149524657,-222.17646100801102
2.6054702576160952e-6,224.7007774456196,3503.76950035905,0.00023747296294424693,0.002887735122640973,3.0202238647211394e-6,365.25644698761613,3624.4087786446203,0.013756237869297631,0.004542545971674513,8.598650587383274e-7,799.6816114855922,549.5034532342205,0.12880802799398444,-0.022517852784993676,0.0010117115321807547,4256.009349078471,464.69494012165575,0.04470986887729799,-0.029790038438692545,3.33555767908318e-5,-0.0017170882656698209,2.310372108873366,-222.2213206619727
2.6003855285981147e-6,224.70077744326068,3503.7695012706295,0.0010619751546648748,0.003214578221140961,3.0249786547150048e-6,365.25644686727475,3624.4087804086203,0.014384847330062392,0.004777765541699421,7.976021707236571e-7,800.0032646642406,545.3727326093982,0.1326229506004827,-0.030780624829073695,0.0009954388541856631,4257.593506442634,462.6802339375912,0.045169163719065646,-0.029683417385811182,2.954535704365541e-5,-0.0017197615863102755,2.31039783955385,-222.23268258452507
2.5940976075650144e-6,224.7007774413088,3503.769502151554,0.0018434935802848361,0.0035161412081429217,3.029547879053468e-6,365.25644678878024,3624.40878169418,0.014975079154775417,0.004999271682810509,7.298239370606346e-7,800.3250472203387,541.572249321368,0.1357088415382517,-0.04071726692426643,0.000979047947073419,4259.334904354386,460.6940529975441,0.045581445074328125,-0.02962080144401261,2.888555436194222e-5,-0.001721840596660224,2.3104632615363108,-222.2136931043713
2.4568320546478213e-6,224.7007775888559,3503.7695031035355,0.004980041683310322,0.005820947062594978,3.0547165291856894e-6,365.25644597429556,3624.4087972697375,0.017388535776150064,0.006877208053421501,1.9389833217924448e-8,800.6469592059252,510.43430852960745,2.4943040702173414,1.9771152611646385,0.0008868955802253261,4275.406284207528,478.32129235971956,0.04366258546595332,-0.026785805822214036,0.00017753895469596687,-0.00179267969418408,2.3131394608355933,-222.0873497169498
2.4528857996842456e-6,224.70077757823623,3503.769504217371,0.006300124636390776,0.006065043180662093,3.0623265589931663e-6,365.25644617184355,3624.408795492207,0.018436410216845826,0.007069498049270346,2.105353159686113e-8,800.9690006730605,1350.7230687258987,2.4143617423692136,2.1378815513685576,0.0008717589704300738,4278.553716283043,474.51199385332654,0.044614787707839706,-0.027087426323168465,0.00018948586366846423,-0.0018069347054256704,2.3131638844488402,-221.79242316174523
2.4517654708367363e-6,224.70077757051445,3503.76950510186,0.007448723074657262,0.006273370190662045,3.0688654982023837e-6,365.256446446545,3624.408792658261,0.019347723743672406,0.00723431880967421,2.232131584645824e-8,801.291171673825,595.818028254153,2.33634403408782,2.3308136518323965,0.0008582926365446143,4281.299880571563,470.55249780666423,0.04548843648309286,-0.02752499633813262,0.00019791382892939496,-0.0018183361677171026,2.31311151479512,-221.4654565990185
2.4524643117246634e-6,224.7007775651868,3503.769505768711,0.008408244036238697,0.006445743738799069,3.0742651831989087e-6,365.2564467765516,3624.408789025579,0.02010758052068032,0.007372959854556128,2.1495852500600884e-8,801.613472260321,1491.7047671957994,2.4457449718119255,2.713979797566749,0.0008474201675486556,4283.559682055907,466.814841145295,0.04629345097231816,-0.02802023947118983,0.00020383434816203375,-0.0018266677263689332,2.313004952953277,-221.11794403928167
2.454424038658141e-6,224.70077756247264,3503.7695062319835,0.009208965128217946,0.006574570303675522,3.0786486247786556e-6,365.25644715229106,3624.4087848122667,0.02074462736486575,0.00747902753305742,2.835692295374297e-8,801.9359024846704,1375.307073771944,1.8943590336034282,2.270992091326632,0.000837974954769698,4285.626922731777,463.2204848077165,0.04700050610967759,-0.028619538806494645,0.0002070910015604629,-0.0018345782662745479,2.312842524184631,-220.7615284603721
2.4582471128478036e-6,224.700777558341,3503.769506604079,0.009883239851264389,0.006676808826293471,3.0822802123921855e-6,365.2564475545202,3624.4087801863834,0.021276976659099556,0.007563702238578275,2.3453766458525263e-8,802.2584623990184,756.0574713147703,2.183838862042505,3.0057308296724514,0.0008299303960457129,4287.425373412702,459.24199342290416,0.047625131162421376,-0.02929452893727859,0.00020838571086473785,-0.0018383894322162762,2.312647052347513,-220.400367648998
2.4628898803446898e-6,224.7007775552356,3503.7695068410485,0.010410492963407212,0.006753172763628262,3.0850094702893612e-6,365.25644797298963,3624.4087753337685,0.02169314423878989,0.007629847700172875,1.9223260189440258e-8,802.5811520555292,1794.899463208735,2.51299728180245,3.94966978481874,0.0008236702631221971,4289.021565870364,455.31878211340256,0.04818258369843373,-0.029999363432043714,0.00020817723275241357,-0.0018406731038734816,2.3124220641314452,-220.04306562971541
2.467821558972761e-6,224.700777552849,3503.7695069558067,0.010801360913066303,0.006793032851075006,3.0869185482858486e-6,365.2564483986179,3624.4087703762466,0.02200195457583499,0.007668891904606343,1.8012928217592124e-8,802.9039715063884,1117.8930414199174,2.5613382383874748,4.457788028931473,0.0008192764969350663,4290.368710429829,451.79890514335744,0.048654544227577146,-0.030693371567697077,0.00020678879324808344,-0.0018418649222525858,2.3121773751207586,-219.69529987153484
2.474099289557074e-6,224.70077754902783,3503.7695070449827,0.011131595225257689,0.006819696708403656,3.088430525797384e-6,365.2564488327735,3624.408765321739,0.02226233966310396,0.007696414168229703,9.834129092541316e-9,803.2269208038028,2193.0381745253035,4.081846453153848,8.686080962817327,0.0008147098245068883,4291.909906289893,447.3791798222126,0.04905380100030011,-0.031495543050815464,0.00020391851984675558,-0.00184144289305939,2.311909649700197,-219.35721964946893
2.4798744890426298e-6,224.7007775461801,3503.7695070114873,0.011334990401343841,0.006811096496132076,3.0892293096200268e-6,365.25644925613125,3624.408760376381,0.022421802205277157,0.007699230201280596,7.822667051280825e-9,803.5500000000002,3655.738173293528,4.84968226098806,11.276051312246752,0.0008130434433457384,4292.84470172171,444.3785007960447,0.04938977142259575,-0.032163967780032464,0.0002013252254428569,-0.001839800597087253,2.311647381174194,-219.03638430145818
