mu_1,P_1,t01,ecos1,esin1,mu_2,P_2,t02,ecos2,esin2,mu_3,P_3,t03,ecos3,esin3,mu_4,P_4,t04,ecos4,esin4,lprob
-2.2072300402953773e-8,224.69149741410482,3504.048393454928,0.40399267559122914,-2.1684314292002966,-3.104266317883465e-8,365.26126609606865,3623.602488138615,-0.0494537055902207,-0.06050729429492306,7.540502679186676e-9,547.8749999999998,501.69283195955717,0.007401664112838644,0.023785493927840844,0.0550788407523031,188566.01898542742,891055.1956257734,47.372407144810616,-171.32941760322825,-367.09499845326553
3.523263543596742e-6,224.7007751197592,3503.7695512285104,-0.0916737136557677,-0.06022463427732585,2.530280607713016e-6,365.25281196042255,3624.458829688762,-0.05741032297404622,-0.04669673764919429,5.8163892767044856e-8,548.9773204671205,361.3015354681877,-0.059520565101360404,-0.09761889954192571,0.00045280618918341827,4284.346693645772,1376.7590773075976,-0.05825909837325084,0.11047880529589413,-264.76103676529704
3.508137416440381e-6,224.7007751528227,3503.769550520016,-0.09190001967985256,-0.05854278331829813,2.5318112875573125e-6,365.25553755536754,3624.4213461646755,-0.05759172102405276,-0.045362456575935586,1.1889991644210371e-7,550.0818587949069,347.3695378077101,-0.04566340725408234,-0.052600615670592224,0.00045794790022125496,4282.2129378760055,1386.5292925191484,-0.0548662488460411,0.11120014031144833,-264.3273265171424
3.4916560346854673e-6,224.70077515691437,3503.769550745757,-0.09197092621796789,-0.056753461453619224,2.533371975684551e-6,365.2560440601852,3624.4143744916882,-0.05762793558758425,-0.04395671732566966,1.68950073517432e-7,551.1886194456789,325.20712106896025,-0.04236531262420302,-0.04361915580634381,0.0004650248397985479,4281.4176734345865,1394.114833219597,-0.05062976458538036,0.11176490586641441,-263.8464541841337
3.4889949311888044e-6,224.70077509517412,3503.7695532447497,-0.09082008501253394,-0.05534283435228705,2.539895293051801e-6,365.2562186248804,3624.411982581047,-0.05664924761796079,-0.042898941486606286,2.3427713344345664e-7,552.2976068907329,296.25953311553525,-0.039213785113715705,-0.038954368896394,0.00047798569601702965,4286.215090260451,1386.431651665992,-0.044536066320805354,0.11038389102948938,-263.2568201511129
3.5454871129546303e-6,224.70077485561868,3503.7695612137204,-0.0846286470731063,-0.058753589101975846,2.5661640670829634e-6,365.25629769414877,3624.4109236958325,-0.05153856094174071,-0.04578595676117643,3.284003538133864e-7,553.4088256103632,258.069903724701,-0.0337049939178737,-0.0382919453915924,0.0004928845279265617,4307.028062627517,1317.5914604505292,-0.04163402639368704,0.10244397528741682,-262.1221214771759
3.567811395089097e-6,224.700774791348,3503.7695628245833,-0.0825156275949514,-0.06014227773049856,2.575509115307559e-6,365.25634868771124,3624.410201360966,-0.04970166802638559,-0.04690963725477604,3.3948827747921336e-7,554.5222800938777,237.92712191473905,-0.03149917507123985,-0.038925131831046754,0.0004931862225670989,4312.479708469766,1294.9844520697359,-0.04275240003830095,0.10077304689299543,-260.98328325757797
3.583642730135283e-6,224.70077475828455,3503.769563392214,-0.08120165246044035,-0.06113840654687236,2.581388096072805e-6,365.2563807668072,3624.4097402608054,-0.04854293214049561,-0.04769357802006733,3.2981953324178955e-7,555.6379748396171,219.12446936405217,-0.029636407732684635,-0.03949937820833443,0.0004910772656499399,4315.73679286898,1280.1783554137178,-0.04451916549459804,0.1001226647938971,-260.17845182040475
3.5976745046985334e-6,224.70077473968695,3503.769563549319,-0.07991988357055843,-0.06197677843729991,2.5871493238803163e-6,365.256402309988,3624.4094272681186,-0.04745330890766746,-0.048343525263267816,3.1639297872811147e-7,556.7559143549721,200.1286149499515,-0.02774112042211061,-0.03999184545793088,0.0004886790961171336,4318.460933865004,1266.8055303008568,-0.04648156938277141,0.09954529315388541,-259.65031429821363
3.6098341309543906e-6,224.70077473139807,3503.7695634449037,-0.07862156504343501,-0.06252476326238576,2.5931299928352483e-6,365.25641746572006,3624.4092040087594,-0.04638846708191747,-0.048759855521046315,3.0498233173697055e-7,557.8761031564037,181.04398922716769,-0.025818075793731566,-0.04032915562694468,0.0004870471743695135,4320.86725052405,1254.6630441926213,-0.048244085289784785,0.0989922787468046,-259.31911975997593
3.6198358402188255e-6,224.70077472768529,3503.7695632300456,-0.07741986380451389,-0.06274062380766822,2.5988719512276856e-6,365.25642848801857,3624.4090383965417,-0.045430957238799086,-0.04891536090966249,2.962569970338956e-7,558.9985457694575,162.27112973803497,-0.023924078779280045,-0.040550104104344856,0.00048645381497952313,4323.2125189132585,1243.9774360223507,-0.04974417778717645,0.09862716717861994,-259.1347310734179
3.6286869128953825e-6,224.70077472182146,3503.7695630196167,-0.07632129766724166,-0.06274451352539637,2.6042915841715324e-6,365.25643674954966,3624.408910890259,-0.04458239213323029,-0.048909762214891635,2.8890570806728206e-7,560.1232467287864,143.986778317016,-0.022017719620583368,-0.04080442435435578,0.00048666417147972353,4325.862364113945,1233.8629370718065,-0.0513643794370628,0.09849738023616025,-259.0680770674078
3.6381132295196958e-6,224.70077471058448,3503.7695627341473,-0.07521300260253713,-0.06269316980656357,2.609811456039194e-6,365.256443152703,3624.4088090249243,-0.04375484102889991,-0.04886559954189121,2.814727912875458e-7,561.2502105781667,687.3014420583681,-0.019966698309221282,-0.04125052287427687,0.0004872602948451151,4328.8588519450495,1223.0576934928977,-0.05382876251779142,0.0984885467996789,-259.09412377347235
3.6496756759197456e-6,224.70077469591988,3503.7695620693985,-0.07395585829446469,-0.06268182058717539,2.6160133638293455e-6,365.2564482949744,3624.4087255056447,-0.04284139367462,-0.048849670604574486,2.730205345886334e-7,562.3794418705164,108.21414786285436,-0.017601520879389577,-0.0419917594812833,0.00048777723375305386,4331.686104370834,1210.9189967706438,-0.05801726997190091,0.09842217204856597,-259.1903993160431
3.6649851113201805e-6,224.7007746844693,3503.769560601543,-0.07239731202680408,-0.06273160251182952,2.6236371191370404e-6,365.25645255521243,3624.408657088269,-0.04172204392383245,-0.04886717863311275,2.6310630139427913e-7,563.5109451679142,90.33602587133703,-0.014710373562405033,-0.04306952328063676,0.00048779970779770675,4333.411822233651,1197.5274597397445,-0.06469288975627277,0.09810621532557671,-259.3506858704087
3.6870490410667427e-6,224.70077468614537,3503.7695579613405,-0.0702839064696226,-0.06283814451356073,2.6340060028638564e-6,365.25645614008914,3624.408603324968,-0.040191134301715975,-0.048907512216273936,2.5147305734813656e-7,564.6447250416179,637.211580940866,-0.01099517495039482,-0.04452323385978341,0.00048703160232319346,4333.115459391132,1182.7284699177544,-0.07423074139965874,0.09727495997285812,-259.60044872765064
3.720811711770779e-6,224.70077471444156,3503.7695539555993,-0.06725811419380884,-0.06301600798136153,2.6490279838789516e-6,365.256459099144,3624.4085652143235,-0.037954490075896845,-0.04898589232251457,2.3764305701051676e-7,565.7807860720812,55.61480502807549,-0.006186688345036435,-0.04659690151439976,0.00048530269245783967,4330.129880840927,1165.906728631146,-0.08634402463462246,0.09558138512286508,-259.9968489024914
3.774465687859392e-6,224.70077477895293,3503.7695488379545,-0.06270692641285996,-0.063418852394238,2.6718009447505254e-6,365.2564612999678,3624.4085448861765,-0.03451072010712919,-0.04924643337095274,2.2175434658903862e-7,566.9191328489754,608.7830050294178,-0.0007049720752702963,-0.0506250508976385,0.00048287516303556765,4324.876036902949,1143.2534196069385,-0.09997238801423065,0.09215094687429583,-260.6029238326791
3.8850806448374835e-6,224.70077483564614,3503.7695446604766,-0.05307198217055856,-0.06459948575921665,2.719665217296054e-6,365.25646248781476,3624.4085477832864,-0.02701107561670038,-0.05020945265323232,2.138274641795809e-7,568.0597699712054,609.1130073872166,9.173743636985718e-6,-0.06007552461650588,0.00048357243076926985,4324.672830433111,1080.1653529635905,-0.11333823514095034,0.08127412029729382,-261.4004334577308
3.986017676450819e-6,224.7007749403829,3503.769540787725,-0.04405006069173834,-0.06463092538970121,2.7655327067619196e-6,365.25646177467564,3624.4085764840474,-0.01997698401907949,-0.05026911571165739,2.2079029908797444e-7,569.2027020469291,611.0853596820552,-0.005129824623104317,-0.06269015779077049,0.0004856868603099568,4321.180849532005,1033.8124975071553,-0.12010774645573463,0.07227853867331147,-262.274808730519
4.0250334319623245e-6,224.70077519903163,3503.7695344439308,-0.03958215522689154,-0.06389751136359925,2.7883555630666154e-6,365.2564586257822,3624.4086269699296,-0.01653281040373184,-0.04967372322947905,2.2638295297750496e-7,570.3479336935761,603.54840048015,-0.0067749806164782616,-0.05907875279978896,0.00048555306043366686,4303.819309912486,1035.4624454629454,-0.1180259789141022,0.06426910108880574,-263.4537489955181
4.056632186054336e-6,224.70077547512415,3503.7695303439864,-0.03447907839101226,-0.0635045270786962,2.813074405648646e-6,365.2564549458256,3624.4086765348165,-0.012485416963118697,-0.049381806477181975,2.4067829432667145e-7,571.4954695378667,592.3254450433989,-0.0013899371293187013,-0.050130212703300134,0.0004849915376967808,4285.679905322501,1021.2153255698489,-0.10402067544724929,0.045065706918332595,-264.66026837783875
4.1294799844251185e-6,224.7007755635104,3503.769535344617,-0.02510724954863587,-0.06361241289885487,2.857665006019952e-6,365.2564537068961,3624.408689822619,-0.005007408888389362,-0.049503935241861294,2.868923033592966e-7,572.6453142158285,576.2890173147948,0.013440030546053864,-0.038934908706969154,0.0004798465532327632,4289.954798197472,940.1085273738979,-0.07807074909006463,0.017643359707752923,-264.979748427003
3.543154000410964e-6,224.70077510133672,3503.769576206534,-0.08538698251063365,-0.06598014209716062,2.552967031973145e-6,365.2564545972106,3624.4086748030454,-0.05338334710691869,-0.05115667658362082,2.3568570599273572e-7,573.7974723728184,555.6910965235575,-0.004108399747697362,-0.017666821299526646,0.0004235533897226704,4339.656519067383,1289.3657906298706,-0.00745648577082423,0.09124450026488444,-263.5115111087051
3.5961054846408674e-6,224.70077505287227,3503.769574950361,-0.07732012690563875,-0.067110582829842,2.584439488819731e-6,365.2564586435678,3624.408628393533,-0.04729206455650719,-0.05175939507020984,2.862234282278032e-7,574.9519486635393,540.0982735206144,-0.0026035423047739443,-0.01877366033451821,0.0004356386195462019,4348.725307656593,1221.3060074050231,-0.017997775242469274,0.0762877318466148,-261.9045956835618
4.582316098329572e-6,224.70077583339446,3503.7695356873814,0.012669435034912564,-0.05535444567418929,3.03186146067386e-6,365.2564659919322,3624.4085429552747,0.02423037463109096,-0.04203670138862893,5.275503222739892e-7,576.108747752059,521.1852168095784,0.039114291211128964,-0.016860030783227682,0.0004456259178129354,4364.474280016755,514.2152287567708,-0.042196409291771104,-0.06440544588540237,-258.5621484763879
4.681675731613834e-6,224.70077577104752,3503.7695356554923,0.017936458233949525,-0.05524656684007243,3.0469185537138936e-6,365.25646701637174,3624.408538747635,0.02810890318349168,-0.041547702755648654,5.91073143066986e-7,577.2678743118297,507.09738284697687,0.04301959594075074,-0.01685444853992298,0.00042557653338628067,4370.636516750835,489.8019623611417,-0.05608225661214016,-0.06733604583163591,-256.3595722537893
4.775478757933306e-6,224.70077567805467,3503.769536194918,0.022870009946320664,-0.0554931406280024,3.060957954212553e-6,365.2564648900521,3624.408573241941,0.03172953540679318,-0.041388475360995026,6.502007244387401e-7,578.429333025707,492.83712002421134,0.04704776874773619,-0.01803448906747279,0.00040327491968310145,4365.5279616897815,503.5506839007824,-0.07582021122607625,-0.06297716557255446,-254.95348168600088
4.798857645239097e-6,224.70077565969626,3503.7695353476097,0.02469136896236092,-0.055149845503426095,3.0603740158917176e-6,365.2564605018257,3624.4086308897417,0.03273030346709901,-0.04092707742621489,7.012047316539782e-7,579.5931285859665,476.1877553660194,0.048421607865462,-0.020294865271829717,0.0003939736221283405,4339.704949156671,580.8257724260119,-0.09155199357690251,-0.04891764981468796,-254.49793867503433
4.701099328885157e-6,224.70077576819187,3503.769532649035,0.020898358956568924,-0.053631116916666714,3.0303403303166277e-6,365.2564565300331,3624.4086744498086,0.02904536292347067,-0.03970469224025739,7.473801319385658e-7,580.7592656943267,457.29681987768436,0.04618586384234865,-0.022889574280381724,0.0004174978386036787,4295.041102881246,707.8811332180105,-0.08646035945835316,-0.030543051300812578,-254.54376607864356
4.597327252446853e-6,224.70077586145243,3503.769530704363,0.016884376625113932,-0.0520913335026824,2.9973037502024315e-6,365.2564539849523,3624.4086955127336,0.02519033916811194,-0.03844635916279735,8.023321824666139e-7,581.927749061965,439.4393821144071,0.04473409677626586,-0.024870169027179284,0.00045046972585064077,4255.287192034978,802.5828651535375,-0.07434956560898051,-0.020839376026243736,-254.77699859363088
4.555777354716983e-6,224.70077594381948,3503.769527589358,0.01464588804482935,-0.05141590642967632,2.9827496745227543e-6,365.2564521345217,3624.408702970798,0.023206674186104028,-0.037924156518185835,8.227962047439453e-7,583.0985834095378,422.8832460134852,0.044090247982630566,-0.026349412076106762,0.0004678063713143875,4226.19977095576,853.4476428627365,-0.0707209257250227,-0.01935290363763297,-255.79698998674513
6.059873498273286e-6,224.70077716850489,3503.7694971736887,0.0018653414377245413,-0.025011501358272025,2.8775821384297913e-6,365.25645228107453,3624.4086571748467,0.014541947171364335,-0.014752412439057658,1.3773384920903568e-6,584.2717734672002,121.74519886173763,0.04014789103783965,-0.019969493921230982,0.0006985020873845902,4163.71482805065,829.2642062262755,-0.0056229963622814495,-0.032974174056457445,-252.68853652358794
6.24955173837404e-6,224.70077742001357,3503.7694928477895,0.008798774402088087,-0.02670365286303367,2.9194856264660696e-6,365.25645000447554,3624.408706597737,0.019746501755085816,-0.01713595796217434,1.413939047499702e-6,585.4473239746221,100.71618669935533,0.04918508739738525,-0.018618863323554127,0.0006319503186212798,4142.365908517159,851.9800349386309,-0.014726397715113556,-0.03476002591149534,-249.31492176722165
5.849817447027662e-6,224.7007771156844,3503.7695006597405,0.007435096584927666,-0.031067038637616607,2.9625634972950206e-6,365.2564485344727,3624.4087508987827,0.019448133522194596,-0.021702097426494642,1.067418129990318e-6,586.6252396810117,79.90528267738914,0.05151765382069516,-0.021173714300499476,0.000610231628651469,4161.885456938539,830.7945348873857,-0.01793809702759097,-0.033115675798664215,-252.2040576225093
5.610201262542723e-6,224.70077684116083,3503.769505313626,0.007981635117653207,-0.03958228661285316,3.001113583129552e-6,365.25645057417717,3624.408732050107,0.020607179542742993,-0.02999859185844919,7.687765319202417e-7,587.8055253451322,51.7594176911976,0.0565741181285884,-0.02221795107992476,0.0005193555808768193,4188.179916251638,814.6723596056189,-0.04119500221605444,-0.03689226046529627,-255.05958293278712
5.431771151772608e-6,224.70077667730746,3503.7695078243346,0.006274190060245153,-0.04271460007372086,3.010313587552094e-6,365.2564513094591,3624.4087252106474,0.01976918697277415,-0.033187421179090106,6.324554142992642e-7,588.9881857353207,615.5661477604175,0.060271545905534664,-0.019290847383030534,0.000498268107990122,4198.332745474219,782.2046609688323,-0.0450600383793258,-0.04591409419725753,-256.5666464978291
5.195579555951492e-6,224.70077655725723,3503.769510095767,0.001312671534163556,-0.04482896027135302,2.9939705454578224e-6,365.25645137141754,3624.4087264709024,0.0160218854313559,-0.035157612396879236,5.481268596509285e-7,590.1732256295089,595.7138598097854,0.059882916022678624,-0.01449433345552579,0.0004941036203002782,4196.608796322068,774.985516648927,-0.04454155471885462,-0.05202308716474529,-258.2439147387915
3.7535532114276946e-6,224.70077730870597,3503.769498508482,-0.0672814227194316,-0.06538827400655721,2.6552120506439037e-6,365.2564619835755,3624.4085653623633,-0.03907804379263625,-0.05166150602422968,1.838338438707797e-7,591.3606498152417,252.62573046019904,0.016267465241513443,-0.12996846974742993,0.0003211020853517906,4141.928661311528,1546.1436529677799,-0.10516773071711533,0.1203750645652534,-259.59012533945645
3.903988420622768e-6,224.7007771926393,3503.7694989403594,-0.07598578612702035,-0.06449172786856476,2.61079535270786e-6,365.2564585961107,3624.408619703797,-0.045788556293169656,-0.05072101993589033,2.786111093696304e-7,592.5504630896951,560.5821347048774,-0.02156266415163682,0.018020346695082592,0.0003036541742849754,4140.232204119964,1545.5015268549118,-0.1300760584041604,0.11912094717364176,-259.3706168375608
3.8712860760782874e-6,224.70077776071085,3503.769485955546,-0.07617958962386173,-0.06420405973407063,2.612772728747594e-6,365.2564592473524,3624.4086230569606,-0.04568572272263731,-0.05006570569849944,2.391525064772105e-7,593.7426702596985,555.7683638265165,-0.015245180151214514,0.046638684832828986,0.00024773101571576127,4112.0949506586285,1621.7245837989633,-0.17695136450142457,0.149877634035686,-258.82939803565114
3.849280684666979e-6,224.70077823275318,3503.7694737495935,-0.07608536051522846,-0.06333510752973924,2.615292405540526e-6,365.2564610774811,3624.4086193956814,-0.04535591471629514,-0.04891082956388503,2.068732160825475e-7,594.9372761417521,552.4585919124797,0.007515056218198903,0.0756771991743807,0.00019568737004024925,4095.1655478913685,1684.0672354447468,-0.26320024587738217,0.19199585785302675,-258.70421437960925
3.6605341016290023e-6,224.70077661306297,3503.769500236656,-0.07781525726469737,-0.06036550543948067,2.6020461224775386e-6,365.25646170849103,3624.4085581619515,-0.04657255908641513,-0.04604431605660348,1.3190552116510228e-10,596.134285562047,31811.01231336799,36.33858309096901,165.9214732717543,0.00023856610804966834,4243.754892938825,1423.5240700612887,-0.2820499642917556,0.18369458746503683,-258.12489799971985
3.683124040198099e-6,224.70077633219339,3503.7695079927685,-0.07661336106066442,-0.05781772613844039,2.6076285978802884e-6,365.25645697178214,3624.408600295134,-0.04553332529480241,-0.04401465708907802,2.1711589001036466e-10,597.3337033564845,21944.013675146456,34.11095009403276,113.7701755066866,0.0002134436818101617,4281.310194871489,1344.0015286318499,-0.3340250196222709,0.19125020815088287,-257.3765462359596
3.708021206956363e-6,224.70077599108564,3503.76952000645,-0.07505831807319496,-0.056114822922311174,2.616043491337803e-6,365.2564491408872,3624.408702314617,-0.044071010745094334,-0.04285584635914788,1.1913492939679903e-9,598.5355343706962,4478.027580277216,2.2258823726236665,21.9855144502567,0.00022661082796759927,4311.387886170524,1276.495704665581,-0.2939221741300744,0.18043566242598494,-258.16652629136564
3.7011775362663432e-6,224.70077568874197,3503.769532361019,-0.07567426177056212,-0.055889497393325445,2.6135281681822376e-6,365.2564384275687,3624.4088711990707,-0.04434137172746721,-0.04291261557120589,1.297219357280124e-9,599.7397834600611,3454.396871414176,-6.455390323877138,16.73590090577909,0.00029105559312450207,4321.077347090022,1280.501266937515,-0.1798941334447194,0.15756304861055245,-260.26532588454006
3.6604301395762885e-6,224.7007755132832,3503.7695396089243,-0.07968556589111095,-0.056192140885272225,2.593970704934971e-6,365.2564274461183,3624.409044586116,-0.04749872545280966,-0.04331878792612061,2.4699665767033104e-10,600.9464554897295,11911.948512821975,-52.405115805691985,61.05800606123234,0.0003431427356271506,4317.391731649543,1305.2251787653324,-0.12331242682203207,0.1415274488827211,-262.2965320262534
3.5785538117268697e-6,224.70077540912104,3503.769542201289,-0.08563563741107319,-0.059420106821665486,2.5632011035363397e-6,365.2564200392995,3624.4091491897984,-0.0524089878334753,-0.04597592894645895,5.395393455443699e-8,602.1555553346393,461.62004906853025,0.15228930796648069,-0.2726489575797282,0.00036395117865551546,4300.79513659651,1325.2843880349217,-0.11051600296328007,0.13060411215430293,-263.7557038422242
3.5588081850208362e-6,224.7007754531914,3503.7695403342514,-0.08807192204088624,-0.06041085929103025,2.5515140787627312e-6,365.256412081141,3624.4092491063284,-0.05442880524156298,-0.04679146113259627,1.997862863296932e-8,603.3670878795369,363.3951248686119,0.24916169485831932,-0.7167054328261494,0.0003673979915231402,4287.799745060033,1348.0634943054474,-0.10962451915310079,0.12935513794733658,-264.6959764335338
3.563647003870654e-6,224.70077547496396,3503.769539625984,-0.08882415361868391,-0.06128202588876262,2.5475534181666196e-6,365.2564060168698,3624.409322283428,-0.05508916358690977,-0.047531195143345216,1.3821384848459044e-9,604.5810580189968,-1388.7786842448468,-0.3736674027604027,-9.775717646709204,0.0003782179734489512,4278.845675005515,1363.2517826179576,-0.10285248592680336,0.12691384709221962,-265.3769983451268
3.6929305871854387e-6,224.70077641145681,3503.7695119213568,-0.08173958241142641,-0.0627584156523528,2.582459866397829e-6,365.2564954996931,3624.407982347625,-0.04941174414174967,-0.0483206310533949,2.704686300305905e-7,605.797470657442,307.1245424904199,-0.06964273040930156,-0.05776134496169659,0.0003525420683407236,4207.616449993305,1457.2431016025548,-0.1271332088315639,0.1274817658451421,-265.6366803599384
3.7244080311844057e-6,224.70077642940743,3503.7695122673254,-0.08049599077799116,-0.062393194356177226,2.5854679055992097e-6,365.2565570328646,3624.4068569598103,-0.048398302813266084,-0.048021598453455765,5.084231555888657e-7,607.0163307091611,284.3394536192575,-0.07142527259564832,-0.0678935682367002,0.00035167511749137657,4211.3908385335235,1443.7593902572435,-0.12911930290833365,0.12608524345660582,-265.05655993018377
3.7251995198004114e-6,224.700776172222,3503.7695247881766,-0.0870806139553769,-0.05999704116316333,2.5404109802130896e-6,365.25693078719416,3624.39582162814,-0.05352787522551116,-0.0460397232317677,1.8441732220206692e-6,608.2376430983325,259.6814481728567,-0.07355931480057044,-0.08334642944032948,0.0003928643102580347,4243.576126343296,1457.0132747164198,-0.09103353289933508,0.13117191231756056,-261.87423501522727
3.6607220466547638e-6,224.7007760690766,3503.7695287859633,-0.09499223083795025,-0.06489732121915522,2.511214098493026e-6,365.25701889996947,3624.3972424881335,-0.05995919137667204,-0.05046353337184284,1.0535959194118525e-6,609.4614127590407,568.3905568761201,0.07674367543840963,-0.055524601292240815,0.0005217584062243288,4264.335886814581,1449.3337322501222,-0.03144058554556891,0.10750007804500657,-263.4418626058828
3.634353693094129e-6,224.7007756836522,3503.769532124465,-0.08360095932224812,-0.06205694403348152,2.5752631147165094e-6,365.25646915308386,3624.408104773662,-0.050942962702471,-0.04820755629462068,2.4831540539017884e-7,610.6876446352982,384.1893829090213,-0.04629689014140926,-0.010367788053667507,0.00038824661818638806,4260.346413037528,1398.4837696860877,-0.0980732309773415,0.12589827654878222,-265.9648526287256
3.618331916047657e-6,224.70077551782327,3503.7695383080113,-0.08597502022416277,-0.061207285221936844,2.5627379524213994e-6,365.256438466441,3624.4088331696757,-0.052781310985080376,-0.047592238675762594,1.440221208787859e-7,611.9163436810645,361.46666388404947,-0.011141954103217654,-0.031359839278845204,0.00040890603003937003,4274.360580468856,1390.3668343982154,-0.08173030403509784,0.12409688257379771,-265.93574476352154
3.6183088448483895e-6,224.70077535121743,3503.769544151504,-0.08664254915462921,-0.059925233062668976,2.559157437492754e-6,365.2564293776746,3624.4090231075543,-0.053253340376456966,-0.04662687656955881,1.3574234983819796e-7,613.1475148602672,339.98527587792927,0.01421386656890436,-0.047931399309298864,0.0004228037772863653,4290.034846790584,1370.597455808074,-0.07151948039178542,0.12220217921036292,-265.65928547886136
3.626885119941783e-6,224.700775211031,3503.769549043961,-0.08587421995019576,-0.0583865569865576,2.5627710580874562e-6,365.25642846040193,3624.4090499464432,-0.05256654204545587,-0.04542120111007449,1.5917905252640742e-7,614.3811631468191,320.23694701934255,0.021532679308613762,-0.05490012023838646,0.0004319408882968713,4305.96407577258,1345.4829333880411,-0.06495278121575394,0.12075871381546807,-265.2097405122328
3.6431380169561415e-6,224.70077512636692,3503.7695519709555,-0.0837115902386575,-0.05684623763884116,2.57336702992633e-6,365.25643188185745,3624.408998181482,-0.0507553707141636,-0.04415897572303815,1.9623158891801626e-7,615.6172935246428,300.7996886612114,0.0222307361377836,-0.05479028727838688,0.0004353464293102795,4319.4360659451395,1321.4538132409834,-0.062140241432617746,0.12053790579899032,-264.6016603586109
3.6705622161539366e-6,224.700775130336,3503.7695516281337,-0.08002520772888047,-0.055516399891432366,2.5916557957592663e-6,365.2564372155062,3624.408910215091,-0.047735630371697604,-0.0429974112975264,2.4244084770554403e-7,616.8559109876876,280.69942879839493,0.02367555186587578,-0.049979471361299634,0.0004311879597982798,4327.094354457547,1305.283802545969,-0.06431070640155472,0.12224789366000141,-263.7868038590717
3.7175627477080885e-6,224.7007752897627,3503.7695456185043,-0.07440462706415554,-0.05454304231626329,2.619828736811321e-6,365.2564429517356,3624.4088120105876,-0.04323095068811034,-0.04202987602429595,3.0200239168679493e-7,618.0970205399506,260.04532821927245,0.027180882412978554,-0.040757778795340316,0.00041458916334867447,4323.500058407676,1306.5284871749188,-0.07531927744234106,0.1270834274624296,-262.66723242676886
3.7941598925854025e-6,224.70077570500743,3503.7695310259464,-0.06637711974850993,-0.053959154226403815,2.660482179723315e-6,365.2564485353111,3624.4087171368883,-0.03694033638630814,-0.041251554206470455,3.82604951883852e-7,619.3406271954971,239.683148697464,0.03055880808083075,-0.028903516656511235,0.00037689151290953523,4303.096959385222,1336.9690490771995,-0.10356057690912429,0.13803501071822424,-261.19117714148956
4.451076894616422e-6,224.70077574711107,3503.7695277967473,-0.010695163559033792,-0.05760638991903315,2.952111340580638e-6,365.25645446715424,3624.4086385095916,0.005881037276088949,-0.04493912000916141,1.6204428255549415e-9,620.5867359784809,82.6049300547832,23.110306998115263,4.283075091214687,0.0005010624649304857,4308.531092714114,803.0978247983578,-0.08679354139882423,0.004066896629495798,-259.15235042540013
4.575766087328109e-6,224.70077586047105,3503.7695241689767,-0.006632604937093093,-0.054808456368036974,2.979122058910622e-6,365.25645800072084,3624.4085928901927,0.008602395467386757,-0.04237928592089547,7.852260880141559e-10,621.835351923163,643.7329245795241,60.54845485904466,0.9109644181554931,0.0005198758486053865,4301.304360870364,796.4207140816229,-0.08782973692146165,0.0017751593725940612,-256.8794201215064
4.679942822449121e-6,224.7007760300746,3503.7695193340996,-0.004892020801720191,-0.051270860696034704,2.9925231969691853e-6,365.2564587505844,3624.408587681591,0.009430712647498915,-0.039211247028458185,1.1087722067391664e-10,623.0864800739348,548.1779726900387,521.3987430367778,0.5178900727495054,0.0005449867896643092,4286.348697740759,812.6266601175167,-0.0872195665540287,0.0008019253839908012,-255.39683604937807
4.73211199543764e-6,224.70077622267928,3503.7695142646858,-0.005670980129589441,-0.046597104502424595,2.991600259475931e-6,365.2564569613439,3624.408616389775,0.008396894668790686,-0.0351020753350823,4.841429619551246e-11,624.3401254853364,649.4123928053789,1379.6370105639232,1.1211336829213105,0.0005919464998965128,4260.488489204372,846.8945789099345,-0.07704263314699453,-0.0021588874167778505,-255.648488566267
4.033182102472065e-6,224.7007782402381,3503.7694763104105,-0.05946282116281435,-0.0549643743233841,2.6907658894466853e-6,365.2564602856802,3624.4085780140163,-0.0337403569359532,-0.040328969494209235,5.123395464640113e-7,625.5962932220779,490.56975931216954,-0.08848457917301329,-0.044576749063017715,0.00020014771120011913,4124.438137199283,1562.3627020471872,-0.3007073517639611,0.18365619537074643,-255.84701288255076
3.9716784467421105e-6,224.70077802519415,3503.769480562202,-0.06357013601780748,-0.055528161501040854,2.6717727210976803e-6,365.2564589170196,3624.4086053500423,-0.036964287106065336,-0.04109929219693885,5.153920529814868e-7,626.8549883590596,470.01481842441177,-0.07545313507416793,-0.05553133572757089,0.00020172362060302823,4139.150989323856,1617.42637745647,-0.2799203776258028,0.20304762723877606,-256.7647065759751
3.825197180544465e-6,224.70077765389792,3503.769484616049,-0.07245671160569081,-0.05721575931263817,2.629480406610922e-6,365.2564587209783,3624.4086210568603,-0.0433923471912107,-0.042775894483404076,4.903444711395339e-7,628.1162159813912,452.8653821384431,-0.05482729247216515,-0.050612212753651374,0.0002103088387186126,4158.777180260612,1604.047741125798,-0.2718037003055977,0.19675323127145383,-258.0715524156785
3.734918165539604e-6,224.70077746477344,3503.7694849322706,-0.07739152744192164,-0.05900705228198807,2.6055838770364287e-6,365.25645940148183,3624.408621082511,-0.046555364788146605,-0.0445955630198575,4.5845157725526824e-7,629.379981184415,439.0789609198944,-0.03373476387596505,-0.037579498939796833,0.00022364279405282235,4167.412903013168,1554.4465041237777,-0.2636819922313551,0.1738729734461667,-258.88338626706053
3.7132180485362194e-6,224.70077743260967,3503.7694838978286,-0.07781736155469228,-0.06056739372453588,2.6029006412913266e-6,365.2564601015299,3624.4086151935044,-0.046339409510266744,-0.04629182172125186,4.256672278965964e-7,630.6462890737248,425.1547459349662,-0.014037633725114228,-0.029776444640588713,0.00024304196335759307,4168.039948261067,1523.336417469363,-0.23862398212008648,0.15425484138728549,-259.2613829994966
3.7212985629501867e-6,224.70077743607325,3503.769483835516,-0.07671777566181205,-0.061842608154865024,2.6077212775918613e-6,365.2564604408145,3624.408610120591,-0.04514358141894245,-0.04772341831294133,3.8981819390557345e-7,631.9151447651866,409.5667838893363,0.003895779542588494,-0.029213943649734335,0.000265544909372858,4165.882511377259,1518.8660223093652,-0.20643972250566375,0.14339395156412052,-259.4935461479446
3.729878846343323e-6,224.70077743860597,3503.769484789644,-0.0761713939823821,-0.06278173553076358,2.610404206531738e-6,365.25646046405086,3624.408606782389,-0.044560674114303644,-0.04876417818958012,3.547081087372453e-7,633.1865533849598,392.29685479147133,0.01970274463632304,-0.03191595188196237,0.00028568080209333296,4162.361266836685,1532.5086297082821,-0.17909910641631016,0.13955333783393914,-259.7043592572597
3.7242965238857176e-6,224.70077744410787,3503.7694861915106,-0.07702512718832777,-0.06335506829766178,2.6069534582398955e-6,365.25646040340564,3624.408603099207,-0.045207565908946305,-0.04939226272375259,3.253580435393558e-7,634.4605200695178,373.98016259068294,0.03325748272440396,-0.033357113442975386,0.000301373965351739,4157.433509661481,1556.8799131200833,-0.15875315453407907,0.13973359701841712,-259.9383724862436
3.700317475214545e-6,224.70077745092155,3503.7694878639845,-0.07942638028144378,-0.06357090930350187,2.596573474198605e-6,365.2564605160188,3624.4085962387776,-0.04716876879783835,-0.049672663672360395,3.0375482012168705e-7,635.7370499656668,355.46655920641206,0.04400974903319079,-0.03156004097354294,0.0003137176224553313,4151.436677620116,1586.35924682483,-0.14308156685800222,0.14128311896882434,-260.2526046918227
3.66162930950929e-6,224.70077742201352,3503.769490468258,-0.08306432084394075,-0.06345841320619508,2.580577479598119e-6,365.2564609644531,3624.4085844755723,-0.05019085668023911,-0.049687969769150284,2.886021765846044e-7,637.0161482305705,337.14717295786267,0.04923204917120213,-0.030861684754532364,0.00032510062659202646,4146.168860975965,1614.1987686503792,-0.1292872201017301,0.14204482600637297,-260.7408830565625
3.6229405477200147e-6,224.70077729268198,3503.769494934347,-0.08678940045482621,-0.06315886851568384,2.5637749302807667e-6,365.2564615640383,3624.40857090785,-0.05332240237100725,-0.049580989704176355,2.7751727037458905e-7,638.2978200317676,318.6229217387961,0.04250581882404274,-0.04449003838397883,0.0003380373207014686,4145.587413793787,1627.8521524135772,-0.11587521506476242,0.14005117216366084,-261.46031897905675
3.485805644339042e-6,224.70077716595205,3503.7694973352977,-0.10143830326012712,-0.06230853596022765,2.494871248441901e-6,365.25646243390423,3624.40854460625,-0.06482956566708416,-0.048556345710226836,2.8314432450108606e-10,639.5820705471946,-35794.45916988312,-180.6133925429049,-176.49850515855735,0.00031362784077697584,4133.941562326104,1735.703820205805,-0.1247518848870118,0.17577103298669292,-261.2154980075836
3.5444796117435064e-6,224.70077777622262,3503.7694839704513,-0.09382367742104647,-0.0627817121771073,2.5279786494845115e-6,365.2564618707967,3624.4085527033294,-0.05839983269442769,-0.0485087083270688,5.499045315432529e-10,640.8689049652053,-21284.47985481877,-95.59421946188627,-104.92227883519146,0.00030688583505664445,4135.0717768279455,1680.3885937202733,-0.14072106632055256,0.16710537210644236,-259.44141744845155
3.618109645063482e-6,224.7007782304957,3503.769473079355,-0.08462921009145478,-0.06296813654109092,2.5693716894191064e-6,365.2564601963758,3624.4085731117193,-0.05082787758895577,-0.0483204301697642,9.134874563117435e-10,642.1583284845933,-12841.745228273789,-51.199176256996495,-63.31496298762263,0.0003103227331623126,4150.2077862405,1576.9068109531402,-0.15213103558394558,0.14766816148613812,-259.2776438785293
3.670139946331205e-6,224.7007783967805,3503.769468072105,-0.07805356186736219,-0.0630460773187103,2.60004352135287e-6,365.25645826650225,3624.4085964499222,-0.045493624313328394,-0.048234764278843906,2.5130136393249498e-9,643.4503463146103,-4164.613511210632,-15.426849126526706,-20.7311261357749,0.0003243384336620609,4172.008434331934,1479.4491355277216,-0.14966601079491834,0.1287107022659996,-260.3905562350892
4.707527267923007e-6,224.70077826968475,3503.769465758542,-0.0013945328258994927,-0.04530679387705571,3.009620308532125e-6,365.2564512757332,3624.4086992352904,0.016121756394531145,-0.0352313193416216,3.9957729245543e-7,644.7449636749909,617.9226840935333,0.1159894465134447,-0.0003890264993234343,0.0005145323489345304,4204.9932925313415,828.9115720806581,-0.060617027434471074,-0.025899136992201706,-260.5483883691263
4.798108782370781e-6,224.70077893350015,3503.769448787671,0.001796859333047471,-0.045780594862743815,3.02655497146669e-6,365.25645077948565,3624.408700582186,0.018732603834701395,-0.035448799108925885,4.185805679402644e-7,646.0421857959709,600.6981675852637,0.1276384194151663,-0.036258987227698464,0.0005029403038238436,4205.923058082905,820.6603644004617,-0.06490751931712421,-0.027453439245058615,-259.73815004857425
4.850409947915658e-6,224.70077941378767,3503.7694370700096,0.003700767550450562,-0.046114015346552954,3.0388021258342415e-6,365.2564512366523,3624.408687168423,0.02015607240545393,-0.03570374588235021,4.230028667854635e-7,647.3420179183096,581.1115842070691,0.12607009208027847,-0.058536128341387446,0.0004993699895220622,4194.630317468529,849.3814447140431,-0.06552800883299259,-0.02734761982625059,-259.50157146653316
4.855385187440932e-6,224.7007794552593,3503.7694368953476,0.003885859061009283,-0.046200119439586934,3.042718127948056e-6,365.25645174382515,3624.40867489592,0.0201305907188183,-0.03581841798265884,4.032484943238919e-7,648.6444652933103,-86.96763176595609,0.11985119409051112,-0.07405337265108045,0.0004991829654446119,4184.036263213916,878.6506323923717,-0.06576795838976106,-0.027724587180918317,-260.02902766585106
4.8264760310131886e-6,224.70077905651007,3503.769447981917,0.0026260024187943786,-0.04617138413230076,3.038161308436596e-6,365.25645220989514,3624.408665701031,0.018963736485829233,-0.035846451608724135,3.765682764845128e-7,649.9495331828431,543.4992382042483,0.10411566127352066,-0.08937969048495951,0.0004980775877584873,4179.662679885539,895.3634901161807,-0.06732657288612143,-0.028633957637239648,-261.05778566249273
4.7853594588860855e-6,224.70077834694752,3503.769466503343,0.0006179995526225116,-0.04623832333573321,3.0279453227416516e-6,365.2564527562141,3624.4086585623404,0.017262175022055796,-0.03588498061214859,3.605985232735551e-7,651.2572268593623,529.337694514545,0.0711560614052835,-0.10322001244676658,0.0004929742719697797,4185.052124702179,893.5755047689273,-0.07090225229493821,-0.029678558950255292,-262.1755038775713
4.747577381011131e-6,224.70077752565084,3503.7694868991744,-0.0013734584904274917,-0.04669249169668621,3.0159778252050255e-6,365.25645366903797,3624.408650300045,0.01563134691814931,-0.03614454184246317,3.642325380367801e-7,652.5675516059329,521.7044831289437,0.027755291424780643,-0.10030491007421588,0.00048355251520340765,4200.774564110097,874.6790092659675,-0.07592420726559929,-0.03034302927652964,-263.0529591131816
4.718098102882271e-6,224.70077686179343,3503.769502659081,-0.003024562108600398,-0.04761786846296076,3.0043719572830583e-6,365.2564552603886,3624.4086343532035,0.014305950034139559,-0.0367470333473838,3.8430654154943436e-7,653.8805127162483,517.0646615204273,-0.004452276122887942,-0.07929505502803182,0.00047128614336497437,4220.265394051916,849.0819007306106,-0.08120071639434996,-0.03115072931152207,-263.5283927145129
3.7104084781730604e-6,224.70077615735744,3503.769533590031,-0.07896725857178122,-0.06232265685303744,2.5948628915115428e-6,365.2564563248057,3624.4086361409577,-0.04721913621355333,-0.04772587052937351,1.6446699256639895e-7,655.196115494653,549.445492743266,-0.16155843712559936,0.015769247956705097,0.0004076444211394853,4235.400847647453,1425.5964715182106,-0.08297758699291259,0.11296040363421017,-264.39508507652897
4.675334012102299e-6,224.70077809003618,3503.7694805750707,-0.0052410834237142335,-0.05065136498450434,2.979206334970095e-6,365.2564587797647,3624.408595224581,0.013034325420389225,-0.03892981068855152,2.761534841350202e-7,656.5143652561637,166.48150590145988,0.14245791379953063,-0.059568663167068485,0.00045394130770932495,4239.772191952764,830.4377764227481,-0.08889876871350615,-0.03393338274463146,-263.73341669894756
4.694710164260262e-6,224.70077973348066,3503.7694410316863,-0.0038270559434258875,-0.051687668625602284,2.983794301945576e-6,365.2564594332057,3624.4085924254014,0.014057843251963206,-0.03982348832109396,2.860371485571165e-7,657.8352673264918,146.50804204227998,0.13830809217719706,-0.12619313514668765,0.0004482681261077059,4260.87559351291,787.1316318701271,-0.09046615717203206,-0.037550152390656594,-262.57632591013254
4.703201272844306e-6,224.7007820969123,3503.7693811311615,-0.002147898847167625,-0.05307577480729928,2.9894125168631967e-6,365.25645945973866,3624.4086020176765,0.015263948736223826,-0.04109545299134956,3.235580320469561e-7,659.1588270420616,130.26739937561499,0.0915198463569149,-0.17215244383046174,0.0004451154041803762,4289.539689395485,735.244711166876,-0.0905682499195545,-0.039492937037714955,-261.25871632622597
4.569822681278803e-6,224.7007847077775,3503.7693111944004,-0.006046924801277343,-0.05509642640755627,2.970491962388055e-6,365.256457340085,3624.408629746448,0.011252432711752289,-0.04286017293743315,3.9451002824201435e-9,660.4850497500364,2918.5234834012426,8.396208293065019,13.499845669104657,0.0004625325008133125,4282.274272060175,773.2732135384816,-0.08846257857023813,-0.02845840460851739,-260.794848142769
4.429983488836987e-6,224.70078931913375,3503.7692032140894,-0.010406279527451306,-0.05469775480175067,2.945851244912707e-6,365.2564602046774,3624.4085745821044,0.007712627819265689,-0.04196239837436821,4.048270621676361e-7,661.8139408083375,417.77356811660854,-0.14461866907435522,-0.0018717613777393255,0.00044274805308725575,4195.021562704635,928.4398890124838,-0.0905408340504028,-0.03208785718307694,-258.78118651454776
4.395667786107108e-6,224.70079517881962,3503.7690607790378,-0.006258072973557633,-0.05340782519263476,2.9709721472539327e-6,365.25645855640676,3624.408603928305,0.010737245157929266,-0.04086954886107347,4.404119242413829e-7,663.145505585666,389.25899732840924,-0.1613544988644627,-0.027466030312000792,0.00047647402580661596,4180.475040508846,932.7078951945169,-0.07626309953313237,-0.034637865607260815,-257.0616045974095
4.349186167034317e-6,224.70080180311578,3503.768897040993,-0.001480183511866206,-0.05192900011686253,3.000341692383603e-6,365.25645695486037,3624.4086345454098,0.014282320550677085,-0.03966171835877267,4.908200906431991e-7,664.4797494615256,362.02624475331004,-0.16454569879921865,-0.05131494990217679,0.0005183580448578906,4173.682349914959,921.1671271560047,-0.06087693205136543,-0.03700606780763447,-255.64333169711216
4.2756519509743665e-6,224.7008093547376,3503.7687131969574,0.003180428735683388,-0.04997495834379795,3.029444661463185e-6,365.2564553284267,3624.408665436788,0.017748998528233837,-0.03812530360186119,5.456536191965714e-7,665.8166778262413,335.89262355121167,-0.1633099889201828,-0.07086939215164156,0.000567194902341026,4173.8829061873475,895.1844252460475,-0.04557296834115254,-0.03836280454672789,-254.75683393012577
4.166375790351982e-6,224.7008180957563,3503.7685222046202,0.0076078566998104905,-0.04599884924925546,3.0579619418508612e-6,365.2564536499092,3624.4086943215125,0.02106182933330665,-0.03501782838785718,5.981142207082821e-7,667.1562960809858,310.7351304427709,-0.16385125465087746,-0.08432607620488393,0.0006292322900459655,4179.40642777387,847.3469031199891,-0.028303293307810114,-0.03921411900066755,-254.49951603497252
3.0832891305524806e-6,224.70081956840673,3503.768919006775,-0.087496195247683,-0.04166085567541941,2.545693490473221e-6,365.2564516674373,3624.408727449241,-0.05489921776483693,-0.032463290257286934,6.872449195655994e-7,668.498609637798,70.81601388458805,-0.21418423165981243,-0.039914386610186946,0.00043804758846146483,4426.956170918155,1272.6703531792948,0.024061764084342036,0.09116780528166246,-252.59108442634437
2.9096151023187563e-6,224.70083413832765,3503.7690175922976,-0.08246446252759389,-0.027182422694884335,2.5766756572244306e-6,365.2564497285594,3624.4087439844457,-0.051216661661384645,-0.02063395064387841,8.847438508021172e-7,669.8436239196059,729.7383501422308,-0.21338370025293324,-0.00989121538790133,0.0004355161825427917,4446.835034173697,1308.8932042346757,0.05302639823954855,0.08328372630380138,-250.19247047838832
2.718221692728579e-6,224.70086306248774,3503.76935117664,-0.05913941615905582,-0.009463666471747586,2.7059899725502094e-6,365.2564559274732,3624.4086244319906,-0.03328139746469733,-0.0058329037331831,9.969903645321585e-7,671.1913443602482,717.2027635846695,-0.24295184537485004,0.012693275755149079,0.00013474511483098974,4109.9298110585105,1957.5916503695075,-0.24975199301017673,0.29896027940900416,-247.04028255032492
2.557228967349824e-6,224.7008861869564,3503.771398865179,-0.03602404338730855,0.009818668455764243,2.832316900117495e-6,365.2564540069653,3624.4086687131175,-0.015305483114590287,0.0102464972761753,1.2706549681434398e-6,672.5417764044971,28.7204162395505,-0.22490818035694965,0.024518219890126657,0.00042665077619653716,4079.042356609961,2075.61426653123,0.03338934517131921,0.1527421146875481,-242.47334761410445
2.6983356203188826e-6,224.70086454366304,3503.800917263897,-0.05726678942527835,-0.0037513205465806495,2.7275042069081247e-6,365.25645622128167,3624.4086393869266,-0.03162250762256816,-0.0002633855742662105,9.192285669726693e-7,673.894925508078,9.289803092360849,-0.27352614416646803,0.02218764436967746,0.0001680363113362678,4096.147251493088,2022.8303071093444,-0.23098055432551307,0.31738630931433665,-246.50551273620067
2.97513541968306e-6,224.70084251206382,3503.7631633170563,-0.062282295300247446,-0.024175860439010075,2.701162891545107e-6,365.256459343561,3624.4085994002508,-0.0353324856560405,-0.01676720983722416,6.079150728321004e-7,675.2507971376949,653.9195098344245,-0.32083807096052747,-0.024244138642205593,0.0002485302415438023,4137.447597858445,1744.1304956429483,-0.183544242254543,0.21633368631123626,-253.31632021932379
3.7881307368517144e-6,224.70074805133856,3503.768147449451,-0.0996307631417028,-0.02593072011402798,2.530762594917813e-6,365.2564636585493,3624.4085625948846,-0.06305393420493166,-0.018950407343630047,3.838227155905012e-7,676.60939677105,102.92167633615325,-0.3570987813109777,-0.12263362251945895,0.00029436033514024235,4167.274535902177,1788.0528691179977,-0.10034731464769553,0.22959580678596211,-256.1819749646658
3.841374629608421e-6,224.70075163214307,3503.76921915032,-0.09099124519263699,-0.039073347523975885,2.5635577363706416e-6,365.25646420949306,3624.408555730801,-0.05648117663885763,-0.029707822552775407,3.7398399873910376e-7,677.9707298968668,87.67826633160594,-0.28822169582996987,-0.10540551387339234,0.00037628004726404635,4209.716843060692,1622.449447643771,-0.08148113587949694,0.177345225321878,-257.1594180836988
3.833655425576944e-6,224.70075579041372,3503.769567344471,-0.08703208246625603,-0.047608719841505116,2.57648743293752e-6,365.2564651686142,3624.4085392221937,-0.053537230435992504,-0.03674088206193852,3.533182008945494e-7,679.3348020149122,71.07968267944645,-0.24648255459045956,-0.09490081053321037,0.0004159256719871833,4236.745442009299,1521.3281111826288,-0.08067410492514807,0.15460039317673507,-258.12923559171776
3.9945381887201445e-6,224.70074584695863,3503.770239495989,-0.08069051544675761,-0.057930718627793476,2.599736964288607e-6,365.25646139113434,3624.408608329977,-0.04787782148473885,-0.04543381779490402,2.0424218039924186e-7,680.7016186360188,288.37871412757164,-0.437516345708266,0.0081471833586571,0.0004131393826236323,4247.173488904922,1392.9485657292319,-0.09248657810757181,0.1337611988297378,-258.72893133098535
4.0686893292657865e-6,224.70075061616498,3503.7701079858552,-0.06781212787238959,-0.0583645361388727,2.661438383823385e-6,365.25646161025765,3624.408593827326,-0.037683258191659866,-0.04599879908584788,1.8563463627481408e-7,682.0711852821054,269.03352038769157,-0.4402776275119006,-0.005570969935254093,0.00046077208236479145,4260.93872692381,1292.9148161625408,-0.08358809209128723,0.10550055894709899,-258.34468969762554
4.709561842009102e-6,224.7007539850615,3503.7699803777814,-0.012462617669644559,-0.04466290376073771,2.964418099239568e-6,365.25645817206004,3624.408630040876,0.00685776430101665,-0.0352358943045282,2.912739247131292e-7,683.4435074862025,252.00018893815172,-0.2712302719888426,-0.023716833283646908,0.0005717828740459423,4289.666930596472,740.8784368293163,-0.0741190353304387,-0.012151243782558144,-257.59557188427766
4.6966442285645856e-6,224.7007574663563,3503.7699143930386,-0.010359190683835331,-0.04657728081858528,2.9755939852385847e-6,365.25645811318003,3624.4086106807304,0.00851165268921299,-0.036776560709187424,2.909674525484292e-7,684.8185907924727,225.02640727698315,-0.26457796361676084,-0.05390982169882585,0.0005621400539262844,4294.388214414208,742.4886177545534,-0.07589852844400184,-0.013159677661686249,-257.1831212488366
4.668112682206116e-6,224.70076120509103,3503.7698392553025,-0.00886181718091924,-0.04888532745501653,2.982170763156271e-6,365.2564577966994,3624.4085931061327,0.009666757132847195,-0.03858585595740995,2.7571795285630856e-7,686.1964407562332,200.8902307351825,-0.2635196974515246,-0.07737195839072535,0.0005501846493714956,4303.089614799228,736.7923895586267,-0.07937292789757229,-0.013983269649038548,-257.5093471980445
4.619634069213957e-6,224.70076506118212,3503.769759661826,-0.008519014236875322,-0.05159793274473593,2.9806916024578953e-6,365.2564573075877,3624.4085813646475,0.00987983479023965,-0.04066593185843828,2.43250698711993e-7,687.5770629439785,180.5198973050325,-0.27055914521565205,-0.09212531721336906,0.0005350811954464149,4314.359748298274,730.8801447293374,-0.0842243913649998,-0.013292942856403029,-258.6162809522318
4.548539653099673e-6,224.70076865423633,3503.7696845438168,-0.01000228150637529,-0.05456874027902628,2.9674846846048013e-6,365.25645672588024,3624.4085794292555,0.008612765451732132,-0.042908800226536835,1.9689416525446858e-7,688.9604629334036,165.71930029686888,-0.2887959654162469,-0.09338178584482082,0.0005187972608339992,4325.384867125123,734.3107023388505,-0.0890408740790581,-0.009911939007816664,-260.25679707760753
3.6029958302773063e-6,224.7007709574437,3503.7696524171174,-0.08279799775886992,-0.06298621121254483,2.579980057413718e-6,365.2564554252901,3624.4086426707518,-0.0504153215774998,-0.04832756711164616,1.5238390019678654e-7,690.3466463134235,312.8676037234141,-0.17604632447581905,-0.27216006164669626,0.0004621934901069821,4352.406356923847,1238.1157254900606,-0.07157609400004977,0.11718081896086222,-261.14955978483584
3.542351948006457e-6,224.70077241881452,3503.7696238925073,-0.08691189316297034,-0.06328362083093304,2.559708886130557e-6,365.25645446852127,3624.4086554308155,-0.05378183365718552,-0.048610283964009564,1.3816979834256488e-7,691.7356186842004,299.77366625643674,-0.20261884538753877,-0.2779781800784748,0.0004487440858026792,4344.674535503874,1272.4087332081126,-0.067319123497761,0.12122727117609428,-261.4239041327144
3.501571879181623e-6,224.70077354090137,3503.769602196278,-0.08978104219187936,-0.06351091512804931,2.545294633460186e-6,365.2564529901489,3624.4086749146263,-0.056130752287959086,-0.04888182478499865,1.2836141957553218e-7,693.1273856571632,286.98513605409056,-0.22539343196534764,-0.28031833551910496,0.00043966388976376063,4338.470700811276,1297.855875358981,-0.06204038653290946,0.12395330372706177,-261.77163751053416
3.4787232812628643e-6,224.70077437462353,3503.7695862432615,-0.09153471310772376,-0.06365819088685302,2.536055982828065e-6,365.25645088459873,3624.4087028855806,-0.057564737680005036,-0.04911715864524866,1.214602350337146e-7,694.5219528550309,274.6384699929188,-0.24516535510348825,-0.28056005013564145,0.000433973297394996,4333.682293795795,1316.3861944632406,-0.0560016776128989,0.126006182492907,-262.1947394869763
3.4748206020477995e-6,224.70077495195778,3503.769575258494,-0.09208431099286624,-0.06371330604327216,2.532357899102713e-6,365.2564481059968,3624.4087405448163,-0.05801065365135644,-0.049295521941821734,1.1595012765534852e-7,695.9193259118354,262.87166097160974,-0.2623090995962012,-0.2798131680959995,0.0004313703096987527,4330.1230006952,1328.5721977362275,-0.04966364253390809,0.12772820103203653,-262.690272667472
3.5077928710466145e-6,224.7007746248926,3503.7695911662177,-0.0987386460810318,-0.062442986981698846,2.4990164971636084e-6,365.2564474669218,3624.4087556595778,-0.06297217957142486,-0.04834035149305085,1.9855847193275685e-7,697.3195104729448,131.63424472213822,-0.28009595224861644,-0.06308859308250833,0.0004215051409641723,4321.622686211493,1377.1949865076044,-0.03702645343170347,0.12807788476557147,-262.6397517414147
3.514196591099286e-6,224.7007743928777,3503.769598018857,-0.0984858642229944,-0.061712334829232024,2.499819320879174e-6,365.2564441662126,3624.4088038008867,-0.06275976078858032,-0.04792286068120759,2.250877893386349e-7,698.7225121950838,111.5097293871447,-0.2726697437380885,-0.07389126151690982,0.0004275398586688749,4325.193532172108,1373.8631529317581,-0.02396549434682313,0.12426288500034179,-262.84018713932204
3.538774534247004e-6,224.70077426174788,3503.769597592869,-0.0956026387671547,-0.06115860443593368,2.5128154849315424e-6,365.25643973943846,3624.4088693502,-0.060426251287665565,-0.04764790460607212,2.2306763685187533e-7,700.1283367463603,94.73736828926916,-0.25732771707581104,-0.07423754346702242,0.00044135923691748525,4328.734283491952,1355.2532555670193,-0.01732377849372046,0.11866627353345283,-263.4999063369506
3.7070605899979667e-6,224.70077420238903,3503.769573234561,-0.07728989578130602,-0.06209389513694577,2.5992437726315838e-6,365.2564407193081,3624.408862763368,-0.04602164075313002,-0.048321610359764004,1.1239885149465695e-7,701.5369898062858,297.3540999691945,-0.3135708817218948,-0.15382361982141815,0.00047574913242877034,4300.630086647022,1288.4300638716252,-0.06901725343448718,0.10997548960595233,-263.9666242833663
3.7094369622373743e-6,224.70077405690645,3503.7695729785496,-0.0761585413265077,-0.06184604646055881,2.60513369454952e-6,365.25644192025874,3624.408849255527,-0.04517938613443986,-0.04806687359359672,1.4926002626192804e-7,702.9484770657988,286.25863954290895,-0.2698653353758965,-0.1406576115108005,0.000481616331354665,4299.85300558718,1279.9610997365025,-0.07169719358772013,0.10594492216458691,-263.7357108738144
3.7003437268144086e-6,224.7007740893986,3503.7695700232384,-0.07581300330342741,-0.06176257149018791,2.6074364042944775e-6,365.2564443819797,3624.40881358246,-0.04496129750846285,-0.04795221479868873,1.7685793383070472e-7,704.362804227288,269.9409383858141,-0.24285842924500015,-0.13613157194017872,0.00048336882542453685,4300.455221103995,1277.1668852688322,-0.07207460158057304,0.10452998515987215,-263.614740891486
3.686802887809062e-6,224.70077422568843,3503.7695655105467,-0.07597760501448367,-0.06174290787929885,2.6073136589305413e-6,365.2564481840203,3624.4087543738724,-0.045128188127627,-0.04790573374550993,1.9838453283890427e-7,705.7799770046163,252.5311099212234,-0.22315318237469742,-0.13314204932262266,0.000483289116121091,4301.109779095053,1277.9671692544196,-0.0711586300546102,0.10397753638909843,-263.6273788584483
3.668686734333451e-6,224.7007744078276,3503.7695605776526,-0.0767510364082445,-0.06181033167854055,2.604146032199365e-6,365.2564522795184,3624.408685169874,-0.04575871726387168,-0.047945060374093074,2.1328572070169695e-7,707.2000011231399,235.70060815778965,-0.20931993138816726,-0.13023696066105986,0.0004821041282351989,4301.450897164014,1281.3715522000348,-0.06983563386480422,0.10347231689627691,-263.75774385260115
3.6147523123749005e-6,224.70077472874914,3503.769558429539,-0.08217565145444417,-0.06462477782562344,2.5754709122809724e-6,365.2564255202504,3624.409014536355,-0.049970435836082155,-0.05020254382700032,2.2252546627467734e-7,708.6228823197373,45.75486586061652,-0.18086313948498473,-0.15648633625017105,0.0004648611393444542,4307.060225852605,1271.4490915543981,-0.08757310183213939,0.10059753751266379,-263.50353977858435
3.6029145307133566e-6,224.7007747972382,3503.769558279078,-0.0830864144450806,-0.06481914005389315,2.570087622568229e-6,365.2564210058478,3624.4090279878083,-0.050737964180535354,-0.05036676555436616,2.3342859059093723e-7,710.0486263428286,737.7089742442857,-0.1831187473497463,-0.16174498929418496,0.0004635352655742032,4307.705100838472,1275.0073867113304,-0.08680916813671888,0.10079227848195026,-263.21552289873443
3.5921511249780315e-6,224.70077486399026,3503.7695578777384,-0.08405996028146821,-0.06488058157014054,2.5643321345541608e-6,365.2564144641347,3624.4090434205195,-0.0515494679549965,-0.05042954086485383,2.468310784887617e-7,711.4772389523994,721.0859144820779,-0.1846392813976464,-0.16684505513020345,0.0004625496884471929,4307.7880664310505,1280.5726212779248,-0.0851633864161173,0.10116755795680236,-262.9460225684243
3.621372989402883e-6,224.700774622672,3503.769564683638,-0.08860182211773149,-0.06538919486666306,2.5444235760102408e-6,365.2565471559707,3624.4071572918774,-0.05497654182748892,-0.05070693080603789,4.705101802289818e-7,712.9087259200255,517.2739328797501,-0.17554443755299615,-0.1302613620044892,0.000434485995107621,4307.61652140888,1340.4511498000736,-0.08976114313012719,0.13228322900456413,-262.6928746430732
3.6112370222409352e-6,224.70077438068668,3503.7695707475254,-0.08948471982467766,-0.06510417855583395,2.540677588680972e-6,365.256609773044,3624.406146037161,-0.05572802725972184,-0.050476147994290586,5.816286185061013e-7,714.3430930288926,499.697633867235,-0.1673422250958837,-0.1281831764634327,0.0004346654743884602,4305.320642017019,1349.6588678031676,-0.08722634396652577,0.13216923993522367,-262.3996438774459
3.5735413248225716e-6,224.7007750344305,3503.769554871438,-0.0867639080288151,-0.06417173111676827,2.5483395220105454e-6,365.25637788863213,3624.4090624524883,-0.05375938350965323,-0.04989623574519015,3.019409631975681e-7,715.7803460738245,671.5801040689402,-0.18391418936284418,-0.1767359379448515,0.00046099419074736153,4303.5334190185695,1308.7954467582167,-0.07580037529658669,0.10342207467185056,-262.37420598997613
3.572279492253179e-6,224.70077507853824,3503.7695532733915,-0.08749807967429428,-0.06361248784865095,2.5441912998287654e-6,365.2563553714069,3624.4090982735415,-0.05433734112276088,-0.04945217573897427,3.194074890604155e-7,717.2204908613031,655.3288459537141,-0.18074186702963224,-0.17726076060004026,0.00046096117765755427,4300.660244841937,1321.163020699953,-0.07142632964697118,0.10438359709027058,-262.3676096002531
3.573308526599619e-6,224.70077510942932,3503.769551691452,-0.08807249610508328,-0.06295124407093491,2.541118956364989e-6,365.25632190257113,3624.409223863354,-0.054775039506373295,-0.04892337920875459,3.3429548441631976e-7,718.6635332094935,639.2311408398404,-0.17540220979827026,-0.17638496326990988,0.0004613149341174274,4297.574880939039,1333.1613101197938,-0.06693520112508751,0.1052397843709106,-262.4776719265519
3.57566110472341e-6,224.7007751281018,3503.76955027083,-0.08851671764021649,-0.062285569791704694,2.538953599266864e-6,365.25627192800374,3624.4095019427623,-0.055100032166898974,-0.048387771447984236,3.4843081033976226e-7,720.1094789482662,623.222324611037,-0.16821622695120833,-0.17428817265878588,0.00046184881924944785,4294.661626320017,1343.8598549467577,-0.06285746239881279,0.10598823515376773,-262.6691739156406
3.578169012575078e-6,224.70077513659322,3503.76954910559,-0.08892366257844499,-0.06169662087535821,2.537151672442922e-6,365.2561945046988,3624.4100400698057,-0.05539081257538049,-0.047910028790169916,3.657612294883391e-7,721.5583339192225,607.2598367977349,-0.15969918159863225,-0.17129536714400054,0.00046232368252989577,4292.184054336671,1353.0258141963327,-0.05950484594726879,0.10670328286516352,-262.89126802938233
3.57959729666135e-6,224.70077513516875,3503.769548247602,-0.08942420159768219,-0.0612312483292454,2.5350357917826332e-6,365.2560643283856,3624.411087403882,-0.0557550525457517,-0.047526098961621105,3.915634649115518e-7,723.0101039757146,591.414626539425,-0.15024385350979,-0.16796298364508014,0.00046240544461010735,4290.176243562092,1361.2262010954794,-0.0569752090343228,0.10754881123933796,-263.10630255623494
3.578615660230434e-6,224.70077512798383,3503.7695475511846,-0.09014394305573996,-0.060911122335533745,2.532038092234954e-6,365.25582404667034,3624.413208821266,-0.05629508475894762,-0.04724904548114664,4.32920697789059e-7,724.4647949828741,575.8647370706902,-0.14032681382938067,-0.16495443415041855,0.0004616240002995383,4288.346414085262,1369.633890375452,-0.055307333804193344,0.10872720306075943,-263.3053428010819
3.573470156390212e-6,224.70077513046706,3503.769546507978,-0.09122919285028147,-0.060757742371086526,2.527565376065599e-6,365.25532802249813,3624.417855534451,-0.057127945054123025,-0.047087723238165104,5.003419624623252e-7,725.9224128176321,560.7235403276028,-0.13068411280914363,-0.1628578447227316,0.00045915815852915626,4285.98974045619,1380.211860384896,-0.05465723944854766,0.1105370499042306,-263.5134926747849
3.5419954186445495e-6,224.7007752531622,3503.769540032381,-0.09352667738555363,-0.05996694679793854,2.5219902428478636e-6,365.25295977596636,3624.45858623368,-0.0590562512398605,-0.046413669773872755,9.884225881783535e-7,727.3829633687441,812.7245397216855,-0.17673514516759886,-0.07240182244739939,0.0004527003670415546,4281.880988289784,1402.3412861803781,-0.05463721609056845,0.1144078038771724,-263.393958892482
3.520173121077019e-6,224.70077511926178,3503.7695407139004,-0.09629201941732687,-0.05939735433509626,2.511960222678586e-6,365.2464504669533,3624.556820235512,-0.06125434039868088,-0.04584849035168935,1.3113190963090595e-6,728.8464525368139,803.0225243680723,-0.17421498515361397,-0.06655857765155967,0.00044788112767291403,4277.300687323288,1427.2111565665011,-0.05420083785900523,0.11916318124148477,-263.5444219937245
3.7400458084429613e-6,224.7007761230589,3503.7695176353423,-0.07695484571103482,-0.06573710350619821,2.594639193894113e-6,365.3338048105989,3623.1571107817813,-0.04582761179406556,-0.05124027361367728,8.485690737090879e-7,730.3128862343181,669.9010735895176,0.0135500383507719,-0.09451067549719801,0.00041370353910121643,4234.041809124596,1410.2717552657057,-0.08711291518689326,0.11501319146809513,-264.5816514821055
3.821075494164305e-6,224.7007740830961,3503.7695823813583,-0.06663318546229183,-0.06114304848615543,2.635432196544323e-6,365.24189168642135,3624.629189444635,-0.03740977428468828,-0.04817239382671106,2.1280022278716184e-6,731.7822703856264,194.35126213326947,-0.11463968765342387,-0.09369309683651289,0.0005016084169740982,4313.3259723259835,1202.3736072758823,-0.052113037623723546,0.08150095471629357,-263.2977076436573
3.7738353689103713e-6,224.7007739346794,3503.769584487664,-0.07087305198184636,-0.060626874236348174,2.6180890776960824e-6,365.25179244816235,3624.4769178926117,-0.040845139610306454,-0.04769388495805168,1.7763905462586774e-6,733.2546109270311,178.7913510523835,-0.11691140737443435,-0.09748718528121736,0.0005091194751687957,4318.9941394853095,1217.1527501110659,-0.04617382209458731,0.08432637466698346,-262.58364066695856
3.730668890928946e-6,224.70077394310658,3503.7695822537576,-0.07448022718951035,-0.06069646223855826,2.603578621777331e-6,365.25394332945757,3624.441952774236,-0.04375286719987941,-0.0476180709837867,1.522029473717356e-6,734.7299138067673,168.8885841378882,-0.11887986256964268,-0.09616796520768704,0.0005046305589971274,4315.34451951032,1241.8748532147729,-0.04595534085823154,0.08789534823308247,-262.48316006192897
3.69106272409872e-6,224.70077395223407,3503.7695807436153,-0.07728377511365288,-0.06089034227123725,2.5923900241835298e-6,365.2547668027723,3624.4287884698742,-0.046022022716188944,-0.04766288851694574,1.4492128852946464e-6,736.208184985038,158.84985430221968,-0.12003802711407477,-0.09610530359795473,0.0004992744648183951,4312.024826325019,1259.3128022158107,-0.047375882165959615,0.0904581156565786,-262.4599699096095
3.643930103720686e-6,224.70077398639316,3503.769579128667,-0.0802293666084779,-0.061213760443467075,2.580565606213653e-6,365.25520485638816,3624.4222266424013,-0.04842841427174041,-0.04781454102408822,1.456421009077892e-6,737.6894304340378,147.55099949017597,-0.12260218900612857,-0.09737591223826554,0.0004927896552451549,4309.2174647911115,1274.1908724531627,-0.05032774043289366,0.09277967299938303,-262.4348981284906
3.5795408242031673e-6,224.7007740956681,3503.769575923771,-0.08445139631324786,-0.06174514206269909,2.5629183656351304e-6,365.2555042243775,3624.41831904748,-0.05187910053477607,-0.0481123875267111,1.430085319863652e-6,739.1736561379784,135.1204505822169,-0.1286276045275052,-0.09875534924788539,0.0004823732391941814,4306.353719366425,1293.38480376251,-0.05543689084882361,0.09634804248954469,-262.4660551851419
3.6332682070151826e-6,224.70077449715103,3503.7695672201116,-0.08373387805464835,-0.06179802941058756,2.565901947907925e-6,365.2561792539659,3624.4106697272036,-0.0511603480987192,-0.04825622991392048,5.395040972840561e-7,740.6608680931092,297.2761753326087,-0.10529820780866818,-0.16676380195688673,0.0004947653875730597,4318.544010181326,1279.35428995492,-0.049179060082052514,0.09589279217840606,-262.28150945589874
3.619323550795912e-6,224.70077454431615,3503.7695651721056,-0.08432896712032702,-0.062253005283431584,2.5633836544889897e-6,365.2562624637192,3624.409956524739,-0.05167208008702215,-0.04857091360604633,5.656489271779771e-7,742.1510723077465,282.8304877445844,-0.10259313483872479,-0.1621444007239701,0.0004935815030288013,4318.787747390538,1279.6128416826953,-0.05176598193894121,0.09633803546759871,-262.08385633292875
3.6054736139203457e-6,224.7007746092216,3503.7695626642476,-0.08483857002524892,-0.06266424577314199,2.5613036776946886e-6,365.2563206844594,3624.409496979229,-0.052113834891463075,-0.048845800945914127,5.86462868260237e-7,743.6442748022944,268.20319524071215,-0.10048740649679241,-0.1584256577381406,0.0004920845910431333,4318.468953082885,1280.3148306243952,-0.054959189945526725,0.0969411372615483,-261.953179576823
3.594061368398174e-6,224.70077468734434,3503.7695598604905,-0.08512080802480211,-0.06296327712381868,2.560321362515989e-6,365.2563621697342,3624.4092029418393,-0.052367888909400306,-0.04903009758801332,5.976621544483587e-7,745.1404816092698,253.49563463356495,-0.09859612698749709,-0.15526182217340476,0.0004905602863706467,4317.513937268841,1281.2655259906119,-0.058460145216173626,0.09764254121279388,-261.9206654851037
3.587978589843626e-6,224.70077477004736,3503.7695570254714,-0.08499652921207168,-0.06314360865358272,2.561239981827549e-6,365.2563919817382,3624.409013389373,-0.05228706245355889,-0.04912386125176826,5.994984131330134e-7,746.6396987733275,238.83282723244417,-0.09641763734414613,-0.152390758973418,0.0004892397527886305,4316.045292215287,1281.6184265887905,-0.06197711150738865,0.09830524953529773,-261.9890863978134
3.5895082906430372e-6,224.70077484944008,3503.7695543644586,-0.08432677757092029,-0.063249448158823,2.5646784240462538e-6,365.2564134538976,3624.408886570336,-0.051758730545165076,-0.04916635579995866,5.967868650785902e-7,748.1419323512843,224.29871866710167,-0.09349224951782069,-0.1497002377336306,0.0004881875485879855,4314.256152223983,1280.4413081366174,-0.0653527470759774,0.0988115687162156,-262.13066884032037
3.5999609142637747e-6,224.700774919834,3503.769551990328,-0.08302928173952316,-0.06332543716401214,2.5710025815414594e-6,365.2564283848302,3624.408803886057,-0.050718428728541314,-0.04919630723729267,5.95855770831285e-7,749.6471884121413,209.77410910731425,-0.08948132647305009,-0.14729596880060625,0.00048753427000529907,4312.421635852641,1276.7561936836316,-0.06852835216106737,0.09902990658467696,-262.30493246176576
3.619302844720446e-6,224.7007749779124,3503.769549939755,-0.08111595956089522,-0.06338630223457141,2.5801623359547096e-6,365.25643784892316,3624.4087592779974,-0.049178661552553904,-0.04922756924760884,6.013591198162133e-7,751.1554730371126,946.1125840278784,-0.08430138014717187,-0.14540183070845722,0.00048747312472630116,4310.766468247494,1270.0013582149418,-0.0714870366300077,0.0988438443811242,-262.4798677418814
3.646796964787851e-6,224.7007750216395,3503.7695482238632,-0.07864085871856206,-0.06341661750533226,2.5919366390675112e-6,365.2564429625115,3624.408746752183,-0.04718555411526621,-0.049249725352495395,6.153031613433798e-7,752.666792319647,179.53945594513547,-0.0780116756177112,-0.14415801493430347,0.00048824043045523485,4309.434536352229,1259.8396817947657,-0.07422127974256919,0.09812050050943223,-262.64207418927464
3.6814362057825995e-6,224.70077505048835,3503.76954683367,-0.07567486222611836,-0.06338933531353041,2.60605612409907e-6,365.2564449905257,3624.408757041791,-0.04479750253469754,-0.04924270996803904,6.376827598743386e-7,754.1811523654532,163.36335893941768,-0.0707186493955823,-0.14353804536890796,0.0004899672766449125,4308.434086776051,1246.2074879723264,-0.07672885875457824,0.0967480324824531,-262.7957076731578
3.7212154405904283e-6,224.70077506459825,3503.769545781341,-0.07239108203580584,-0.06327011499611772,2.6217789463707786e-6,365.2564450136729,3624.408781410621,-0.04215286413390353,-0.04917965091837084,6.659041251526162e-7,755.698559292525,146.44501074176696,-0.06276245561805167,-0.14341722444271804,0.0004925551654513652,4307.64271651903,1229.8707232137133,-0.0789384392346443,0.09476082861661343,-262.95761633844427
3.7613748184439834e-6,224.70077506335414,3503.769545182608,-0.0692285056053696,-0.06303188462030865,2.6370555442890862e-6,365.2564438293711,3624.408813028123,-0.039600793537603096,-0.049037210630779454,6.925913432532183e-7,757.2190192311639,129.00188554348858,-0.05512365579151425,-0.14367589859089616,0.0004955449802593002,4306.817584155888,1213.620806198796,-0.08055179728908,0.0925709145762634,-263.153416494891
3.7895720831188516e-6,224.70077504288832,3503.7695454498426,-0.06733944949112274,-0.06269166490337037,2.6462903732385407e-6,365.25644204751603,3624.4088459616946,-0.03805881781094668,-0.04882047660239602,6.995625720326987e-7,758.7425383240072,111.73193761836838,-0.05055959893602045,-0.14432120109244534,0.0004974879963179694,4305.598342992242,1205.672748001674,-0.08073726389617794,0.09173281868584154,-263.41272925516694
3.6506690035631223e-6,224.7007749564489,3503.769547923739,-0.08150513372801924,-0.06256271328711319,2.5781693359840015e-6,365.2564401492863,3624.4088724441526,-0.04945288728611834,-0.04856669178818131,6.452487129270602e-7,760.2691227260509,-95.1575078091734,-0.06122104954424696,-0.12646637821156845,0.0004679279011486759,4302.623196139392,1287.3006921449721,-0.08073550850517466,0.1075575300058676,-263.691676141043
3.647328707010083e-6,224.70077492075413,3503.769550632063,-0.08277700845666083,-0.062179215334610044,2.5725133620882946e-6,365.2564395889637,3624.4088787442897,-0.050357543372529026,-0.04832351357641084,5.687104861995943e-7,761.7987786046743,647.6856685875127,-0.057000101875096604,-0.12203739663306859,0.0004704582026671715,4304.30445312759,1294.064180181765,-0.07394637454553195,0.1080254142088011,-264.0217679454371
3.632120618076217e-6,224.70077477342676,3503.7695650295896,-0.08478551105889015,-0.06158441661366383,2.5648039990590575e-6,365.2564382364005,3624.4088911477065,-0.05189632424694815,-0.048007551335648914,4.097326021794442e-7,763.3315121396658,121.01487214480773,-0.10547485305303245,-0.12601265330767428,0.00045703500715048377,4319.5589610738325,1316.0763470226589,-0.04697314793302666,0.12458344775285683,-264.22007490331026
3.5879441017981826e-6,224.70077473068866,3503.769567963179,-0.08899615920444397,-0.0619836297511825,2.545121548851979e-6,365.25644043611163,3624.408855990868,-0.05526940345312609,-0.04825865861340345,4.642956585156484e-7,764.8673295232481,121.95673985513024,-0.10691250371940904,-0.11841697293289166,0.000447523656346576,4324.980027430088,1327.19045370684,-0.042934071486293544,0.12627495481544823,-263.9935731883647
3.567458009282875e-6,224.70077472415664,3503.769567664136,-0.09065556493427597,-0.06261528955434943,2.5373144871763264e-6,365.2564433636768,3624.408812233113,-0.05660905476632744,-0.048671600809487,4.838236640689473e-7,766.4062369601004,111.92215903800043,-0.10569356118859821,-0.11543834886336692,0.0004426975234011598,4326.201319980289,1329.2904172046146,-0.04609426757251398,0.1262462572553067,-263.84200973394223
3.532377304417667e-6,224.70077495289232,3503.7695630712738,-0.08731195832556315,-0.06196527263043384,2.5535473743614555e-6,365.25644923425955,3624.4087245893897,-0.054000572314967125,-0.04803707639362272,4.724556602397179e-7,767.9482406673877,663.1464799713785,-0.04788400976294865,-0.1601187956771152,0.00045442883562242043,4325.3731414103295,1310.3059327033952,-0.04429684170289627,0.11195474385005394,-263.55532750867803
3.5492660727290444e-6,224.70077496646888,3503.769561751424,-0.08478361679146314,-0.06198357702704999,2.5646250675370176e-6,365.25645242137796,3624.4086795121834,-0.051981082782594897,-0.04796044139871285,5.688974621344631e-7,769.4933468747836,652.4032165031674,-0.046126058710469396,-0.15995306359720132,0.000460079341260186,4329.646333361642,1290.2129371572312,-0.04687778722469069,0.10759404684635622,-262.90667348651624
3.58714253033224e-6,224.70077495123712,3503.76956051217,-0.08103652467593528,-0.062026180444595666,2.58134110496472e-6,365.2564548127946,3624.4086462666537,-0.04895949791691117,-0.04791497527595703,6.552390774117281e-7,771.0415618244951,639.1256440498229,-0.03885145105550505,-0.16031452002505667,0.00046775716963758806,4335.262755850784,1261.8885886481041,-0.050650642893579824,0.10329088462017164,-262.23603348519015
3.6416233088842197e-6,224.70077490543872,3503.7695596101307,-0.0765141897760326,-0.062112998218362504,2.6018451308052474e-6,365.2564563796048,3624.4086249011157,-0.04529662378316163,-0.04792216413236741,7.292362164470148e-7,772.5928917712894,623.9042558441153,-0.027934516096627178,-0.16169468130709164,0.00047616348881339524,4342.2325363363625,1226.5830487250691,-0.05535863315243868,0.09933319938285576,-261.58005372260016
3.705131428594467e-6,224.70077483137496,3503.769559117744,-0.07189009849588629,-0.06226157038886362,2.62310400239172e-6,365.25645722357586,3624.408613993024,-0.04154289023234952,-0.047993518159259375,7.836764769990771e-7,774.147342982518,607.1320620666845,-0.015199700044427625,-0.16442488362240315,0.0004837485862275186,4349.889413533858,1187.9085023753423,-0.06105471647575436,0.096166536848787,-260.9813391654937
3.76527050833429e-6,224.700774732559,3503.7695591229094,-0.06819689347858783,-0.06248077175927516,2.6401544472948668e-6,365.25645753458093,3624.408611060169,-0.03853992659358739,-0.04812573441943993,8.115900472919684e-7,775.7049217381406,589.2199473391149,-0.003047116749085423,-0.16872561977545888,0.0004891463892258727,4356.985243141607,1153.4992489865717,-0.06753841331244566,0.09469130566813376,-260.49015012724277
3.80404806984054e-6,224.70077461087592,3503.7695598794676,-0.0669096544738243,-0.06278132683672853,2.6456243666775012e-6,365.25645755411324,3624.4086128894714,-0.03748275170145644,-0.04830852785263255,8.131293933152918e-7,777.2656343307542,570.5550528714379,0.005232807673968607,-0.17458835255283625,0.000491396271774728,4362.0191605312475,1135.672947485643,-0.07399826242838431,0.0965994210702996,-260.1560322558228
4.757681542164679e-6,224.70077612316143,3503.769508644906,0.00029475984422193966,-0.049210249589115955,3.0141000911069045e-6,365.25645778047755,3624.4085755537753,0.016924043385316678,-0.03860981455194531,1.3149907623018392e-6,778.8294870656158,783.0508553319314,0.1372331673800231,-0.08114607600078844,0.0005089508256964005,4312.781478088827,680.0923861804669,-0.08975559597688443,-0.02437048001456266,-258.98596154127887
4.779919105429379e-6,224.7007761299852,3503.769508036308,-0.0009879127132801763,-0.04899690078769137,3.0061490215933256e-6,365.256458064653,3624.408588075526,0.015949013739577796,-0.03851712003711079,1.4497020505578954e-6,780.3964862606687,768.2014406484419,0.13538522104814452,-0.0829993809320763,0.000511871913106293,4301.3601557766315,707.4871379768225,-0.08948719100087237,-0.02029139641198449,-257.9282000265851
4.775410714525153e-6,224.70077607537112,3503.769509545038,-0.003592094415638016,-0.04942047809319852,2.9905918816398693e-6,365.2564582863353,3624.408604348124,0.013894137804008142,-0.038898004640832304,1.5469785924743044e-6,781.9666382465672,753.025460863502,0.12985104503605285,-0.08568594676053638,0.0005121429560127023,4292.394747442901,736.8543276343948,-0.09031239377710785,-0.014566210232245224,-257.5242838093286
4.748160062020654e-6,224.7007759764763,3503.7695125269706,-0.007324564526208897,-0.05057397420129637,2.9686509640692755e-6,365.2564585417824,3624.4086186872037,0.010912554498434441,-0.03983200028419797,1.6156216041566916e-6,783.5399493667045,737.8759136948016,0.12163697832059449,-0.0893298232709639,0.0005076468565301965,4286.012686631321,768.3274194203906,-0.0932966339736139,-0.007418533079395133,-257.73498649100117
4.68738493723197e-6,224.7007758675899,3503.7695160164744,-0.012979420233459967,-0.05308074514516505,2.9358497363333557e-6,365.25645910194737,3624.4086241847085,0.006347027631790224,-0.041825155832704915,1.6613595119828425e-6,785.1164259772336,-61.39264482059617,0.10990419911833156,-0.09525462481918236,0.0004930818929555858,4279.686689662454,817.3078476533676,-0.10050068549633981,0.003341415145335752,-258.40956145019203
4.446890117751172e-6,224.7007758341779,3503.7695189888946,-0.031101795289875177,-0.06144602568336597,2.833996933081269e-6,365.2564614196733,3624.4085959859763,-0.008375704354589493,-0.04840683171170093,1.684535771091905e-6,786.6960744470987,717.2023104930736,0.07574279649052576,-0.11367897982457746,0.00043935790982383967,4261.858889851822,1009.1450579514553,-0.12142558262643714,0.04338739203253157,-259.3299380727543
4.015985137259578e-6,224.7007756667336,3503.769534373709,-0.07125875714440368,-0.05721410036279006,2.625681875328882e-6,365.2564686997499,3624.4085013623294,-0.04089526563591728,-0.04489312304356919,1.1856636806508939e-6,788.2789011580575,156.72955497038234,-0.023595025102862953,-0.17019739425544655,0.000429274968274289,4262.192141035412,1383.2092833671738,-0.080659513527123,0.13883872623949994,-259.13296182291356
4.144034752567041e-6,224.70077595837452,3503.769528551619,-0.0655357663002959,-0.05407760700602836,2.655255333173414e-6,365.25646867602967,3624.408508333424,-0.03619150884176655,-0.04240867759912774,1.4038917632749324e-6,789.8649125047075,132.26036551745304,0.005016751433656282,-0.1650243615987904,0.0004101443964261992,4251.037571311865,1392.9374602542246,-0.08490153489093716,0.14661787157685618,-258.72847737234093
4.245192173898766e-6,224.70077629989294,3503.769521534713,-0.062154719251938,-0.05057811351379309,2.673989400621011e-6,365.25646792310454,3624.4085204022977,-0.03337051416542576,-0.0395572749476327,1.6447399886776872e-6,791.4541148945126,110.48918275183281,0.025622340989219457,-0.1554734246776108,0.0003810295583702454,4238.4929767489275,1420.0520489664618,-0.09390588398435856,0.1611931112694183,-258.65866509006446
4.283151399932101e-6,224.70077664893665,3503.769514028438,-0.06207201671459802,-0.047462205893994525,2.676705330678465e-6,365.25646637131854,3624.408536842876,-0.03322838910322026,-0.036933659373114075,1.8401759385665934e-6,793.0465147478286,90.87863267100796,0.03525387543302334,-0.14572077054112495,0.0003489908086244194,4225.414623211712,1465.3366817041172,-0.1060580414452566,0.18105510357876303,-259.18515134980373
4.155464607302889e-6,224.70077816229133,3503.7694636699575,-0.018516181562758718,-0.006046858298326552,2.9251764352975454e-6,365.2564561973115,3624.408659056656,0.0007037764311259903,-0.0033329144630267647,2.5162894329722428e-6,794.6421184979272,262.7532171650642,0.1220251011443342,0.0011645897031755924,0.0008902199658408048,4182.713538620385,587.8045327048504,0.02581049922178837,-0.05745722586004026,-260.11021632647766
4.028936346094533e-6,224.70077795854687,3503.7694694391203,-0.017016913812137567,-0.008731818369637488,2.9335099397844907e-6,365.25645365033114,3624.4086923943473,0.0015517222900478388,-0.005628755167149728,2.747834240641439e-6,796.2409325910259,240.42336297994055,0.12780484569887784,-0.017523585622862672,0.0007555305351472877,4179.830729938703,575.0867450114881,0.020493208689275347,-0.06916789301427925,-258.7916572714981
3.1924819578581515e-6,224.70077971234448,3503.769435556142,0.0642482718833843,-0.013855836035296196,3.5101212364937144e-6,365.25644794321363,3624.4087474271155,0.06257740269120196,-0.009681448272092098,3.564664052603536e-6,797.842963486311,452.8908872754301,0.2943267454279269,-0.010344526675350421,0.0002491981462658702,4219.301322710362,1251.1514080234442,-0.17025358790166986,0.08061368705691353,-255.87108212918
2.950798436036193e-6,224.7007799867045,3503.7694349079075,0.07198735259551865,-0.0028551381009223257,3.575828136953964e-6,365.2564487761961,3624.4087369246126,0.06826318895955648,-0.0011048687321848299,3.887517656069958e-6,799.448217655965,438.39658653399795,0.31437664774841534,0.019339623233064315,0.00028211843001707364,4198.425581661031,1289.4496381574188,-0.10117324267666145,0.07017834604133245,-246.68208963763496
3.1229434436078655e-6,224.70077958736914,3503.769444917624,0.05546564324426556,-0.002905560690265594,3.4519940815795672e-6,365.2564519920203,3624.408690700224,0.05601018124777361,-0.0014216778844632024,3.812530802906141e-6,801.0567015851922,423.34451272845683,0.2870962720181814,0.017452999426393122,0.0003145537012374424,4173.375185491724,1263.3782577635775,-0.07866172474133716,0.05556479437127164,-245.32454855675823
3.5445494096037016e-6,224.7007779767006,3503.7694792950283,0.03578394638941458,-0.015837058113236456,3.299067792464522e-6,365.2564520244902,3624.4087038259636,0.04204294497390746,-0.011719210100227423,3.159692080069685e-6,802.6684217722458,406.3966349617329,0.2531330414171989,-0.0044923388950540875,0.0003112683569420823,4251.721509116558,912.1515728009344,-0.10603487320411074,-0.0046446398609318994,-248.6672190870688
3.928786857612106e-6,224.7007766711955,3503.769514312245,0.03181452542809584,-0.026242104356411822,3.247471172515202e-6,365.256453061598,3624.408716338342,0.040095054091293,-0.019881762741789426,2.5425007225662946e-6,804.2833847284511,387.27882271934095,0.24849632331144436,-0.00033536124345716464,0.0003419520219786966,4390.123086437584,422.9149072375638,-0.06929364335798015,-0.07875676243124258,-250.18539899130658
3.7788143249492063e-6,224.70077779285577,3503.7694690002722,-0.0008370241473237762,-0.0005637749213683989,3.0503536988763543e-6,365.2564478307756,3624.4087593075315,0.013906043750725815,0.0015585319460702668,3.008207909130751e-6,805.9015969782366,651.6219903786977,0.19289881431519926,0.004727284557076077,0.001280377922071747,4146.801892847242,656.2779973463034,0.05036509273713954,-0.03658143491009121,-251.0570012686462
4.254892978651769e-6,224.70077595671074,3503.769530449995,0.020929260525206113,-0.04065278255887434,3.156484352989728e-6,365.25645802324533,3624.4086571414487,0.03236190398756819,-0.03132285404863462,2.0672235404098514e-6,807.5230650591573,349.37485785587563,0.2294052864985763,-0.01911132263255199,0.000406212439455375,4411.783189080199,387.8108904598663,-0.053272980699806204,-0.07372784001004902,-253.0013749905754
4.357559373790969e-6,224.7007757043021,3503.769535060684,0.015195057852538316,-0.04732640080716791,3.114017009063958e-6,365.2564593199683,3624.408639116944,0.02804966078714707,-0.03662141475497617,1.8942522645986758e-6,809.147795521921,329.5293216191358,0.2173198949002947,-0.030868319704920735,0.0004201301830744849,4402.226598032014,442.4609146420807,-0.059015758984801485,-0.06450497478620018,-254.64424883565295
4.432355720276732e-6,224.70077553636347,3503.769537554439,0.009774267314461365,-0.052513929731566336,3.0760319945560188e-6,365.2564599590843,3624.4086290037703,0.023909414106494324,-0.04072379645263995,1.7588628936450126e-6,810.7757949304173,309.44261932617263,0.2041510446965601,-0.040291480534814,0.00042861371221657337,4388.744430708552,505.586539001688,-0.065780036787236,-0.05489818479053187,-256.25876511795974
4.459106628109108e-6,224.70077622784305,3503.7695065071625,0.001304875282062496,-0.04799836876144162,3.0356528664599384e-6,365.256460290449,3624.4085862873994,0.01723591534664136,-0.03664741734753588,1.7875327374944632e-6,812.4070698617389,576.5830519496785,0.13000013580945957,-0.12801020925520007,0.0004931520207762933,4204.208008044811,800.1302948964694,-0.05802328842043624,-0.06103420774588885,-258.1011523585585
4.5859678110594575e-6,224.7007758077024,3503.769523029484,0.002133975621221374,-0.05260606921610051,3.026326971372489e-6,365.25645827974085,3624.408635368831,0.01835550136665695,-0.04053149123110135,5.425446201527742e-7,814.0416269062146,781.9000125494915,0.36250160667300796,-0.2783803858640476,0.000450045650010871,4317.001924771245,643.0810239802844,-0.07357189353096998,-0.051143557984713275,-258.85369855621883
4.623861192146348e-6,224.70077587759351,3503.769520803817,0.0004879872976781648,-0.05310360767206499,3.015456043720858e-6,365.256458959934,3624.408625378922,0.017251276400978566,-0.04082111325462666,4.224195759643615e-7,815.6794726674319,753.7494456051178,0.4489063781783961,-0.3062601954955382,0.00044886279914600687,4314.887484679845,668.8015319767628,-0.0777126106607283,-0.04601751342670486,-259.6237519952122
4.656082478129135e-6,224.70077597899981,3503.7695176681987,-0.0010134722135099479,-0.05311749679316952,3.005499943125869e-6,365.2564595754591,3624.4086143096456,0.016235889357498458,-0.04075464639428407,2.6652284321696153e-7,817.3206137622648,715.2174009295643,0.665675755552182,-0.36910068317224914,0.00044767466392056366,4310.447770341381,691.7800331298682,-0.08110508537424377,-0.04218004211281232,-260.613998678981
4.683572750665477e-6,224.70077611131492,3503.769513536328,-0.002276759247523641,-0.05279252909290958,2.9971671951845524e-6,365.25646008628564,3624.408602090079,0.015358213681654576,-0.040458108070592476,6.15940200774784e-8,818.9650568209,616.2506674019876,2.6041437992525553,-0.6323007333230173,0.0004458831422376575,4301.925171486591,715.0257764261075,-0.08426182731453853,-0.03978949661389966,-261.70372814473757
3.7427150907322194e-6,224.70077559748427,3503.7695379692823,-0.0756742178021902,-0.06503887217583743,2.610093762260778e-6,365.25645832904934,3624.4086196254993,-0.044156135215718706,-0.04980596803587356,1.577017830635944e-6,820.6128084868653,525.8246593576952,-0.024539538312911637,-0.10969967797910905,0.0004131897880726088,4276.70305952225,1330.6641913354713,-0.07628808027221184,0.09949829324498856,-262.73262111542715
3.7610220216303037e-6,224.70077566120347,3503.769535418212,-0.07478490785041109,-0.06422115485097445,2.614230635382351e-6,365.25645775570115,3624.4086260231625,-0.04345162994959903,-0.049233788629350725,1.3357586081059225e-6,822.2638754170529,507.50887032784163,-0.03112258717924992,-0.10770316109155,0.00041599455661804895,4273.186574104289,1333.9384065553404,-0.07759618245199294,0.10047298495502237,-263.62182723419636
3.7720436961383736e-6,224.70077573633242,3503.769532569895,-0.07396274116222,-0.06349519724645705,2.6183140559338697e-6,365.25645691161367,3624.4086359759854,-0.04285361708194734,-0.04874617453559334,1.0563202790603133e-6,823.9182642817505,487.50208126935195,-0.04241630770332418,-0.10759984256468107,0.0004196304835082723,4266.424008975142,1343.1324482099142,-0.0782248256225072,0.10152483311894449,-264.39545706187306
3.774569950904521e-6,224.70077581086989,3503.7695298805143,-0.07340936005403613,-0.06294146671958442,2.6213517748060414e-6,365.25645587695874,3624.4086486262686,-0.04251139434555535,-0.04838983484020214,7.588135619923085e-7,825.5759817646659,463.30649459411626,-0.06315982527497013,-0.11293898896872041,0.00042357917391528955,4257.81803960659,1356.6644094440999,-0.0781883706719583,0.10274366172838197,-264.9983498837722
4.796845227311309e-6,224.70077653785418,3503.7695004683846,0.0009543743644363041,-0.04912473295697271,3.0213131341295886e-6,365.25645520118695,3624.408649267482,0.01779272417336358,-0.037856028601241175,8.467187133311492e-7,827.2370345629547,1379.1681338907943,0.05161212485695386,0.012997510692595693,0.0004546347303500698,4255.276378487359,788.23927515855,-0.08849500435462453,-0.03163378156590983,-264.0467336039378
4.815491447921078e-6,224.70077659865348,3503.769498692756,0.0025022942328039874,-0.04852913720130158,3.033282547973856e-6,365.25645382155926,3624.4086645041575,0.018966514402025875,-0.03741720903623949,1.0730948255423574e-6,828.9014293872466,540.8130920697528,0.0896245644901002,-0.005059608314679806,0.0004561426260491189,4242.424185409198,806.2010790593108,-0.08828946202425318,-0.03050052510422595,-263.6064195531126
4.831824808209106e-6,224.70077665980423,3503.7694971623737,0.0038227345269979413,-0.04802457118754125,3.0444183006263706e-6,365.2564527247706,3624.4086756459847,0.01997283363217751,-0.0370416898427409,1.2884816972470285e-6,830.5691729616744,525.4645965898811,0.1074341434781761,-0.020843036607230185,0.00045637641314745763,4230.174589386346,823.5154939193517,-0.08806677651674669,-0.029447194457825412,-262.91074257623666
4.846875726687175e-6,224.70077672600883,3503.769495759973,0.0048742369179258374,-0.04754077984371391,3.054214942958491e-6,365.2564519377442,3624.408682552892,0.020792602103982934,-0.03669210995588927,1.4841930191710444e-6,832.2402720238969,509.53130905009806,0.11621533001669046,-0.03156817941078232,0.00045654977753472594,4219.007324471387,839.3378638767443,-0.08728717719968887,-0.028474161115394976,-262.0709515341893
4.85830710849657e-6,224.70077679594792,3503.7694945142985,0.00553685241643002,-0.04710086466029225,3.0616252711871396e-6,365.2564514643861,3624.4086855918117,0.021336581248207625,-0.036399247737914246,1.6589282886040158e-6,833.9147333251317,493.51144595153295,0.11979907539893078,-0.03876304848577321,0.0004577835101388261,4209.25817912745,853.8218094096352,-0.08550928611241818,-0.02742130435263997,-261.21788912834825
4.8604265960095744e-6,224.70077686733754,3503.7694934460433,0.005601990067247147,-0.04678369444933441,3.064993411494064e-6,365.25645133734196,3624.4086846890987,0.021437531842211022,-0.03622708115376323,1.8087573371952198e-6,835.592563630179,477.13764728944057,0.11933109569643967,-0.044169572651952226,0.00046074774676970246,4200.774936791213,868.3019564202001,-0.08255184488751166,-0.026104995266315555,-260.49112671771127
4.845966303088898e-6,224.70077694233663,3503.7694924257644,0.00484157061301708,-0.04663218477965102,3.0625909492162676e-6,365.2564516150534,3624.4086792109133,0.020901409271536803,-0.036204421470514433,1.92470411300204e-6,837.2737697174497,460.0228089708096,0.11497413365844032,-0.04928102307456,0.0004656511932926879,4192.737005103878,884.8699649233108,-0.07849653773539036,-0.024499671882419426,-260.0129005423952
4.809916721528594e-6,224.7007770302332,3503.7694911326025,0.0031662702891575877,-0.046606099285267065,3.0538164490493165e-6,365.25645234831694,3624.408668460346,0.01963087087634875,-0.03629366419685574,1.9994064782955563e-6,838.9583583789926,441.91465838422806,0.10697810524985371,-0.055349214202093405,0.0004720815220953189,4183.713950535181,906.2085718639013,-0.07371646842177437,-0.02271325627700292,-259.836578076254
4.753310260095825e-6,224.70077713755543,3503.769489339188,0.0007460984928512233,-0.04662163130302016,3.0400167717967222e-6,365.2564534978789,3624.4086530371314,0.0177289489141554,-0.03642059652056985,2.036017154356041e-6,840.6463364205232,422.79714375976965,0.09654649160688253,-0.06324529541149744,0.0004789746745253902,4172.706134097181,933.7374911985489,-0.06885182209444565,-0.02090211567996615,-259.9137492212956
4.683589839399609e-6,224.70077726018155,3503.7694871106137,-0.0020472693974822997,-0.04665854296001883,3.023885459210584e-6,365.2564549090721,3624.408635200888,0.015469013057443281,-0.036559375751268795,2.0479351204019775e-6,842.3377106614474,402.9556951370235,0.08574857812322884,-0.07318212221696055,0.0004845708164139588,4160.023080658093,966.1753058595367,-0.0647836909513253,-0.019202846335281402,-260.13928520797754
4.610512081355389e-6,224.70077738264007,3503.7694847906123,-0.004850407315277967,-0.04679662807923901,3.007779465229002e-6,365.2564563481223,3624.4086182653755,0.013138098075858948,-0.036766412496731134,2.046437615759269e-6,844.0324879348943,382.9110268776822,0.07632449412882786,-0.08460060403708654,0.0004871159425638522,4147.334854531923,999.5983116251524,-0.06233894840978971,-0.017725146853818215,-260.4395353566797
4.541036524520947e-6,224.7007774852274,3503.769482816511,-0.007517012905043527,-0.047207619568078514,2.9923255264352303e-6,365.25645758528003,3624.4086054074296,0.010864337492873246,-0.03718159914268327,2.0254119446952114e-6,845.7306750877401,363.38558797625996,0.0682387213924929,-0.0964275592064592,0.0004853468385662437,4136.762642843248,1030.2701493417705,-0.06217727558324379,-0.016357717949189693,-260.8178354104522
4.4766997723756924e-6,224.700777542951,3503.7694817576157,-0.010240744651927092,-0.04827229921765809,2.975724581951962e-6,365.25645844429596,3624.4085991976985,0.00850229651098871,-0.03812183228529707,1.943832813555757e-6,847.4322789806373,345.672211900507,0.058266352440134624,-0.10720248814878751,0.0004771973701422467,4130.745291642507,1057.19252732805,-0.06550663199436235,-0.014278375957831473,-261.33518490848735
4.402546485488943e-6,224.7007775187445,3503.7694825626545,-0.014361285517472067,-0.05114664197972441,2.949165296870076e-6,365.2564589850705,3624.408598981042,0.004967546643921093,-0.04051711815836903,1.7135833206132297e-6,849.1373064880415,333.8323378520656,0.03590347197584381,-0.11340322403839796,0.00045578092054901704,4132.228270475514,1091.1157151916068,-0.0762210491357897,-0.007715592147582093,-262.010657218612
3.629752532004677e-6,224.70077740846494,3503.7694875640054,-0.08409299160204158,-0.06352698961427905,2.578049421718022e-6,365.2564627163086,3624.4085430482896,-0.051297611919323555,-0.049958533979256786,2.1422166276353944e-7,850.8457644982409,710.6226045123612,0.5267682997117475,0.7332986004529726,0.00035486168348696385,4135.661554253594,1625.7576325595267,-0.10141587450963062,0.1281065670926591,-262.28003960783593
3.5459099259066443e-6,224.70077741159176,3503.7694871979393,-0.09184361098476718,-0.06375732049546043,2.5434328470346533e-6,365.2564618864127,3624.4085595066545,-0.057420389584951964,-0.05006086359227463,3.8703450041190483e-7,852.55765991338,592.5867134803974,0.2613465278773631,0.36030269820113237,0.00033642828191615996,4138.732568344547,1661.8203241896451,-0.11075596184257128,0.1446262549179327,-262.42580238957936
3.7838837950096635e-6,224.70077708511613,3503.769495770686,-0.06406259386718366,-0.06582236084537427,2.676117666131279e-6,365.25646110068055,3624.408580442506,-0.03541387445868888,-0.051822287402781476,1.4549804854501458e-6,854.2729996494933,392.88829408200183,-0.01173041308668252,-0.0275126859003244,0.00035899398647037175,4155.540559815225,1460.4698370152596,-0.11648498686780052,0.09666003341144773,-262.2902044629336
3.907959869652602e-6,224.70077698758888,3503.769497931942,-0.05108706361113796,-0.065031615270553,2.742358836514813e-6,365.25646124189063,3624.408583952954,-0.025155437453163423,-0.05108315408546769,1.8475975378452647e-6,855.991790636529,372.6631166974509,0.03457482911092428,-0.044553793787026896,0.00036225191336297223,4161.246703296453,1352.7094409705705,-0.12255435258916254,0.07151646514699705,-261.836727090587
3.943526151918074e-6,224.7007769691028,3503.769498083927,-0.04685857676946596,-0.06455602243587737,2.765281111223973e-6,365.2564617269257,3624.40857911869,-0.02189679339652587,-0.0504770056496591,2.12764685273503e-6,857.7140398183788,355.1248108695603,0.04852574886046882,-0.05250413597914359,0.00035482734701853673,4162.640100628755,1314.4953431601616,-0.1298014942643867,0.06317690089527227,-261.20226907180347
3.948663920728328e-6,224.70077699661624,3503.76949700403,-0.04579428356990866,-0.06448837029699729,2.7714019553860906e-6,365.2564621479435,3624.408573740653,-0.021168662095946103,-0.05016314862682875,2.3401771836338186e-6,859.4397541529058,338.2580267891799,0.05103834327980019,-0.05706419926964393,0.0003417058630324777,4162.390696301212,1305.160911125475,-0.1401196260549052,0.06215001708667417,-260.5403493827942
3.947148125156493e-6,224.70077704926388,3503.769495200474,-0.04568133387509304,-0.06461504190977803,2.7717834991341834e-6,365.25646233702037,3624.4085709793544,-0.02120398901780304,-0.04999649716022967,2.5161919879499555e-6,861.1689406119702,321.21596815885164,0.049690859075703336,-0.06039920511447566,0.0003258092057541395,4161.961599984797,1305.6879450841934,-0.1534875869031281,0.06417629510351873,-259.9152849550429
3.947233181684035e-6,224.70077711471572,3503.7694930351263,-0.04574281093293149,-0.06480574053474887,2.770111776589556e-6,365.25646225530056,3624.408571602645,-0.02139591896264556,-0.04988456210777917,2.6722403351617374e-6,862.9016061814618,303.5000794081907,0.047013047991067126,-0.0637224122955953,0.00030910217289814064,4162.0319979963815,1309.953675664858,-0.16917357171947503,0.06790614074470326,-259.3481698885792
3.954410022947302e-6,224.7007771871002,3503.7694907428063,-0.04547587278023226,-0.06492489130003036,2.768514748078435e-6,365.2564619140453,3624.4085755117057,-0.021366261794001012,-0.04973106219360458,2.8162946495086327e-6,864.6377578613252,284.6442043050636,0.04415031730202399,-0.06784347424657093,0.00029343063748343655,4162.755082696488,1316.0780086305992,-0.18565133552976107,0.07274054114563337,-258.83995002067303
3.914519657249347e-6,224.70077709017843,3503.7694934215956,-0.05090142406268082,-0.06092652795906858,2.745184805420559e-6,365.2564600838821,3624.408606215642,-0.02475758260443079,-0.045557601091426814,5.8642880075046754e-8,866.3774026655888,1480.309290859389,4.791570145116361,2.3452266839850857,0.00029387902387815855,4164.679643549387,1231.2340149502832,-0.19436902616292026,0.055858019855317805,-258.11922462731224
3.96365318176863e-6,224.70077731187223,3503.769488515001,-0.04934188765500902,-0.05872226906788619,2.7420896492891813e-6,365.2564611404256,3624.408585654564,-0.02401665144316304,-0.04331862672101311,3.308876149782377e-7,868.120547622393,970.9155026408489,0.8168374261766355,0.6243514941541398,0.00028917039854814007,4144.931912709595,1253.89986994549,-0.19861170552124888,0.050798034541057135,-257.17092387325823
4.006820670425318e-6,224.70077755170578,3503.7694834801837,-0.048569227680389335,-0.05650017060149145,2.7333652661024837e-6,365.25646187410194,3624.4085704693543,-0.023922551068030963,-0.04117163643747579,5.707790085892608e-7,869.86719977402,890.3764053262818,0.44070091057022803,0.4425670197322931,0.0002891613416698138,4122.745261376056,1297.5184427344914,-0.19716170729205704,0.05013918427159546,-256.258708039796
4.061944635246423e-6,224.70077786112802,3503.769477360528,-0.04890600164485598,-0.05460587591766257,2.7151729262558214e-6,365.25646255411885,3624.408552476573,-0.024991040464006745,-0.039390740749582404,3.376172237375991e-9,871.6173661769183,27826.613671068917,-64.9023909061403,97.84988590342923,0.00029005602026697805,4098.128177638622,1405.0791433784202,-0.18951388732491714,0.06803602389194291,-255.18370003551834
4.128375902104651e-6,224.70077806432386,3503.7694731286338,-0.04837225098218968,-0.05525678220072489,2.697308745122768e-6,365.2564620179098,3624.4085567032485,-0.025296644598362214,-0.039766233275770335,1.1535070411934758e-9,873.3710539017362,49927.493167281624,-331.33261716146615,177.3258022676431,0.00026298026099509566,4091.284562175487,1466.5775434064542,-0.2163710876825635,0.08790786229939371,-253.42037985699326
4.1631444397165305e-6,224.70077823927096,3503.7694694171378,-0.04849360850031903,-0.05601232699406646,2.6819687908965378e-6,365.25646098435,3624.408568948214,-0.025858392014253134,-0.040193788729304555,8.197616595787166e-10,875.1282700333477,52167.501880854776,-547.1495241871277,185.1133990094198,0.0002330359400328563,4086.971655869363,1491.8369693555762,-0.26028788799116065,0.10190580104102051,-251.4770641577537
4.2240356627035715e-6,224.7007784358518,3503.769464417025,-0.045818388436961933,-0.05741870927297519,2.683645100436666e-6,365.25645926532115,3624.4085893264673,-0.02403276753473415,-0.04120209380449028,8.894187336360324e-10,876.8890216708812,837.7609519198576,-572.0304047110022,0.9670459371838258,0.0001949710239219979,4089.9494679980476,1537.7322065213002,-0.3344647244455248,0.1344031635938759,-249.98239920499282
4.221472535545222e-6,224.700778567885,3503.769461101285,-0.04582398612150887,-0.05842342773471421,2.6812252525787916e-6,365.25645814242097,3624.4086017895843,-0.024072315979194264,-0.04186851975549718,6.376513378045141e-10,878.6533159277487,827.2202522493848,-827.7905474256634,0.984680522356309,0.000173296588141597,4089.8314003506484,1539.8819815411111,-0.3999551711562734,0.14643142900963002,-249.2551765060153
4.195756945097002e-6,224.70077862848086,3503.7694592084817,-0.046356004124894566,-0.05955223476523713,2.6818677537432485e-6,365.2564572477905,3624.4086116650556,-0.024374445342969658,-0.04273900587863392,3.6840685005088097e-10,880.421159931675,434.55062192813375,-1444.116663579146,-0.3642309751833026,0.00016096080708285384,4093.8584306032785,1534.508016894107,-0.44881001930374015,0.1547564643450068,-249.62326697725206
4.145873560499217e-6,224.70077857722634,3503.7694599016154,-0.047811458501812946,-0.06059788459232841,2.6826529933316827e-6,365.2564565726502,3624.4086197114448,-0.025304230376101723,-0.043706995156346844,6.347261129357058e-10,882.1925608247233,665.0468477818803,-820.5227238926298,0.5108266309243075,0.0001608318556209549,4102.50612930433,1513.1286900812001,-0.45706275630647536,0.1535631407088932,-251.03972735136378
4.079502148754841e-6,224.70077838899078,3503.769463965291,-0.050049024210294044,-0.061433082778320595,2.6828680958694947e-6,365.25645603679817,3624.4086269091717,-0.026789283900080615,-0.044712821725580186,6.908320550195158e-10,883.9675257633291,538.3188279538825,-713.1616978502714,0.11538946271935736,0.0001740754863608989,4116.012732468742,1473.0649695716663,-0.4187494098238497,0.1416755358950614,-253.27190340091687
4.0064749480516324e-6,224.70077806503215,3503.769471494859,-0.052774117221551384,-0.06205795540183719,2.6821433610842537e-6,365.25645560794766,3624.4086331194635,-0.02861339144159679,-0.0457352794776594,1.0167978467870712e-9,885.7460619183261,698.8928321887265,-439.2492819598653,0.743992921566266,0.00020015847767368634,4133.887871577128,1423.9362135351591,-0.35151564614682823,0.1250366756469452,-255.9616299827664
3.932349834921218e-6,224.70077763961868,3503.7694817545344,-0.056059539371196294,-0.06260790867986236,2.6779567572740242e-6,365.2564552708783,3624.4086380596004,-0.03084548508482672,-0.04678696254799397,1.0927636664633079e-9,887.5281764749751,699.6011610796144,-352.81616145522685,0.8083969172938811,0.00023626374204650715,4154.767351149977,1384.0641489590353,-0.2793969509993299,0.1123494136262204,-258.6883956393366
3.5711296245476503e-6,224.70077733601667,3503.769488209261,-0.08746123611790245,-0.06097110211197685,2.5651286980137104e-6,365.2564551031562,3624.4086390612765,-0.05421533464261291,-0.04604716490698199,4.1299811676129345e-6,889.3138766329942,963.5444395089861,-0.01109359889134619,-0.056171976649169085,0.00022704522332108666,4189.612926439123,1621.8469831153532,-0.25368209721128876,0.21401621852706232,-260.74726026798197
3.5341397971589568e-6,224.70077690910594,3503.7695001791353,-0.09216921166816434,-0.059429637847670164,2.5421087364460163e-6,365.25645430013424,3624.408652717784,-0.05783987516931819,-0.04508394326914889,3.825399967559258e-6,891.1031696065876,949.2072820630946,-0.013479630300774467,-0.05410187272302255,0.00026363421011760057,4209.879741220301,1582.4099936594248,-0.19517075177900137,0.19417453594365564,-261.63049676468387
3.5076120668309406e-6,224.70077651994092,3503.7695113255504,-0.09594282739535992,-0.05811587596856897,2.523065729721401e-6,365.25645347961625,3624.4086675362387,-0.06075441521274081,-0.04427065965726184,3.503302178732732e-6,892.896062624472,934.3545233086313,-0.015279028961342287,-0.052106667141662476,0.00029614904201554084,4229.0480747323545,1551.7734223331186,-0.15474464094165835,0.18073600711000415,-262.41460255521315
3.4923635723444966e-6,224.7007762113588,3503.769520340414,-0.09860472571076861,-0.057155713954376505,2.509053061466714e-6,365.2564528060581,3624.4086802544502,-0.06281746861031694,-0.04370328931643117,3.2010428925998146e-6,894.6925629299111,918.6351707025835,-0.01671980954085868,-0.05005756493455868,0.0003212718671812771,4244.689166775828,1527.8331047386173,-0.1291409121041938,0.17173282176719123,-263.0813039937205
3.4850170229757144e-6,224.70077598132087,3503.769527107155,-0.10050351889281145,-0.056604926070417366,2.498631414150233e-6,365.25645229436475,3624.4086900203797,-0.06429522468090655,-0.04342577723559917,2.9270580745935444e-6,896.4926777807408,901.7667048603347,-0.018444049072698913,-0.047800080719299094,0.00033901477061542526,4256.445668650334,1509.1842468878936,-0.11358132851021673,0.16571104025133815,-263.6370974444819
3.481799921656565e-6,224.7007758184197,3503.7695318027218,-0.10218121993278485,-0.05650077464476692,2.4894356488369676e-6,365.25645190816863,3624.408696816601,-0.06561005772138416,-0.04346533137139395,2.6886408237139407e-6,898.2964144493998,882.7080705213289,-0.021555407020411307,-0.0454124601746007,0.00034941103388095603,4264.364905294915,1495.4539509146125,-0.1055284047792317,0.16211852743031213,-264.0877045125764
3.478184386096036e-6,224.7007757189795,3503.769534316393,-0.10468192544771561,-0.05706372128756928,2.4768395191448435e-6,365.25645161708485,3624.408700017747,-0.06758913102485106,-0.04398705870846706,2.5231583185130686e-6,900.1037802229589,857.186976260182,-0.028561847618934093,-0.044755596373597155,0.0003502606792159632,4267.470462814558,1488.1677899919987,-0.10558761515921476,0.1614385919777529,-264.42335778207047
3.47438369328004e-6,224.70077569546643,3503.769534099867,-0.10810105452660852,-0.058747190885414566,2.4605283175598677e-6,365.25645152165515,3624.408697620915,-0.0703068707861492,-0.04533920333877539,2.5497169609748765e-6,901.9147824031513,820.7028481808966,-0.03854991746326658,-0.05163507220351894,0.0003426859061512883,4264.197169549043,1488.2840750004978,-0.1131925554073784,0.16277464155347482,-264.5879696018052
3.4765862532297415e-6,224.70077571338894,3503.769532862191,-0.10989420615010238,-0.06038379456129761,2.4517279298864184e-6,365.25645162643593,3624.408693114133,-0.07172247075548595,-0.0466260714869503,2.788127950113029e-6,903.7294283063989,787.2139239535542,-0.04336152756595303,-0.060864295430999346,0.00033863770167183547,4260.185967927646,1490.2494471656198,-0.1178851365084321,0.16297106253887164,-264.54102505611445
3.486064822575722e-6,224.70077573663016,3503.769531870583,-0.11017103970653408,-0.061455920670234705,2.4494567178321802e-6,365.2564517501111,3624.408689888599,-0.07192163820366697,-0.04746214578079239,3.1638821414163965e-6,905.547725263846,759.9635734935157,-0.04568944460487385,-0.06776157323000516,0.000338773660556051,4258.0983633380865,1491.0169462497847,-0.11851125486688266,0.1621970812782948,-264.3247586849131
3.508664977501049e-6,224.70077575472524,3503.769531381429,-0.1085419460697574,-0.062059706803026665,2.4549312488442503e-6,365.2564518115497,3624.4086890424214,-0.07060193825539451,-0.047940961634895134,3.624135079450039e-6,907.3696806213874,736.3309985651197,-0.04941075506142326,-0.07305418412238536,0.0003433784277390936,4258.2336274347135,1486.7580189664277,-0.11545801648341551,0.15959570827336458,-263.98309430100574
3.5490182208730757e-6,224.70077576334504,3503.769531622265,-0.10446778299146554,-0.06208209520671538,2.4697855813248276e-6,365.25645174026494,3624.408692085891,-0.06734020297401724,-0.04798399390359854,4.127804840098102e-6,909.1953017396967,715.7202957726489,-0.06170939909959226,-0.07781450876850982,0.00035383120072029806,4260.928633775928,1474.8635811134554,-0.1083153598390377,0.15439001365761448,-263.5449113321309
3.6858526346241816e-6,224.70077573143175,3503.7695339593565,-0.08686879392861233,-0.058926629126825884,2.534363168650192e-6,365.2564511197311,3624.4086824733686,-0.053363304324120994,-0.04561942839175103,5.160225177335918e-6,911.0245959942586,854.2957545860988,0.04652399058494914,0.06978274422592735,0.00038757049316057743,4277.233215150879,1412.564185660254,-0.08909058904379899,0.1367563532428371,-262.89551626799584
3.728155877352957e-6,224.7007755329325,3503.769542681707,-0.09056312564361564,-0.06308270931955351,2.4967347253236736e-6,365.2564515308267,3624.4086656547142,-0.056352716792033665,-0.04895663091311982,7.059338880963e-6,912.8575707753945,844.7217286157613,-0.0344169533350364,0.17231583242511178,0.00041718210094868175,4275.976284966413,1409.4826509770662,-0.07367398833050284,0.12669961880395525,-261.04139077517783
3.712301359089763e-6,224.70077531046883,3503.769548955863,-0.09105814188610932,-0.06174088128220677,2.5076453970050023e-6,365.25645321304773,3624.4086724022945,-0.05693934700430452,-0.04812432002228752,5.568577250183582e-6,914.6942334882976,824.811822481946,0.05631633377144714,0.04321675194448982,0.0004708695156289758,4269.538402984584,1408.6906716652131,-0.049800010335237725,0.11174934923917458,-262.92763936718245
3.7177202255471413e-6,224.70077534518813,3503.769545528069,-0.0907625598335718,-0.06156940605573458,2.512656465339097e-6,365.25645358240905,3624.4086708424024,-0.05665587419569842,-0.04792335101721608,4.954102058088237e-6,916.5345915530595,801.3882785038812,0.021920523095099887,-0.057233377639184936,0.0004394469748202761,4262.98855917667,1394.8297138816652,-0.06737472410915972,0.11374474035482103,-263.61027228648516
3.683630116891757e-6,224.7007754085432,3503.7695426342602,-0.09505108040934981,-0.0611456360337743,2.496107837410225e-6,365.25645370132827,3624.4086672752537,-0.06001787358963521,-0.04749261222790674,4.46653713223716e-6,918.3786524047009,785.9910204010329,0.00010257582776017281,-0.07330393060876012,0.00041414347134933175,4257.297642538958,1406.648115769794,-0.08052411365916834,0.12002828103176238,-263.89029236996265
3.6509696702696993e-6,224.70077546647983,3503.769540277363,-0.09885051109384216,-0.06054380368520595,2.4817933362466836e-6,365.25645363850566,3624.4086672944873,-0.06299261927987747,-0.04694707791286332,4.027533167948967e-6,920.2264234932018,768.9428119770536,-0.012338901844527005,-0.07882679081164215,0.00039416034031668727,4254.3359735641,1416.5489362212547,-0.0917704376520091,0.1261428775425585,-264.102898811242
3.6246256539446067e-6,224.70077553671516,3503.769537718519,-0.10184787860020164,-0.0597462015688758,2.470839380003837e-6,365.2564533665726,3624.4086711165864,-0.0653236249693989,-0.04626151166164161,3.6556660625036364e-6,922.0779122835323,748.0397988374233,-0.020759315238803283,-0.08301345555616202,0.0003744209551139879,4253.61516268958,1423.077695769908,-0.10398479716157928,0.13280669296176725,-264.2087077494736
3.6038377827877434e-6,224.70077565458098,3503.769533905474,-0.1043512193387465,-0.05862041116717002,2.4618114858512054e-6,365.25645289806664,3624.4086784217498,-0.06724718551196772,-0.04531171775755328,3.389245493896985e-6,923.9331262556793,720.6034652743106,-0.02535779011670326,-0.08885894692266183,0.0003500877627099108,4254.303146843656,1430.071934723101,-0.12062380028552185,0.1421376025820647,-264.11360378775987
3.5882014737237155e-6,224.70077589330697,3503.7695267669574,-0.10669329083746729,-0.057044651208161434,2.453114776532959e-6,365.25645248126665,3624.4086852445007,-0.06902081146602045,-0.04396543909796355,3.343239699121052e-6,925.7920729046822,684.7539619506251,-0.02276507894122536,-0.09732924831801003,0.00031460971788857474,4253.303779027605,1447.3879753045237,-0.1490533997278097,0.1582364027847031,-263.667756928127
3.5880558838681395e-6,224.700776361201,3503.7695133281845,-0.10871957756742605,-0.05533383268216239,2.444411670228538e-6,365.2564529264571,3624.408678031637,-0.07056288510489857,-0.04244578911428416,3.7320724857094293e-6,927.6547597406592,649.4590621002899,-0.014374952241221392,-0.10454549146503372,0.0002607037907658648,4241.561332347644,1479.253852013194,-0.2109708285193962,0.18344758985641815,-262.7035512215475
3.6173969733482138e-6,224.70077708365923,3503.7694938023446,-0.10998540890349645,-0.05349270554347089,2.436110184386883e-6,365.25645433431305,3624.4086577389194,-0.07159714357740735,-0.04080087007743615,4.584143429109136e-6,929.5211942888391,621.4012837159239,-0.007848966103327484,-0.10656101838076106,0.00018866773898283416,4219.024168564234,1511.048160784587,-0.35706994223089,0.2188293824293146,-261.08087852419
3.673703005329062e-6,224.70077766428395,3503.76947900578,-0.10985369239467248,-0.05200893395514167,2.4302477255224714e-6,365.25645522947224,3624.40865011077,-0.07155907907814703,-0.03945478959705255,5.605482646338829e-6,931.3913840895912,598.2260517138147,-0.00439050646665749,-0.10203818284242441,0.00013212226356655132,4205.224355685649,1554.413269116636,-0.5805375578069626,0.2674206890053093,-258.8071686707002
3.7452826722758623e-6,224.7007780110927,3503.769470348401,-0.10781655628013632,-0.05156943196513789,2.431616239064388e-6,365.2564555624176,3624.408653232072,-0.06999584409776564,-0.038924654856780976,6.476730317506659e-6,933.265336698457,577.1651364733406,-0.0014539156120664525,-0.09781603068432279,9.623720450016664e-5,4198.966160925493,1642.716976987664,-0.8513479027132638,0.33999813851222943,-256.19202403813625
3.819248453375376e-6,224.70077821158765,3503.7694653979174,-0.10472266909707596,-0.05182371271890326,2.4384193407992184e-6,365.2564557251958,3624.40866008373,-0.06760114012719813,-0.03895140969876379,7.099380890052569e-6,935.1430596861767,557.3369103210423,0.0018353243072712461,-0.09571454282725031,7.326755472210648e-5,4195.263719698533,1770.7609404098575,-1.1598840264707118,0.43576774915096245,-253.6847382479034
3.8792380165018136e-6,224.7007782628464,3503.769464282697,-0.10180888662044317,-0.0522961373990513,2.446594535620989e-6,365.2564558583079,3624.4086681000485,-0.06536188770839972,-0.03921367455681792,7.402491143238514e-6,937.024560638726,539.1507518137254,0.0047215117528271325,-0.09508096320022774,6.472421667191343e-5,4193.649812839505,1840.1463720359377,-1.332337875214128,0.4877835463149954,-251.8630675765069
3.9131424404821876e-6,224.70077817838524,3503.7694666710836,-0.09945500963256572,-0.05308901836001401,2.455491470276304e-6,365.25645618319226,3624.40867271557,-0.06357010162572867,-0.03982556782503396,7.297939416209351e-6,938.9098471573421,522.6649680058512,0.006487098724600251,-0.09626828325954175,7.252350845882757e-5,4192.198659639035,1771.327088456592,-1.177559720564789,0.4343867864274262,-251.2128577906414
3.9210552967398e-6,224.70077798929444,3503.7694717272466,-0.09681791175954466,-0.054914898660957084,2.469325253053047e-6,365.2564568737375,3624.408669281227,-0.06154768513101652,-0.0413491372691314,6.716337580302873e-6,940.7989268585563,507.6265586931129,0.007036458248689044,-0.10078981032565955,9.783095544051585e-5,4187.870502967081,1655.3052551804233,-0.8361600904845575,0.3342271947715013,-251.7782890901227
3.9148755177032775e-6,224.70077772352238,3503.769478777518,-0.09314643024634368,-0.05786807313609566,2.4905357861386374e-6,365.25645780140286,3624.4086578521483,-0.05869145445184575,-0.04384872332899753,5.787745960308156e-6,942.6918073742239,494.03367862857755,0.005523337455619362,-0.10837995913434716,0.0001423447181058938,4179.65979120636,1587.4112764008796,-0.5243035861494246,0.2522325109821136,-253.08553589169168
3.911372924529862e-6,224.70077747312115,3503.7694855538402,-0.08954562827203037,-0.06059925916038196,2.5110179040358027e-6,365.256458604347,3624.4086445399575,-0.05590728568392534,-0.04623832400032955,4.941473376121099e-6,944.5884963515565,482.1905938695223,-5.470470496175111e-5,-0.1150021049382816,0.0001923039527761708,4171.11505349563,1566.267721623908,-0.3445474954934685,0.20306803013591304,-254.50253127916957
3.9205996297353004e-6,224.70077728530026,3503.769490755618,-0.08649155978997193,-0.06261813739116885,2.5270197670306142e-6,365.2564591450335,3624.4086335622364,-0.05359426547393751,-0.048094348623531215,4.370994683186691e-6,946.4890014531492,472.4063415687891,-0.009090360625748296,-0.11824184978480928,0.00023307993538852835,4164.835103957457,1554.2216696453793,-0.2560247776553214,0.1734248821862395,-255.71703850742958
3.947370600166799e-6,224.7007771413866,3503.7694948167177,-0.08339008018855171,-0.06413381568799695,2.5414228632500936e-6,365.256459409206,3624.4086260860395,-0.05126534593918549,-0.04956105396906172,4.0504005866146245e-6,948.3933303570167,464.53148298295537,-0.018913601346663533,-0.11729684221192554,0.0002647816213022931,4160.543281785652,1539.2669120145663,-0.20754944978336531,0.15277518856342917,-256.6726968981076
3.9951483667592655e-6,224.7007770264811,3503.7694981402915,-0.07974386243056836,-0.06524512494233208,2.556847383569159e-6,365.2564593983192,3624.408622437092,-0.04851131334568432,-0.050704524262615305,3.945903315996378e-6,950.3014907566212,457.39433609211864,-0.0260901364329175,-0.11231383657941128,0.00029084924758342607,4157.610792143284,1520.0424872683182,-0.17689665548019912,0.13641824150158854,-257.3851325001966
4.0680965784185776e-6,224.70077693579753,3503.7695008548785,-0.0750678027265751,-0.06598651581589157,2.5759675624373924e-6,365.25645914485057,3624.408622291004,-0.04494085066974044,-0.05154029106977806,4.023152901444513e-6,952.2134903609037,449.03836686548374,-0.027898782101665943,-0.10510538352370442,0.0003139884750654679,4155.429159364652,1495.196570524947,-0.15523017354152868,0.12169395214834,-257.8861084725655
4.175577972347955e-6,224.70077687272084,3503.769502832914,-0.06847103272058765,-0.06635984142742797,2.6036757168267725e-6,365.25645869120683,3624.4086250319942,-0.03984577129613887,-0.052062447160938545,4.237544862439933e-6,954.129336894316,437.81695398348455,-0.023490556611436574,-0.09792168565428368,0.0003359365062764436,4153.244928342784,1459.604915110223,-0.1392229739902669,0.1060031759614339,-258.20255761924136
4.365106597974382e-6,224.70077686398525,3503.769503155871,-0.05594580008000695,-0.06604574923600072,2.6614608916176873e-6,365.25645800808036,3624.4086312069626,-0.030037720357434843,-0.05203984778727242,4.510209485635002e-6,956.0490380968521,422.12842817964633,-0.010493766575361321,-0.09249012173683323,0.000358051958755436,4149.771087001566,1384.545708073509,-0.129407245197142,0.08115526752772936,-258.33034714350896
4.355542644372264e-6,224.7007774343993,3503.7694877409444,-0.011230673635809396,-0.05217466767042206,2.983507347171992e-6,365.2564594668913,3624.4085994191178,0.005096893017986849,-0.04165581695859284,3.3497292359958136e-6,957.9726017240757,967.5308885247177,0.09318398845299042,0.028266257313901193,0.0004137282583813131,4118.916711330276,1102.6147916266634,-0.09707563982466533,-0.01047092004716422,-257.883848954721
5.258675722432877e-6,224.7007768540778,3503.7695004609177,-0.0029798980649768537,-0.04697381428215785,2.9529764799810626e-6,365.2564507591547,3624.4087288427386,0.012288681841584348,-0.03663334044978728,5.4623453474715725e-6,959.9000355471583,372.81198379918914,0.05892039458052955,-0.054829489904183605,0.0004836805206630428,4147.918831174217,940.0029617768728,-0.07124322552842581,-0.027951309926380362,-256.78652230699043
5.445339171903805e-6,224.70077689454362,3503.7694995979537,0.0017020682368074698,-0.04295456497024564,2.975538938543219e-6,365.25644928046006,3624.4087426502883,0.015949993708872522,-0.033161797760603885,6.102517515343822e-6,961.831347352905,353.9833470283447,0.0629035747116009,-0.04226892249312898,0.0005131079027902978,4143.451716044493,918.0809335344002,-0.058240798039280506,-0.03162610238103672,-255.43376904651836
5.6185528124463154e-6,224.70077696889365,3503.7694979411785,0.004943273267701061,-0.04025730933550866,2.9877554403009726e-6,365.25644862351476,3624.408742991625,0.01839418272810712,-0.030732398494472044,6.768204227281299e-6,963.7665449437886,335.4201623951484,0.06339179294057064,-0.03310404545677204,0.000528446254835256,4137.934610470336,914.6924879908281,-0.051702180850019826,-0.03264259813924946,-254.00242418070317
5.784886540663696e-6,224.70077704432543,3503.769496247416,0.007394313808138233,-0.03819261192440441,2.9933962616192326e-6,365.25644852193057,3624.4087342791167,0.02014757218069186,-0.02877119795152815,7.470307870924847e-6,965.7056361379803,317.1555816802307,0.0617357942101649,-0.02561690321928483,0.0005366245567782567,4133.3745516976705,916.0471507474016,-0.04817303827803309,-0.033057778476502396,-252.66133899637487
5.9357915099735504e-6,224.70077708995836,3503.7694953770665,0.008904115837991519,-0.036351358053573105,2.991031254877373e-6,365.2564488129829,3624.408720005784,0.021090099792519027,-0.02691969797719993,8.222566560998746e-6,967.648628769382,299.2303919637169,0.05799662882263009,-0.018740769424435325,0.0005445478797187302,4131.52438342642,915.3974495361239,-0.04515552551116421,-0.033353723366521086,-251.60170314857612
6.054614286630588e-6,224.70077707546216,3503.7694963121817,0.00896558322909885,-0.034436384350134096,2.976767605854891e-6,365.2564493862601,3624.408703504655,0.020823040707997686,-0.024908334993867035,9.048251809139487e-6,969.5955306876549,281.56834845785,0.051918664516964814,-0.011884312192597377,0.0005607436395330433,4133.975384702455,909.4211649294718,-0.03998370453444472,-0.03321836413106155,-250.98765101946773
6.128862110323004e-6,224.70077698127764,3503.7694998151574,0.007272509460227359,-0.032327290530761194,2.948321358748511e-6,365.25645019548966,3624.4086873521096,0.019125741480337726,-0.022638452547543177,9.961187083802306e-6,971.5463497582563,264.06468599391076,0.04382666874727679,-0.005080677992007321,0.000593377073349451,4141.990738634955,897.4706462432034,-0.03064587712581294,-0.03191855917167764,-250.89246655105023
6.1573435159639285e-6,224.7007768216188,3503.7695055284657,0.004451107709168909,-0.030247280500058007,2.9120457314331314e-6,365.2564513222448,3624.4086715639955,0.016582415898218746,-0.020353444323706234,1.0847921693279561e-5,973.5010938624679,246.71414519427796,0.03554949279590847,0.0012931962858726727,0.0006421847573394713,4155.908581488973,880.4948014612864,-0.018176087630935582,-0.029299555473113234,-251.31377551622717
6.116513572943153e-6,224.70077667339683,3503.769510490675,0.0022167353413023966,-0.028984390523891415,2.8889505153911424e-6,365.25645304385466,3624.408651778359,0.014820991031384779,-0.018807964988669986,1.113248727639686e-5,975.4597708974284,229.39361079402997,0.030374931517501907,0.007740918879915626,0.0006802405996729829,4174.402019631333,858.1763819219804,-0.008903860182135527,-0.027131016075481594,-252.26955013819227
5.980947911225586e-6,224.70077658830263,3503.769511156764,0.003813052140123557,-0.0301153908998257,2.911628031085899e-6,365.25645508695646,3624.408633025221,0.01673125175241495,-0.019387058479340746,9.817821462844417e-6,977.4223887761665,212.4439682022429,0.03166189462066137,0.017490529566150482,0.0006390837674514607,4205.06344322357,804.2287890346597,-0.016168410415758096,-0.029735677727431575,-253.65911361801818
5.896439277126715e-6,224.7007764477189,3503.769511903229,0.011298866002940501,-0.0331146486812799,2.977126191642962e-6,365.25645670163226,3624.4086288190165,0.023536518801600927,-0.021651117100133312,7.717887340798498e-6,979.3889554276288,197.10839232487567,0.03690688303948304,0.03520007450976731,0.0005304364350646068,4261.220033744637,681.2456222347794,-0.04407207372213762,-0.04005799546224513,-254.93952872704193
4.476150555384228e-6,224.70077549517768,3503.76954254846,0.005610221133931183,-0.04987270514021731,3.0897547690795506e-6,365.25645296295454,3624.4087048944234,0.016903079188289212,-0.03659971528909476,5.800258199899045e-6,981.3594787967181,658.9476777404457,0.011026568976395201,-0.049865285729265206,0.0005389500246637965,4284.289239274803,790.1640058155143,-0.04657512734843533,-0.013379581805717286,-255.08732660421384
4.505195549512631e-6,224.700775379824,3503.7695462749957,0.007080034556366577,-0.05222798442372931,3.094140828982039e-6,365.2564553516865,3624.4086813952067,0.01833564277739542,-0.038207506012738875,5.824088643767248e-6,983.3339668443211,633.4088997673365,0.015569305324077166,-0.06053807066823647,0.0005137185151035561,4310.013759921486,748.8858017564688,-0.05216610562390006,-0.014866800612175322,-254.4270322797369
4.523619620886049e-6,224.70077532732847,3503.7695484713167,0.007951540134984942,-0.05404847447815193,3.096866442452223e-6,365.2564582439781,3624.408648192259,0.01931063117240963,-0.03955163011623713,5.821887955996349e-6,985.3124275473419,610.3335625522743,0.01952180076874268,-0.06903618734145113,0.0004974439856113749,4330.885104657414,712.8206271366219,-0.05409467548371381,-0.017869361098634007,-253.81785463663377
4.521973673158406e-6,224.7007753272119,3503.7695492956236,0.007775485981575616,-0.05537770900274275,3.095052627179672e-6,365.256461249473,3624.4086104886715,0.01944737315350077,-0.04065401228574231,5.774148923501743e-6,987.2948688987337,589.7002323937609,0.021745340505971152,-0.0756442151138459,0.0004906727237509871,4345.39319289345,687.0752651259969,-0.05214279093935597,-0.021651151525957864,-253.42786401227391
4.498044592573081e-6,224.700775357759,3503.769549202732,0.00646214753345268,-0.05640675509347038,3.0874378769570774e-6,365.25646396813556,3624.408574076876,0.018664963284881816,-0.041627801822684024,5.676370749483846e-6,989.2812989075329,570.9985800283654,0.022093145723016516,-0.08084132003392384,0.0004911000665206137,4353.378945315394,674.0737461046283,-0.04750511592612811,-0.025355865025155137,-253.3891994420088
4.453814554712123e-6,224.70077539463205,3503.769548797989,0.004102792998511591,-0.05735458956498743,3.0738876196683056e-6,365.25646606570126,3624.4085440769645,0.017030738157844626,-0.04260668489002439,5.539657018094143e-6,991.2717255988869,553.7499068221234,0.020930894556984096,-0.0849002969670057,0.0004958350121361478,4355.634656640625,674.5046915542313,-0.04170956592919195,-0.02815783077055873,-253.76060244805967
4.390691015316503e-6,224.700775416259,3503.769548727913,0.0006976708495712206,-0.05845785554748977,3.0540531933024e-6,365.25646730258325,3624.4085243705445,0.01453974949566038,-0.04374821410899359,5.3845150568421645e-6,993.2661570140923,537.6942544523495,0.018683567275475137,-0.08783840725148878,0.0005024275590434979,4353.406906327416,689.3829983152307,-0.03601553537868257,-0.029115286683826375,-254.52545470847213
2.1207916003392347e-6,224.70077631658944,3503.7695369638577,-0.14665099096500303,-0.01370290316846766,2.467058918601578e-6,365.25645364717724,3624.4087060650695,-0.10393580622967939,-0.00818541535603491,2.0672434511846206e-5,995.2646012106243,649.4426261421855,-0.06650085298571543,-0.007753886631330283,0.00034411206398308433,4293.150670254062,1788.6097184165526,0.002674045556788926,0.20469649741674614,-249.8133798668064
2.1564357574733693e-6,224.70077630594113,3503.7695398125493,-0.1470591866584371,-0.014197690981453206,2.4615975879479176e-6,365.2564543469123,3624.4086931985325,-0.10409661471771318,-0.008725202172158933,2.033652700272897e-5,997.2670662621691,634.1096614366902,-0.06808663277120801,-0.007529372992482553,0.0003457747594338634,4295.626846655557,1775.122779585068,0.008022919463356634,0.1940875430806402,-249.22581471572565
2.1912984459439728e-6,224.70077630047504,3503.7695426165023,-0.14744581069212648,-0.014401428604779457,2.456269027450082e-6,365.25645453664373,3624.408686620827,-0.10421954587022285,-0.009068596743040289,2.0003312876929475e-5,999.2735602586578,618.7806715624712,-0.06970331632405342,-0.007317809433294815,0.0003472008968396499,4296.52661132772,1763.29853514136,0.014145832974566386,0.1833408826864019,-248.934489290184
2.226516110790566e-6,224.7007762975665,3503.769545384358,-0.14783055897928052,-0.014367711218158859,2.4508223874338997e-6,365.2564540725623,3624.408688437871,-0.10431581769221444,-0.009242076691331374,1.96570093553454e-5,1001.2840913062986,603.4445836516625,-0.07132760646139462,-0.007154057171098417,0.00034789314651787276,4296.025291801237,1753.7102214696865,0.021056403925038436,0.17321480237056447,-249.03582018132937
2.2633765736967014e-6,224.70077629119373,3503.7695479943677,-0.14813460700703415,-0.014160766848197531,2.4455177619261336e-6,365.2564528541348,3624.408700417926,-0.1043158431845841,-0.009279493325023718,1.9295742914350295e-5,1003.2986675276069,588.0674092919329,-0.07272572705705647,-0.007027943946373158,0.0003479258439950743,4294.514545872393,1746.5104280555308,0.02815769634186437,0.16475523313645052,-249.64515922077385
2.3046312443047715e-6,224.70077627261907,3503.76954978944,-0.14803724006538874,-0.013870553483514418,2.4415224852853484e-6,365.2564508869837,3624.408723216918,-0.10395892634906496,-0.009228683097377649,1.892633992400249e-5,1005.3172970614432,572.7119084775524,-0.07317336768694059,-0.006832685374208618,0.00034845129198039055,4291.79150379522,1742.905757531728,0.03330647607461882,0.16007645347069593,-250.87717143514138
2.3586043129956327e-6,224.70077625076573,3503.769548382121,-0.14665623979271042,-0.013624847353358518,2.4417271648880083e-6,365.2564485475538,3624.408751954867,-0.10255179357557838,-0.009152718408440492,1.8526170043212406e-5,1007.3399880630426,557.9842883257971,-0.07102650421355644,-0.006369105156909009,0.0003516250206205297,4283.588397149274,1751.2961544284783,0.03189805552434875,0.16400082707317418,-252.73086988701277
2.4502739504631015e-6,224.70077634413263,3503.769536625826,-0.14188995145936367,-0.01363055957182936,2.4526229539232614e-6,365.2564475671478,3624.408760243855,-0.09846101284584068,-0.009168524323811315,1.792837041524619e-5,1009.3667487040483,546.4641503216417,-0.06320040659891887,-0.005573108236258501,0.00036026718989076224,4255.330842733263,1794.4631468161542,0.015307429843903134,0.18368000400923695,-254.79814205080535
2.5852528820134344e-6,224.70077660072295,3503.7695164295246,-0.1342289472675587,-0.015072807070871656,2.471285878786726e-6,365.2564498719252,3624.4087222259027,-0.09215101624611836,-0.010216763466264735,1.6898953318474627e-5,1011.3975871725448,538.9045394870166,-0.051215901855156454,-0.006609749278710084,0.0003760955626453229,4217.052442810354,1841.149099239619,-0.015059614793048928,0.20550177637955552,-256.18096907897
2.7012314060516888e-6,224.70077661678687,3503.769508014214,-0.12904770542509117,-0.01806251802435078,2.47973440405226e-6,365.25645262144985,3624.4086815499004,-0.08788253618854198,-0.012429967502833717,1.5753704180137923e-5,1013.4325116730921,528.5557792182493,-0.04301876197109356,-0.010406588443692855,0.0003905867216695044,4206.120281016776,1834.1705701709946,-0.036936682189789564,0.21389108041756386,-256.72770591684025
2.7960751954991977e-6,224.70077643114954,3503.769508383138,-0.12567251884097352,-0.021494702395059007,2.4816637116230525e-6,365.2564550560824,3624.408645629118,-0.08507376240360705,-0.015003661023097624,1.4629332788071658e-5,1015.4715304267545,515.7176053577504,-0.03779077139525509,-0.014884910649855341,0.000402157234344048,4210.873310434325,1800.5817175195934,-0.050944148485045165,0.21511623779699302,-256.82463826016806
2.87876166832464e-6,224.7007761553193,3503.769513028149,-0.12294744373273743,-0.02502537801183677,2.4818736836429965e-6,365.25645710993564,3624.4086140433164,-0.08279249678064268,-0.017707746396426426,1.3528236250221832e-5,1017.5146516711401,501.6822034427938,-0.03407734232038863,-0.01915300410317628,0.00041233853639294384,4221.582302507724,1756.4847302285757,-0.059838507294857506,0.21158266019684452,-256.7181038259443
2.9548463248409957e-6,224.70077586081905,3503.769519444372,-0.12023271558076083,-0.02857259687864322,2.483034710485354e-6,365.25645865061665,3624.408588330984,-0.08052735096671512,-0.020489250872991537,1.2449733512471366e-5,1019.5618836604301,487.17020018016314,-0.031125630989866298,-0.022980362594070082,0.00042213997599270953,4233.824196223898,1708.427737341441,-0.06495543717093456,0.20436882740403414,-256.54360726218965
3.026858619584913e-6,224.70077558642268,3503.76952628106,-0.11722732973250748,-0.03207706724807083,2.486491109180613e-6,365.25645958951685,3624.4085698907807,-0.07804001154226388,-0.02329433992684352,1.1417156025801666e-5,1021.6132346654131,472.4797209353576,-0.028555352421558655,-0.026353864200815633,0.00043197858984969075,4245.735138405751,1659.4862166017983,-0.06717934337158644,0.19461844097714742,-256.3667579041378
3.0940248083340157e-6,224.70077534964926,3503.7695328605887,-0.11395754833961945,-0.03537299245812902,2.4923654902019865e-6,365.2564599190225,3624.4085593004643,-0.07535103781540303,-0.025975342353901452,1.0486271563138e-5,1023.6687129735182,457.64539792277867,-0.026275979823158626,-0.029225968351518507,0.000441728510492979,4256.662607495534,1612.1231645356888,-0.06711894092709948,0.1837327110153392,-256.21307322904846
3.154037554212854e-6,224.70077515486972,3503.7695388888496,-0.11067384801243577,-0.03826037051726978,2.499780375695452e-6,365.2564597020743,3624.408556295715,-0.07265667579182322,-0.028355241983322142,9.709641326083824e-6,1025.7283268888498,442.6023750488503,-0.024379596356248846,-0.03150383090566208,0.0004509547934386121,4266.454726228367,1568.6680376666482,-0.06528040785180243,0.17305201121682182,-256.0935643724041
3.2059397024602657e-6,224.70077499781848,3503.7695443162056,-0.10760720881932936,-0.04067901044117924,2.5076586441597615e-6,365.2564590389942,3624.4085601212623,-0.07013737957595904,-0.030372252036175995,9.093724320588763e-6,1027.7920847322175,427.23215118077593,-0.022933612133526803,-0.033179326790526056,0.00045927577261531096,4275.214139409842,1530.2294923080233,-0.06220986026505548,0.16338986289708077,-256.01727785230145
3.2505697795370176e-6,224.7007748707706,3503.769549207862,-0.10484168524164192,-0.0427084330936016,2.515359360483805e-6,365.25645802326153,3624.4085700969526,-0.0678581148600495,-0.03208203712750578,8.607984163473214e-6,1029.8599948411747,411.3628270490305,-0.021885422267377663,-0.034339016170365104,0.00046657705065617904,4283.147462650218,1496.5356351787102,-0.058424027876486546,0.15496617750546993,-255.99216946679883
3.289149563946448e-6,224.7007747669562,3503.769553618157,-0.10237681554982322,-0.04446126441791792,2.52259834813888e-6,365.2564567166907,3624.408585872863,-0.06581794955383531,-0.033570532749918156,8.21749097151204e-6,1031.9320655700494,394.8498402158195,-0.02113716412603511,-0.0350948149142947,0.0004728715214534381,4290.387956065279,1466.8621582148708,-0.05436915878045185,0.14770580407954434,-256.02204488718166
3.322479981474202e-6,224.70077468224792,3503.7695575449065,-0.10019328324802303,-0.046011884364693986,2.5292411896590552e-6,365.2564551534165,3624.408607296347,-0.06400209788612522,-0.034894652792818545,7.898445892051151e-6,1034.0083052899781,377.6052852018777,-0.020605335180941032,-0.035537646021507774,0.000478234102158014,4296.920042081862,1440.7593820352756,-0.05036752140460873,0.14146963705680007,-256.10405901451253
3.350902588659925e-6,224.7007746140861,3503.7695609557973,-0.09828017429950144,-0.047399669899894005,2.535175266517751e-6,365.2564533477094,3624.4086342454434,-0.062403341599696835,-0.03608396371663625,7.637735548279958e-6,1036.0887223889415,359.6068755833145,-0.020232716541777485,-0.03574366022114064,0.0004827241649116039,4302.64029192516,1418.0539238906908,-0.04666680800556352,0.13613268501124787,-256.2283452549913
3.374660777005082e-6,224.70077456003494,3503.769563837911,-0.09661647512617358,-0.04864665258433678,2.5403747341436258e-6,365.25645129869423,3624.408666575721,-0.06100700522001709,-0.037155048563162055,7.428690634502889e-6,1038.173325271793,340.8518893883897,-0.01995921535592756,-0.03577849473083816,0.00048644680331689437,4307.470066966327,1398.5616587011655,-0.043431360624396266,0.1315680324072508,-256.37979353331764
3.3939074862624325e-6,224.7007745182704,3503.769566189328,-0.09518493310665595,-0.04975773524153009,2.5448310276456112e-6,365.25644899379125,3624.4087041171456,-0.059801271486755986,-0.03811152510566696,7.268751002892501e-6,1040.2621223603,321.3491492973301,-0.019727171051959105,-0.03569139953001643,0.0004895128754200866,4311.3412569243965,1382.1977913138255,-0.04074045889876283,0.12767407734505376,-256.5409992121828
3.4088678780238607e-6,224.70077448662272,3503.769568047637,-0.09396245564720203,-0.050727447738648464,2.5485841591845412e-6,365.2564464043253,3624.4087468166404,-0.058769344313748355,-0.03894950925217162,7.158253417126166e-6,1042.3551220931738,301.1243949054631,-0.019479856934429607,-0.0355151708149117,0.0004920811155188817,4314.266953105187,1368.7742320784994,-0.038591284944953626,0.1243545840821008,-256.6951564257902
3.4198503742638557e-6,224.70077446323145,3503.76956946726,-0.09292543983369307,-0.05154675976470195,2.551690650947351e-6,365.25644348636564,3624.408794805998,-0.057893539897407975,-0.03966267529485497,7.098909580347339e-6,1044.4523329261035,280.2496077912145,-0.019175396752183486,-0.035269245697565454,0.0004943171734927017,4316.301000997541,1358.081263795493,-0.03692073723152809,0.12152361574725164,-256.82808178563636
3.4272263812590653e-6,224.7007744461516,3503.7695705254264,-0.09205139061376175,-0.052200801280880775,2.5542123584012554e-6,365.2564401760826,3624.4088485530956,-0.05715658804218528,-0.04024020296310377,7.093917013977125e-6,1046.5537633317917,258.82669163065515,-0.018788085469529647,-0.034956596069875154,0.0004964186778476091,4317.552484178906,1349.8584300133843,-0.03561229678442106,0.11910298453286157,-256.92920141783355
3.4314004067464146e-6,224.70077443398003,3503.769571292286,-0.09132618646648535,-0.05268385016029298,2.556177504546252e-6,365.25643639119056,3624.4089088699147,-0.05654757158472917,-0.04067812733874467,7.146611173703263e-6,1048.6594217999886,237.03479096927745,-0.01832325747767013,-0.03458129463956802,0.0004984974563541304,4318.137321514552,1343.8688992314385,-0.03455807661878239,0.11703817932515762,-256.99177802501663
3.432918840212695e-6,224.70077442561242,3503.7695718349883,-0.09072953651592121,-0.05299490921011648,2.5576382877165953e-6,365.25643202824233,3624.408976982722,-0.056050401685958914,-0.04097608009856164,7.259411903025866e-6,1050.7693168375229,1265.8428597107304,-0.01779599706741153,-0.034149288848776896,0.0005006847056054902,4318.181188729746,1339.8275514570644,-0.03364076778128134,0.11526692123087742,-257.0127233010606
3.432405494453171e-6,224.7007744200115,3503.7695722152516,-0.09023922340156997,-0.05314758765861458,2.5586554215100736e-6,365.25642695773274,3624.40905458864,-0.0556471871409504,-0.04114496228605032,7.433480938300759e-6,1052.8834569683418,193.1634470823923,-0.017229331261983612,-0.033681582756714755,0.0005030414933258255,4317.825323615327,1337.3763055984966,-0.032781924915977464,0.11373373169861159,-256.9921774842195
3.4304781246287037e-6,224.70077441642877,3503.769572482164,-0.08983346861482254,-0.05316194916784972,2.5592888155894362e-6,365.2564210188294,3624.409143913068,-0.05532005158635084,-0.0412006419489155,7.669097196703535e-6,1055.001850733542,171.4861706151567,-0.016639692275516045,-0.03320582589540627,0.0005056019621909357,4317.196662573388,1336.1630528341657,-0.03192533489341247,0.11238729853687546,-256.9329097375549
3.427751020579972e-6,224.70077441434455,3503.7695726719458,-0.08948545252855647,-0.05306578848571965,2.5596224615758525e-6,365.25641400904294,3624.4092478315124,-0.055046839766574616,-0.04116517213465046,7.966072509432291e-6,1057.1245066914041,1207.2876723735978,-0.016028004286481757,-0.03275352003748174,0.0005083664190598688,4316.409425827465,1335.814213573183,-0.031045077725318414,0.1111783286785254,-256.8396078175525
3.4248682633194896e-6,224.70077441324852,3503.769572814202,-0.0891581348196958,-0.05289077284860988,2.5597892796383505e-6,365.25640566900705,3624.409370062245,-0.05479711003675668,-0.0410639963411863,8.324367879108524e-6,1059.2514334174289,129.27275707067653,-0.015379425933027956,-0.03236008600441963,0.0005113490471132572,4315.567229204947,1335.8966091750651,-0.03013464405387844,0.11004357948863155,-256.7181813077406
3.4222958883358665e-6,224.7007744130017,3503.7695729248226,-0.08882548592786578,-0.05266339525682777,2.5598763731512297e-6,365.2563956611214,3624.4095154506404,-0.0545491100979837,-0.04091838748613483,8.745840086429054e-6,1061.3826395043711,1170.2175403422284,-0.014671812747364728,-0.032053461859689346,0.0005145437265370225,4314.7337373348655,1336.124504115102,-0.02919083158810052,0.10894234793352309,-256.57518648360076
3.4205124697277516e-6,224.70077441334632,3503.7695730165938,-0.0884523752908837,-0.05241216638375361,2.56001268789152e-6,365.2563835308547,3624.4096905109127,-0.05427377142066089,-0.0407516210370158,9.234236793202325e-6,1063.5181335622717,1152.3604573782768,-0.013869734934752551,-0.03186301594962336,0.0005179390213427537,4313.9756420736885,1336.1327615840594,-0.0282348994352964,0.10782630760768816,-256.4174152300134
3.419904687806916e-6,224.7007744143163,3503.7695730927894,-0.08800865744962147,-0.052165178421761625,2.5603051230951243e-6,365.2563686626812,3624.4099040459128,-0.0539460547924652,-0.040586649233796034,9.795934096812666e-6,1065.6579242184973,69.2670432055483,-0.01293280030579873,-0.031818687234688586,0.0005215174238253542,4313.325680174866,1335.650751098832,-0.0272867568557803,0.10665537409675323,-256.25164300813515
3.4208919252132816e-6,224.70077441594316,3503.7695731552917,-0.08745649166976181,-0.051943796464639,2.5608843557912702e-6,365.256350193097,3624.4101683827607,-0.053534862875186724,-0.040441378251558996,1.0441012766391624e-5,1067.8020201177726,1117.856076059232,-0.011805788677443328,-0.031946805027161435,0.0005253126561678081,4312.812173872482,1334.3774309493845,-0.026359860463691664,0.10537897068141577,-256.08453148223333
3.4238701803047178e-6,224.70077441843225,3503.7695731972335,-0.08675741541667523,-0.05177629165531819,2.5618868051348204e-6,365.256326890926,3624.410501075259,-0.05300856037256001,-0.04033928650731002,1.1183772894185709e-5,1069.9504299222147,1101.0983951015498,-0.010423388340181174,-0.03228464331932173,0.0005292981145210978,4312.454219878646,1332.0026360675615,-0.02549361862332937,0.10395368199829572,-255.9227155572848
3.4293424508715465e-6,224.70077442236175,3503.7695732013676,-0.08586128204120763,-0.05168722361356234,2.563481880154044e-6,365.25629695600503,3624.4109277624484,-0.05232629518236783,-0.040301058818943095,1.2044059578001646e-5,1072.1031623113688,1084.577105369378,-0.008696367936311592,-0.03287304112689594,0.0005334917876183151,4312.250321102524,1328.197137713859,-0.024718976263367835,0.10232181533917864,-255.77315605801465
3.4379466461406796e-6,224.70077442854074,3503.769573140246,-0.08470438128525981,-0.051709300569399444,2.5658816647990746e-6,365.25625767528703,3624.411487063695,-0.05143627581840894,-0.040353981962581664,1.304882835773536e-5,1074.2602259822447,1068.212655302646,-0.006503263789971466,-0.03377111912601365,0.0005378664076501178,4312.205591800648,1322.5032208392602,-0.024097507007947525,0.10041524201790711,-255.64391251281893
3.450624782705733e-6,224.7007744387527,3503.7695729577113,-0.08319401950505956,-0.051878873928709476,2.569397609240897e-6,365.25620486180975,3624.412238558573,-0.050263528054502155,-0.040528398482603124,1.4234462607559879e-5,1076.4216296493476,1051.9112250423802,-0.0036687479060171168,-0.035057287441444325,0.0005424036253540498,4312.29136717446,1314.3493755616612,-0.02370276462612946,0.09813647661947171,-255.54562056594827
3.468769603731315e-6,224.70077445598434,3503.7695725555377,-0.0811960556937546,-0.052248391792563374,2.574479522009807e-6,365.2561318104296,3624.413277616295,-0.04869954713123546,-0.04086747480462092,1.565014566253484e-5,1078.5873820447184,1035.5661232444006,6.77948130090289e-5,-0.03684839973544707,0.0005469743985554644,4312.462889436722,1302.86551743182,-0.023677680194987418,0.09535112356179712,-255.49424081268086
3.4944540882507866e-6,224.70077448606563,3503.7695717399397,-0.07851727722128983,-0.05289072692930356,2.5817712460462477e-6,365.2560274674823,3624.414761370952,-0.04658775409205894,-0.04142991803083471,1.7364633761007593e-5,1080.757491917967,1019.0518317663065,0.005095172797175871,-0.03931319338953059,0.0005511770053744816,4312.5953649537305,1286.838220372468,-0.02428961944037171,0.09188388580273939,-255.51628755046306
3.5311372784740944e-6,224.70077454021532,3503.769570131943,-0.07483761239053026,-0.053910220186232226,2.592378038587862e-6,365.2558729847305,3624.4169574848984,-0.04366884095670322,-0.04229791134134722,1.9475058383360984e-5,1082.9319680363064,1002.2084241011859,0.012026446800245378,-0.04269204186163761,0.0005540839958511979,4312.39520595004,1264.3054139372844,-0.026056934233700663,0.08744388103754057,-255.65919910571643
3.584794194463975e-6,224.70077464154727,3503.769566939368,-0.0696142272099937,-0.055433105277927594,2.6082680388057913e-6,365.25563543584,3624.420332072945,-0.03950391514096335,-0.04356589035437246,2.2123212037062246e-5,1085.1108191845897,984.8189379932821,0.02183403938037297,-0.047285699535928434,0.0005534999804505924,4311.12425720594,1232.0741860918565,-0.03006263109209062,0.08151467218088353,-256.01246868396976
3.667503267059912e-6,224.70077483865145,3503.769560508297,-0.06178920115569132,-0.05747696682450593,2.633630046155811e-6,365.2552549745496,3624.425724288125,-0.03324443193947593,-0.045230777934284094,2.550111883936506e-5,1087.294054165346,966.5254468266107,0.03624696653559967,-0.0533256713346186,0.0005450960738727711,4307.049236100782,1183.8160366987818,-0.03852076323654024,0.07276736968916125,-256.7491033845153
3.8138192889390583e-6,224.70077524343375,3503.769547192782,-0.04848777863777259,-0.05922238245245578,2.681271183257272e-6,365.25460025921615,3624.434929592415,-0.02260438551203089,-0.04660816669940014,2.9741885607679054e-5,1089.481681798812,946.4138719930401,0.06003462063128177,-0.0604372900266658,0.0005226632560699839,4296.696926749129,1097.8472339600253,-0.05577752625139357,0.05566514699511135,-258.1941824680965
4.007747117481627e-6,224.70077587811778,3503.7695268256007,-0.03476473119509928,-0.05846276872324219,2.7353458807241897e-6,365.2539212530159,3624.443995000335,-0.011712015214141483,-0.04586009112621232,3.292993547301821e-5,1091.6737109229732,926.2042718669494,0.0842656879749453,-0.06356766477919806,0.0004879508778675474,4271.044746310022,1021.2590862948202,-0.07807940353260964,0.033439937676335414,-260.96500567234904
3.7249194618885866e-6,224.70077584562685,3503.7695275845294,-0.07260644099354678,-0.06353992038189264,2.592299995330652e-6,365.2555618098357,3624.4143796826825,-0.04213608871881827,-0.04935582621690136,1.7736400573499447e-5,1093.870150393597,917.6011860119947,0.03095700513415927,-0.06256902338867971,0.00043527289070153147,4239.861478152861,1355.4653388609036,-0.08047928855526906,0.09856844225290655,-264.1937369172562
3.5251746072842647e-6,224.70077603367375,3503.7695196106224,-0.09594576268844762,-0.07193796106807061,2.5050345941598094e-6,365.2554517441534,3623.619332994498,-0.0607972597677952,-0.05579617001955279,4.185120675107376e-6,1096.0710090842676,883.6802517908553,0.4412014608149711,-0.2685464137874533,0.0003622281776825908,4235.367703636048,1476.9551204372988,-0.11483505000715803,0.13849540698671153,-264.19783434164896
3.5292579580738846e-6,224.70077597896832,3503.7695239691147,-0.09566499762917878,-0.06457693694268737,2.506469153858536e-6,365.2554637541838,3624.414150708022,-0.06037639849577218,-0.04976825484043955,1.245310919440056e-8,1098.2762958864237,916.8016145176882,104.37295398289062,0.08922575096329531,0.00039136714602187736,4234.09974576136,1482.4200113855377,-0.09166916501964038,0.1321076777642585,-264.2116207686502
3.5120168857059657e-6,224.70077576805843,3503.769530622159,-0.0964469900010542,-0.06410671239456474,2.5013267038715453e-6,365.25528094289797,3624.423213180785,-0.0609252841816928,-0.049460603405989984,1.372902602300669e-9,1100.4860197093938,121.30370274848424,1134.864431182054,1.017918867081433,0.000401762320574551,4249.521512473428,1453.3491333738111,-0.08465962663064315,0.12801354293354072,-263.13879714950724
3.4893670058780446e-6,224.70077539278122,3503.769542683154,-0.09670372690387427,-0.06299240019081614,2.499177968456175e-6,365.2551906522586,3624.425784251525,-0.06109416287124711,-0.048727577060140234,3.928763802930035e-9,1102.700189480429,934.6729936102095,437.17292955462216,0.24763149036182597,0.00042394459501216724,4276.537624202439,1401.5723264049323,-0.07170397161551834,0.12000507668848374,-261.8864195046566
3.922255358547782e-6,224.70077509001092,3503.7695528999266,-0.04324342822015106,-0.07229822462820254,2.7602342033308146e-6,365.2558479746579,3624.4175003994555,-0.018650636230299177,-0.0567270838128327,1.7880944734751324e-5,1104.9188141447448,1207.027049415707,0.0325735969850523,-0.05040868298409899,0.0004683304091126422,4320.932950724215,1031.6704450381026,-0.0772109804929892,0.05206026116348312,-260.9208387847415
3.893381578663828e-6,224.70077496387412,3503.7695570444534,-0.0443739409862763,-0.07306938604305821,2.756794163756731e-6,365.2559987225519,3624.4153401438457,-0.019560264963511795,-0.057372164247761204,1.5687306550143757e-5,1107.1419026655542,83.9518370807175,0.027515776338289562,-0.04766833420004371,0.00047204297773052403,4329.343300896581,1026.4316732285656,-0.07432840751586325,0.05344772347282611,-260.22512597357087
3.883449695528602e-6,224.70077489933652,3503.769559104589,-0.04393450547796128,-0.07341990329893938,2.7610202547349746e-6,365.2561121792848,3624.4137025143605,-0.019219174565356267,-0.05767801554707668,1.3903367051000089e-5,1109.3694640241035,64.87259691485825,0.02361733396676112,-0.04460027684370083,0.0004740682143234424,4334.254189564454,1016.6124266602117,-0.07317872452507979,0.05297425798513023,-259.73691532532047
3.8932696769624126e-6,224.70077487899377,3503.7695596038716,-0.04164037631226243,-0.07344488467048425,2.7745124477273288e-6,365.2561923486796,3624.412541077804,-0.017397401161519003,-0.057726591219684056,1.249361020542349e-5,1111.6015072197104,1156.3285922857551,0.021404453511171272,-0.041561830171361135,0.0004751189630724343,4337.516923727616,997.2251147741187,-0.07343808916660483,0.05016753594728184,-259.3522509972582
4.168488580860855e-6,224.70077834840444,3503.769462495362,-0.014821335538023806,0.003044542570509267,2.9305011820737427e-6,365.25617190313693,3624.4125295623767,0.0038226036920941822,0.004818504890260612,1.763854342300317e-5,1113.8380412697957,400.1284219335873,0.026282697768361594,-0.00462702898584661,0.0014092262732469706,4251.02170019073,335.6403529112413,0.07596644875604087,-0.04210223302190993,-255.63167801551484
4.147067731825993e-6,224.70077831216807,3503.769463681338,-0.014439832325176087,0.0032884016409512064,2.9353458936106477e-6,365.256234772944,3624.4116790821663,0.0041053304379372576,0.004995409328815798,1.665193592254055e-5,1116.0790752099267,386.16816332549746,0.022689286905397486,-0.004626294462877001,0.0013921272177410918,4250.243692034994,337.96969330038485,0.07527629866706875,-0.04234879060940853,-254.4487182076358
4.12419190556001e-6,224.70077827390526,3503.7694649301093,-0.013996906197684528,0.003517223682345911,2.9401866892186473e-6,365.25627903594176,3624.4110806034914,0.004435416572038394,0.0051568557927695316,1.58744256127547e-5,1118.3246180938493,372.152849203004,0.02000884024183046,-0.004674416385813529,0.0013730119137068742,4249.996256476338,339.7464653959174,0.07446216101043096,-0.042628568863466,-253.31832180740912
4.09982815146882e-6,224.70077823360546,3503.7694662427098,-0.01350246427820148,0.003732309440062338,2.9451197096089436e-6,365.2563114625323,3624.410641944806,0.0048050917087528785,0.0053048505637431085,1.5256901227134845e-5,1120.5746789935247,358.0636778566412,0.01794670149656362,-0.00476422000969861,0.0013525319249577995,4250.229648994813,341.0303897395381,0.07353710428835429,-0.04292505411479081,-252.2473389717636
4.073943353162065e-6,224.70077819109946,3503.769467621129,-0.012963160037705685,0.003931138531752313,2.950199055555137e-6,365.25633605206053,3624.4103087041444,0.005209445212796318,0.005438339746042448,1.4766818978721539e-5,1122.8292669991679,343.8873322961811,0.01631214063932497,-0.004888435844184539,0.0013311304098943808,4250.860883867014,341.9886311695362,0.07250673957870071,-0.04322552007970096,-251.2426926023512
4.0465240696128394e-6,224.70077814605392,3503.7694690699163,-0.012382770981394947,0.004109298011127742,2.9554601269603663e-6,365.25635523899126,3624.4100478405207,0.005645996022039463,0.005554676522941189,1.4381127583784564e-5,1125.0883912192837,329.61360224707056,0.01498303101748249,-0.005043643492884754,0.0013091216330820233,4251.80438284074,342.824908289407,0.0713731598411863,-0.0435189054277845,-250.3116780414966
4.017606931024052e-6,224.7007780981028,3503.7694705929034,-0.011763831695625103,0.004263309308042862,2.9609211035377947e-6,365.25637056116574,3624.409838550545,0.006112991567443043,0.005651646462494082,1.4083005298580677e-5,1127.3520607807,315.2355662763501,0.013878531373064095,-0.005229959037168553,0.0012867602236758054,4253.020756763144,343.6179261236185,0.07013832393182146,-0.043798192683209045,-249.46193766673747
3.987214057170468e-6,224.70077804697382,3503.76947219058,-0.011109339512523598,0.004386577171061606,2.96658783998087e-6,365.25638305307547,3624.4096668423545,0.006608363392951797,0.005724612286840493,1.3859851512850713e-5,1129.620284828611,300.74875544092015,0.012939761830011345,-0.0054481725391862836,0.0012642638921459585,4254.432259211957,344.5497149770776,0.06880329809940137,-0.04405588792085811,-248.7014428022481
3.955396292120407e-6,224.70077799252695,3503.769473860681,-0.010422713949040036,0.004474612638509892,2.972453025517726e-6,365.25639340651395,3624.4095233977246,0.007129478149604916,0.005770470446465778,1.3701867999717846e-5,1131.89307252661,286.14781641557056,0.012125718862410345,-0.005701247500101597,0.0012418659067496502,4255.9910032936095,345.723567837391,0.06737251019669188,-0.044284559480691085,-248.0386381253595
3.922237624313878e-6,224.70077793486487,3503.769475593803,-0.009709928051574779,0.004521738699479994,2.9784884503917377e-6,365.2564021211266,3624.409401481798,0.007671468455584146,0.005785166005867908,1.3601196475739475e-5,1134.1704330567277,271.4230982544659,0.011402724235285282,-0.005991063579871241,0.0012198142535219654,4257.631634503305,347.2603730837536,0.06585330492492056,-0.04447785800424522,-247.48277547211416
3.8879341109166065e-6,224.7007778744266,3503.7694773733006,-0.008981241586942182,0.004524838594783214,2.9846297769466734e-6,365.2564095505669,3624.4092963413377,0.00822580933121332,0.005766774809126911,1.3550293525899739e-5,1136.4523756194685,256.5521572809956,0.010745673362443618,-0.006319493376444878,0.0011984747170782934,4259.311184708669,349.20398453386315,0.06426309441569873,-0.0446275539751912,-247.04437693780037
3.852813450262097e-6,224.70077781224484,3503.769479168039,-0.00825454339270599,0.004483178092298863,2.9907568908126243e-6,365.25641596022666,3624.409204405931,0.008777623404922575,0.005715536336271519,1.3541518323667434e-5,1138.7389094338494,241.49568135409012,0.010133004277689721,-0.006686451555902451,0.0011783702620825624,4260.970867583989,351.5794769206226,0.06263452584918568,-0.04472384174063397,-246.73569064013748
3.817452084942896e-6,224.70077775003108,3503.769480930161,-0.007557642524203059,0.004398675828993802,2.996675336103826e-6,365.2564215531499,3624.409122941841,0.009304057585950366,0.005634202063859876,1.3565510195075125e-5,1141.0300437374324,226.1913237813547,0.009546457366953027,-0.007090999405855666,0.0011602145891085995,4262.534600980372,354.39260942838246,0.06101976077138399,-0.04475507697927642,-246.5709008814907
3.782854620448788e-6,224.7007776904168,3503.769482589391,-0.006933398163509551,0.004278683778664531,3.0020767387093136e-6,365.25642648341426,3624.409049882806,0.00977021484921153,0.005530437366664496,1.3609518530966664e-5,1143.3257877863693,210.53793763532548,0.008972309666101476,-0.007531891056623776,0.0011450383492156858,4263.931065122126,357.53728628827156,0.05950192093660437,-0.04470803172377518,-246.56570580878196
3.750562884105244e-6,224.70077763736643,3503.769484043886,-0.0064440489305180575,0.0041395328557658154,3.006504668919195e-6,365.2564308696771,3624.4089836531343,0.010125820334316629,0.005419902819843609,1.3656403402896888e-5,1145.6261508554342,194.39034583479395,0.008400485939024895,-0.008008759420036014,0.0011342991001767272,4265.089157425778,360.77612174688517,0.05820568004714825,-0.04456652252553365,-246.7356963430886
3.722903652792716e-6,224.7007775955577,3503.769485172723,-0.006163870276475188,0.0040000425319518485,3.009399509674296e-6,365.2564348023431,3624.4089230817317,0.01031180551247996,0.005320727585478634,1.3682826436166287e-5,1147.9311422380608,177.54977086712276,0.00783212430999198,-0.008529683444599676,0.0011296882510935722,4265.951657410256,363.77141547313994,0.05727899798351185,-0.044318410967336776,-247.09290117011193
3.70293594046391e-6,224.70077756980692,3503.7694858496593,-0.006164216265561485,0.0038792322869120825,3.0101987440882046e-6,365.2564383461583,3624.408867399155,0.010272346436503403,0.00525088740827958,1.366070246110562e-5,1150.2407712463826,159.7807315885845,0.007286145938902509,-0.00911855235900402,0.0011328819094711185,4266.533099478027,366.02538731984026,0.05686245754699836,-0.04396214865140047,-247.6402678289897
3.6943557742050968e-6,224.70077756399417,3503.7694859662774,-0.006485376130904883,0.0037918690402208213,3.0085359386085557e-6,365.25644154599695,3624.4088161942755,0.009977274418270626,0.005223131685631376,1.356080429047796e-5,1152.555047211269,140.80554284706614,0.006820853286271185,-0.009818039974488053,0.0011449515079141035,4266.949562912195,366.92214081978705,0.05703103512629612,-0.043520874052735824,-248.3651678967114
3.7008036293086543e-6,224.70077757960738,3503.769485465502,-0.0071155462862621975,0.003740228441720318,3.0044007798360706e-6,365.2564444298884,3624.4087694174027,0.009438449333991373,0.005237367417591781,1.3360938065992137e-5,1154.8739794823605,1275.2200009710384,0.006552424481940655,-0.010688169996564953,0.0011659854847961876,4267.47729359183,365.7429778930451,0.05775112973000889,-0.04304340694235086,-249.2348988199275
3.725064532026798e-6,224.7007776158511,3503.7694843385916,-0.007992388358298087,0.0037189091326387536,2.9981538893321774e-6,365.25644702094957,3624.4087272310085,0.00870771164739749,0.005284413246660495,1.305641840205014e-5,1157.1975774281118,98.14216062989772,0.006678626098059547,-0.011774400532527495,0.0011950428120680227,4268.470384225067,361.80429858846156,0.058889816194336204,-0.04259602505513815,-250.19771626371852
3.768456294280994e-6,224.70077767045706,3503.76948261222,-0.009033349572420454,0.003721145610601151,2.9903362146485742e-6,365.25644934154366,3624.408689919661,0.007852455037314314,0.005352651237737498,1.266690257565584e-5,1159.5258504358262,1233.5048832315324,0.007491758557254622,-0.013046706005354222,0.001230799052960671,4270.283435180714,354.534749433208,0.060279848891110294,-0.04223385160979161,-251.19052350814266
3.83047325692365e-6,224.70077774085584,3503.7694803292616,-0.010163783860593103,0.0037411325760973806,2.981488805818239e-6,365.256451420483,3624.408657693472,0.0069335470266576205,0.005431675374836667,1.223872685257761e-5,1161.8588079116937,1209.6306357428775,0.009352308634851507,-0.014298169091939785,0.001272105431616167,4273.111405551671,343.7506199225686,0.061775416467542005,-0.04197645935747052,-252.1505805153421
3.859160609691279e-6,224.70077619801145,3503.769518060667,0.01770091039775593,-0.023371579857502052,3.157000014347101e-6,365.2564563372326,3624.408623154331,0.028719498935392697,-0.017404086817713747,1.238284853809247e-5,1164.19645928083,683.0017845126263,0.022150360790714307,0.008676339857754092,0.0006198882899271986,4364.245108442707,377.4691976769396,-0.03410508845701418,-0.053823217530311114,-257.2656678114681
3.933645866886625e-6,224.70077709895213,3503.7694942945977,0.00019311359625357447,-0.006334556308025557,3.0384782780108484e-6,365.25645798073987,3624.408581911206,0.015197738940072304,-0.0030865088126405377,1.1069084633660969e-5,1166.5388139873146,637.8946010653957,0.00569258424823973,0.023505695984682537,0.0009615471186132253,4335.207884260555,312.9085226966494,0.029281720059301897,-0.05052100391063566,-258.882722860775
4.044504962680387e-6,224.70077755985093,3503.7694819607755,-0.006552071353618444,-0.0019423444292755733,2.988979673523417e-6,365.2564594740408,3624.408556937673,0.009819653753176245,0.0007901027066634104,9.586564023490293e-6,1168.8858814942257,607.4803669874804,-0.005852533577047676,0.032257414020478895,0.0011612068295789573,4328.867548070675,273.75819688003685,0.04749286772771122,-0.047558728618405224,-260.0353637513761
3.74719192045123e-6,224.7007747251759,3503.769555331581,-0.0826440335487428,-0.057350706729890705,2.5757509444233796e-6,365.2564600934327,3624.4085676647383,-0.05006274817081662,-0.04443943774101747,4.82549411814168e-6,1171.2376712836842,1086.0655634213738,0.03376368859925051,-0.017614343303757257,0.0004878094261619649,4313.822516678406,1307.262580102088,-0.07005548858206107,0.12153050816550118,-262.43933256297237
3.794526356624479e-6,224.7007747096519,3503.7695542286833,-0.08165984820580555,-0.058735148981999094,2.580220519329014e-6,365.25646111161467,3624.4085598905626,-0.0492169284675264,-0.045510642722480205,5.1884875206742365e-6,1173.5941928568875,1062.8098534786782,0.03159582064418313,-0.0016078064002344363,0.0004796750670189694,4313.533793753359,1301.3533116419055,-0.0780397681796205,0.12473280819944663,-262.1847764386416
3.842254995089798e-6,224.70077471320272,3503.7695527261185,-0.08012103952678763,-0.05996412566285517,2.5873994887913865e-6,365.2564619301506,3624.4085549888887,-0.04794607072800044,-0.046462174060888824,5.515352223120418e-6,1175.9554557341498,1041.8560758817446,0.027896673988681325,0.010882608750953211,0.00047211606374553507,4312.240566009634,1295.648382284149,-0.0860031084933719,0.12785127903197924,-261.93573731240366
3.888832060968406e-6,224.70077474066252,3503.769550763767,-0.07830039789344101,-0.06098098544274578,2.59609458791049e-6,365.25646246800056,3624.408553720735,-0.04646544047894466,-0.04724805499112742,5.798357369804856e-6,1178.3214694549413,1022.503014391029,0.02365183385455784,0.02116878142750515,0.00046468031149687184,4309.661783848094,1292.1726631252652,-0.09376671632987482,0.13123433547451235,-261.71896684733406
3.931294310706633e-6,224.70077479775176,3503.7695482813774,-0.07647974506595072,-0.06176664811701279,2.605035201780809e-6,365.2564626294901,3624.408557029817,-0.044998340893302714,-0.04785290655417033,6.034046426757577e-6,1180.6922435779218,1004.3391103529126,0.019083263207021108,0.029850278660731012,0.0004569687348157497,4305.458897298403,1293.0328467482054,-0.10105813069802533,0.1351570098900166,-261.5627412760325
3.9662692454518275e-6,224.7007748886395,3503.76954528844,-0.07491365807251615,-0.06233267920222989,2.613008090634476e-6,365.25646231911486,3624.4085658841614,-0.04374552770449896,-0.048287548088375355,6.222026635580682e-6,1183.0677876809864,986.9539885586856,0.01404636978438263,0.03705197752580406,0.0004488155294629066,4299.405604610891,1299.812305605234,-0.10740673689001722,0.13968076870190443,-261.49666331567556
3.9901302253365355e-6,224.70077501424424,3503.769541908563,-0.07383745187626155,-0.06272080770770448,2.6188280126241885e-6,365.2564614754919,3624.4085808326013,-0.042891069328224736,-0.0485880732936032,6.362170784404356e-6,1185.4481113613003,969.873255597363,0.0081609226763816,0.042523731057409135,0.00044018009764452455,4291.489627381669,1313.4736737305934,-0.11212422145426425,0.14467533947071504,-261.5463028533626
4.000015907851591e-6,224.70077516764812,3503.7695384889303,-0.07341621900970101,-0.06298792222086068,2.6215933511850485e-6,365.25646009953505,3624.408601678505,-0.0425615764020658,-0.04880426678064323,6.453340705661675e-6,1187.8332242353374,952.4980716082085,0.0008071293462281019,0.04576685335331384,0.00043125842351777544,4282.126828156891,1333.7130698136496,-0.1142817293424417,0.14974472647360249,-261.7228703945149
3.993707362683448e-6,224.7007753315475,3503.7695356636773,-0.07379420133800393,-0.06318694645439604,2.620486967384836e-6,365.2564582736875,3624.408627252376,-0.04286639773318846,-0.04898248747511122,6.49594966330836e-6,1190.2231359389204,934.1480261334228,-0.008839139023237247,0.04602396347058914,0.0004223875241263361,4272.235178849962,1359.3530643887034,-0.11270294957887642,0.1544084410504818,-262.01097948367413
3.9692339428440985e-6,224.70077547710545,3503.7695343903824,-0.07516441090027896,-0.06335850203562647,2.6144732203419395e-6,365.25645615101035,3624.4086556043408,-0.04395504129973444,-0.04915649633145266,6.493596847475396e-6,1192.6178561272604,914.1038208125356,-0.0217362044463679,0.0422702446200829,0.0004138979765603344,4263.326240541338,1388.8334613170823,-0.1060124311586447,0.15833842359002637,-262.3600666799579
3.923743350301917e-6,224.7007755678421,3503.7695358462142,-0.07787916677620253,-0.0634951432471316,2.60181369165035e-6,365.256453921472,3624.408684508525,-0.046108174616922064,-0.04931569029749404,6.458945738083337e-6,1195.0173944749906,891.8748232228706,-0.03854575972224435,0.03318015246537056,0.0004060825761192132,4257.508890850194,1420.6501695925908,-0.09273484562506207,0.16142254142167872,-262.68498176352165
3.854375578404191e-6,224.70077557236147,3503.769540963498,-0.08237422156642753,-0.06352887296762984,2.5804965169060425e-6,365.25645180469724,3624.40871165237,-0.04968079920218148,-0.049391619367402946,6.4061233853419455e-6,1197.4217606762136,867.6652230322667,-0.05905299568643029,0.017860366541762252,0.00039906276288155106,4257.218747666349,1452.1281394437362,-0.07228786093853837,0.16326778209974374,-262.88108931286274
3.7665644390777656e-6,224.7007754992197,3503.7695487953088,-0.08839774125199815,-0.06341815031027373,2.5519460004664704e-6,365.2564501739981,3624.4087328931614,-0.05448636245976449,-0.04932615004690766,6.346533967466348e-6,1199.8309644445349,842.7676559280511,-0.08058112728640211,-0.0022199531615063935,0.00039296679026712015,4263.130207989607,1476.620360149512,-0.04854543612064141,0.16223585816845823,-262.86957793096093
3.6875649753472528e-6,224.70077540933372,3503.7695554350134,-0.09365744426213161,-0.06343794062507561,2.52698542515036e-6,365.256449515963,3624.408742330054,-0.05869873840110077,-0.04932373903359054,6.336055585256579e-6,1202.2450155131041,816.972211904673,-0.09555041658653643,-0.023511226486690955,0.0003894881925572531,4271.378636383491,1484.1422801061847,-0.03197806620847563,0.1564646257647894,-262.67898328009215
3.6500186334686395e-6,224.70077533082795,3503.7695586082937,-0.09512481770386605,-0.06391857238046088,2.519279753007035e-6,365.2564498522324,3624.4087397830986,-0.05987730558235374,-0.04967584238153518,6.525349827958701e-6,1204.6639236346537,785.8297588191108,-0.09432967775067248,-0.0456674912661911,0.0003930174358819268,4278.473341610012,1467.7872899428694,-0.02781140422247,0.145419579892968,-262.4313689959768
3.651291988394969e-6,224.70077526325977,3503.7695594450965,-0.09307776931307365,-0.0646993618157069,2.5274495736221087e-6,365.2564508317526,3624.408729254027,-0.058226236606486494,-0.050272500044356246,6.906710128043773e-6,1207.0876985815394,752.5374472448452,-0.07871060583017023,-0.06360213221654316,0.0004025193191651747,4284.718629444576,1434.4009416366425,-0.030738698400598383,0.13176728149819275,-262.20343410523884
3.6690329357953644e-6,224.70077521675051,3503.7695590695894,-0.08980067452014996,-0.06549256068239769,2.5413034251095605e-6,365.25645208954717,3624.408714798102,-0.05557518415684039,-0.05087154014342213,7.307151476693062e-6,1209.516350145776,723.7460098566024,-0.060360069245797496,-0.07287136443793765,0.0004123191082019154,4290.217094421663,1398.154950940052,-0.035747193788368985,0.11964722813899022,-262.0120732843902
3.693629459833109e-6,224.70077519301185,3503.769557939736,-0.08622331408277528,-0.0661894604203902,2.556746081169925e-6,365.2564533786408,3624.4086994123086,-0.05267573933191511,-0.05138423718493387,7.65116900893533e-6,1211.9498881390823,699.3382005873747,-0.04449756864635745,-0.0762147524692251,0.0004202711239483335,4294.691344645842,1364.3488110704266,-0.041222721535815604,0.10997326162288168,-261.86355206080555
3.7224784881838627e-6,224.70077518830274,3503.7695563035636,-0.08252382662574545,-0.06677376447328823,2.5730195598966497e-6,365.2564545668902,3624.4086848055376,-0.04967556057208644,-0.051801665977199846,7.92946897187101e-6,1214.3883223929183,677.6247514994498,-0.03152382513655563,-0.07655937215177713,0.0004262100327145888,4298.103378558469,1333.341585028851,-0.046750441942785166,0.1022396502121904,-261.76369390624075
3.7552324810808303e-6,224.700775199489,3503.769554278306,-0.07866601588273317,-0.06724483840751981,2.5903264205417e-6,365.2564555989056,3624.408671711225,-0.046548001440775415,-0.05212784587557998,8.146990103378976e-6,1216.8316627585236,657.442675033554,-0.020680901337148633,-0.07546741748632474,0.0004304675616529891,4300.494092856892,1304.1828004758565,-0.05226294037908652,0.09573480101059578,-261.71731964056016
3.7929425159191187e-6,224.70077522490743,3503.7695518894193,-0.07451149228395296,-0.06761229564500787,2.6093525027191736e-6,365.2564564599804,3624.408660321796,-0.043182352518894226,-0.05237487354577017,8.30940066256475e-6,1219.2799191069594,638.1512736095387,-0.01112431589844344,-0.07363369820897299,0.00043337584014440874,4301.928675104085,1275.2820092931624,-0.057874514275431804,0.08976399051051097,-261.72770456981016
3.839953537983551e-6,224.70077526623322,3503.7695490171736,-0.06965356583169582,-0.06788354914053046,2.6321008631278707e-6,365.256457179749,3624.4086501794773,-0.039250438154177454,-0.052555248213635115,8.420404485419509e-6,1221.733101329148,619.3534608561401,-0.0018497056235861455,-0.07125855244178798,0.0004353238558274079,4302.418738528948,1243.3723770447527,-0.06386741214851016,0.083310779245695,-261.7958680217769
3.9206518043991605e-6,224.70077533991005,3503.769544846531,-0.0619784251177091,-0.0680734944418294,2.6690084786715568e-6,365.2564579521633,3624.408638363145,-0.033044830459020395,-0.052701216643979906,8.486163473443108e-6,1224.1912193359085,600.4807421054983,0.010025272639800398,-0.06782643144996199,0.0004367930846802855,4302.03473569357,1192.779635826904,-0.0716606947203694,0.07255374145593214,-261.9177603519325
4.740669534173073e-6,224.70077611516862,3503.7695128546034,-0.0025834448162610235,-0.05429306559010191,2.9878090883105713e-6,365.2564620452735,3624.4085749775463,0.014835762507073465,-0.04175232300322488,8.337260607674812e-6,1226.6542830580045,575.4681836759597,0.0847394144450937,-0.0377665733200588,0.0004383770597386441,4299.426364824381,692.9392993591773,-0.08489955291964302,-0.0484013339046776,-261.3462131237499
4.749137238363335e-6,224.70077615483237,3503.7695113871314,-0.0020801063787202812,-0.05375652985357814,2.991895688872982e-6,365.2564612553933,3624.4085836783224,0.015276701730014991,-0.04130754817245751,8.27127804882604e-6,1229.122302446179,560.012179437764,0.08735303658527296,-0.03421766013183307,0.0004375233328959126,4297.038386717388,700.0864587081475,-0.08787366298229685,-0.045690088526137505,-261.4129024279492
4.757588787015013e-6,224.70077620247926,3503.769509719676,-0.0016012146155669417,-0.05313433049041798,2.9960007484831132e-6,365.25646025620756,3624.408594461108,0.01570208582856945,-0.040816584201377744,8.139140452126074e-6,1231.5952874711954,545.1418897824186,0.09035775852200642,-0.030059827559041248,0.0004379625787045804,4293.004814934031,709.5176143091828,-0.09009159777181759,-0.043006957371857585,-261.5607912618862
4.767073998069621e-6,224.70077626135,3503.769507795972,-0.0011003682722506643,-0.05240204253950356,3.000384729496788e-6,365.25645912235234,3624.40860626134,0.016150959717234296,-0.04026350332807338,7.938790614466755e-6,1234.0732481238788,530.9671237479739,0.09405231157030014,-0.025085373758456677,0.00043986918206558045,4287.246682044927,720.7853834943835,-0.09128463700852764,-0.04055942415977496,-261.7645939870024
4.778343113570931e-6,224.70077633441585,3503.7695055729773,-0.0005493966118917848,-0.05154183859131867,3.0051983067407257e-6,365.2564579290162,3624.4086180741688,0.016647522572687104,-0.039637024446649835,7.67181982577556e-6,1236.5561944151566,517.6231665178617,0.09878278182103287,-0.01902984225691774,0.00044337629860458457,4279.727432171597,733.6609987456383,-0.09125178910602254,-0.038470051352868746,-261.99399549639554
4.791755921287174e-6,224.70077642390228,3503.769503030116,6.246566656784701e-5,-0.050543741553956384,3.010480258312964e-6,365.256456745847,3624.408629060153,0.017201068521960426,-0.03893116637513196,7.3449586549013745e-6,1239.0441363760942,505.27046131896725,0.1049370760848014,-0.011595629052207146,0.0004485470178311307,4270.471805698706,748.0478338512934,-0.08988487244508397,-0.036784203802168715,-262.2161350875684
4.8066647342648005e-6,224.70077653049236,3503.769500191621,0.0007030051582919476,-0.04941413394281228,3.016004055897934e-6,365.2564556351405,3624.40863859758,0.017784989189135136,-0.038151239195073613,6.9716996029217156e-6,1241.5370840579435,494.0687851767321,0.11290378829109342,-0.002561185642752297,0.00045541113896801745,4259.586374230949,764.1070933820241,-0.08716563176144879,-0.03543121631612893,-262.3993306197604
4.8215992003214865e-6,224.7007766536542,3503.7694971100696,0.0013165631726334245,-0.04817578803228422,3.0213933419775657e-6,365.2564546552455,3624.408646222804,0.018351492186987752,-0.037313500972269334,6.5707535070877304e-6,1244.0350475321784,484.13267280200915,0.12306013544366341,0.008171374545345639,0.0004638781036364459,4247.213920436506,782.164603968298,-0.08319844326632414,-0.034281323437539805,-262.517925355584
4.833772748807463e-6,224.70077679020278,3503.769493902916,0.0018043068401136177,-0.046874393996619086,3.0260153553634697e-6,365.25645385659,3624.408651696245,0.01881592342820178,-0.036449552974125166,6.1664550999344595e-6,1246.538036890536,475.45062279642195,0.13562316532702465,0.020347005154474386,0.0004738383713124363,4233.632437454918,802.6038767711862,-0.07816588519191082,-0.033143163390554224,-262.5575939219354
4.839970633072362e-6,224.70077693462477,3503.7694907329924,0.002069893131908715,-0.045573652162809945,3.02925590367966e-6,365.2564532816601,3624.4086549547033,0.01909314613460316,-0.03560269013119872,5.783324000935071e-6,1249.0460622450596,467.8163974740972,0.15056480752757126,0.03322900939252608,0.00048502646128465983,4219.243632005292,825.5318796914618,-0.072359763522192,-0.03186132282887181,-262.519621031764
4.836952689614026e-6,224.70077707863177,3503.7694878131665,0.002023443341627527,-0.044353240216327285,3.0305593889188998e-6,365.256452958789,3624.408656130333,0.01910221465136046,-0.03482639740487848,5.443496950448671e-6,1251.5591337281337,460.7723321990861,0.1674610760082969,0.04543084898617688,0.0004970379024102447,4204.61917619839,850.6466894165226,-0.06614679105936787,-0.030334969703391276,-262.4220910790169
4.827873662331492e-6,224.700777299194,3503.769483763839,0.0005549529068467266,-0.04587487027028976,3.022956710079613e-6,365.25645309930127,3624.4086578354254,0.017893011339749795,-0.03630277829879182,1.4654787512736809e-6,1254.0772614925331,1210.6707702853946,0.664500641901202,-0.2685017942541735,0.00047067252818018036,4187.5745827311175,911.9587146453481,-0.07648616121244313,-0.023121739655008387,-262.2326919814739
4.805085357981357e-6,224.7007774142352,3503.769481831228,-0.00023238711585335506,-0.045238267876871734,3.019390973911245e-6,365.2564532881192,3624.4086568981343,0.017252117655877537,-0.035942197202265075,2.0321705085560004e-6,1256.6004557114586,1227.972884043761,0.5060727728197398,-0.19601067078905104,0.00047999332500968774,4174.147770418323,937.7231074010776,-0.0706977121612213,-0.021618316704477114,-261.94906814806984
4.795994180458425e-6,224.70077771071414,3503.7694741198106,0.0006011546853425241,-0.04625649540023432,3.026853650493654e-6,365.25645467755623,3624.408633850198,0.017737269069139947,-0.036987769397530186,2.2483246142712037e-6,1259.1287265785797,749.4464136472851,0.32699498714519065,-0.4173120731457358,0.00046079870299019964,4147.512619522384,1012.0240741988647,-0.07705587092307477,-0.016281541953792687,-261.69217871047994
4.7535181246250065e-6,224.7007777389443,3503.7694743995844,-0.0009332139560706862,-0.04644700488945783,3.0180847436813505e-6,365.2564550747062,3624.408634119794,0.016441216456240138,-0.03720086755472598,2.1733205653395e-6,1261.6620843080748,732.2375382988208,0.3735811238864824,-0.4166160186539236,0.00046523789274169883,4140.602730400975,1030.017811542428,-0.07366441582842999,-0.014613499607877273,-261.50048419629417
4.697932890585414e-6,224.7007777140058,3503.7694759390383,-0.002999513957346498,-0.04692704132223626,3.0062939544676153e-6,365.2564554755706,3624.408635620889,0.01468374725020009,-0.03759585557315852,2.0492380760197755e-6,1264.2005391346752,713.9446109489573,0.4154304499298708,-0.42079923053647666,0.00046865102719000545,4137.269601780841,1042.8756528831063,-0.07137337018752322,-0.012991432725181273,-261.47509082853065
4.632536144614346e-6,224.70077764889032,3503.7694783408433,-0.0055913066504870235,-0.04781756974834868,2.9914040948026943e-6,365.2564559275638,3624.4086367333507,0.01247317265759544,-0.038280577367319,1.8917452645248438e-6,1266.7441013137,694.4542004003558,0.4535177200008433,-0.4307210188826871,0.00046906075220854587,4136.875480640143,1053.2597156928377,-0.0710065089233595,-0.011114356059686433,-261.5957934714078
4.558579096439995e-6,224.70077755919436,3503.769481192342,-0.00885457330773156,-0.04931459386587678,2.9724066976687615e-6,365.25645650645583,3624.4086356201174,0.009695416398046093,-0.039424831425573764,1.7131132931010555e-6,1269.2927811211057,673.0740717910392,0.4885159032558625,-0.4493481253538589,0.00046425897889330674,4138.584629979756,1066.0678993637948,-0.07343764430840825,-0.008212780612371667,-261.81245352330455
4.469558937950083e-6,224.70077745893377,3503.7694841914176,-0.013479086198989357,-0.05180784741578243,2.945176345200642e-6,365.256457340123,3624.4086298778575,0.005796394713245398,-0.04135032123524919,1.5126195743637579e-6,1271.8465888535234,646.8102898565902,0.5207057185025541,-0.4872624411118556,0.00045153263754879803,4141.487680289844,1091.2075607668885,-0.0799193155246233,-0.002310106171302237,-262.0592257180281
3.888963027513139e-6,224.70077715279407,3503.769494445672,-0.059574233821978226,-0.06461600954059393,2.693638945690254e-6,365.2564606648252,3624.4085815713293,-0.03155714380028442,-0.051273158867443124,5.203291298032617e-7,1274.4055348283002,230.6116373099002,0.47344609956729305,-1.619210397095309,0.0003877226061427247,4149.969144005059,1445.7201060050863,-0.09844731053801334,0.08615273273487188,-262.28421417259403
3.746375780953455e-6,224.7007771260094,3503.769495403336,-0.07265879109231961,-0.06501587204032015,2.629626368362816e-6,365.25646124575405,3624.40857555224,-0.0421116182936529,-0.051388547151882735,2.640522441346039e-7,1276.969629383542,2123.2125379461795,0.4838413513112921,-3.2487399359928646,0.0003694179540149244,4151.039287129597,1527.0572482428313,-0.10099303217203438,0.10869390599476884,-262.0094605839139
3.6944401706227356e-6,224.70077715597236,3503.7694946035526,-0.07743394079965987,-0.06506842980971272,2.6069454309629352e-6,365.25646167245293,3624.408572406136,-0.045988219809429354,-0.051294897653084,3.8085613396625584e-7,1279.5388828781563,-65.60021371227083,0.4268577083351638,-2.3133133727973036,0.00035576786413708177,4150.003554824803,1558.3166438095318,-0.10673947901519401,0.11855859725683253,-261.68433584025604
3.66076643154071e-6,224.70077720468035,3503.769493196407,-0.08064008947039178,-0.06510749238006475,2.591990781391327e-6,365.2564619922522,3624.4085703557403,-0.04859267737309081,-0.05119195215632748,3.6692058500309274e-7,1282.113305691888,-153.52007931575156,0.48441901499793744,-2.494227773220112,0.00034212268344229764,4148.400554307402,1582.035821172606,-0.11428412957886407,0.12700078125867106,-261.3278034734977
3.662160404111886e-6,224.7007773677679,3503.7694885342657,-0.08074368319948567,-0.06510156988861951,2.593969734726214e-6,365.25646213443787,3624.4085700334417,-0.04869417421734435,-0.05099674281788416,6.430582914876381e-6,1284.692908225371,1181.0647545035602,0.12546913121458658,-0.06627847904327035,0.0003244991757939287,4144.732066525524,1599.6902911370423,-0.127986861892738,0.1349830068382726,-260.93068865370736
3.662512380434259e-6,224.7007774352758,3503.7694864607324,-0.0805687194524701,-0.0651443671922892,2.595167481589604e-6,365.2564620851336,3624.408573285756,-0.048576770776456855,-0.05088346392144904,6.655254302111939e-6,1287.277700900163,1167.4662707492423,0.12831853379599226,-0.06436955610649853,0.00031049638429262317,4144.121142306699,1606.562895365295,-0.14055075240330311,0.14116489438487517,-260.5412243692232
3.6192074646821355e-6,224.70077740095297,3503.7694874648346,-0.08495815956417763,-0.06487777118723215,2.572050632174899e-6,365.25646225913533,3624.4085727737156,-0.05210906585796053,-0.05061029789595024,5.4335211956879e-7,1289.8676941587898,60.915703349279845,0.8623795427556026,-1.8164488628874733,0.00030074513199548,4144.089063825856,1628.0530680001445,-0.14674373694228615,0.15002120464831745,-260.1319812367812
3.6171666599357255e-6,224.70077746704,3503.7694855474256,-0.08527375873802855,-0.06460512953036043,2.5705062306619238e-6,365.2564620901342,3624.4085772152657,-0.05237275358598703,-0.05026054005630975,8.72513064436242e-7,1292.4628984647886,330.2739052781045,0.7646350060327953,-1.0925751431869628,0.0002860679802637143,4143.821183066048,1636.5483472260519,-0.16194587733542032,0.15798305452911793,-259.69606114806277
3.6179837905347452e-6,224.7007775372337,3503.7694834850813,-0.0852942078300453,-0.06424321983282757,2.5703922175846544e-6,365.2564618146104,3624.408582880217,-0.0523979641238536,-0.04983441659580721,1.222212147919033e-6,1295.063324302749,447.18056056326475,0.6905423396478482,-0.7458383251271047,0.00026984403132153964,4143.879022828582,1643.839064309758,-0.18121163804631635,0.1670734027261325,-259.24148561169284
3.6201956249489898e-6,224.70077761345252,3503.7694812152185,-0.0851596032297655,-0.06378392284365451,2.571059100170165e-6,365.2564614388526,3624.4085895629414,-0.05229749635087247,-0.04932387809924173,1.6071154467277935e-6,1297.6689821783525,506.7965109364425,0.6247261253861293,-0.543307610594775,0.00025156611153472655,4144.220055085271,1651.0651338058894,-0.2063342593145744,0.17804704633622695,-258.77303703358064
3.6223284717311814e-6,224.70077769657428,3503.7694787058317,-0.08501583941584263,-0.06320919074722021,2.5718332512088607e-6,365.25646096406194,3624.408597100426,-0.05218839438892498,-0.04871387385793455,2.043771437822644e-6,1300.2798826184217,537.9118993668384,0.5633362191016008,-0.4143631233133933,0.00023094554847368076,4144.838182555046,1659.534212186094,-0.23981603099707915,0.19185286118511957,-258.30168273054085
3.6229635291060913e-6,224.7007777884066,3503.7694759040414,-0.08500475254669211,-0.06252018069823119,2.5720538840386555e-6,365.2564604007242,3624.4086051307963,-0.0521845097619829,-0.048005755454811685,2.538421975833725e-6,1302.8960361709574,551.8002569955603,0.5070373729539839,-0.3315863585814974,0.00020789542054482096,4145.646543273728,1671.3741268653685,-0.2853667578910919,0.20986809861699224,-257.8480544762361
3.621030700023755e-6,224.7007778900678,3503.7694727865783,-0.08523065991627195,-0.06172761748461531,2.571233964047407e-6,365.2564597682818,3624.4086131070403,-0.05236898725439537,-0.0472108794236759,3.0862843083498376e-6,1305.5174534051837,1860.2915547568007,0.457042100849597,-0.2794824567607497,0.00018301164185603023,4146.483352097074,1689.9043734583686,-0.3474972566226971,0.23388233924451315,-257.446868927849
3.6165336509480093e-6,224.70077800194258,3503.7694693582525,-0.08567053040003347,-0.06087334615669526,2.5694907583885855e-6,365.25645910907855,3624.4086201120053,-0.05272142540767382,-0.046368849653050416,3.646032812130603e-6,1308.144144911589,550.1520269023993,0.4159632546048862,-0.25006862964277854,0.00015784199226853596,4146.981353100193,1720.1476557658184,-0.4299642115741237,0.2659666535009992,-257.15018691708195
3.6114162028714825e-6,224.70077812259188,3503.7694656756744,-0.08607293751961814,-0.06002206121855294,2.5680261671733715e-6,365.25645848698235,3624.4086250695823,-0.05303666271985836,-0.04554139841415934,4.1503796994331085e-6,1310.7761213019714,540.1246385321388,0.3849642689300053,-0.23806370766360982,0.00013450219211732532,4146.676564333211,1767.6967900301295,-0.5330786755822512,0.307985322690339,-257.02313503630353
3.608873220989357e-6,224.7007782494078,3503.7694618222135,-0.08604869139248791,-0.05923573943384565,2.5686859609983062e-6,365.2564579708984,3624.4086271820192,-0.05299986641471255,-0.04478988275145325,4.53133054936981e-6,1313.4133932094765,525.942911875797,0.36368521473942256,-0.24035408913108297,0.0001144509201464518,4145.262087055839,1836.6568826180373,-0.6535431197769301,0.3613645582035345,-257.1261679483497
3.6103470060416423e-6,224.70077837549604,3503.7694579999716,-0.08541156235411247,-0.05853555767955473,2.5723831017307397e-6,365.2564576026184,3624.408626384902,-0.05246058947232851,-0.04414227100923347,4.772476613769858e-6,1316.0559712886463,508.6531844526524,0.3484499698979874,-0.2539158747483352,9.827437202853698e-5,4142.813147554174,1925.787342086868,-0.784495412939744,0.42533394681145686,-257.4932287152224
3.6140922902001285e-6,224.70077848844548,3503.769454570388,-0.08435541408687074,-0.05790047333563244,2.5782515084230525e-6,365.25645739243987,3624.4086231720735,-0.05157584124894422,-0.04359038982134278,4.902686937253154e-6,1318.7038662154596,489.4125794410359,0.3344332039230209,-0.27480494978011044,8.630724763266379e-5,4139.799821376191,2022.9280662369695,-0.9115333217695949,0.49267337081152707,-258.1248310481023
3.7835737195367044e-6,224.7007787458929,3503.7694477683026,-0.06764614351288917,-0.0552751962697885,2.659829014016581e-6,365.2564582278198,3624.4086107862236,-0.03823681440346658,-0.04150231987533342,1.1008807012227962e-5,1321.3570886873747,979.6673255440522,0.18126256020328554,-0.05072480811931842,6.515008603843211e-5,4148.877441907528,2243.54774787332,-1.2099043767893867,0.6602959342590506,-258.8036844614469
3.7624177622780932e-6,224.7007788251795,3503.769446060665,-0.0690521105806523,-0.0543634684885254,2.653609658629503e-6,365.25645843111255,3624.408602172733,-0.039303099269478954,-0.04084274217315059,1.1475598793116915e-5,1324.0156494233731,964.9964040104742,0.1736133648020925,-0.05533512050545999,6.552212211330703e-5,4143.290818227608,2285.252992801222,-1.1881808392025042,0.6761848797373826,-259.69713899451375
3.736838662219636e-6,224.70077882742683,3503.7694464850606,-0.07090584856084667,-0.05354433977710867,2.6452378438463577e-6,365.25645866448644,3624.4085934650584,-0.04073427492005821,-0.04031737060609054,1.160892208880357e-5,1326.679559164004,950.1051213565727,0.16663626916512297,-0.05890277562017034,7.694127207639074e-5,4139.744356071215,2182.0032774574674,-0.983861858650486,0.5865208498626922,-260.8360040351233
3.7116724623026853e-6,224.70077866036652,3503.7694512609273,-0.07298391877130979,-0.05298928046971336,2.6354144718012655e-6,365.2564586737305,3624.408588802353,-0.04237091329275164,-0.040063152418533476,1.1007005139763992e-5,1329.348828671423,934.4815003004389,0.16343344096583134,-0.06005713000903143,0.00010516798427937033,4143.5715624949835,1964.1792426562245,-0.6870713215782462,0.42572789171341424,-262.1521535368785
3.693873436068852e-6,224.7007781063861,3503.769465875227,-0.07504320657414702,-0.053499309640590444,2.6242513343723784e-6,365.25645777529695,3624.4085993536924,-0.044033771755480365,-0.04071349730994132,8.958858289362022e-6,1332.0234687294426,916.0400903730266,0.17158007674210876,-0.05975338631743,0.00016252526904513636,4165.793446403302,1694.9808737018639,-0.41092025461940707,0.26210396503259287,-263.4873545248636
3.6775220941138965e-6,224.70077650401683,3503.769508697073,-0.07622806103165128,-0.05845643495687001,2.614899292455618e-6,365.256453506214,3624.4086644181643,-0.04518721812823533,-0.04477894223530726,3.849681607043354e-6,1334.703490143571,1292.2498865592943,0.21288707774336607,-0.2317588594571093,0.0002690771330985717,4230.4913446951205,1391.0661655880788,-0.21024156306946304,0.14851760362061397,-264.5010564435631
3.674080985805013e-6,224.70077618475278,3503.7695180414617,-0.07713437262573987,-0.059543082220584284,2.6083898133222745e-6,365.2564531161989,3624.4086714927757,-0.045885801857219424,-0.04576933152519293,3.586908919456186e-6,1337.3889037410568,1283.5920062948478,0.16634513573038295,-0.2278294978121935,0.0003117231206425608,4244.041956462498,1374.3210496320912,-0.1601871596471997,0.13601141355324153,-265.0388145011131
3.6694696010153854e-6,224.70077594933858,3503.769525196248,-0.07818117747776414,-0.06037783875252842,2.6014951400610352e-6,365.25645282430804,3624.4086777408884,-0.046719028632935033,-0.04652933852321015,3.3872098815432764e-6,1340.0797203709353,1276.7741937441456,0.12501349316916893,-0.21820631820065053,0.0003442705674284818,4254.200761103143,1364.400685397294,-0.1301268074660214,0.128217309938996,-265.4310553219029
3.6654221971104358e-6,224.70077579207677,3503.769530130949,-0.07912860989712563,-0.06099751760979139,2.595500795397768e-6,365.2564526555707,3624.4086820871667,-0.04748592225329291,-0.04709263354344915,3.2543700206804205e-6,1342.7759509040645,1269.819701138311,0.09419526733644908,-0.20397325203846026,0.0003672013895461772,4260.7235030841575,1359.318565660345,-0.1120965589797425,0.12330468011618767,-265.7149881258631
3.6623526655800575e-6,224.70077568870892,3503.76953346963,-0.07993722094666846,-0.0614659047566369,2.5905133205980693e-6,365.2564525644708,3624.4086850588988,-0.04814829434843792,-0.047517293442426216,3.1818781168120736e-6,1345.4776062331798,1261.4032148991955,0.07373715026700133,-0.18681743404924964,0.0003833920545549153,4264.649164886264,1357.5653513263112,-0.1006140117377027,0.12011937710646788,-265.9223975281085
3.660018727167957e-6,224.70077562014913,3503.7695357530806,-0.08065350950856132,-0.06183435220491889,2.586206590239346e-6,365.2564525089941,3624.4086873140755,-0.048740540064755866,-0.04784969151954594,3.164502111990717e-6,1348.1846972729304,1250.6960286451892,0.06189743504291459,-0.16788705809170826,0.00039504175617661845,4266.908488975618,1358.1237547672945,-0.09285347437373301,0.11805034045889334,-266.0751313521447
3.6580032285519654e-6,224.70077557496444,3503.7695373227957,-0.08134632068209667,-0.06213792476048354,2.5821723981863054e-6,365.2564524674596,3624.408689231497,-0.0493175452664216,-0.048121233375744095,3.2054794838489962e-6,1350.8972349599262,1237.302288329133,0.05632322389046652,-0.14745838399712824,0.00040349430486711697,4268.080310979247,1360.5111433613988,-0.08737946593290571,0.11679057000757635,-266.18751292878056
3.6561778484207597e-6,224.70077554623478,3503.7695383931923,-0.08205539987736177,-0.062404132433022785,2.5781600651390735e-6,365.25645242795696,3624.4086910425326,-0.04991271131136202,-0.04835680925490587,3.312861972555424e-6,1353.6152302527814,1220.9012329554687,0.05450623329803444,-0.1252941893949294,0.0004096752133079619,4268.494311345734,1364.3749738419242,-0.08338143383974488,0.11610967273509736,-266.2685889602533
3.654341837555412e-6,224.70077553149454,3503.769539042411,-0.08281588788694565,-0.06266278966376135,2.573967790795851e-6,365.2564523892368,3624.4086927960093,-0.05055661452644432,-0.04858188195533892,3.4934916779922003e-6,1356.3386941321603,1201.0918790983662,0.05344053851351464,-0.10153536809642164,0.0004140910176979433,4268.206117609187,1369.8164321079944,-0.08044323069275558,0.11589500730632338,-266.32353638975405
3.652513107550714e-6,224.70077557202268,3503.76953636698,-0.08285851347398225,-0.063577044443677,2.574639997530292e-6,365.2564521738038,3624.4086940743164,-0.05052817606437352,-0.04932215241442695,3.7069428724946764e-9,1359.067637600816,397.5857977847121,115.42816935317391,-0.6567253305808757,0.0004152168407092346,4256.784118331282,1375.9323997694366,-0.08426310840264499,0.1134898362845138,-266.32843040693075
3.660347887889922e-6,224.70077557075848,3503.769536487801,-0.08215482823677756,-0.06374173862786749,2.5777688807168214e-6,365.25645213332956,3624.408695034102,-0.04999356046794223,-0.049456238255324234,2.157464729547332e-9,1361.8020716836427,458.04070246645244,203.73396325003455,-0.4569862434316838,0.0004192169867449409,4255.995171929708,1375.181354492161,-0.08232751361270019,0.1122838887655586,-266.30075081492686
3.667371899114874e-6,224.70077557539034,3503.769536456969,-0.08148356472725027,-0.06383971856718075,2.580803635679174e-6,365.2564521006564,3624.408695918053,-0.04948044422016393,-0.049532618553027145,2.949608048469027e-9,1364.542007427716,414.02517539252034,153.6093660167914,-0.5014189459769262,0.00042275960436253325,4255.117613197544,1375.3663137738567,-0.08052825847112662,0.11133161585636539,-266.2687511319322
3.673060346017935e-6,224.7007755845681,3503.769536304382,-0.08089198731702901,-0.06388338848853654,2.5835176715757687e-6,365.25645207834935,3624.4086966767663,-0.04902578819438869,-0.049561291247461704,2.9509685581437583e-9,1367.287455902338,317.78228232864853,158.10595744662695,-0.6673841850217028,0.00042578827785452386,4254.170491029849,1376.4880484759558,-0.07889026738573064,0.11063971397558603,-266.2362722416284
3.680166825030375e-6,224.70077559741264,3503.7695360581642,-0.08009803493967171,-0.06388044176607627,2.5871993825271358e-6,365.2564520653118,3624.408697336515,-0.048407723663691754,-0.049556887196196296,6.699530919432386e-9,1370.0384281990819,438.8299532061984,71.574458359059,-3.4852922509250694,0.0004287707713582685,4253.343171781201,1376.5622149783048,-0.07739801038386879,0.1097390382672094,-266.2064236798915
3.6846599545615323e-6,224.7007756122749,3503.769535723551,-0.07948911000383647,-0.06382538586273712,2.590143163438394e-6,365.2564520768867,3624.408697650001,-0.04792574387858896,-0.04950200761404162,2.0393399113580787e-9,1372.7949354318384,417.51295145061647,240.32795539263384,-0.33152595775436755,0.0004312471419733936,4252.2676273647085,1377.9561224864547,-0.07602381160262232,0.10913960331300726,-266.18465124494793
3.6535246676198067e-6,224.7007757581288,3503.7695331185537,-0.08458635835138824,-0.06425120412363095,2.564080671606774e-6,365.2564532764451,3624.4086837511163,-0.05230384288487967,-0.04989227391338387,5.516536103891712e-6,1375.5569887368554,993.3333840865835,-0.007297516903924546,-0.03310722318862825,0.0004211723039061699,4248.714090563269,1425.4775962105846,-0.07558058212570772,0.11705829627706463,-266.1432190464541
3.6526741141084385e-6,224.70077578568652,3503.7695324392507,-0.08465216504147872,-0.06425227974241476,2.5636255901956085e-6,365.2564535084509,3624.408680338184,-0.052389805800180954,-0.04989958592445447,5.801227747084824e-6,1378.3245992727905,969.3339704827521,-0.013251466566647465,-0.03460321262612616,0.0004205396658609895,4247.3606450961925,1429.9728883029263,-0.0756522738949541,0.11744392654153565,-266.08121549898016
3.6504170976389135e-6,224.70077580995184,3503.769531865829,-0.0848768791196178,-0.0642331480994662,2.562385581989662e-6,365.2564537520481,3624.408676660294,-0.052602514766407184,-0.049892757933390534,6.084306808973558e-6,1381.097778220752,946.131025903713,-0.01926143781294634,-0.03622954084848301,0.0004194635941513988,4246.259625045413,1434.5556074116723,-0.07585708101754125,0.11802508196671506,-266.0176672126541
3.646875028371758e-6,224.70077583177329,3503.7695313665786,-0.08525706622598447,-0.06420868816246003,2.560375140348171e-6,365.25645400421917,3624.4086727559657,-0.052940899278231555,-0.049884057468983896,6.369371010526992e-6,1383.8765367843432,923.1161167944466,-0.025499902119030176,-0.038134731757423504,0.000417937011307864,4245.284717708672,1439.3773843049453,-0.07622474532320599,0.11879015126946757,-265.9515213252473
3.6424862589791068e-6,224.70077585161837,3503.769530924524,-0.08576094974638303,-0.06418931726496795,2.557723985713659e-6,365.25645425791754,3624.408668729177,-0.053381650865303526,-0.04988239517075764,6.662409054302126e-6,1386.6608861897103,899.8184923066093,-0.031946224304054895,-0.040553459095658675,0.000416020509687346,4244.356778732249,1444.394259651359,-0.07676095257752612,0.11969320753413855,-265.88082731363414
3.637886184691968e-6,224.7007758696452,3503.769530530661,-0.08633517246476503,-0.06418685712889056,2.554675553872419e-6,365.2564545011452,3624.408664755381,-0.05388435468964874,-0.049898093318340817,6.970727438331581e-6,1389.450837685587,875.8514073211624,-0.0383809469976002,-0.04373306284973898,0.0004137998432023161,4243.417885355221,1449.4165643259284,-0.07747376859013212,0.12066085457263322,-265.8030603059619
3.633996535043377e-6,224.70077588596232,3503.7695301793656,-0.08689713390272667,-0.06421486084085687,2.551589659265247e-6,365.2564547213567,3624.408661025501,-0.05438537501654594,-0.04994287132810504,7.300772560432508e-6,1392.246402543335,850.9778770198947,-0.044472479235893404,-0.04789003133844861,0.0004113989287844084,4242.42435709582,1454.1237672197312,-0.0783613805620472,0.12159044411811742,-265.7155321224855
3.631750681355312e-6,224.70077590003095,3503.7695298860885,-0.08736130847796293,-0.06427707064730626,2.548846152081638e-6,365.25645490054626,3624.4086578209185,-0.05481813475891568,-0.05002052275835224,7.655330489840878e-6,1395.047592056999,825.1949217649649,-0.04979496357965733,-0.05307513291352763,0.00040902469658844325,4241.390682147321,1458.109974534285,-0.07937188330511792,0.12236639613887015,-265.61590484773996
3.6323140445645734e-6,224.70077591116123,3503.7695296705488,-0.08761264907688897,-0.06438060081941234,2.5469541896095152e-6,365.25645502234977,3624.4086554053883,-0.05509199089759184,-0.05013735627386804,8.033734862011021e-6,1397.854417543345,798.7126247347586,-0.05392886279914935,-0.05915142738598478,0.0004069283829499176,4240.344432043939,1460.8188512528989,-0.08043935221068536,0.12283132032814983,-265.5027645650186
3.6366268155595157e-6,224.70077591866996,3503.7695295525314,-0.08755250283847485,-0.0645279228541055,2.5463633290210955e-6,365.2564550741397,3624.408653989625,-0.055128080012462485,-0.05029534676473605,8.427621911075355e-6,1400.6668903419088,771.847075233218,-0.0566263961125873,-0.06582061120695341,0.0004053370914275195,4239.331384687767,1461.7648271683727,-0.08148959188705454,0.12285441361819847,-265.37611768287223
3.862248132767303e-6,224.70077576674538,3503.7695282831723,-0.05893998243485956,-0.06434614028551153,2.6919616789137206e-6,365.25645516868315,3624.408648686424,-0.031229485662685935,-0.049470320820230264,6.970309991102719e-6,1403.485021815041,1383.2416953202185,-0.045729815176765054,0.06066053830840912,0.00045422299717562593,4236.417363935813,1261.1546258346207,-0.07750734907089853,0.07350511514297005,-265.23350043774224
3.883243690394431e-6,224.70077581814644,3503.7695267022305,-0.05779863151463996,-0.0645227310177822,2.6972714345850418e-6,365.25645543234197,3624.4086439238868,-0.030384962502559454,-0.04958004121777765,6.7102718936873515e-6,1406.308823347954,1379.6186170878468,-0.05591925019227815,0.07749715181093961,0.0004514444197715448,4231.518952043614,1258.996948098259,-0.07970014821500301,0.07151767445413357,-265.03536671744314
3.91254802129177e-6,224.7007758811187,3503.7695247916863,-0.0560212899057549,-0.06467411941878118,2.7057988395545903e-6,365.25645572402726,3624.4086387722514,-0.029056495879825145,-0.04967691639487821,6.415074569708786e-6,1409.1383063487642,1380.4554219673078,-0.06503213455880823,0.09998277848351646,0.0004481746956432554,4226.045140362122,1253.2142648642466,-0.08252751846843659,0.06858037935173357,-264.8002886315001
3.961439200754856e-6,224.70077596237573,3503.7695222947973,-0.05259097780272146,-0.06469362347273659,2.7227715610726603e-6,365.25645605195564,3624.4086332509264,-0.02643542638921621,-0.04967991074688149,6.130570705780403e-6,1411.9734822485443,1385.5827351823134,-0.07162798532216506,0.12924994785050997,0.00044481234945215113,4220.024803165615,1236.2077510207466,-0.08636492478378197,0.06294441726109093,-264.51934023855796
4.0922207826499425e-6,224.70077610596312,3503.769517450431,-0.04206501820830866,-0.0638222070546907,2.7770367857120025e-6,365.25645635518,3624.4086286532583,-0.018171432607183898,-0.04898992333450398,5.99696810225366e-6,1414.8143625013652,1391.3323878399133,-0.0743297857363061,0.1643014441541894,0.0004416030935000963,4213.630338468962,1163.7747585297257,-0.09371598458364344,0.0445603432459385,-264.17697368974956
4.2957539610370354e-6,224.70077628169355,3503.769511261896,-0.026674761211169747,-0.06054237686229086,2.8597515960902754e-6,365.25645621301464,3624.408631340688,-0.006058007105374427,-0.046368905860627106,5.86067891501271e-6,1417.6609585843432,1401.2617117386123,-0.07333990068439579,0.211256278338896,0.0004413499559646623,4208.839596373109,1040.7067269049066,-0.09909844366225466,0.014391384079421638,-263.73094531221057
4.393233493279597e-6,224.70077636211067,3503.7695088400737,-0.020929771626035217,-0.05856770296841405,2.890786863099434e-6,365.2564561463515,3624.408632918678,-0.0016811044497197912,-0.044779059827235485,5.589769155134486e-6,1420.513281997688,1418.7361920676108,-0.06805878779400806,0.26551758491433486,0.0004429095097443282,4203.718364205729,997.963715433192,-0.09881801835661154,0.00242541761544042,-263.1877183268099
4.476332677863835e-6,224.70077641816545,3503.7695073248183,-0.016648021527213425,-0.056767137442142714,2.913633569983271e-6,365.2564560343512,3624.408635761942,0.001513806652121787,-0.04332375278353952,5.400215053358622e-6,1423.3713442647431,1435.1540099293177,-0.05881462477262703,0.31927425981546553,0.00044596774063950493,4198.988060883365,968.1783154066592,-0.09704204192598846,-0.006266670765758498,-262.55873504526807
4.552900003910864e-6,224.70077645706655,3503.7695064131412,-0.01308359945436965,-0.055041171007199234,2.9322645650357676e-6,365.25645585900077,3624.4086402163207,0.004129167651634634,-0.04192177014250463,5.3149782941180495e-6,1426.2351569320415,1448.1211560593165,-0.046692814882267765,0.36798128809465835,0.0004502667355922864,4194.847662599047,944.9014068118838,-0.09433011725989301,-0.013050456359784362,-261.85484696264626
4.625129883502514e-6,224.70077648231697,3503.769505966408,-0.009993078045236043,-0.05338598063814235,2.947948169915709e-6,365.256455628844,3624.4086461430043,0.0063620409566580785,-0.040569776672358,5.342740000285586e-6,1429.104731569346,1456.3578517420833,-0.03198396852358541,0.4081167059624416,0.0004553664903427802,4191.360169549021,926.0417560476595,-0.09110226648344864,-0.018385229160532215,-261.0889452165496
4.693665943721554e-6,224.70077649643795,3503.7695058927334,-0.0072645219815856135,-0.05181124941254006,2.9612613033519674e-6,365.25645536340386,3624.4086531805674,0.008303730322612845,-0.03927603223550794,5.504965520755999e-6,1431.9800797696982,1458.6307537564892,-0.014299484877764354,0.4359248517951194,0.0004609079365337342,4188.533580109553,910.6313004121807,-0.08764757563257343,-0.022519502495562713,-260.27560073303687
4.758448376332481e-6,224.70077650107814,3503.769506136539,-0.004845867851994817,-0.05032613500166492,2.9724674387861946e-6,365.25645508538815,3624.408660869089,0.009996613108834302,-0.03804988371837053,5.835434602760751e-6,1434.861213149464,1454.0859541677582,0.007577069169908606,0.4481968634822237,0.0004666768293412664,4186.359713147317,898.1404849626447,-0.08413886318752424,-0.02561770005575683,-259.4308306753423
4.819289675279702e-6,224.7007764986819,3503.7695066146616,-0.002685617902510982,-0.04894496148847898,2.9818415832289028e-6,365.25645482492814,3624.4086685791817,0.011482521269521633,-0.0369027605249873,6.431146528862997e-6,1437.7481433483836,1441.0262718525762,0.035135774137925416,0.43962213454681076,0.0004723454292758733,4184.755384113253,888.1163591053671,-0.08075754317038294,-0.027863877391474803,-258.57127032797337
4.875761519170993e-6,224.70077649195608,3503.769507240113,-0.0007568973218382617,-0.047696165039487474,2.9894995827552712e-6,365.2564546123826,3624.408675622885,0.012779611264385003,-0.03585595078131938,7.441450746693178e-6,1440.6408820296115,1418.9855879070803,0.06789930038315749,0.40762359841581436,0.00047755359580262807,4183.475116079908,880.5888086406625,-0.07766814332533069,-0.029403601433531695,-257.7118546253611
4.927562165049919e-6,224.70077648209474,3503.769507978882,0.0009420983851770556,-0.04662512056577084,2.9953589130697723e-6,365.25645445087366,3624.408681757785,0.013879650680987515,-0.03494441655978773,8.98664706577698e-6,1443.5394408797727,1391.2273463174906,0.10021951837646123,0.3595385656374256,0.0004821649205699373,4182.204466061139,876.0977224174896,-0.07492027864173591,-0.030291056839061328,-256.8633115046451
4.974408285889544e-6,224.70077646245116,3503.769509046595,0.0023639566445658898,-0.045732406995611555,2.999060626634402e-6,365.2564542652691,3624.4086881105663,0.014736759015372572,-0.034175534632366604,1.0951559407315254e-5,1446.443831609004,1364.242257772036,0.12474750218459117,0.3128390302073252,0.0004874092574442655,4181.187924920307,874.9135495216533,-0.07199941200960622,-0.03036394906604682,-256.0381361781806
5.014207600784598e-6,224.70077641905573,3503.7695108857383,0.0033790367865319994,-0.044940887390670106,2.999965592338885e-6,365.2564539331909,3624.4086965847173,0.015256030055130682,-0.03350331888740307,1.303899309295946e-5,1449.3540659510038,1341.6007025002127,0.1407629029662471,0.27825425034633516,0.0004961689426364421,4181.438913938176,876.325910129949,-0.06779561031949596,-0.02932382901420467,-255.26885654295126
5.042840981775462e-6,224.7007763385556,3503.769513929301,0.003819874780001846,-0.044124931034522905,2.9975249103416097e-6,365.25645334765983,3624.4087087990397,0.015329400221273251,-0.03283893802543928,1.4918279820494629e-5,1452.2701556630775,1323.3739294832606,0.15277581651388758,0.2564894482913753,0.0005121803006015636,4183.923072080431,879.1033284541049,-0.06107154201752438,-0.02705046274146293,-254.62097369459366
5.062915462690388e-6,224.70077616678626,3503.7695194853723,0.0036741703566276797,-0.04287409986828366,3.0056674670854937e-6,365.25645088506656,3624.408765951444,0.015210957193162608,-0.03220376723249611,3.7009773131439474e-7,1455.192112526188,4665.581548830602,-9.178057045518036,7.734558713842002,0.0005446504986068267,4204.713542515572,855.0934658302116,-0.05012908138708333,-0.02349739257372223,-254.95974984415383
5.05186633966082e-6,224.70077606992842,3503.7695239995205,0.0026902104367593407,-0.04190203514563856,2.98385023247977e-6,365.2564515177197,3624.4087445678288,0.014050546327071466,-0.030968682393917184,1.617697360092056e-5,1458.1199483449975,1291.3669295896375,0.21823789386242892,0.2230280869959776,0.0005776685852033036,4191.880824238966,887.7283953849192,-0.03842786002021265,-0.0209565451554735,-254.0452953022834
5.0284779283681576e-6,224.7007759326388,3503.769529943511,0.001343343818159015,-0.04050494559391918,2.9763935925143544e-6,365.2564509786863,3624.408759711173,0.012937983810197102,-0.02957835640549673,1.4543123066745533e-5,1461.053674947923,1259.9191071334849,0.324343021650532,0.16272792028701422,0.0006230635152949716,4192.473399252628,895.143918842904,-0.025413638766604473,-0.01881513969572288,-254.14934460546664
5.044677585154165e-6,224.70077609569725,3503.7695268745115,0.0018769167798365865,-0.03851808710275356,3.001952723917539e-6,365.25645205640086,3624.408746068072,0.01293839111217858,-0.028188483760626385,3.202753763895266e-5,1463.9933041871782,730.4738310780255,0.14586461206143456,-0.07935144403468362,0.0006506909681601226,4196.355236892655,888.9283774531009,-0.01804023666099059,-0.018365913917974416,-254.3380581322123
4.972566819895076e-6,224.70077597828936,3503.7695301988215,-0.0009239607343486632,-0.03660639204556726,2.9795657920046644e-6,365.2564529819126,3624.408725639711,0.011080319883083278,-0.02672247483892895,3.6706060572355526e-5,1466.9388479388242,726.9945418479906,0.10491519161183185,-0.04275670013289136,0.0006982740725248516,4191.8816214896015,900.4629349207897,-0.007722915915819746,-0.017235137578297578,-254.33398501445842
4.921088615875336e-6,224.70077594028777,3503.7695312277497,-0.002607637142013776,-0.0351695141469696,2.9678307131909794e-6,365.25645390246575,3624.408705870252,0.010006658960652998,-0.025558685352425507,3.88410692846481e-5,1469.8903181028168,714.6403890483847,0.08562045116371444,-0.027934246104211764,0.0007293954710743892,4185.654024171269,909.5577479121281,-0.0015820426432064407,-0.017260204396609278,-254.4040502867337
4.874943733009323e-6,224.70077594508055,3503.7695311014195,-0.0039333872033600545,-0.0340461900489469,2.9606414678095054e-6,365.2564549065101,3624.408684904006,0.009168417520301703,-0.024601609926068187,3.946727526950641e-5,1472.8477266030552,698.7391333021234,0.0757323282994385,-0.02188404070340846,0.0007521097971030351,4178.770651128456,918.8193526677464,0.0026618955817248294,-0.017543682138584586,-254.62490588948256
4.829686677569432e-6,224.7007759718685,3503.769530322307,-0.005127791154865741,-0.03326031707868214,2.9554587122850758e-6,365.2564559498394,3624.4086631866976,0.008426423150523893,-0.02389715269141203,3.927070543558701e-5,1475.8110853874252,681.3511192755734,0.06952592675303652,-0.019591641130129848,0.0007672227713087557,4172.002304138012,928.4474318842276,0.005386723801470062,-0.01784198979152248,-254.9991602444137
4.785320388014335e-6,224.70077601071648,3503.769529068088,-0.006216591492488919,-0.03291688142799461,2.951442618873837e-6,365.2564569555067,3624.40864199397,0.007777091201941227,-0.023544520698358606,3.855997335863761e-5,1478.7804064278562,663.2646539596623,0.06462647204863126,-0.01930189221899295,0.000772689462356968,4166.088701490794,937.8994313952566,0.006371860309129294,-0.01809250582588017,-255.4941950122056
4.742605528364654e-6,224.7007760554059,3503.769527429813,-0.007195856401842432,-0.03312400505181006,2.948217670832037e-6,365.25645784454423,3624.408622759626,0.007228564885631874,-0.023639043882904328,3.746105464269168e-5,1481.7557017203635,644.7897489160715,0.0599732402670217,-0.020443590347108985,0.0007665408308974583,4161.762899306408,946.465617978442,0.005306248700210153,-0.01825399535366755,-256.0680107279558
4.701991820814114e-6,224.70077609984412,3503.769525538385,-0.008084119113739234,-0.033953566242328224,2.945428973491179e-6,365.25645854740884,3624.4086068350284,0.006764247654153136,-0.02424461827546511,3.603857674217503e-5,1484.7369832850984,626.0601711333195,0.055064783173843695,-0.022857960604871923,0.000748453505656139,4159.672565287543,953.5381878397133,0.0019805818057622043,-0.01824666553793149,-256.67910489924
4.663319162841245e-6,224.70077613731561,3503.769523616057,-0.008940780026408518,-0.03539947214426263,2.942585530562618e-6,365.2564590210956,3624.408595181807,0.006328817030282275,-0.02536164592334481,3.436633643771378e-5,1487.7242631663964,607.1531651478286,0.049735973184531504,-0.02646218019065602,0.0007206939892437965,4160.148801062188,959.0024624670875,-0.0035343226823423323,-0.017923728495343426,-257.29085900357944
4.6260454419547334e-6,224.70077616197676,3503.7695219422494,-0.009853381988993508,-0.037329646696729,2.939123443886903e-6,365.2564592639677,3624.408588070616,0.00583950657412423,-0.0268884047856348,3.256509253334945e-5,1490.717553432828,588.1514821675836,0.044117180338972814,-0.03103514950695794,0.0006880751118553722,4162.967904618807,963.3898454143904,-0.010690695339469952,-0.017111396730602312,-257.8754268022341
4.589798959645462e-6,224.70077617132327,3503.769520729401,-0.010891089019031297,-0.039517292728015616,2.9346573496099563e-6,365.2564593115355,3624.4085850439706,0.005228391041264911,-0.028644729879005296,3.078296279086719e-5,1493.7168661772407,569.1675200016759,0.03851378902648911,-0.03616527245064299,0.0006558859260590731,4167.381018678439,967.6421699857991,-0.01856702072914002,-0.015706566552551354,-258.41731493667476
4.554498451692893e-6,224.70077616696827,3503.769520029287,-0.01208065733718074,-0.04175478133187504,2.929081583176176e-6,365.2564592157877,3624.4085852092967,0.004467065080773305,-0.03046272996724305,2.9132816154026467e-5,1496.7222135168174,550.310515866571,0.033207371062353344,-0.04140677212139384,0.0006274146127310625,4172.501005061721,972.719742056916,-0.02631217468236811,-0.01371410294651797,-258.91366906931864
4.520301804530263e-6,224.70077615201717,3503.7695197848275,-0.013409170280836259,-0.04391584875247953,2.9225210550075447e-6,365.2564590170684,3624.4085877579428,0.003565079179173864,-0.032238314072751156,2.7664570837747766e-5,1499.7336075931191,531.6811622379174,0.028367267619270522,-0.04638796768394507,0.0006036294394953731,4177.721750129689,979.052035037109,-0.03342431225789645,-0.01122730637661166,-259.37043616515143
4.487199492649372e-6,224.7007761296853,3503.7695198957094,-0.014860430909673303,-0.04595749633606036,2.915105750299424e-6,365.25645874335413,3624.408592045593,0.0025382971019681645,-0.03393367672059671,2.6378709753163316e-5,1502.7510605721354,2016.1114822552383,0.024028903650425506,-0.05085259813126206,0.0005840939409218651,4182.704603535441,986.8675235832245,-0.039749663692298105,-0.008339667370074026,-259.79735739359575
4.455023685441443e-6,224.7007761026254,3503.7695202648447,-0.016426502038831028,-0.04787806411421803,2.906905971296878e-6,365.25645841336586,3624.408597589849,0.0013968657557306484,-0.035544453888368945,2.5252311960427988e-5,1505.7745846443345,2001.1750110412097,0.02018173274631717,-0.054619858756475896,0.0005679301201700768,4187.302054462197,996.2526042971704,-0.04532805320596183,-0.005118002754244179,-260.20425881002194
4.42329894933776e-6,224.70077607274948,3503.769520815946,-0.0181244386339663,-0.049694380700101924,2.8978433893874254e-6,365.2564580404512,3624.4086040105612,0.00013094718726282926,-0.03708152993066629,2.4254031555534165e-5,1508.8041920247122,477.8345326259478,0.016769226022955747,-0.057540663461066406,0.0005542706174636764,4191.441197384367,1007.393353994822,-0.05027736118353764,-0.0015790804749398935,-260.59896069431636
4.391101207042422e-6,224.70077604118455,3503.769521503609,-0.020013918849659088,-0.05144237039778347,2.887585521751116e-6,365.25645763958767,3624.408610937114,-0.0013044751576541968,-0.03857098070129779,2.335486661259601e-5,1511.8398949528369,460.6666377823647,0.013735503255845948,-0.05950746976672862,0.0005423366695579226,4195.095551938368,1020.8369891515323,-0.05474312078922801,0.002362010830196334,-260.9862490697279
4.3570108763044465e-6,224.70077600823723,3503.7695223150404,-0.022205215473031465,-0.05316344037436415,2.8755141761906574e-6,365.2564572258531,3624.4086180229724,-0.0029959212003016164,-0.04004332644055392,2.2531416468390964e-5,1514.8817056929072,1958.772614168886,0.011017331566297826,-0.06040262370428401,0.000531510630681096,4198.250737761716,1037.5402219880116,-0.058846487997695325,0.006894425604249641,-261.36740074056684
4.317860666204821e-6,224.7007759721893,3503.7695233150835,-0.024965621254269536,-0.0549367541393496,2.8601263022634754e-6,365.25645681695346,3624.408624914243,-0.005156787537033105,-0.04155835950566166,2.1767459546002475e-5,1517.9296365337962,1945.446301214027,0.00847272127156469,-0.06013321045940246,0.0005212680843184742,4200.914645598394,1059.8385065160041,-0.06265428085549236,0.012518771523171858,-261.73995411153084
4.266955958331669e-6,224.70077592837168,3503.7695246863254,-0.028889160303268102,-0.05689554482845019,2.8381288642907158e-6,365.25645643086483,3624.4086312800478,-0.008264160492827412,-0.04321686900700189,2.1053961183363248e-5,1520.9836997891011,411.6083214947154,0.005754870217571034,-0.05860235042710723,0.0005110129043675153,4203.114280994007,1092.760954621389,-0.06612859198404267,0.020343347019269407,-262.09739382083836
4.184535154982273e-6,224.70077586367364,3503.7695269663786,-0.03578706000470825,-0.0592980444037922,2.7997062783411533e-6,365.2564560742255,3624.4086369366896,-0.01377470755513472,-0.04521044395905478,2.03789391841653e-5,1524.0439077971967,396.5551383559725,0.001668247730047229,-0.0555536736309636,0.0004998529220272094,4204.8158243335,1151.1627375959463,-0.06868418006503169,0.03358819457787245,-262.42753656877784
4.067604258407827e-6,224.70077579628963,3503.769529633448,-0.046273243519717226,-0.061508033618369866,2.7427870564536898e-6,365.25645570118445,3624.408642170504,-0.02217684705590009,-0.04701040979616205,1.9676019859187956e-5,1527.1102729212769,383.2442395352341,-0.004400409709821134,-0.0494909772980877,0.0004872904416998703,4205.44491000691,1236.5105172327312,-0.06930675049338193,0.05256049440766523,-262.709754993354
3.980859501178886e-6,224.70077578048503,3503.769530556409,-0.0544959486126273,-0.062496335220786695,2.6996310943848713e-6,365.25645537813466,3624.4086459670216,-0.028751330603263885,-0.047822067131589215,1.89680963394627e-5,1530.1828075494154,370.8739226504201,-0.00853199550015165,-0.04055667141995152,0.00047538682160993753,4204.8532072337175,1299.7177608939114,-0.06996388245907174,0.06681000561304504,-262.93466627780504
3.921123968954031e-6,224.70077579124714,3503.7695304961617,-0.06040071824897978,-0.0629051093239419,2.6694634017396628e-6,365.25645514752955,3624.4086481289214,-0.033454617663175715,-0.04816867037165064,1.831105044543526e-5,1533.2615240946088,358.86472348837725,-0.010694949024972577,-0.030406096456764106,0.00046491239393169976,4203.906665672055,1343.0716117532402,-0.07113191408994378,0.07691872838010833,-263.10927466795374
3.877581967637805e-6,224.70077581045865,3503.769530076243,-0.06484350898979067,-0.0630698554095032,2.647229560705853e-6,365.25645499277783,3624.4086491238795,-0.03697710326035444,-0.048317403696165544,1.770857796563414e-5,1536.3464349948292,1883.6195165770691,-0.011557057909623945,-0.019782249423320283,0.0004560588417226758,4203.063066181785,1374.3106156956978,-0.07247339260982891,0.08451517277127284,-263.2416422001675
3.845353043553504e-6,224.70077582980178,3503.7695295826666,-0.06820914648510355,-0.06312370248172643,2.6306681869387896e-6,365.25645489166413,3624.408649427089,-0.03962993758800575,-0.04837490355045691,1.7159205883554813e-5,1539.4375527130728,336.1425054462303,-0.011322832623965266,-0.009165106234966122,0.0004488935297494913,4202.582106340857,1396.729841708167,-0.07377695120672641,0.09027230222735474,-263.34009562406385
3.821618184196776e-6,224.70077584497596,3503.7695291640553,-0.07072079995961036,-0.06313374927301243,2.618488010548313e-6,365.2564548234083,3624.408649449481,-0.041593885296969876,-0.04839537184938803,1.6665034114859453e-5,1542.5348897374133,1867.9881124246403,-0.009975568825498151,0.0010372180395208323,0.00044338346972615207,4202.60954473853,1412.1492170232552,-0.07491525644283503,0.09455277149652104,-263.41332539836174
3.8044099041969003e-6,224.70077585429772,3503.7695288837313,-0.07253680031412044,-0.0631378699343707,2.6098097095250337e-6,365.2564547720608,3624.40864949243,-0.042997095334462124,-0.04840973427944627,1.6228521465048017e-5,1545.6384585810463,1860.8023219130848,-0.007386024228780641,0.010461967093776404,0.0004393763444714354,4203.191750679234,1421.8800804909372,-0.07583784895320712,0.09762263983064419,-263.46995971732287
3.792316266906901e-6,224.70077585693085,3503.76952877422,-0.07377532822034576,-0.06315965683843174,2.6039965581121247e-6,365.2564547229326,3624.4086498143297,-0.04393529151543895,-0.048437676938065145,1.5853430164511944e-5,1548.748271782347,305.1292900286928,-0.00344406646257335,0.01875485755864607,0.00043670139836999726,4204.340880197889,1426.8672453169013,-0.07653124222774277,0.09968326942102312,-263.5180739492428
3.784042715162408e-6,224.70077585305938,3503.7695288376167,-0.07455204689790286,-0.06320698390447328,2.6004600891004152e-6,365.2564546654418,3624.4086505838395,-0.04450182937463549,-0.04848617615415251,1.5539777692055005e-5,1551.8643419049179,295.17929779228143,0.0018853847757766401,0.025615657649164188,0.0004351711562999039,4206.011484226636,1428.0630558474868,-0.0769913120608942,0.10093659601008875,-263.56482040799415
3.778498401678142e-6,224.70077584319642,3503.7695290633837,-0.07496857206316898,-0.06328508688679155,2.5987019319013995e-6,365.2564545910774,3624.4086519217244,-0.04477852884444441,-0.048560013361055164,1.5283857272134715e-5,1554.986681537638,285.09981966321,0.008535442056907584,0.03078316880565361,0.0004345686257655757,4208.151317975006,1426.2761272400926,-0.07724594995133739,0.10156784059728848,-263.61623393719384
3.774782705065433e-6,224.70077582839733,3503.76952942429,-0.07511247775904027,-0.06339666626026773,2.5983024944981046e-6,365.25645449585954,3624.4086538680676,-0.04483616910530442,-0.04866187891163716,1.5077678367072354e-5,1558.1153032947159,274.63311845842344,0.016266009784515034,0.03408375697305766,0.00043465473158467845,4210.672678426347,1422.257397491505,-0.07734734739742126,0.10174756709640008,-263.677201001539
3.771971813191351e-6,224.70077580949896,3503.7695299022785,-0.0750786511475103,-0.0635325930565307,2.5988124990930857e-6,365.25645437594335,3624.408656453227,-0.04475126030685954,-0.04878509476379556,1.4906138581801737e-5,1561.250219815741,263.52826158119507,0.024723223224579007,0.035470941656791856,0.0004352782363979616,4213.4961080372805,1416.7793248016794,-0.07729491488999504,0.10163887953194457,-263.7515371542222
3.659681704687445e-6,224.70077581913702,3503.7695284337983,-0.08564781611147108,-0.063823943127623,2.555044777031007e-6,365.2564539187109,3624.4086573234863,-0.05305213108146726,-0.049029481431963576,6.253463269398196e-6,1564.3914437657288,1350.041385691284,-0.16340666257915373,-0.3095360336731982,0.00040835302416280584,4212.0516642111925,1469.5133502560998,-0.08525704851238024,0.11700176247342553,-264.0291943416978
3.766136411354837e-6,224.70077576372148,3503.7695311006555,-0.07479882155650941,-0.06385774124617374,2.6010533118331794e-6,365.2564540604017,3624.4086634204664,-0.04441375595280063,-0.0490818546740676,1.4587609491495435e-5,1567.5389878351814,1806.2022549090143,0.04214300529978135,0.032931026733236064,0.00043734568631503574,4219.688968074425,1404.124199624527,-0.0768822147507395,0.10113599426669215,-263.95084861200417
3.660734503108696e-6,224.7007757548965,3503.76953034953,-0.08427693696266762,-0.06450837324203017,2.5625111176778606e-6,365.25645327999496,3624.4086701051115,-0.05185779746550492,-0.04963085886726451,6.5083785251251145e-6,1570.692864740133,1271.3289434566698,-0.0715428330154204,-0.33798795215307914,0.00041249044619539693,4219.163023634598,1447.664360340009,-0.08404233912540038,0.11394426614357182,-264.0303233264644
3.662557364336202e-6,224.7007757272383,3503.7695312449146,-0.08341601243397366,-0.06476516621708311,2.5670339675487726e-6,365.2564530153529,3624.4086758446538,-0.05113286018600683,-0.04987837471675866,6.645887186260798e-6,1573.853087222202,-330.8353212323208,-0.035086594012466346,-0.33792549340115396,0.00041503201668631186,4222.630920637527,1436.9874256083594,-0.08312774306161436,0.11238479188520285,-264.05814574565386
3.664661790648509e-6,224.70077570363335,3503.7695320534685,-0.0825282651028462,-0.06496826643853224,2.571654179614529e-6,365.25645279872407,3624.4086808708485,-0.050394267368729304,-0.0500887423341281,6.761267808951437e-6,1577.0196680486424,-357.9563374716881,-0.005868394354153363,-0.3333320758252389,0.0004176455833036838,4225.884582504037,1427.074236355831,-0.08212543474002691,0.11092382133020992,-264.10726445209013
3.6666638148118296e-6,224.70077568441573,3503.769532756086,-0.08167336710197769,-0.06511391102192918,2.5760929642412723e-6,365.2564526324229,3624.408685077944,-0.0496893778297376,-0.050256541746583464,6.8517446210430114e-6,1580.1926200123985,1198.179134862722,0.01674538462836451,-0.3260227947066154,0.00042020678697766615,4228.84311340211,1418.2810856481294,-0.0810855431874592,0.10962946522628701,-264.1791758655046
3.6681616001861752e-6,224.7007756702678,3503.7695333216047,-0.0809098176358815,-0.06520603297340347,2.5800750396407417e-6,365.2564525196162,3624.4086883473833,-0.04906443492064905,-0.05038244459403862,6.917622168050192e-6,1583.3719559321478,1179.532174525775,0.03345436208112538,-0.31707815669990236,0.0004225287425851831,4231.4215089240315,1410.9306770948622,-0.08009445187285198,0.10857058972633109,-264.2744594047454
3.6689617451687946e-6,224.7007756614521,3503.769533733971,-0.08027253687860401,-0.0652428826178655,2.5834365936751164e-6,365.2564524599626,3624.408690630469,-0.04854672634009953,-0.05046316822990634,6.9586523076503424e-6,1586.557688652365,-423.9783959230276,0.044775753941251176,-0.30719163802948996,0.0004245116557155065,4233.568460977478,1405.2132266048961,-0.07919296522138357,0.10778404290392136,-264.39267802514775
3.6689569913864748e-6,224.70077565786707,3503.76953398646,-0.07978660865482956,-0.0652268152671683,2.58605675988154e-6,365.2564524515525,3624.408691909224,-0.04815554831335314,-0.05049888100283921,6.976371452846047e-6,1589.749831043365,1147.0269520771806,0.051156241798480453,-0.29669824288737057,0.000426082432306775,4235.264777902858,1401.1795293894522,-0.07841891291998246,0.10728072346203132,-264.53236493896907
3.6680431756167525e-6,224.70077565986998,3503.7695340618316,-0.07947012117698964,-0.06516228678374521,2.5878545086638714e-6,365.2564524929736,3624.4086921698113,-0.04790424527839587,-0.05049153312353999,6.969819692181542e-6,1592.9483960013586,-460.3247510884235,0.0531109441659532,-0.28582415382226845,0.00042715550048602564,4236.4823025667765,1398.896789279063,-0.07781039447612177,0.1070752601759218,-264.6910837549931
3.666135533046274e-6,224.70077566693524,3503.769533968916,-0.0793399826131635,-0.06504936587374076,2.588754254392762e-6,365.256452577987,3624.408691484605,-0.04780508532523937,-0.050439970315568856,6.939740338939786e-6,1596.1533964485034,1119.3035125713038,0.05103878646102772,-0.2745416490040792,0.00042770758552339153,4237.252291841689,1398.3176242794575,-0.07737766906632274,0.10717080832900948,-264.86553823407695
3.663238743277109e-6,224.70077567912057,3503.7695337005603,-0.0793991735949783,-0.0649008209542672,2.588745339447509e-6,365.25645270351777,3624.40868989223,-0.04785913061776967,-0.05035314839354372,6.881719071699601e-6,1599.3648453329574,1107.0439765364908,0.0452655855779682,-0.262871636501073,0.00042767281591151466,4237.580471149627,1399.3798479997024,-0.07715791889633916,0.10756359736423204,-265.05170062653684
3.659466128088304e-6,224.7007756959389,3503.7695332674552,-0.07963691110201593,-0.06472047526941524,2.5878891427212723e-6,365.2564528626324,3624.4086875011717,-0.04805638986339569,-0.05023373759622728,6.796153499438682e-6,1602.582755628926,1095.9829983639243,0.03616898239049065,-0.2504539684956677,0.0004270759343850288,4237.520303344326,1401.8792042653022,-0.07715068785250746,0.10822481903744914,-265.2449303329155
3.6548764889633223e-6,224.7007757171654,3503.7695326734647,-0.08004398566333051,-0.06451960402644054,2.5862402399573834e-6,365.25645304964297,3624.4086844132976,-0.04838800645305818,-0.05009030896105568,6.679987561654058e-6,1605.8071403367233,1086.281364951256,0.024172406826973577,-0.2369348547418629,0.00042589466387844317,4237.106210994985,1405.6658650224315,-0.07737768944887338,0.10913941972635721,-265.4400666672792
3.6495515577164316e-6,224.70077574227545,3503.7695319325226,-0.08060769549731887,-0.06430762553942508,2.5838702719931586e-6,365.256453256962,3624.4086807655203,-0.0488425016146995,-0.04993046353079245,6.534190213059758e-6,1609.0380124828182,1078.328456817469,0.00960722854879449,-0.22159784444440525,0.0004241496440339425,4236.3977986304535,1410.5431489828202,-0.07784112741374961,0.11028545353004263,-265.6314935586948
3.6438401973525514e-6,224.7007757704655,3503.7695310673803,-0.08128365805654798,-0.06409747641572686,2.5809978867391113e-6,365.2564534761621,3624.4086767273834,-0.04938318531245568,-0.04976521171654271,6.3575862196936785e-6,1612.2753851198886,1072.5900939688868,-0.007073765582772073,-0.20367905699634828,0.00042190847534163544,4235.474197987481,1416.1115246592183,-0.07854337412831464,0.11159723457694941,-265.8131888761079
3.6377920345944865e-6,224.70077580078106,3503.7695301069575,-0.08205881821588634,-0.06389982958082614,2.5776922170097785e-6,365.2564536976803,3624.4086724828444,-0.04999856701069672,-0.0496036933911346,6.156440388916827e-6,1615.5192713268764,1069.8672968579958,-0.025312599208067495,-0.1819592840583196,0.000419226558660018,4234.408911858004,1422.1659752736714,-0.07946946844179642,0.11305078521624627,-265.9787772966073
3.6318828054247223e-6,224.7007758324652,3503.7695290743072,-0.08287640268256707,-0.06373174107494314,2.574223808964251e-6,365.25645391421904,3624.4086681974236,-0.050642745004876664,-0.049460928772834166,5.9463942937466535e-6,1618.769684209033,1071.8191833324984,-0.04413163632093009,-0.1545218042779045,0.00041619516318948174,4233.279200518395,1428.2581068513416,-0.08061988986839122,0.11456434820573522,-266.12159250050513
3.6263257060631647e-6,224.70077586383786,3503.769528012104,-0.08374114411841335,-0.06364421884472415,2.570553373088745e-6,365.25645411673906,3624.408664064148,-0.05131928006414418,-0.04937825516320786,5.807396380885972e-6,1622.0266368979821,1084.796560731775,-0.060578035603267966,-0.11608942173367275,0.00041276996803065873,4232.232263528413,1433.987098498005,-0.08206750449229339,0.11611336458430774,-266.2345775840487
3.5728243644794297e-6,224.7007759760329,3503.7695251986474,-0.09219755540965151,-0.06366570538442744,2.5324864326080708e-6,365.25645438157784,3624.4086565580074,-0.05799526353054926,-0.049170980436028855,8.687867104277464e-6,1625.2901425517675,1290.689620143013,0.04659234433928536,-0.03523086194042199,0.00039605266506098044,4226.1314425965775,1484.1074051591174,-0.08612524542181792,0.12883131605386666,-266.22473965008516
3.5596988255263974e-6,224.70077601093942,3503.76952437414,-0.09377766476146915,-0.06354052974574913,2.525906845105451e-6,365.256454487081,3624.4086540966564,-0.059225817854177895,-0.049019822577991035,9.455758974584978e-6,1628.5602143549056,1277.594471433604,0.07326289712867232,-0.04721704374618687,0.0003927372256035033,4224.784466542985,1494.143364341455,-0.08681298053951808,0.13130746721212835,-266.10311447626896
3.5504547806886225e-6,224.70077603508267,3503.7695238116075,-0.09489171573093057,-0.06353016211305386,2.521299960599143e-6,365.2564545459922,3624.4086525924768,-0.06008803942032411,-0.04897194173109727,1.0199035203187315e-5,1631.8368655184408,1258.864606247209,0.09453419590444784,-0.057552423983930234,0.00039018205907980055,4224.155746420647,1500.1961434938953,-0.08753408065704503,0.13302224130907658,-265.9201552793484
3.544294317585127e-6,224.70077604730807,3503.76952357876,-0.09560066270884593,-0.06357832471147018,2.5183948112365062e-6,365.25645454039187,3624.4086523857427,-0.0606281135426253,-0.04898016199348933,1.0908106603484564e-5,1635.1201092799995,1238.7953701399217,0.11337103427518037,-0.06647986344304778,0.0003886428846664011,4224.257451005286,1502.9011373538362,-0.0879985081488687,0.13405645203157823,-265.6760384294656
3.5414133354587635e-6,224.70077604560538,3503.769523742644,-0.09584785098090445,-0.06366753698857583,2.517439081948242e-6,365.25645446001954,3624.4086536904733,-0.06080134213915717,-0.049031950211923137,1.156611490353306e-5,1638.409958903837,1218.4097233385817,0.13071376031989432,-0.07425025440005512,0.0003883953998014627,4225.160651937965,1502.0160159808152,-0.08803781746911866,0.13430856741414204,-265.3724129845045
3.541918468730603e-6,224.70077602919363,3503.7695243312305,-0.09559003400188601,-0.06378306636467422,2.518628531590439e-6,365.25645430280605,3624.4086565644434,-0.06057433786000428,-0.04911692385863198,1.2165092826084267e-5,1641.7064276809012,1198.0594729256047,0.14706191195985785,-0.08099010622808465,0.00038961034597444953,4226.879401663206,1497.4317519058743,-0.08755043443837356,0.13371740982259317,-265.0130449155943
3.545792294103372e-6,224.70077599840798,3503.769525338353,-0.09480201592404262,-0.06391093047621421,2.522098660434422e-6,365.25645407303244,3624.4086609412516,-0.05992823651225427,-0.04922505699546377,1.2703655169556835e-5,1645.0095289288797,1177.8679227820016,0.1626657266000822,-0.08676482447939496,0.0003923770483548231,4229.3715866057655,1489.1716606439584,-0.08649437087529054,0.13226023353072006,-264.6035826880314
3.55270269696891e-6,224.7007759553982,3503.7695267035324,-0.09349816576911078,-0.06404127537006532,2.5278231218684536e-6,365.25645378419614,3624.4086665818345,-0.0588755741011011,-0.04934850820319438,1.3190459872171657e-5,1648.3192759922551,1157.919436694013,0.17759015024845584,-0.09162394014930422,0.0003966175575407233,4232.4964400242425,1477.5751372394207,-0.0849250128522679,0.12999661207888483,-264.1510557495647
3.562219081227955e-6,224.7007759028878,3503.769528349776,-0.09170971207911,-0.06416014961360586,2.5357115485823187e-6,365.2564534519064,3624.408673196235,-0.057442049390643325,-0.049475816666323384,1.3641529645827383e-5,1651.6356822423593,1138.2677315690055,0.1918015558992197,-0.09546597303021125,0.00040222510427807037,4236.094457202714,1463.0629501079552,-0.08291332017262336,0.12701191775844636,-263.66329317754105
3.5738077892269284e-6,224.70077584438232,3503.7695301770204,-0.08948152823046206,-0.06425460802353711,2.545625545551575e-6,365.25645309560946,3624.408680426467,-0.055663928582393954,-0.049595628095041776,1.4074346942570252e-5,1654.9587610774286,1118.9562621778396,0.20516702535967296,-0.0983326484241777,0.0004090290503669263,4239.96408114196,1446.1705784445674,-0.08056439590298275,0.12341779599186448,-263.1483459994072
3.586870719768069e-6,224.70077578341395,3503.76953208074,-0.08686809781351514,-0.06431798603311761,2.557382402356943e-6,365.2564527346282,3624.4086879069187,-0.053584825667033605,-0.04970109954076165,1.45085268837552e-5,1658.2885259226512,1100.0228812081918,0.21754119282482684,-0.10020743037517213,0.0004167912466743423,4243.91084703671,1427.416134952819,-0.07801647826290825,0.1193367274392182,-262.61394477423266
3.6008380753734044e-6,224.70077572341694,3503.769533957992,-0.08392138195718235,-0.0643422935723268,2.5708100436860316e-6,365.2564523871835,3624.4086952878624,-0.051246129154624724,-0.049784074196588354,1.4967879176879136e-5,1661.6249902302322,1081.486775135541,0.22870509633046063,-0.1011333965755384,0.0004252624995571839,4247.745433933303,1407.266531610774,-0.07540412934110406,0.1148781017156016,-262.06700178038125
3.615489568404391e-6,224.70077566695187,3503.769535726789,-0.08065149414321,-0.06432893919747858,2.5859311716111412e-6,365.25645206687403,3624.408702304184,-0.04865567455042172,-0.04984419586140102,1.5472340466003016e-5,1664.9681674794404,1063.3363460514063,0.2385677797377287,-0.10122655677967185,0.0004342195563184774,4251.3439468028955,1385.8195123629826,-0.0728659084317568,0.11008417974858664,-261.51316026307876
3.6307800081927952e-6,224.70077561646255,3503.76953730418,-0.07704446325052193,-0.06427823065993027,2.6028846547798867e-6,365.2564517857497,3624.4087087133084,-0.04580196746013686,-0.04988027391608869,1.604927957493286e-5,1668.3180711766652,1045.5804817347732,0.24701754933093037,-0.1005398337116926,0.0004434455883724158,4254.591396524146,1362.9657337405197,-0.07053990258256984,0.10494741905725655,-260.9563761237126
3.647399378339608e-6,224.700775574033,3503.769538608481,-0.0729931092924409,-0.06420000136125584,2.622278286616938e-6,365.25645155199135,3624.4087143510997,-0.04259898943962773,-0.049899447063402824,1.6727291407157425e-5,1671.6747148554703,1028.2117543679865,0.2540906696528038,-0.09918650300573302,0.00045273226421572315,4257.427046644513,1337.9070373711877,-0.06860749531465532,0.09933243361989809,-260.39845352222
4.149661417294497e-6,224.7007763724797,3503.7695101802806,-0.01934117606039993,-0.056650750342056654,2.915330334154541e-6,365.2564510414748,3624.408711888824,0.0005661373026871591,-0.044257511371168755,1.635540141359778e-5,1675.0381120766508,2123.22708582229,0.3687847902568256,-0.08817899222626494,0.0004621253386831411,4239.915659325676,947.6369683511803,-0.09269480532335721,0.006167900695726336,-259.4295575439365
4.168787691483088e-6,224.70077643198977,3503.769508476668,-0.013675425608027538,-0.053767367377136964,2.9514879900836905e-6,365.25645008851495,3624.408728502982,0.005083696086581469,-0.041978772670489106,1.847902497733976e-5,1678.4082764282807,435.2663367780755,0.3600823937013113,-0.06748143601027105,0.00047118765276694415,4242.709381878546,895.5602059155037,-0.08878767390541141,-0.004005425957589658,-258.3356010220072
4.166660790599165e-6,224.700776489753,3503.769507002352,-0.00924015336584788,-0.05081269957883036,2.981370608259571e-6,365.2564491730359,3624.408744478028,0.008606790451561503,-0.039635859572714226,2.07331842536377e-5,1681.7852215257785,420.35861020547486,0.35083323133686906,-0.051452300153924074,0.0004818158590238971,4244.708575367025,853.7997335633379,-0.08383808983973925,-0.011877801619533097,-257.15150421921356
4.1501211232358326e-6,224.70077655516332,3503.769505455956,-0.005394565460029632,-0.04743571889652282,3.0085643736047516e-6,365.25644825964105,3624.408760260748,0.011651883879312432,-0.036948134479400825,2.317735955748985e-5,1685.1689610119552,403.9258042146175,0.3415854001399213,-0.0384262080174617,0.0004955198468049466,4245.933574512812,815.2939232747348,-0.07743773575385195,-0.018954666777648847,-255.87236795077538
4.1203279605843925e-6,224.70077663602777,3503.7695036400487,-0.0019715641283567335,-0.04327496302961451,3.0340290301748366e-6,365.25644731904794,3624.408776130422,0.014358986546780583,-0.03362267008714571,2.588538547614189e-5,1688.5595085570703,386.20804150648627,0.3324057917620362,-0.02715275933033704,0.0005149975147084606,4246.237099545889,776.278860351834,-0.06867730085496312,-0.025892235934490783,-254.48393126158905
4.075161669004712e-6,224.700776747808,3503.7695012094428,0.0009653440493008676,-0.03757178713698254,3.0574696788904098e-6,365.2564462730994,3624.4087928958033,0.016693281609877715,-0.02904066866200719,2.902079562660686e-5,1691.9568778588887,2059.174858551505,0.3227021797459827,-0.01597521382790344,0.0005473589821020014,4245.163185717884,731.6092902504384,-0.05531487067218173,-0.03329027327031748,-252.95680479883058
3.87918512115987e-6,224.70077818846778,3503.7694716847172,-0.010901803801170399,0.0009107655598524849,2.9844222368181482e-6,365.25644097456984,3624.4088596082315,0.007160427391269019,0.003078241956863907,3.8372901112117695e-5,1695.3610826427362,330.7421739496911,0.2767043093806019,0.04117005919085866,0.0012149788088731323,4243.055697703843,417.6233554884633,0.05933385169019437,-0.04192592707684072,-250.18235398441342
3.8111379318848113e-6,224.70077821318108,3503.7694717573154,-0.01054250235958644,0.001646766566540273,2.9888823032652036e-6,365.25644102306586,3624.4088613239637,0.007283935165171729,0.0036698195248552655,4.080571832498096e-5,1698.7721366615488,2011.7153391979598,0.27741099690224047,0.041169523043224014,0.001212698009718092,4244.684057500551,412.7611098282882,0.05935784819993391,-0.04176076256929611,-247.5342340431043
3.7386034989319923e-6,224.700778221328,3503.769472202678,-0.010006047726131869,0.0022170793188540498,2.9947070968831418e-6,365.2564412502936,3624.40886037418,0.007541435773129295,0.00411702795926414,4.307727865777313e-5,1702.1900536959386,295.6622130549441,0.2793816941563046,0.040558993680454784,0.001202741581648785,4246.12635346428,410.1444331043167,0.05888868490576534,-0.04174492984212248,-244.79982376669255
3.660580173852592e-6,224.7007782158844,3503.769472958087,-0.009317280419254576,0.0026449916399126374,3.0017449529392215e-6,365.25644162567556,3624.408857193197,0.007911136548538802,0.0044421134457857695,4.5239359784206644e-5,1705.6148475542425,1984.4460758197906,0.2823056567779255,0.03936118192373347,0.0011868455163441907,4247.515138421671,409.23980100951223,0.05801957663832631,-0.041839484705541614,-242.0230976727517
3.575791492345845e-6,224.700778198169,3503.7694739986255,-0.00849185656302233,0.0029290695671873182,3.009929181742933e-6,365.2564421210532,3624.408852164003,0.008379405745540894,0.004646968872061539,4.7365210253215206e-5,1709.0465320725798,1971.4411962232323,0.2858749350655966,0.03756586549940405,0.0011662051459224204,4248.898296816569,409.9309491791791,0.056789677835583474,-0.042006030633434964,-239.25308857876274
3.48273699069905e-6,224.70077816894397,3503.7694753140104,-0.0075443680139275875,0.0030572020522178127,3.0192070155159544e-6,365.2564427091358,3624.408845641998,0.008933244322443086,0.004725084837462924,4.954509502169432e-5,1712.4851211149073,1958.780450247365,0.2897800394635326,0.03514432591638683,0.001141872055825345,4250.271584937365,412.31281304617676,0.055221532055106944,-0.042199960041166155,-236.54593129518233
3.379708310259951e-6,224.7007781284213,3503.769476907423,-0.006493116617490562,0.003002756815011504,3.029510251773239e-6,365.2564433674717,3624.408837883459,0.009556547517323228,0.004658730684132237,5.188167554059584e-5,1715.9306285730786,230.4810186111106,0.2936971042984583,0.032078604762193264,0.001114829777566687,4251.568220655764,416.73139436726944,0.05332820224559018,-0.04236522612185745,-233.96932011507494
3.2649467965830037e-6,224.70077807697584,3503.7694787800956,-0.005368863143101465,0.002732976070612262,3.0406837865498622e-6,365.2564440783006,3624.4088290444342,0.010222862330580968,0.004426053642011942,5.4483707185566806e-5,1719.3830683668916,1934.2853689310898,0.2972923360253958,0.02839757837768766,0.001086237554226426,4252.662901562762,423.69609946149103,0.05114042239762452,-0.042427542206179635,-231.61054268991987
3.137119199603811e-6,224.70077801540117,3503.7694809230543,-0.004228064515223084,0.0022125094519266524,3.0523768658775393e-6,365.25644482938765,3624.408819151757,0.01088551781640835,0.004004293779388632,5.7450403022482046e-5,1722.8424544441566,199.50333405604655,0.30023331514896756,0.02419158900983701,0.0010576758004985955,4253.377272301549,433.7959627621697,0.04873836467101701,-0.04229053299167084,-229.58910758836376
2.9066132282189415e-6,224.70077716223,3503.7695004218613,-3.517851339382196e-5,0.003206434622908327,3.0786977390875678e-6,365.2564489583177,3624.4087521109373,0.013795125980896421,0.0045761059254601855,6.918732447512141e-5,1726.3088007807448,757.0045109107152,0.28029251084275714,0.012324477852517907,0.0008859102863651405,4233.452936571904,523.1906677454882,0.03137632903053084,-0.04369366741082998,-227.67942435542074
2.737416359465997e-6,224.7007769654149,3503.7695061129457,0.0013860706791423078,0.001931218191511665,3.09287379939687e-6,365.25644902457043,3624.4087518307538,0.014679974659215975,0.0035979755896258037,7.355713068537034e-5,1729.7821213806467,743.9415685643361,0.282670421440266,0.010454551129662001,0.0008762755960477918,4238.872913754978,544.0452781298777,0.028607539923678465,-0.04033388778112153,-225.89679061752386
2.5650153749019665e-6,224.70077678357723,3503.7695116316195,0.0019441600459651808,0.000671168041272592,3.100973822687919e-6,365.2564490698645,3624.4087505915204,0.01488984073561824,0.0026664724939026788,7.802812779889756e-5,1733.2624302760303,730.303748473966,0.2839627202414568,0.008123287584154374,0.0008868543466691978,4243.544610287254,564.327971485628,0.028519988918552584,-0.036364069901594305,-225.15112222348125
2.4038346872397886e-6,224.700776634672,3503.769516297868,0.0017451833618936721,-0.00042119354815519874,3.1035351559407764e-6,365.2564492021271,3624.4087463050055,0.01452888793966445,0.001889765708655943,8.234136772238355e-5,1736.7497415272912,715.989336711982,0.28394197657342674,0.00575595622645732,0.0009108360890060696,4245.555169267911,585.1907007996396,0.03036978293549642,-0.03259475555521928,-225.84737661260806
2.279994147480876e-6,224.70077654766118,3503.7695190462055,0.0010487431867823702,-0.0011690248510740338,3.101828624847431e-6,365.2564495633198,3624.4087365179216,0.013826017615755916,0.0013917303274860304,8.586186693445633e-5,1740.2440692231198,700.8300574255301,0.28260098346301044,0.0038377093305868868,0.000937014824576475,4242.846907195093,607.1820222177297,0.03289355638855776,-0.029899920236102214,-228.25244381129858
2.2270657659565992e-6,224.70077655723233,3503.7695186793276,0.00012608108296556516,-0.0014252176597138006,3.0969840300234057e-6,365.25645030033314,3624.4087191601157,0.013025895809056652,0.0012731751526999244,8.763822546041418e-5,1743.745427480551,684.5806288469926,0.28002056869650194,0.002759398678828563,0.0009529551789898164,4233.943949396074,629.8178751559126,0.03489879248780786,-0.02895938522432244,-232.29995682515712
2.267603130104884e-6,224.70077668109874,3503.7695147128543,-0.0008832185162348769,-0.0011558984926010232,3.089558300614639e-6,365.2564514600605,3624.4086945280114,0.012266813961616193,0.0015464395160652308,8.691077208687504e-5,1747.2538304450225,666.9717163909147,0.2763177550459285,0.0025253246734547674,0.0009531622540293711,4219.630375572725,650.7105956371055,0.03593160025526045,-0.029931743012367666,-237.50093880256495
2.3998424348820614e-6,224.70077690081317,3503.7695079303708,-0.0020038847738063225,-0.00047010453864408495,3.0796320380895946e-6,365.2564528910586,3624.408666543194,0.011543479738222178,0.002113017288190832,8.352665950001126e-5,1750.7692922904334,4149.249461731356,0.27176398789962725,0.002538091881431227,0.0009434060477864011,4203.735379649641,664.9537473438864,0.03643860037480168,-0.03235826171937464,-243.13013291537317
2.863032392049293e-6,224.7007775915863,3503.769490741227,-0.0058307685299509495,-0.0054496056277811645,3.0540791835930417e-6,365.2564521722567,3624.4086775157516,0.009001230703318585,-0.0018101187991928964,6.38956972759466e-5,1754.291827219202,1801.5576076854027,0.27878988973276586,0.02811430995564859,0.001030100867839203,4221.582898168555,564.7769886880839,0.046458238669713506,-0.03790763824708078,-251.04489280652413
3.2347286031327362e-6,224.70077766164698,3503.7694871787503,-0.006214650909570697,-0.003764192262556703,3.038231487383311e-6,365.25645168517326,3624.408685285417,0.009174646495963121,-0.0005706682872036277,5.492663017509201e-5,1757.8214494623164,1778.5809043706972,0.2668033305479759,0.04476614642229086,0.0010537156653330523,4231.488406235751,514.3817878640617,0.04970307566000216,-0.04038260369402172,-254.7518827371884
3.655154129330756e-6,224.70077780941463,3503.7694820541133,-0.00677277341297001,-0.0008439334645566304,3.017726170936779e-6,365.25645053828487,3624.4087066541238,0.009161660538579834,0.0016518359000328806,4.7278060326246125e-5,1761.3581732794025,1745.20074584571,0.2457629658133772,0.06115045071682265,0.001099414023577014,4248.222811753674,440.9075458591539,0.054840970639669695,-0.042569296965157606,-257.34658288384577
3.798812961538121e-6,224.70077580957323,3503.769532925993,-0.09893481771891988,-0.044495011413748745,2.505922954660734e-6,365.2564524228497,3624.4086997208037,-0.06264298405078161,-0.034182951245320364,2.110091203752496e-5,1764.902012958775,961.7280822954415,0.2561024871155202,-0.08675942348359185,0.0004567898958209298,4249.932153490128,1524.0243375384086,-0.04210567378495217,0.1336400839467236,-263.52271139239514
3.853262594720871e-6,224.70077569018005,3503.7695361955775,-0.09818573241342378,-0.04686047893870446,2.5051902467477837e-6,365.256451833961,3624.4087121587518,-0.06196798049214423,-0.03612281039461471,2.209124702828591e-5,1768.4529828174964,934.8797305223759,0.2551911541204753,-0.08940845346369887,0.0004538733245759014,4256.251182480884,1501.7099828132625,-0.04559832700958599,0.13225548753975824,-263.0378025011004
3.892957618569924e-6,224.7007755852452,3503.7695390936965,-0.09715519571412413,-0.04923156496644958,2.5059867393810747e-6,365.2564513531157,3624.4087223370707,-0.06110668671114454,-0.03806156552707257,2.256191450020243e-5,1772.011097201435,909.7573775587115,0.25585629275015337,-0.09205281245781888,0.0004515006196776828,4261.472338517203,1480.9335903237688,-0.048879673674924594,0.1305906160419727,-262.579078918447
3.920021603486866e-6,224.70077549691646,3503.769541525911,-0.0960336732647833,-0.051522315093650024,2.5075483524017225e-6,365.25645098370035,3624.4087301450486,-0.06020006406703634,-0.03992756900060754,2.2614406349389267e-5,1775.5763704853248,885.542542092828,0.25793780674082945,-0.09465692573016997,0.0004490793151787718,4265.451051523879,1462.7643801168626,-0.05206478802233994,0.12895349880100396,-262.1611539536213
3.936843996284782e-6,224.70077542480854,3503.7695434899215,-0.0949209891871346,-0.053671464658229764,2.5094642126234574e-6,365.2564507204344,3624.4087356776217,-0.05932011184260003,-0.0416709947985454,2.2354301739214943e-5,1779.1488170728162,861.7702157574099,0.2615094982500384,-0.09713702540442205,0.0004464786633755492,4268.189708291852,1447.6041520442466,-0.055148465001540865,0.12746851905620316,-261.7881549789164
3.945600730489558e-6,224.7007753669632,3503.769545040684,-0.09387024841516037,-0.05564131658297164,2.5114969264251395e-6,365.2564505514828,3624.4087391781336,-0.058503717288615614,-0.04326201967359204,2.1878920722594025e-5,1782.728451396545,-944.5377305347669,0.2666735079457671,-0.0993169353075131,0.00044377836381329864,4269.803714424915,1435.418152875312,-0.058075424472499054,0.12616364988027767,-261.4583975252783
3.947843652190484e-6,224.70077532181693,3503.7695462265324,-0.09293245861708059,-0.057412566721657406,2.5134061410392003e-6,365.25645046634185,3624.4087408804285,-0.057787591126637235,-0.04468546889273452,2.1263098911567365e-5,1786.3152879181837,814.6612624375275,0.2735991478440386,-0.10104604810242203,0.0004410385666092553,4270.38854008763,1426.2008961576557,-0.060799851272798466,0.12506852657166495,-261.16758436936954
3.944785221129542e-6,224.70077528802946,3503.769547095487,-0.0921353078418459,-0.05897104825618234,2.5150505144471886e-6,365.256450455765,3624.4087410106545,-0.057191082782753935,-0.04593061155568328,2.0565347579589338e-5,1789.9093411285014,791.1782705633279,0.2824836688275921,-0.10200138054392456,0.0004384030652126231,4270.0384957499455,1419.862822256506,-0.06324629879515772,0.12417418212153628,-260.91070759584045
3.937198439627868e-6,224.70077526427386,3503.7695476941562,-0.09151301156055261,-0.060316750602728,2.516250227159724e-6,365.25645050996945,3624.408739803993,-0.056739355606989075,-0.04699790503874437,1.983870491850481e-5,1793.5106255474225,767.8065996990457,0.2933671553130994,-0.10186894229494349,0.00043593349376698433,4268.87260357463,1416.2787988384823,-0.06537914042909794,0.12348955777791765,-260.68307069385475
3.925677584845443e-6,224.70077524973217,3503.769548057434,-0.09108306240667723,-0.06144930917828749,2.5169039736483367e-6,365.2564506215716,3624.408737461677,-0.05644492137997081,-0.04788767143837404,1.9128519072129003e-5,1797.1191557240875,744.7287793224137,0.30615464157313077,-0.10018662867080196,0.00043372891165683827,4266.990409357046,1415.3141510422104,-0.06714507013353024,0.12300315125556917,-260.480821158361
3.910611971827177e-6,224.700775243851,3503.769548213618,-0.09086275444248572,-0.062366431799947344,2.516907496746918e-6,365.256450783521,3624.408734180111,-0.05632043236155593,-0.04859879971072524,1.8478726302130653e-5,1800.7349462369039,722.199103447122,0.32044454126060584,-0.09654180309389926,0.0004318781820983912,4264.510612406701,1416.8259709494262,-0.06849020919766616,0.12270926594043315,-260.30125904334363
3.892383453678505e-6,224.70077524609215,3503.769548189573,-0.09085378627950788,-0.0630650265581946,2.516225413742001e-6,365.25645098828153,3624.4087301628674,-0.05636633434530412,-0.049129887925583315,1.7935262469566298e-5,1804.3580116936166,700.5157553635142,0.3353662242079366,-0.09055885762415729,0.00043046570463196843,4261.572382074396,1420.5849409112136,-0.0693688390665769,0.12259097647188258,-260.1430503983538
3.871287942056496e-6,224.70077525608818,3503.7695480036878,-0.091056516740385,-0.06354483269406991,2.5148243665321956e-6,365.25645122870253,3624.408725595426,-0.056582065745881704,-0.04948177449971756,1.7535309883271574e-5,1807.9883667313588,679.9040965265217,0.34974003582511465,-0.08213571402277912,0.0004295239092826269,4258.329043752307,1426.3221234295772,-0.06976518223950116,0.12263869637405864,-260.00636215017585
3.847715096234187e-6,224.70077527288848,3503.7695476893205,-0.09145702124796606,-0.06380165747338287,2.512732877245682e-6,365.25645149452646,3624.408720703853,-0.05695569176437991,-0.04965252534337437,1.7308664942260742e-5,1811.6260260167141,660.4579019573255,0.3621456320875538,-0.07153197787200945,0.0004291119434103811,4254.972063897492,1433.6694291217595,-0.0696550373921845,0.12283100367844817,-259.89287019564966
3.822029519326118e-6,224.70077529582562,3503.769547264678,-0.09204030804416301,-0.06384218237458246,2.509980666131906e-6,365.2564517777032,3624.408715654197,-0.05747435490722114,-0.04964876349618566,1.7277336332045203e-5,1815.2710042457752,-1173.2177891808017,0.37113836009888646,-0.059419842423602355,0.0004291762712650558,4251.683926246681,1442.248448877478,-0.06907932609142595,0.12316531437074107,-259.80560250663024
3.7946695483437733e-6,224.7007753240222,3503.76954674879,-0.09278366885463238,-0.06367472527815471,2.5066383863979513e-6,365.25645206966414,3624.4087105991384,-0.058118986783296404,-0.049478373292348374,1.744065904565302e-5,1818.9233161442041,624.4074698849521,0.3758783380731166,-0.04672630400405256,0.00042965218495068203,4248.627274950918,1451.665894663917,-0.06809439822109299,0.12363513979551345,-259.748645860703
3.766311452699299e-6,224.70077535617642,3503.769546167508,-0.09363961505146651,-0.06331512961647023,2.5028893507395456e-6,365.25645236087155,3624.408705688461,-0.058850796138858644,-0.049155577286474836,1.7774691197853605e-5,1822.5829764672867,-1215.4104721692793,0.3762177934420109,-0.0345535715060189,0.0004305033251057119,4245.962035957273,1461.4050420505707,-0.06676032696505986,0.12420090694730798,-259.7267917650853
3.7380076255339264e-6,224.70077539082368,3503.7695455445555,-0.09452222969910572,-0.06278201346608343,2.4990953020643013e-6,365.2564526419655,3624.408701050383,-0.05960048491405166,-0.048697416430167034,1.8224286226241263e-5,1826.2500000000005,590.0953615981772,0.3728638409119872,-0.02384888803855714,0.00043174660837842495,4243.818384773274,1470.7954853076556,-0.06514490564944712,0.12477647950509463,-259.74514515004756
