mu_1,P_1,t01,ecos1,esin1,mu_2,P_2,t02,ecos2,esin2,mu_3,P_3,t03,ecos3,esin3,mu_4,P_4,t04,ecos4,esin4,lprob
-2.2072300402953773e-8,224.69149741410482,3504.048393454928,0.40399267559122914,-2.1684314292002966,-3.104266317883465e-8,365.26126609606865,3623.602488138615,-0.0494537055902207,-0.06050729429492306,7.540502679186676e-9,547.8749999999998,501.69283195955717,0.007401664112838644,0.023785493927840844,0.0550788407523031,188566.01898542742,891055.1956257734,47.372407144810616,-171.32941760322825,-367.09499845326553
3.5081187209129635e-6,224.70077515279553,3503.7695505217152,-0.09189649989002462,-0.058537189210527335,2.531833449518672e-6,365.25554058581537,3624.4213044815533,-0.057588893051366705,-0.045358124614535617,1.1907029226737435e-7,550.0855566292248,347.302412155728,-0.04564473135179629,-0.05255252790015417,0.0004579796964770344,4282.213645730332,1386.5267074549195,-0.0548518502775417,0.11119587335068572,-264.32577344921486
3.489179053396345e-6,224.70077509400056,3503.7695532874445,-0.09079384539401222,-0.05534086671609698,2.5400159541927223e-6,365.25621933561774,3624.4119730108832,-0.05662761273933949,-0.042898371213506425,2.349342990030844e-7,552.3050323743272,296.0088500277294,-0.03918043722476903,-0.038928058014691506,0.00047813884123152267,4286.311864508018,1386.174038469531,-0.04447880778481966,0.11034594759064505,-263.2516723621758
3.567972406242741e-6,224.7007747910101,3503.769562830977,-0.08250220634875068,-0.06015183010121061,2.5755699859582245e-6,365.2563490859365,3624.410195662659,-0.049689633306711334,-0.046917203674515816,3.3945697539456053e-7,554.5334632220013,237.738164019428,-0.03148099639462354,-0.03893029685448966,0.0004931755957802209,4312.508938612874,1294.8468708785958,-0.04276408086024048,0.10076589779054454,-260.9735600474648
3.597847214906174e-6,224.7007747395708,3503.769563547794,-0.0799027969857048,-0.06198600690210007,2.587227454066425e-6,365.2564025493722,3624.409423765874,-0.04743906653847702,-0.048350598652839874,3.1621843821609913e-7,556.7708853041419,199.8737709930902,-0.027715705923014575,-0.0399973005621805,0.0004886521633860265,4318.488980418123,1266.6469539518582,-0.04650599153907348,0.09953725279336306,-259.64473163503135
3.619991052492831e-6,224.70077472773963,3503.7695632232158,-0.07740047100188878,-0.0627414124032473,2.598967370304936e-6,365.25642864698113,3624.4090359767542,-0.045415760457782686,-0.04891576569083318,2.961276666032365e-7,559.0173348984263,161.96164902326578,-0.02389246770030951,-0.04055324029000982,0.0004864523352068038,4323.243405704478,1243.8315580753153,-0.04976663775190516,0.09862423435206112,-259.1327175515977
3.638339026300313e-6,224.70077471029202,3503.7695627259086,-0.07518751381178143,-0.0626928173961079,2.609937335929797e-6,365.2564432665844,3624.4088071871784,-0.04373595916943441,-0.04886528481794446,2.813176941289133e-7,561.2728484289063,125.69272812949683,-0.0199215372356983,-0.04126252962710342,0.00048727256562135533,4328.922671053969,1222.8073643605348,-0.05389540887540015,0.0984856633312209,-259.095425111582
3.665455062725176e-6,224.70077468420178,3503.7695605572144,-0.07235051120112684,-0.06273380278369955,2.623864970452748e-6,365.2564526458469,3624.408655668475,-0.04168798949065822,-0.048868258262698416,2.6285633412383823e-7,563.5374624665947,89.9171120345141,-0.014630778440351112,-0.04309935224020899,0.0004878010121413085,4333.443334866512,1197.1469090829771,-0.0648838283034059,0.09808687529529392,-259.3553390602675
3.7219391173746124e-6,224.70077471570096,3503.769553829829,-0.06716018372228422,-0.063022576692327,2.6495170613853015e-6,365.25645916900294,3624.408564425199,-0.03788128966804719,-0.048989316742826416,2.3723834536902034e-7,565.8112137300626,620.9988744901963,-0.006042889410607339,-0.04666824364746984,0.0004852416271220839,4330.011234579383,1165.4118373790661,-0.08669638224801346,0.09551941009054628,-260.0101039436409
3.889335670622524e-6,224.7007748368473,3503.769544573434,-0.05269507372431462,-0.06463121236852673,2.7215511942719095e-6,365.2564625020104,3624.4085483059757,-0.026715708656464394,-0.05023707919921165,2.1396158172400576e-7,568.0941390860304,609.3551255406435,-0.00015178174147830318,-0.06032611523452662,0.00048369175410978006,4324.789320539344,1077.6050459094356,-0.11366516422217647,0.08083731846633867,-261.42522030850273
4.025949006202174e-6,224.70077520938742,3503.7695342237243,-0.03944268656699572,-0.06387476094381747,2.789049682299075e-6,365.25645849399274,3624.408628855861,-0.016424102320340847,-0.04965555722606039,2.2661295033711162e-7,570.3862755499698,603.2205843118871,-0.006737685596088387,-0.05886322042635536,0.0004855464341902056,4303.118453158035,1035.5403504285198,-0.11776935058388567,0.06382561982043344,-263.49772524571466
4.1346173154953665e-6,224.700775564958,3503.769535605435,-0.024539306249078394,-0.06357718393051202,2.860449922141443e-6,365.25645373532575,3624.4086893587164,-0.004556721239696722,-0.04947538211723969,2.8957664076710964e-7,572.6876602866998,575.5666820676328,0.01410844548815215,-0.03848500228776764,0.00047958205081580777,4290.785197335498,934.3007257589272,-0.07701424955143685,0.016288606589427206,-264.9625887717384
3.6038326713459055e-6,224.70077504969294,3503.7695747549133,-0.0763551786821708,-0.06723050261964802,2.5885537759764975e-6,365.25645880135704,3624.408626692032,-0.04653631142844789,-0.05184691713186248,2.8962695140238156e-7,574.998330610993,539.5194633708678,-0.0022496434651503813,-0.019132171362247066,0.00043714462789210353,4348.992251350065,1214.9911923884436,-0.018770342043719714,0.07507586851114624,-261.8516723448424
4.68608074047154e-6,224.7007757671338,3503.7695356767094,0.018163948440208005,-0.05525542210362247,3.0475720282430536e-6,365.2564669894151,3624.4085394645404,0.02827726950675674,-0.04153765784237584,5.937272023058876e-7,577.318323988179,506.49500225202684,0.04320330084081376,-0.016881400769159116,0.00042461051183824785,4370.693453796982,489.5119791166571,-0.05684324094806536,-0.06730712818591066,-256.27938446748175
4.7966751594927465e-6,224.7007756626172,3503.7695352437427,0.024625245804205664,-0.055103038047359894,3.0595819968747883e-6,365.2564602851694,3624.408633506909,0.032650698179445575,-0.04088658653236082,7.033142395406816e-7,579.6476780347501,475.3293608312358,0.04837375284704343,-0.020418342739931934,0.0003943033557478589,4337.882472700889,586.249171121895,-0.09183571943944695,-0.04803510120217427,-254.49430934323556
4.593782692542291e-6,224.7007758645449,3503.7695306225646,0.016751299953785263,-0.05203936690663422,2.996061846491711e-6,365.2564538785441,3624.408696234478,0.0250583584184743,-0.038401895557932754,8.048592085422042e-7,581.9864305189753,438.5898641942456,0.044714946062053625,-0.024952632920698707,0.0004517284652337541,4253.656740685348,805.8943417322163,-0.07394941388034482,-0.020607403197273326,-254.80193642327873
6.087330492787224e-6,224.70077719071517,3503.769496813321,0.002279285808094893,-0.02501491245495068,2.878130140882557e-6,365.25645214747027,3624.4086591522487,0.014793313129885629,-0.014808669589951647,1.3944380897731102e-6,584.3346193615083,120.43520453412098,0.04071260433606566,-0.019680798513739883,0.0006960547395964027,4161.429767161527,832.4479281118663,-0.005885173884947774,-0.03303626985791345,-252.38333410611693
5.83100493893206e-6,224.70077709507038,3503.7695010885964,0.007437251591939403,-0.03151867719263981,2.9650817644160877e-6,365.256448573219,3624.408751306323,0.019491883674806452,-0.0221460879444848,1.0471855402355268e-6,586.6922826360063,78.48634555188974,0.0517297827408782,-0.021346201921097974,0.000605587247979081,4163.552089600062,829.7232219299668,-0.01898213715540059,-0.03315441253481564,-252.41546871932564
5.419950597434274e-6,224.70077666735122,3503.7695080124595,0.006076928576301885,-0.04280526095229599,3.0100059152321077e-6,365.2564513029218,3624.4087254815972,0.019632472434744856,-0.033281630021770134,6.271021392415994e-7,589.0594585697434,614.2931150841297,0.060396432692083106,-0.019069857987913913,0.0004983691789891287,4198.602051866148,780.2757554704893,-0.04482893303782381,-0.046449573333307785,-256.65224184444924
3.750467650948853e-6,224.7007773274395,3503.7694980440533,-0.06767112432262475,-0.0654195149159202,2.653515626471156e-6,365.2564619881889,3624.4085655907957,-0.03936295137420447,-0.05166470415835129,1.8111950248502016e-7,591.4361855442346,251.26597064401574,0.016465777260791317,-0.13210425760168282,0.0003184522211541574,4141.061713535309,1550.4859446025264,-0.10653139641191858,0.12185142180251786,-259.5787456874146
3.870366184740465e-6,224.7007778010633,3503.7694850113544,-0.07610479050049541,-0.06415855963732855,2.6133141576362573e-6,365.25645934508157,3624.408622995516,-0.04560649081795872,-0.049997667777717344,2.3662956061935905e-7,593.8225020958538,555.70005277805,-0.013807175845499542,0.04890498216545061,0.000243777950037312,4110.304969089845,1626.7451789443255,-0.18151110540921495,0.15250473427662858,-258.79637148110396
3.6617372331076806e-6,224.70077659554198,3503.769500641718,-0.07773565069584289,-0.06019929867738301,2.6023626732553714e-6,365.2564614543969,3624.4085599876394,-0.04650768539326432,-0.04590515279438929,1.706351691354889e-10,596.218446916463,24862.66795023846,30.11255834971528,129.2897073325842,0.00023659473078144978,4246.215758460097,1418.6370286787505,-0.28605212900584426,0.18434363370602957,-258.05052122840317
3.7094608468119576e-6,224.70077596768797,3503.769520936675,-0.07492424758289908,-0.056065758722994685,2.616762558540253e-6,365.256448435174,3624.408712889716,-0.04394438929139807,-0.0428345902262961,1.4522376783774184e-9,598.6240588540353,3713.78906271886,1.2803941807410855,17.98241040717656,0.00023011344403578682,4312.694143224425,1274.8367033951183,-0.28569825465701476,0.17896369633050818,-258.2963042729366
3.6563289977853894e-6,224.70077550574072,3503.769539885633,-0.08009480516375325,-0.05624912416489937,2.5919792335413403e-6,365.25642668965395,3624.4090561227604,-0.047828294295646105,-0.043372137971954716,3.249009316147137e-10,601.0393769132886,8930.40460870934,-39.74871937752758,45.473179041907365,0.00034557269346556686,4316.536183704741,1307.348775173734,-0.12124805239749943,0.14072801578696542,-262.4361516772723
3.557212874384956e-6,224.7007754590544,3503.7695400811767,-0.0882895094149305,-0.06050303404259357,2.5504683867946006e-6,365.256411433106,3624.409256567088,-0.054609743762304756,-0.0468629526575859,1.6122166538290947e-8,603.4644402563163,329.13578786129864,0.27256926514886,-0.8926909369580304,0.00036711866277532376,4286.44241592688,1349.7897857335543,-0.11004123922314056,0.12928519506551114,-264.7588630977806
3.694819395899167e-6,224.70077641248707,3503.7695119315,-0.08164604683536808,-0.06274203176884047,2.582765535439991e-6,365.2564982615264,3624.4079345103064,-0.04933621510280202,-0.04830687137075546,2.8119905214927066e-7,605.8992882032205,305.15658924684277,-0.06978491191574826,-0.05862694349718191,0.00035250869211704176,4207.770795713853,1456.408185307032,-0.12726536094309485,0.12736220199261128,-265.6119647617424
3.7086614411084375e-6,224.70077606866147,3503.7695293063543,-0.09007039063467787,-0.059005419276545165,2.523773594848418e-6,365.2570444032868,3624.3902925445477,-0.055883598291170546,-0.045219241702618554,2.207519472883146e-6,608.3439602327541,256.53675190069083,-0.07355789951222556,-0.08644963474324939,0.00041093975799761235,4252.228817916372,1468.230678456014,-0.07655572667733059,0.13196970803279157,-261.06727653858655
3.6316711971659925e-6,224.70077566959677,3503.769532688792,-0.08391211128031421,-0.06200182670807355,2.573598213191976e-6,365.25646446695714,3624.4082251213817,-0.05118603378157031,-0.04816819525437457,2.3030532072002046e-7,610.7984959829553,382.1946489595537,-0.043521710598309275,-0.012066571254054768,0.0003905342788271893,4261.547272250509,1398.468724220304,-0.09617928815159126,0.12576172932727445,-265.97730374309805
3.618778059193603e-6,224.70077533667202,3503.7695446588746,-0.08663117448445172,-0.059789371119002135,2.5591942031250833e-6,365.2564290306533,3624.409030502896,-0.05323799022183963,-0.046522361620545696,1.370328674011279e-7,613.2629352517961,338.0826274248366,0.015503221431900374,-0.048970824062961694,0.00042384201579083865,4291.544295402974,1368.395097235859,-0.0707699845510134,0.12204343454364856,-265.6239575242084
3.6452134153448825e-6,224.7007751221006,3503.769552110308,-0.08342501992744085,-0.05670553303142936,2.574780838144897e-6,365.2564323466709,3624.408990719177,-0.05051825532885292,-0.044040138086088094,2.0030272906817603e-7,615.7373179978218,298.88614594050165,0.022279234745940287,-0.05451449168455262,0.0004353197825660369,4320.50705119511,1319.4061456222314,-0.06209806897077513,0.12060652991502027,-264.53304843823196
3.7238283804761882e-6,224.70077531847883,3503.7695445728946,-0.0737084415391484,-0.05446810284997691,2.6233377459361543e-6,365.2564435226584,3624.408802178297,-0.04267974209506867,-0.04194464785845719,3.0904562457398027e-7,618.2216843408045,257.9726477624702,0.027570341661908405,-0.039608996931158554,0.0004119015389879891,4322.257941162751,1308.075825926486,-0.07719610182511051,0.1278299076989928,-262.53486112018686
4.464865982333845e-6,224.70077575877212,3503.7695274157454,-0.01015548544860498,-0.05731633095609843,2.9555629081101785e-6,365.25645490747877,3624.4086323023116,0.0062586568028488295,-0.0446843480530959,1.6800375879471614e-9,620.7160745623884,1286.5886836492648,22.86253768675905,4.102934568840669,0.0005027633990812856,4308.367266721429,800.6365610577591,-0.08696138150066614,0.003646737792276075,-258.899463556306
4.688983320673209e-6,224.70077605002206,3503.7695187871504,-0.0048364490503945935,-0.050834312860281894,2.993186377376634e-6,365.2564586656301,3624.4085894435684,0.009419342592100588,-0.03882260697451395,1.0665059710127268e-10,623.2205291067474,463.5818443619557,552.2523383436832,0.10124474302787649,0.0005486391015823711,4284.16482617623,815.4703969579055,-0.08673939664902351,0.0006339639523697516,-255.32309988455617
4.034491079855886e-6,224.70077823284478,3503.7694766775303,-0.05944782724641008,-0.05493564900217073,2.6909951647203113e-6,365.2564600980605,3624.4085810869756,-0.0337533010617972,-0.04034149966684312,5.137350658547615e-7,625.7350885812372,488.3873535919144,-0.08778196242543092,-0.04602317457566823,0.00020039883521970879,4125.064119156346,1568.301930843873,-0.29758532288798534,0.18545634667713995,-255.89532675592915
3.810808151799242e-6,224.70077762060973,3503.7694848353317,-0.07329826709206812,-0.05742604379375996,2.625457312764028e-6,365.25645877170666,3624.4086217053514,-0.043971346690158813,-0.04298406688945509,4.866982862972356e-7,628.2597937570564,451.2013914733455,-0.05239041009028054,-0.0492035643474997,0.00021160185945067353,4160.357526429277,1598.7283149547864,-0.2713841521551423,0.19445905740574984,-258.1946515318145
3.7133209735535736e-6,224.70077743267422,3503.769483823279,-0.0777156107635515,-0.0607322713568042,2.603317497648742e-6,365.256460162176,3624.408614491397,-0.04620980962023876,-0.04647600355271103,4.216018279715765e-7,630.7946855699071,423.4244986148966,-0.011843154650225046,-0.02938754289875265,0.00024563240105176105,4167.8687698345375,1521.6108478128192,-0.23490023112616365,0.1525422040232778,-259.292257969802
3.730125232096092e-6,224.70077743895,3503.7694849446048,-0.07619222279514079,-0.06287038508459313,2.6103517503498294e-6,365.25646045595266,3624.4086064123703,-0.044568192120479175,-0.048860957615264516,3.5079589890190516e-7,633.3398051206558,390.12913963208985,0.02145402400226704,-0.03223306507029165,0.000287800869006834,4161.845812027729,1534.9983682816687,-0.17630990733397098,0.13942388189548444,-259.7305088695712
3.6961835217298016e-6,224.70077745058163,3503.7694881118105,-0.07981955127308665,-0.06357430114830769,2.5948564405868167e-6,365.2564605519165,3624.4085950571807,-0.04749317955920811,-0.049687618401312694,3.01579959144256e-7,635.895193676005,353.1924230002416,0.04504849754528574,-0.031219948746724645,0.00031512393301237976,4150.686211720545,1590.0509761657297,-0.14132656174616703,0.14145578727271943,-260.30146906390723
3.6198296127682567e-6,224.7007772682431,3503.7694956155356,-0.08710460184642932,-0.06312584225193789,2.5622983346294527e-6,365.2564616074584,3624.4085697019414,-0.05358992263580415,-0.04957408974242925,2.762697303070837e-7,638.4608926691564,316.3034301162925,0.04038409417189161,-0.04756777821471977,0.0003400050391891782,4146.11943255835,1627.3039267057316,-0.11417627619488345,0.13941208643267694,-261.56351202039497
3.5542531988619503e-6,224.70077784718038,3503.769482347354,-0.0925976165749448,-0.06282100086027002,2.533399716423564e-6,365.25646168157044,3624.408555107289,-0.05738149703394258,-0.04848489430674291,1.0786112833317892e-9,641.0369437004885,-10891.328539983431,-48.35371866355943,-53.94785506410868,0.0003067746129179592,4136.495474987027,1668.2793226026265,-0.1427197296446409,0.16496647345881427,-259.32675020977035
3.6746167909415246e-6,224.7007783894602,3503.7694680895374,-0.07747385397427847,-0.06305977336989883,2.602771812784243e-6,365.2564579864834,3624.408600057788,-0.045028876196417274,-0.048235567642592486,3.4924607278327627e-9,643.6233885382256,-2926.0511767786693,-10.74634660131086,-14.667130401425592,0.0003272204412381565,4175.416579211345,1468.1716969569998,-0.14803466233557286,0.12659718369351355,-260.593305802141
4.80793350253079e-6,224.7007790185566,3503.7694466589137,0.002149051666888593,-0.045843426555462675,3.0286150114703075e-6,365.2564508252806,3624.408698938387,0.019008242536019453,-0.03549255881113015,4.2079566566063007e-7,646.2202691191205,598.0388802759854,0.12772893519757175,-0.0399198075765918,0.0005021030671271916,4204.648935965782,823.7544639452578,-0.06509938969459014,-0.02744032431975523,-259.66265643408445
4.852817009212316e-6,224.70077942350926,3503.769437840568,0.003780088283909248,-0.04619952388479737,3.0425335548760117e-6,365.25645181143335,3624.408673415848,0.02002102759238113,-0.03582645762058655,3.994376118921201e-7,648.8276275491289,-89.82131939253307,0.11840134488301308,-0.07608952630183266,0.0004991887267417444,4182.946133389308,881.9831739430274,-0.0658745352060678,-0.027821856988363588,-260.15287364163333
4.779465295830733e-6,224.70077822974184,3503.769469475918,0.0003146698232887559,-0.046274237922603996,3.0262432341434635e-6,365.2564528562221,3624.4086575725855,0.01701116326196744,-0.03590359034511348,3.598411675552861e-7,651.4455061040975,527.8390692819607,0.06505885892985414,-0.10418868395118981,0.0004918610383412201,4186.751076182764,891.754390108476,-0.07156241802546387,-0.029799525331696112,-262.3224862524201
4.714292632352959e-6,224.70077679174338,3503.76950425753,-0.0032469067864680074,-0.04779034928603017,3.0026791692384137e-6,365.25645555391446,3624.4086311258734,0.014129149640756606,-0.03686504537297581,3.879988145645626e-7,654.0739472304443,516.2866492097415,-0.007726305028740818,-0.07558763865282181,0.0004692841065579664,4223.00141111163,845.3724170197428,-0.08197243717816019,-0.03133787767587365,-263.5637219186143
4.677723554059583e-6,224.70077829100174,3503.769475960183,-0.00508435735104837,-0.050772705434422374,2.979654633426293e-6,365.2564589219369,3624.4085939271986,0.013144856783231065,-0.03902906135998729,2.754114164903078e-7,656.7129935458514,163.52963692502723,0.14545205975316602,-0.06890113477146736,0.00045309589946772354,4242.229357952764,824.9978807514537,-0.08913319854212783,-0.03454723824933593,-263.57914781787935
4.548900568419048e-6,224.70078221480537,3503.7693794518914,-0.00828342192278142,-0.0539988510368484,2.9607161217818303e-6,365.25645721959245,3624.4086261080106,0.009593968718803738,-0.04194099455506361,8.733910276184405e-9,659.3626878399538,1121.3612036963973,4.644432859128711,4.84631759043608,0.00046587536067302013,4263.876081083951,814.416603435563,-0.08783052777863053,-0.0250285224623822,-261.94045917982544
4.424265010515219e-6,224.7007901933911,3503.7691821857466,-0.009864989033624226,-0.05452397559599316,2.9491051820640647e-6,365.25645993955584,3624.40857908301,0.00809806005489595,-0.041812512255924396,4.0885737340692444e-7,662.0230730750316,413.2246284903685,-0.14861804438367812,-0.005737918072229068,0.00044735482901771495,4192.211017069958,930.5836956996914,-0.08850767790063258,-0.03238149305738765,-258.50273077544614
4.339444294708129e-6,224.70080294774962,3503.7688687577547,-0.000715989334336562,-0.051668792813591505,3.0050777173733863e-6,365.256456696183,3624.4086395366294,0.014850382540952807,-0.03945419564738377,4.995326593089347e-7,664.6941923867108,357.76427644293125,-0.1644651696558863,-0.054773901229604835,0.0005256907770792998,4173.277714891945,918.0537979813837,-0.05842705867744655,-0.03728696227409576,-255.46062815352968
4.1438997853302046e-6,224.70081967000786,3503.76849299029,0.008295280095524077,-0.04489421005787778,3.0625656856525843e-6,365.25645336167315,3624.408698723972,0.021580232898818167,-0.03414754263303445,6.060558406732538e-7,667.376089084658,306.71976006527996,-0.1645842040916168,-0.08564311256627216,0.0006423194018294801,4180.636792588183,836.1632792623549,-0.024853782360889864,-0.03935597709351195,-254.51145457514463
2.8849234636600985e-6,224.70083662707248,3503.7690620040794,-0.08089711213638415,-0.024897872665682913,2.585367387250071e-6,365.2564493186912,3624.40874736789,-0.05001765809785831,-0.018741181120546513,9.181188527854665e-7,670.0688066532873,57.95036291720947,-0.2125166128813608,-0.005551225789244671,0.0004329804361316724,4445.512656230111,1321.6285623767878,0.05685651033422993,0.08263603730097195,-249.89742882421848
2.581893391149907e-6,224.7008825473717,3503.7723718709753,-0.03930093057960083,0.009180457234289927,2.816524930604856e-6,365.2564542701944,3624.4086650118015,-0.017791079091226406,0.009793971057059788,1.2099193692142639e-6,672.7723887524601,26.484908892272692,-0.23218032452086504,0.028620200211830104,0.0003721669389021449,4080.3508629923067,2064.730230272716,0.013507950890778697,0.17257989698704787,-242.7434674296565
3.033155815737061e-6,224.70083812273532,3503.7643124673596,-0.06266834254315778,-0.027723338199500343,2.6985819347808197e-6,365.25645992479696,3624.4085913468834,-0.03558052411789722,-0.019681623693432255,5.524589092697507e-7,675.486879218199,648.5914599018699,-0.33128792790663875,-0.03348872140659076,0.00026562158134228655,4144.303389299135,1703.9153843267152,-0.17384540130155998,0.2022266719205707,-254.36827771631542
3.8433746626359635e-6,224.70075236290407,3503.7693112624047,-0.09003695605544682,-0.04086570322007144,2.566921208850418e-6,365.25646437826254,3624.408553100864,-0.05576406079545583,-0.03118270529293597,3.7093524090492453e-7,678.2123220633923,84.74679854699889,-0.2791994469126324,-0.10331428418188184,0.0003854756849820935,4215.404261987615,1600.9272207584079,-0.0808385463950747,0.1721371905328355,-257.3359925623519
4.004274440270341e-6,224.7007467823724,3503.7702130589073,-0.07860428228733982,-0.0579739864553542,2.6095846580118106e-6,365.2564614581895,3624.4086056083374,-0.046233285453914946,-0.04550697366316775,1.9996916175196796e-7,680.9487614785138,285.09756739125123,-0.4388327299010245,0.006505125722602281,0.0004221052163763134,4249.533570892617,1377.595583363216,-0.09019410770857972,0.12887528565155476,-258.6471080439883
4.708010051728632e-6,224.70075460681144,3503.7699690615714,-0.012059945479350591,-0.04500150652381662,2.966622641392649e-6,365.25645818624247,3624.4086264501584,0.007175253593181935,-0.035511551371858414,2.9214044126155306e-7,683.6962418323334,246.8399523179144,-0.2696724465670198,-0.02977087589607642,0.0005699605171828904,4290.218962678319,742.1097153005894,-0.07437180341837576,-0.012256797774850298,-257.4717884021363
4.660674597322368e-6,224.70076192696555,3503.7698244727876,-0.008690013777467177,-0.04936622155091155,2.9826234976726683e-6,365.2564577160989,3624.40859032053,0.009794211755026433,-0.03895772549627625,2.709606076955386e-7,686.4548076726413,196.74977350065322,-0.2641124424150235,-0.08089250324488334,0.0005475486484077094,4305.071251114377,735.4533470265485,-0.08021314623825836,-0.014005493243490654,-257.6602544815858
4.532291020630989e-6,224.70076926998607,3503.7696716330643,-0.01055432609290175,-0.05515768380288598,2.9633372478480597e-6,365.25645661024464,3624.408580330591,0.008153864022164432,-0.04335143860664021,1.8730097444550699e-7,689.2245037269686,163.76887710338139,-0.2935941316207144,-0.09141211884689036,0.0005157340439305251,4327.197050632308,736.9765970893284,-0.08983317229355536,-0.008855820463279974,-260.5919540661536
3.532985708110433e-6,224.70077266137983,3503.769619185744,-0.08755840491376089,-0.06333360333983133,2.5564926996229443e-6,365.2564542265104,3624.408658625458,-0.05431122369402877,-0.048664803210008274,1.3597041003077038e-7,692.0053749033098,297.2657566801685,-0.20731063593680132,-0.27865981614487423,0.0004466759607254963,4343.346410647395,1277.974108282906,-0.06636858846797897,0.12183731515881793,-261.4854599058669
3.4763668566718423e-6,224.7007745083145,3503.769583701201,-0.09174503555569882,-0.06367686165554473,2.534858147135925e-6,365.25645038930696,3624.408709530384,-0.05773631973548128,-0.049157546868309206,1.203246679531358e-7,694.7974662908566,272.26947808089994,-0.24875544059117924,-0.2804462725283844,0.00043320887794250096,4332.889570930982,1319.3010742081783,-0.054754683350449515,0.1263687428464024,-262.286937609381
3.50759618768186e-6,224.70077457854134,3503.7695928162184,-0.09888059550642317,-0.06229869047570589,2.49829772291112e-6,365.25644689817506,3624.4087639951927,-0.06308489182166094,-0.04825501958558121,2.0497536278045823e-7,697.6008231607229,127.3272531746974,-0.2791356561256308,-0.06612730908784653,0.00042205907415186414,4322.129657342692,1377.8790141867653,-0.034282581629040916,0.1275406109847877,-262.64833859252826
3.5454067456312807e-6,224.70077426616155,3503.7695959914395,-0.09472331913913049,-0.061100001815667306,2.5168740950842897e-6,365.2564387714999,3624.408883959397,-0.05971621151630441,-0.047626553860958105,2.1643744146971993e-7,700.4154909666845,91.84756770686955,-0.2530018672292208,-0.0727960508556044,0.0004447210884706427,4328.710880959572,1350.5865681971784,-0.017602115498832907,0.11754295021718339,-263.6826916454282
3.708123097393604e-6,224.70077405137587,3503.7695725583517,-0.0760382442804246,-0.06182111900955262,2.605835570359265e-6,365.25644231424985,3624.4088438657195,-0.045096671165190685,-0.048035778689269025,1.5563776306835452e-7,703.2415153459102,283.09290245315674,-0.26339305509200867,-0.13941723867072375,0.0004822133998763109,4299.93091993456,1278.9922129656218,-0.07193193109444973,0.10551189791184447,-263.6997882056703
3.6834927875713226e-6,224.70077426180006,3503.769564470007,-0.07607787791885481,-0.06174840355190543,2.606963697247504e-6,365.256449097179,3624.4087396427617,-0.0452127314206149,-0.04790579822164126,2.022359824212576e-7,706.0789421197081,248.88812572861684,-0.21970739359945063,-0.13254592205496177,0.0004831258220887859,4301.2026481636685,1278.4780305215602,-0.070890657731882,0.1038804115939677,-263.6458828970119
3.612170468113549e-6,224.7007747431162,3503.769558423547,-0.08236250639124995,-0.06467680436924844,2.574366481433263e-6,365.25642469312646,3624.409017238039,-0.050128796766419,-0.050245387714106866,2.2473772418275444e-7,708.9278172942624,750.8075743455748,-0.18141055102787196,-0.15760844633360035,0.0004645494388308743,4307.242443090984,1272.0320359815378,-0.08749555015645587,0.10062487172307533,-263.4399568914551
3.5900522324413873e-6,224.70077487785227,3503.769557757435,-0.08427226192493034,-0.0648771961438778,2.5630733308571695e-6,365.2564127321335,3624.4090466145003,-0.05172556875752007,-0.05042996937455731,2.5018007044562443e-7,711.7881870613849,717.4774933735067,-0.1848735896856827,-0.1678928501145509,0.00046236173414839003,4307.717230376294,1282.0375770772694,-0.0847121394462349,0.10127596636537839,-262.88986133800273
3.606662522543288e-6,224.70077433145408,3503.7695718657287,-0.08979802220229953,-0.06495329405706256,2.53933999779291e-6,365.2566216771181,3624.4059422067885,-0.05599049243600358,-0.05035699314325241,5.992862588301183e-7,714.6600977992587,-218.53052295482496,-0.16644419904220348,-0.12759497670717934,0.00043528108843027394,4304.745437485928,1351.9145907603101,-0.08609287868663876,0.13174680561146973,-262.37662652198514
3.5723408701169404e-6,224.70077508668987,3503.7695529097427,-0.08764030880501461,-0.06346971381447278,2.5434109719157122e-6,365.2563489917357,3624.4091164868637,-0.05444720856112707,-0.04933827828479775,3.2294346536533947e-7,717.5435960731947,651.7099434160627,-0.17973023750698586,-0.17718029659498027,0.0004610139020342937,4299.9692924849505,1323.9328467372777,-0.07040857220994366,0.10458596702465035,-262.3828671191024
3.576261617884508e-6,224.70077513087597,3503.7695499810243,-0.08860805895847466,-0.06214253467497609,2.53853694226657e-6,365.2562573249331,3624.409595723506,-0.05516544791626221,-0.048272187352164146,3.5191846649823546e-7,720.4387286363852,619.58785710298,-0.16637898633083137,-0.1736699825849402,0.0004619740729272623,4294.054927123002,1346.068838181313,-0.06202452793085712,0.10614843637983466,-262.7187256639828
3.579626814687984e-6,224.70077513364404,3503.7695480853017,-0.08956774435185333,-0.0611449626666025,2.5344333463319495e-6,365.25602183629104,3624.4114503313476,-0.055861534884277794,-0.04745325588478174,3.9939735299767555e-7,723.3455424306587,587.7914540277948,-0.14797510359346452,-0.16721838413591983,0.000462315122882405,4289.760037563055,1363.0871406117735,-0.056515561394933515,0.10778474289199153,-263.15332827302194
3.5545378182864087e-6,224.7007753772424,3503.769538762392,-0.09168506413456226,-0.060489822190357055,2.529376417836274e-6,365.2542820723263,3624.438095274557,-0.057582751535830506,-0.04688938254071292,8.300803406401046e-7,726.2640845872471,821.4332923821312,-0.17812579567281947,-0.07128756710038966,0.00045361472337821814,4282.781673119558,1389.0491675753665,-0.056170617938805296,0.11172430484048083,-263.4979485192825
3.517653507445375e-6,224.70077509979697,3503.7695406793378,-0.09664366839336683,-0.05943100515084142,2.511338552324096e-6,365.2417968545949,3624.624613109464,-0.061525159008046615,-0.04584136584358539,1.3919626704610664e-6,729.1944024275435,801.3253170304979,-0.1724032589473707,-0.06252867723258161,0.0004449381208463959,4273.928624883944,1436.0343734057135,-0.05521008371235992,0.1207051103886851,-263.73817058449083
3.809938765015783e-6,224.7007740000359,3503.7695844581003,-0.06763979786938576,-0.06088205638080328,2.6310886910500455e-6,365.2461654325674,3624.565213335686,-0.03822652316153196,-0.04797457231284932,2.073580468827034e-6,732.1365434638756,189.34068126033017,-0.11506495326776227,-0.09594034235701807,0.000506450626046671,4317.672660680811,1200.872360019713,-0.049412444354509776,0.0817730951569389,-262.98770764224287
3.7209901536756945e-6,224.70077394521422,3503.769581827259,-0.07521537244400307,-0.06073503942615055,2.6006274489816546e-6,365.25420723682123,3624.437685265979,-0.04434600810202317,-0.04762032366305396,1.4910480843656952e-6,735.0905554002696,166.53069781927226,-0.11917325065367104,-0.09598415714621857,0.000503328207640716,4314.469582258943,1246.7257182696953,-0.046181683665163474,0.08860827770397249,-262.4764546053528
3.629710380368669e-6,224.7007740046541,3503.7695785375126,-0.08112622692709714,-0.061324480170010486,2.5768806781903027e-6,365.25528708673517,3624.4210882361085,-0.04916243089353979,-0.047874015643472816,1.4572140090496475e-6,738.056486133231,144.5655171796421,-0.1237340302063262,-0.0977517304101701,0.0004906724769339574,4308.53594399855,1278.33750504615,-0.051373435178641895,0.09349560036128846,-262.4329368593906
3.6298544668637788e-6,224.70077450722945,3503.769566753883,-0.08388516753798005,-0.06191121553559885,2.5652579340651647e-6,365.2562031458325,3624.410460196981,-0.05129028511391005,-0.048335007779904154,5.462412431759177e-7,741.0343837525133,293.6749490007323,-0.10454673743575944,-0.16549948051015573,0.0004945169175445705,4318.650894903016,1279.380446246083,-0.04975709087641883,0.09598819010553077,-262.22789371285506
3.6022255257756685e-6,224.7007746280847,3503.7695619710344,-0.08493927075561274,-0.06275186669022434,2.5609160530071096e-6,365.25633257423493,3624.4094093384306,-0.05220230701264892,-0.04890181226319266,5.903113531728101e-7,744.0242965419055,264.46748422687125,-0.10000611301891049,-0.1575805191098699,0.0004916905822277576,4318.288551984956,1280.5520768183662,-0.05583226892726894,0.09711494519205577,-261.93490601802705
3.587537768987399e-6,224.70077479107547,3503.7695563174934,-0.08488439177334114,-0.06317652963864366,2.561847039842331e-6,365.2563982024711,3624.408976003029,-0.052200328496470036,-0.04913833698998669,5.989423215394817e-7,747.0262729800077,982.1026106809275,-0.09576055445484058,-0.15168440656865007,0.000488929381963273,4315.604025227388,1281.521367136064,-0.06286565066206246,0.0984602893761715,-262.0201427284141
3.604147683168261e-6,224.70077493624817,3503.7695514243187,-0.08259035953045031,-0.06334265793491145,2.573114083912739e-6,365.25643133996317,3624.4087887526634,-0.050365418182125185,-0.04920413263036096,5.965492491775924e-7,750.0403617410228,205.9530268443309,-0.08824772251805704,-0.14674327435311832,0.0004874496985739282,4311.9666670599445,1275.3158342792174,-0.06932124281154331,0.09902834070743648,-262.3513948423763
3.655306733791333e-6,224.70077503078713,3503.76954782244,-0.07790084592663264,-0.0634175384317748,2.595455272884794e-6,365.2564437525436,3624.4087475913957,-0.04658971245216153,-0.04925262514564569,6.204451986180863e-7,753.0666116955441,175.3421381207995,-0.07617482701414927,-0.14393935151087123,0.0004885884920725796,4309.135408387337,1256.5761637190496,-0.07491260882555496,0.09782629014043448,-262.6829974379138
3.7322701695418816e-6,224.70077506582135,3503.7695455678872,-0.07150080840558297,-0.06321815873917266,2.626064672445718e-6,365.2564447905857,3624.408789368698,-0.04143532133416104,-0.04914963211529889,6.737272859949698e-7,756.1050719113445,141.81408425405488,-0.06061274710598267,-0.14345016761119986,0.0004933519838376788,4307.443021689147,1225.290782808418,-0.07945077085999801,0.0941588473190741,-263.0054676062688
3.651707514647594e-6,224.70077497915364,3503.769546650308,-0.08056580935086112,-0.06277845059631643,2.5825381877065703e-6,365.25644173623624,3624.408848601244,-0.04877925418667216,-0.048700608468109384,6.803708859185609e-7,759.1557916541776,678.3229562784607,-0.06372170181114363,-0.12899742390544186,0.0004656309331696217,4302.1599205282155,1282.8626365835203,-0.08446846586440528,0.10767443055925016,-263.481710337042
3.645675228816159e-6,224.70077490983198,3503.769551570069,-0.08311386584048232,-0.06207387458778717,2.571060067481017e-6,365.25643968242053,3624.4088763787777,-0.05059830447550257,-0.04825703759241801,5.408725472220493e-7,762.2188203885709,643.1207013449016,-0.05548231936575694,-0.12051433134845793,0.00047090361981657605,4305.08244249636,1295.846938050261,-0.07183731931475291,0.10831880883925303,-264.11094952290705
3.58048356807165e-6,224.70077472661654,3503.7695680775487,-0.089653948789082,-0.06214943931209237,2.542046284184048e-6,365.25644122412143,3624.40884408555,-0.055799930584606625,-0.048366296951116015,4.748864585241019e-7,765.2942077786333,119.56202976185392,-0.10669260395773769,-0.11759880397118064,0.00044573645280684764,4325.5687782667055,1328.5326936710458,-0.04338892484649736,0.12644914599046578,-263.9384317585554
3.5348983106222514e-6,224.70077495926031,3503.7695627197863,-0.08673814398520718,-0.06196788522278194,2.5560407350875153e-6,365.256450202635,3624.408710796326,-0.05354510012888787,-0.04801307922010245,5.00744873718283e-7,768.3820036888548,660.4544319220471,-0.04808345839598339,-0.16006252728884343,0.000455771260679522,4326.472139384493,1305.4631322119633,-0.044859493895746984,0.11072574748752281,-263.37753972528645
3.601214306894137e-6,224.70077494122742,3503.7695602179274,-0.07980422016442279,-0.06204569193010319,2.5868959732351608e-6,365.2564553393933,3624.4086390281054,-0.04796259188457398,-0.0479111186282965,6.777711347222461e-7,771.4822581849205,634.9777470978668,-0.036040782009128615,-0.16058838611220555,0.00047014205279313076,4337.128847287707,1252.4419116708993,-0.05189317642556913,0.10211390386743072,-262.0463720263353
3.7235584651430776e-6,224.7007748053339,3503.7695590605126,-0.07066709548620032,-0.06231741847938419,2.628760583340531e-6,365.2564573577371,3624.408612461786,-0.040549144230455386,-0.04802613327371369,7.94635868710776e-7,774.595021534517,602.0781507118268,-0.011499169386250908,-0.1654958681486676,0.00048558491115459633,4352.0626254891295,1177.0426022494996,-0.0628650235181163,0.09549856888697007,-260.82673554041565
4.722971143080208e-6,224.70077607990586,3503.7695104468276,0.00016940534400896736,-0.04975378301198462,3.0136806893080762e-6,365.2564575077369,3624.4085718075085,0.01677195258263546,-0.038971723222908705,1.1967843410295322e-6,777.7203442081528,793.2526480478746,0.13553316561821194,-0.08044275414279978,0.0005062062424849417,4321.214753283908,665.4254919364921,-0.09004497714036262,-0.0257700022996994,-260.03650617815487
4.781130479640241e-6,224.70077611983683,3503.7695082804385,-0.0016318608504881714,-0.0490542367387516,3.0022690998537307e-6,365.2564581331557,3624.408592733198,0.015444471156165169,-0.038579058208410115,1.4819103295554891e-6,780.8582768799712,763.757123362362,0.13408303603869723,-0.08370603648673522,0.0005123079589370424,4298.417203134658,716.0684387237677,-0.08956960097635164,-0.01875124299937563,-257.73954263178325
4.734962067144189e-6,224.70077594288617,3503.7695135640574,-0.008712441702962679,-0.05111904088786346,2.9605563030047536e-6,365.25645865438173,3624.408621673914,0.009796715644312587,-0.04026682460722233,1.6316661286663207e-6,784.0088704285768,-50.53023317111549,0.11865889024621339,-0.09072558578487232,0.0005048174333532392,4284.334587769116,779.5893965026291,-0.09483123797399405,-0.004837088426929019,-257.89498285950896
3.924464399598112e-6,224.70077549900674,3503.7695377021923,-0.07597793070657989,-0.058955395308143164,2.6021166425443818e-6,365.25646834822567,3624.4084996356105,-0.04475397125939088,-0.04623760027318158,1.0590509929661864e-6,787.1721759378581,175.35641617636793,-0.045630796746802316,-0.16986639367300022,0.000436742430735823,4269.033001752816,1382.9260826697093,-0.07985151718078162,0.1363923736883375,-259.50930923573355
4.179003512380343e-6,224.70077605811449,3503.76952652886,-0.06421757653279908,-0.05302403074932947,2.662333907218398e-6,365.25646852862883,3624.4085114895215,-0.035099436636957165,-0.04155874556326235,1.476710205089762e-6,790.3482446978142,125.36678702383136,0.012293564313022176,-0.16241612869042513,0.00040218438500258183,4247.339894638407,1399.175524190638,-0.08712084227489965,0.1503073972015465,-258.66038914998893
4.2735816823145155e-6,224.7007767416587,3503.769511953151,-0.06295733746568866,-0.04673722628991485,2.6730806894541283e-6,365.256465728448,3624.408542723326,-0.033927814737593855,-0.03629973636047209,1.871431542530949e-6,793.5371282053908,85.19421247669213,0.03545327599401211,-0.14349088468937804,0.0003408854982003453,4221.643648566126,1481.9267996050364,-0.1091911254722138,0.1871623169951675,-259.49948227645797
3.974548305891177e-6,224.70077783399122,3503.76947301785,-0.015602318151149834,-0.009737325539809659,2.9410835185569994e-6,365.2564526648409,3624.408705755946,0.002481836905545777,-0.006473771507863504,2.814861695096704e-6,796.7388781653098,231.8396406579794,0.1309911807500528,-0.0239359355450406,0.0007270212894763154,4187.4100302712495,537.9125217690118,0.022756293416236088,-0.07401893651442072,-258.2990330495483
2.976822144125713e-6,224.700779913158,3503.7694373481822,0.06844149910602088,-0.0019806590361644625,3.5491670899706453e-6,365.2564497605214,3624.408722512773,0.06561358318962668,-0.0004917208823621785,3.894774243088919e-6,799.9535464909134,433.6768145392505,0.30905464637863966,0.02129120628111928,0.00029105890095244217,4188.029487842041,1292.2068562059858,-0.0910881739762392,0.06647427638546663,-245.34136953443982
3.726572955507217e-6,224.70077720400573,3503.7694991291505,0.03460843322689318,-0.02106618619388044,3.279659699279235e-6,365.2564513101394,3624.408727088469,0.04166591927883411,-0.015804676642049723,2.839004409303918e-6,803.1811853049998,399.844069833404,0.2522667384939979,-0.0030297895055200474,0.0003084171584671274,4327.062260371221,638.9496239466258,-0.10151276931869692,-0.05055205678946265,-249.32927111756447
3.833680537250879e-6,224.7007776776948,3503.769471770991,-0.0005530991327063245,-0.0020410703059440534,3.051876688341125e-6,365.25644798612575,3624.4087572571225,0.014305813654574602,0.0003664416024739251,2.938432550218016e-6,806.4218469406743,646.0603821085298,0.19111199908613466,-0.0013815491462756283,0.0012284770443035567,4144.953337097176,665.3530536474531,0.048895760221605314,-0.038719697823207964,-251.93101683799185
4.384368353649049e-6,224.70077564005723,3503.7695361140327,0.013374129665748186,-0.04919548316325521,3.1010491807948262e-6,365.256459591214,3624.4086350547955,0.0266637064366448,-0.038102338555864666,1.8463935367785657e-6,809.6755839421921,323.0267232784685,0.21311435681453722,-0.034249477458329534,0.00042331963599231065,4398.156689298562,462.7155305566285,-0.061217351958647095,-0.061343236214397905,-255.17552252363137
4.470744488316423e-6,224.70077621769087,3503.769507397176,-0.00019911808345908112,-0.04940248509495422,3.0250623930722874e-6,365.25646078151885,3624.408578686982,0.016101413172886613,-0.03775138129807822,1.7467266640146644e-6,812.9424490658162,571.743612428726,0.12304820574900444,-0.12957552808782835,0.0004795857304891022,4210.674020929481,802.0251107957953,-0.0634387073471573,-0.05903394367901844,-258.4307445757426
4.635282189588209e-6,224.70077590801046,3503.769519863177,-2.171472053430302e-5,-0.0531495217765443,3.0120720038564546e-6,365.25645917597586,3624.408621786785,0.016909257605435636,-0.04082833610491888,3.751883139314912e-7,816.2224952806661,742.7748073685686,0.4961327861822008,-0.3213421623560678,0.0004484799481520854,4313.774836651977,676.4613930268935,-0.078890880455637,-0.044620239631038214,-259.93073556940044
4.687513378892373e-6,224.70077616303485,3503.769511888499,-0.0028398879818887237,-0.05260895842824927,2.9939483371977468e-6,365.2564601368155,3624.4085984146877,0.014929621153265724,-0.04031844041518341,2.7176507344056832e-9,819.5157757695828,517.6693406395764,56.57884539223294,-0.9467604171940538,0.00044518761156278776,4296.866071274451,726.0661014156701,-0.08548286474474147,-0.03896142778129606,-262.05338172366726
3.7656996102174646e-6,224.70077568583375,3503.769534466805,-0.07448226162015126,-0.06396179437864961,2.615700257052696e-6,365.25645749806165,3624.408629012037,-0.04322435056725924,-0.04905744851997587,1.244740096251908e-6,822.8223439299887,500.9864266767335,-0.03424097649486139,-0.10738881249408337,0.0004171624208810705,4271.199623871305,1336.3996770939152,-0.07788850929869456,0.1008026196257944,-263.89932036423244
3.7735937449722637e-6,224.70077583492142,3503.7695290432953,-0.07328371400551785,-0.06279537002029276,2.6221458312816683e-6,365.256455502812,3624.4086532392257,-0.04245335103182358,-0.048298098299303635,6.596024242304897e-7,826.1422533747506,452.2733899055409,-0.07356891669317434,-0.1188010923388953,0.0004249756346856899,4254.587654298352,1361.9288840954705,-0.0780341359921676,0.10314746455386169,-265.1581291149501
4.821231364936648e-6,224.70077661936548,3503.7694981462714,0.00298161520583392,-0.0483500070636092,3.0372188822915373e-6,365.2564534097145,3624.408668825171,0.019330234393582814,-0.03728373720232532,1.1492429709985974e-6,829.4755579330548,535.6974976791997,0.09722183404519169,-0.011094154237846295,0.0004563146623693526,4238.106495190262,812.3209783876797,-0.08823924138829879,-0.03012127689667796,-263.3904989397537
4.851504706711371e-6,224.70077675011612,3503.769495304571,0.005158600634940664,-0.047379234449394445,3.057141686935728e-6,365.25645173690737,3624.4086840333184,0.021020743801036607,-0.03658071031575341,1.5474458063660958e-6,832.8223116512734,503.97569459231414,0.1179598073700979,-0.0343786901873838,0.00045680838728925157,4215.446250974691,844.4852473620031,-0.08679957886204576,-0.028128881183796736,-261.7686719042788
4.857552987194407e-6,224.70077689285304,3503.7694930974562,0.0054364109869789005,-0.046712246362368384,3.0648632924801554e-6,365.25645138526085,3624.4086833331876,0.021328793772893748,-0.03620287411101855,1.8538468858421173e-6,836.1825687938473,471.2297756103117,0.11824271700042853,-0.045928746727220734,0.0004622622092995601,4197.96904433326,873.7526860848402,-0.08123750052235612,-0.025569016119793384,-260.29010201966247
4.791941202709765e-6,224.70077706584553,3503.7694905612384,0.0023776387319590984,-0.04660973974304395,3.0493765529507767e-6,365.256452712762,3624.4086634619207,0.019017758003080986,-0.036337074529419616,2.0161490994163654e-6,839.5563838441592,435.24302350061856,0.10346414735794641,-0.057910699315535545,0.0004745523495526956,4180.071933891894,915.2110505100624,-0.07196039708448322,-0.02207027638576307,-259.8400602824767
4.657374047258726e-6,224.70077730489876,3503.7694862718336,-0.003062552721265316,-0.04668891239542055,3.018042706728814e-6,365.25645543259606,3624.408628876567,0.014632020438336155,-0.03661980685076492,2.048713567194782e-6,842.9438115054238,395.7742948092507,0.0821713769946953,-0.07714275030529373,0.0004859123762706187,4155.387340526134,978.2254602408287,-0.06368535935282618,-0.01864642668098581,-260.23968230170493
4.517393588978103e-6,224.70077751300363,3503.7694822871276,-0.008466190586483706,-0.047481914721862445,2.986674580821352e-6,365.25645794554003,3624.4086022935076,0.01004375295589542,-0.037432016569230474,2.006620888964956e-6,846.3449067015681,356.66941418589806,0.06517526948997196,-0.10053776440013093,0.0004833395707612112,4133.907529677775,1040.317699189808,-0.06286222518642794,-0.0157789953486704,-260.9850513372571
4.3597163075592e-6,224.70077748197411,3503.769483586332,-0.017239392334265483,-0.053181467162491156,2.9309419270962716e-6,365.25645924951016,3624.4085981576627,0.0025548086362891355,-0.04217385081447851,1.5755200560482624e-6,849.7597245781284,333.7165863345979,0.019837159312338055,-0.11154885179034313,0.00044188411361874877,4134.9160574578045,1114.9956368888782,-0.08361536909815588,-0.0016525199029830565,-262.2603380650745
3.709065300894505e-6,224.70077717344287,3503.769493586622,-0.07204660636882708,-0.06581017400004925,2.637045102830302e-6,365.25646135689,3624.4085722955,-0.04174423720344753,-0.05182317604219183,1.2226852634770167e-6,853.1883205031379,403.5784245100794,-0.054444446457471804,-0.015006965704457314,0.00035540193994868993,4150.038449692536,1524.17218334872,-0.11275340463935861,0.11059821782081201,-262.4179615013872
3.927798846082333e-6,224.70077697373145,3503.769498167054,-0.04886060676854274,-0.06478868493849964,2.754262474562777e-6,365.2564614097562,3624.4085826011005,-0.023420201754299298,-0.0508124219670308,1.962283059436635e-6,856.6307500680306,365.97565819341503,0.04203678253901658,-0.04812023339817752,0.0003604324585485738,4162.0898486306505,1332.8203843456226,-0.124943224675141,0.06702517375572356,-261.6116548593096
3.948280527178768e-6,224.70077701426848,3503.7694963896147,-0.045696082940050786,-0.06452091666986982,2.7719461928080427e-6,365.2564622501602,3624.4085723216544,-0.021136363310157415,-0.05008905672815827,2.409294367937626e-6,860.0870690885396,331.92446504253724,0.05079453947256957,-0.05838031243812439,0.00033596355851832333,4162.195790200721,1304.7023712534708,-0.1447925247224082,0.06265700680219786,-260.30016743556735
3.948781816808758e-6,224.7007771415071,3503.769492172037,-0.04570994152910066,-0.06486855451017351,2.76937576999587e-6,365.2564621558783,3624.408572705117,-0.021432784173983626,-0.04983818962339365,2.7278129543961304e-6,863.5573336055999,296.5346335218284,0.045896298278180675,-0.0651511877246041,0.0003029491921040329,4162.228374251184,1312.1263903162455,-0.17542611440459432,0.06963835670365785,-259.14955464270287
3.9348976375711035e-6,224.70077716936925,3503.769491631645,-0.0501188095217094,-0.06010443053749804,2.745227999114369e-6,365.25646051488604,3624.408597898825,-0.024321495687670093,-0.044710119237516235,1.6490830322451585e-7,867.0415998862628,1100.5576140977676,1.6854053213094138,1.0195270231957343,0.0002915590125071793,4157.7877289755725,1235.954308006248,-0.19668795908328282,0.05319762461644233,-257.7627291073236
4.024089485577426e-6,224.70077763888577,3503.7694817039646,-0.04827548439427456,-0.05571299803094934,2.729739270366313e-6,365.25646203700546,3624.408566673244,-0.023893558879804752,-0.04043809364796292,6.516418459478319e-7,870.5399244246017,870.1998353146108,0.37215014434177296,0.4104461873639259,0.0002892752335632324,4114.934828170919,1313.849226887945,-0.19664258869748516,0.050269308315021195,-255.9219812742498
4.145005347101568e-6,224.70077813549068,3503.7694716206165,-0.04836026783718819,-0.055555126594348754,2.6909806232275497e-6,365.2564616526614,3624.408560978301,-0.02549373755892238,-0.03993778346072327,9.080886026714457e-10,874.0523639426348,54409.096298877805,-455.51383162055,193.34126777086877,0.0002510542179447729,4089.4604801907494,1479.9638676857364,-0.23198407456718678,0.09412293513417169,-252.65948675861503
4.225454804193103e-6,224.70077849377896,3503.7694630121023,-0.04579198662762817,-0.05778575563644275,2.6821339283155273e-6,365.2564588051305,3624.4085944888147,-0.02404639733061719,-0.041432328896515706,9.106835518194778e-10,877.5789753912373,832.3358808614852,-568.7838753451431,0.9697840302516423,0.0001855932526100227,4089.434628813251,1539.4066337955055,-0.3605057727418018,0.13934433416243458,-249.57555391513506
4.178707846807536e-6,224.70077862353887,3503.7694591156373,-0.046814511557538664,-0.05998358019706636,2.682260833850595e-6,365.25645695907326,3624.408614995198,-0.024659107735676335,-0.043113119569457486,4.287990157824601e-10,881.1198159510733,443.1400693608286,-1234.8158566869731,-0.3122538760377937,0.00015936820479958705,4096.694615641038,1528.4714801442724,-0.4577644082489376,0.15568487727801827,-250.06679382013635
4.05055101666679e-6,224.7007782745846,3503.769466584924,-0.051102356079561796,-0.0617013886534934,2.6826824224868272e-6,365.2564558547848,3624.40862951195,-0.027495674535482406,-0.04511725119979158,8.224232784667086e-10,884.674943033514,718.1391351227954,-579.2807792770567,0.7769077815579124,0.0001830734123665798,4122.664398137247,1453.5135637188234,-0.39387149460332416,0.13503698962589747,-254.31059749237056
3.901091545199788e-6,224.70077745169266,3503.7694863955535,-0.05776383548944196,-0.06283782372375779,2.673776568843679e-6,365.2564551552738,3624.408639741291,-0.032042020999609115,-0.04721230034547292,8.693059385939507e-10,888.244414281577,685.4342899391539,-412.1201117409745,0.7842305214001284,0.00025256642807654423,4163.539148850697,1374.5648966681706,-0.2525894982680276,0.10965123280060847,-259.70677415687305
3.521928636907358e-6,224.70077674305315,3503.7695049034573,-0.09383773896710863,-0.05886200564937691,2.5337757693778143e-6,365.25645395640703,3624.4086588275327,-0.05912733650979464,-0.04473042577514101,3.693987004385944e-6,891.8282875708531,943.2859638083797,-0.014277681305788601,-0.05328989491562593,0.00027760124654452724,4217.973664920165,1569.063411290516,-0.17667772265064566,0.18806637193697737,-261.96181390579574
3.4886355852874586e-6,224.70077610866664,3503.769523363146,-0.09944470619177813,-0.05687982768787081,2.504482498389524e-6,365.25645257935196,3624.4086846010687,-0.06347029238565993,-0.04355376698081706,3.085652966739984e-6,895.4266210104519,911.919497157749,-0.017341702976409502,-0.049168112091883424,0.0003293811799736709,4249.948408146545,1519.6243138791162,-0.12177913455174777,0.16896365041172545,-263.32098896398725
3.480666850842283e-6,224.70077576926795,3503.769533137069,-0.10302129732607643,-0.05662034693471599,2.48505906092416e-6,365.25645177604065,3624.408698681474,-0.06627290197872426,-0.04359789409813334,2.6070038906023502e-6,899.0394729439398,873.4620878053978,-0.023758793119924754,-0.04465173776480743,0.00035115679859172886,4266.376301247402,1491.4684290658176,-0.104400854019929,0.16142502608938772,-264.24141725647206
3.4745789953971135e-6,224.70077570106125,3503.769533587203,-0.10905479731538492,-0.05949915999256845,2.4559370237524035e-6,365.2564515544041,3624.408695697131,-0.07106267931750469,-0.04593248119672912,2.6278595426905655e-6,902.6669019502847,805.9064100482683,-0.041149341781678804,-0.0556832092983219,0.0003403912199658424,4262.327511718415,1489.0838662180606,-0.11573312205295132,0.1629853190186002,-264.5924250581597
3.493552957689199e-6,224.70077574503074,3503.7695315977567,-0.10976332979730583,-0.061766082015373286,2.4506486830256693e-6,365.25645178607806,3624.408689195198,-0.07158725217691365,-0.047705519235838455,3.348596273752026e-6,906.3089668448112,749.7534315001067,-0.04683994841505568,-0.07009092878876146,0.00034007709987049083,4257.874466241747,1490.0490412296651,-0.11770381158916007,0.16139776204843537,-264.19504199606456
3.5708473541495816e-6,224.70077576224762,3503.7695320860307,-0.10211428467445875,-0.06185832820347316,2.4778602133967257e-6,365.25645163919637,3624.4086953026053,-0.06545967179590985,-0.04782315035408651,4.345839170277052e-6,909.9657266801476,709.2160941997054,-0.07501769805757319,-0.0789307189648971,0.0003600647732107104,4262.979292053097,1467.8663232020674,-0.1041158110892784,0.1516099930132305,-263.32640837763176
3.6992136422423563e-6,224.70077539745694,3503.7695475589176,-0.09457022153687358,-0.06322006905013855,2.4812907571220343e-6,365.2564524052268,3624.4086662002032,-0.05964948489392389,-0.0491598722742256,6.612249063065204e-6,913.6372407471899,840.1239332498731,-0.01520692289960055,0.16075817393540875,0.0004526243497358783,4270.36064870065,1429.7844913512529,-0.05485620581157886,0.11974673277628982,-261.58941984529764
3.7038790291538863e-6,224.7007753733481,3503.769544179451,-0.09256667907880899,-0.06141453648325452,2.505682409461415e-6,365.25645365277785,3624.4086689478527,-0.0580690180023779,-0.04775655021094257,4.740203719090697e-6,917.323568576057,794.793318645828,0.010685006690776653,-0.06685111981059752,0.0004275543865979125,4260.206705259692,1399.6018079050145,-0.07346262951397876,0.11642839086022902,-263.740543461902
3.638848903222851e-6,224.70077549374795,3503.7695392464557,-0.10022653702999848,-0.06022870917730416,2.476731665223588e-6,365.25645354767653,3624.4086684789304,-0.06406535153278974,-0.046673387542524473,3.8574425513762855e-6,921.0247699370622,-160.49897261869515,-0.016365211226417473,-0.08058490999302917,0.0003858812723013266,4253.784290763944,1419.644031517115,-0.0967559875595742,0.12885884948488574,-264.1660954721499
3.5961854747022056e-6,224.70077573747747,3503.769531381527,-0.10538207380715058,-0.057985051636819336,2.4580527097736457e-6,365.25645267440586,3624.408682045353,-0.06803056654898099,-0.044773467727640424,3.3298214523351046e-6,924.740904841675,705.8917065646738,-0.025354071155864733,-0.09233620565245498,0.00033647001266147366,4254.466065581944,1435.5770058955404,-0.13080697318512177,0.14802805936430125,-263.97355735774784
3.596943336071465e-6,224.70077666122882,3503.7695050353527,-0.10938743971761788,-0.05455974060122788,2.4407657988645714e-6,365.2564535014849,3624.4086691907155,-0.07109325397131988,-0.04174926034621645,4.0561815319133415e-6,928.4720335435027,636.4170780658122,-0.011098180044028077,-0.10640421553411948,0.00022992712856539793,4231.889588276883,1493.7200538910326,-0.2618871131459087,0.19752764264783526,-262.0812974865099
3.704106642233724e-6,224.70077783810797,3503.7694746590873,-0.10916148358967889,-0.05169509355614192,2.429943096653293e-6,365.2564554113902,3624.4086507917,-0.07103374440591004,-0.03912761217637948,6.016550282436929e-6,932.2182165392584,588.7766564133732,-0.003140172534465444,-0.09990703488029627,0.00011446323503122985,4202.014447054355,1586.6273928647277,-0.6933310245986678,0.29567445608649046,-257.6712630608284
3.848629558844577e-6,224.7007782531353,3503.7694644171875,-0.10334906614120233,-0.05201984522831516,2.442057706214865e-6,365.25645577719325,3624.4086637185333,-0.06654255385312935,-0.039046313614613644,7.2785901216104856e-6,935.9795145697492,549.0259302839153,0.003229710943272191,-0.0952713536082898,6.749628571671966e-5,4194.344369684882,1817.2323478416165,-1.2707920678345273,0.4704635721738514,-252.75428428606818
3.9194357570809655e-6,224.700778105556,3503.769468635126,-0.09838326782512936,-0.053737399046083545,2.4607469640514785e-6,365.2564564457504,3624.4086723337678,-0.06275245564344217,-0.040362967955097265,7.096763221102398e-6,939.7559886208585,-424.00067920328894,0.006889952516666458,-0.09780514358041204,8.150155701964671e-5,4190.765294988031,1717.5439013819905,-1.0330684271757014,0.3902342361007168,-251.3340010076414
3.912162423536928e-6,224.7007776029214,3503.769482018624,-0.09143374715055427,-0.05919563743194947,2.5003977211448764e-6,365.25645819449255,3624.408651697363,-0.057360795749518245,-0.044996415535765936,5.373989887590377e-6,943.5476999245313,488.4480646477928,0.003551410497763416,-0.11171314029388017,0.00016554493286599986,4175.575974289513,1574.8396236753817,-0.427318327572119,0.22659490345921493,-253.7396280959558
3.930369494511539e-6,224.7007772156287,3503.76949271194,-0.08512204147806557,-0.06336049013908387,2.5335872753311914e-6,365.2564593001757,3624.408629691657,-0.0525659920012037,-0.048803008135287713,4.1965258193351025e-6,947.3547099597743,468.6296473846184,-0.013657922411832113,-0.11835802540614959,0.00024841128652273726,4162.674656820841,1547.9416487036026,-0.23081401094654164,0.16328696685875993,-256.18356277763223
4.025126781312968e-6,224.70077698192463,3503.769499460522,-0.07776219634453792,-0.06562915158462712,2.5649639550648694e-6,365.2564593094227,3624.4086219743585,-0.0470030654342189,-0.051125134001757805,3.960993207895049e-6,951.1770804536444,453.8327120163366,-0.027673246252506653,-0.10914399543376622,0.00030168744258239524,4156.560534757566,1509.4988797885142,-0.1661457669220051,0.1296010810413614,-257.6389729875722
4.244841067445529e-6,224.7007768576429,3503.769503336953,-0.06408850153463784,-0.06637081428855969,2.6230678652844867e-6,365.25645841752936,3624.408627226066,-0.036431630937285436,-0.052171022175393836,4.364934259948858e-6,955.0148733822581,431.33697965473493,-0.019118600172775918,-0.09508079857975021,0.0003459751483011245,4151.946795840491,1434.7722611040836,-0.13366003010455751,0.09699157305703243,-258.2879932904595
5.1405973143616125e-6,224.7007768612803,3503.769500324777,-0.0069882565134636,-0.0501618248647362,2.931151820717369e-6,365.25645206476696,3624.4087132450736,0.009092672067151515,-0.03931912135529944,5.12546304120907e-6,958.8681509717879,383.14414341667975,0.05369757711182716,-0.06398366100605148,0.00045870537529269797,4149.009748439974,970.728492678292,-0.08326783853157374,-0.022556309526685827,-257.4233697613666
5.527267948288995e-6,224.70077692725638,3503.769498875668,0.0033329587660144953,-0.041579035461006705,2.9821501231931735e-6,365.25644889015933,3624.4087441797496,0.017192459979936795,-0.031937261316041576,6.410317106699632e-6,962.7369756994793,345.2595647372016,0.06343833059341515,-0.03767972926034766,0.0005215888902040583,4140.869499414191,915.2677860512399,-0.0546318816545819,-0.032252573091010754,-254.76378473478974
5.85888158779464e-6,224.70077707146257,3503.769495676082,0.008250034451308966,-0.03731725048847739,2.9934845385306478e-6,365.2564486181372,3624.40872803231,0.020714084063372218,-0.027903154068393176,7.817614333681004e-6,966.6214102946562,308.6623237671816,0.06024850485052726,-0.022346682481251594,0.0005399154871891643,4132.063366721949,916.264419243575,-0.046842861811486856,-0.03321451607971803,-252.11504838852917
6.095659479328703e-6,224.7007770410239,3503.769497634155,0.00837012921926544,-0.033455839468079056,2.964925896668888e-6,365.2564497409154,3624.408695690477,0.020184349860447134,-0.023857973248252253,9.472383763054375e-6,970.5215177397454,273.238498724911,0.048256682644842605,-0.008622433687732502,0.0005738520382346146,4137.027887243417,904.4675245441999,-0.036110290648551334,-0.032785430452107654,-250.8771893719708
6.149927253582829e-6,224.700776742455,3503.7695082964888,0.003163244014788627,-0.02946158120142844,2.897429640021245e-6,365.25645205432477,3624.4086629106405,0.015501285344975971,-0.019449666369865882,1.1123076338430987e-5,974.4373612712902,238.44269287940307,0.032457044146924886,0.004259019869345637,0.0006651476551719344,4164.23944064972,870.8644517261421,-0.01269650910306882,-0.027997590725621677,-251.70231895709648
5.926163783874608e-6,224.70077652779574,3503.7695111315256,0.007158938688929928,-0.031642710090405896,2.9427353801802154e-6,365.2564558235222,3624.4086312530317,0.01983247251361613,-0.02053256189075017,8.728273866842097e-6,978.3690043809828,204.9386424660445,0.034518549735900336,0.025219835155180836,0.0005843041425213086,4231.047306804579,748.9106685533978,-0.029053315889035265,-0.03409738287109734,-254.32383239795348
4.49068751837226e-6,224.7007754314068,3503.7695445425657,0.006356306129317053,-0.05107107911475581,3.091869904089986e-6,365.25645403681364,3624.408694974355,0.017619483514195965,-0.037405089250286856,5.813907513937654e-6,982.3165108166902,646.2976139067498,0.013192407496350245,-0.05529602667631507,0.0005258409264829402,4297.215175197237,769.9017555623277,-0.04964218333232125,-0.013881709633267144,-254.77090302809222
4.525629447885345e-6,224.7007753219224,3503.7695490224564,0.008010402001480035,-0.05474835640689469,3.0966716358004835e-6,365.25645972312805,3624.4086299811397,0.019493941054151965,-0.04011386673345485,5.8050268011316726e-6,986.2799445834855,599.9819714769259,0.020851852269407826,-0.07246636406602568,0.000493055433953105,4338.803138374471,698.7457902895363,-0.0535726086206013,-0.01967283880590008,-253.59037501221607
4.478699806136237e-6,224.7007753764863,3503.7695490042224,0.005428491339877051,-0.05686887808457892,3.0815217260099453e-6,365.25646509371643,3624.408558262457,0.017964713096754202,-0.04209948318849737,5.612929843741444e-6,990.2593699446925,562.359681281566,0.021681542887221714,-0.08297205607584143,0.0004930565666194161,4355.143356589508,672.5450914615141,-0.04471404105322613,-0.02690132030309621,-253.5199773590588
2.1020516037651423e-6,224.70077632423798,3503.7695355037677,-0.1464223886553287,-0.013328966291300877,2.470019297642408e-6,365.25645315418535,3624.4087141956015,-0.10382955126714269,-0.007832503265728952,2.0851222465423345e-5,994.2548514229192,657.1782922163513,-0.06569976923476942,-0.007856985444291146,0.0003433947916983919,4291.326852047951,1795.734806532748,0.00022278484561991257,0.20976843226622474,-250.1964968324006
2.1738288673972585e-6,224.70077630269785,3503.769541212998,-0.14725127693176784,-0.014332133465663805,2.458954000922889e-6,365.2564545149903,3624.408688995063,-0.10416024080872655,-0.00891917582835155,2.0171539507266177e-5,998.2664538011124,626.4692320197742,-0.06888654697815162,-0.007419546482366806,0.0003465564042355108,4296.265779170271,1768.977299504649,0.01096980749499635,0.18870323091619043,-249.0380056452407
2.244692988421634e-6,224.70077629535282,3503.76954673391,-0.14800489053102453,-0.014280818519035055,2.448098695762697e-6,365.25645355907926,3624.4086930904828,-0.10433767522192615,-0.009275335934425193,1.947722115459734e-5,1002.2942421236002,595.7365937387736,-0.07208659646975268,-0.007090118236202961,0.00034794961965225064,4295.37077082144,1749.789476134212,0.02468104081686696,0.16867112657623531,-249.27018287321954
2.3293145712912755e-6,224.7007762590199,3503.7695497673685,-0.14759434175974437,-0.013732116170630795,2.4408048353231505e-6,365.2564496951698,3624.4087378330373,-0.10345286903962116,-0.009189618153059808,1.8732958091472166e-5,1006.3382816971543,565.107909211709,-0.0725692950418352,-0.006645869788682224,0.00034957154803821525,4288.955480861445,1744.5227915723406,0.03382590776515568,0.16052247891606067,-251.74696922203347
2.5183466208296275e-6,224.700776486367,3503.7695255618114,-0.13787243262393206,-0.014083392866188716,2.462841911380914e-6,365.2564484927986,3624.408743819601,-0.09514231567950364,-0.00949061019686488,1.7445579613884954e-5,1010.398638092041,542.674205992061,-0.05689665300757628,-0.005636245820187213,0.000367903029105134,4233.139338297618,1824.876523295447,-0.00032238515693507476,0.19661728364919223,-255.62708727298806
2.7517312673820274e-6,224.70077653888544,3503.769507454191,-0.12718376328494638,-0.019794825681157018,2.481168873489743e-6,365.2564539072152,3624.4086626898297,-0.08633471540244529,-0.01372317241728384,1.5175400021961325e-5,1014.4753771430926,522.1986852939867,-0.04008641999499127,-0.01269143741644944,0.0003967721887239709,4207.386624849667,1818.9442823918482,-0.04485909901013213,0.21519571643516786,-256.81469095803135
2.918548363628119e-6,224.70077600281198,3503.7695162195755,-0.12157291229313698,-0.026852105214336983,2.4822464363534525e-6,365.25645797469195,3624.4085999663434,-0.08164366679456167,-0.019132260424474377,1.296922543101514e-5,1018.5685649507662,494.23830013579953,-0.032491757540868825,-0.02118091940245075,0.0004174053822865683,4227.857511225036,1731.9824055730953,-0.0628784236104355,0.20825563294325242,-256.63129320585443
3.0624045737337826e-6,224.70077545862287,3503.7695297454334,-0.11555434706540119,-0.03382481366455208,2.489266598730818e-6,365.25645983404513,3624.4085634164053,-0.07666262787972243,-0.02471121601316944,1.0918036597858188e-5,1022.6782678822245,464.8123780981533,-0.02733589327005595,-0.027911159365094494,0.000437056282805986,4251.532907103155,1634.605971262694,-0.06740155528087831,0.18903234139286665,-256.28338505748616
3.182101014304506e-6,224.70077506869077,3503.7695417928185,-0.10903792062258337,-0.039576287132975896,2.5038869638413605e-6,365.2564594050233,3624.4085574931105,-0.07131353266970479,-0.0294499369263343,9.369900766556892e-6,1026.8045525724028,434.6340737318456,-0.02357000000722495,-0.03244791146690274,0.00045543200050970477,4271.139904326241,1547.9844220955747,-0.06379205619646595,0.16785636201644333,-256.0478087398884
3.2715030870505164e-6,224.70077481373679,3503.769551580464,-0.10351307865014131,-0.04365880512828252,2.5192202493519854e-6,365.25645737088865,3624.4085776665847,-0.06675951985869895,-0.032887754346098426,8.392840849931838e-6,1030.947485925097,402.7815496768526,-0.021462499597044254,-0.034780808241826035,0.0004699869197170264,4287.03040027593,1480.502277023786,-0.05631207699377059,0.1510226114356093,-256.00100957925605
3.338111496342055e-6,224.7007746442014,3503.769559416596,-0.09914815744550205,-0.04676384893952362,2.532474863868839e-6,365.25645422879677,3624.408620863081,-0.06312971138611993,-0.035538712384876936,7.753867799709091e-6,1035.1071351140454,368.18764454142126,-0.020390851767455757,-0.03567187800982121,0.0004807197522192858,4300.058027713722,1428.3238969748777,-0.04836028812725648,0.13854164960112497,-256.16533744369343
3.385447086328773e-6,224.7007745364419,3503.769565152788,-0.09582733466966656,-0.04925413580815381,2.54283737285569e-6,365.25645010636407,3624.408685898219,-0.06034279425394628,-0.037677727353224826,7.3374741582442785e-6,1039.283567584015,330.56892151918163,-0.01983317993795941,-0.035744112781126706,0.00048815463293524315,4309.648327705418,1389.4824450497554,-0.04192858022041656,0.1294192283056154,-256.4654149985247
3.415232741237177e-6,224.7007744731874,3503.7695688578733,-0.09338443375840073,-0.05118544924853157,2.5503295549417293e-6,365.25644488728943,3624.408771817453,-0.05828120972786392,-0.03934731261403919,7.11993278183158e-6,1043.476851051901,290.03182239632827,-0.019325984486503817,-0.035392248270022,0.0004933114966654854,4315.462211757378,1362.7193295044717,-0.03764341347024909,0.12278217736244934,-256.7696904909075
3.4298364142823147e-6,224.70077443896497,3503.7695709730046,-0.09164402317120546,-0.05248230678944075,2.555334891537738e-6,365.2564382024253,3624.4088801573444,-0.05681402101613345,-0.04049346643738945,7.1149511796367355e-6,1047.687053507818,247.12544801880713,-0.01854646842347157,-0.034762211387145685,0.0004975347570998314,4317.950709434917,1346.3557485040997,-0.035020834913002966,0.11795017696370808,-256.96796362127225
3.432870659744484e-6,224.70077442227705,3503.7695720578354,-0.09044997577026206,-0.05309624758776502,2.5582502327804752e-6,365.25642937829844,3624.4090177225385,-0.05581974020264603,-0.04108282628262798,7.346047529620623e-6,1051.9142432162105,203.18191318250297,-0.017491270686420552,-0.03389852423351783,0.0005019423423346502,4318.031778814901,1338.307605561613,-0.03317311097903438,0.11440710924872226,-257.0066179411444
3.4290736433161446e-6,224.70077441508866,3503.7695725948975,-0.08963605548477825,-0.05312094230314168,2.5595123979649643e-6,365.25641734476096,3624.409198547468,-0.05516406828549558,-0.04119084742361646,7.82335532775496e-6,1056.1584887169504,159.8117432027109,-0.01630806823734189,-0.03295408510498566,0.0005070964411999786,4316.784704999383,1335.8708074562958,-0.03144654298957239,0.1117100709579663,-256.8859091812067
3.423371060848823e-6,224.7007744130153,3503.769572877917,-0.08898030552698274,-0.052770453768624576,2.5598313561186743e-6,365.25640041192713,3624.409446570781,-0.05466408030564625,-0.0409879096036347,8.547643706126435e-6,1060.4198588264574,1178.4259095650857,-0.015001510656776365,-0.03217897007223821,0.0005130685532377912,4315.105625477034,1336.032754931619,-0.029621763739167663,0.1094415378137183,-256.64198769432517
3.4199856073060346e-6,224.7007744138863,3503.76957305773,-0.08822085167793042,-0.05227373749586267,2.5601361213255274e-6,365.25637571439586,3624.4098028760936,-0.05410313398125329,-0.040658957671704056,9.534658277080724e-6,1064.6984226388063,1142.6899195749413,-0.013374031425969298,-0.03181854831512358,0.000519878843344949,4313.594239151514,1335.9724917590775,-0.027711365466446227,0.10719427703157838,-256.32649619962115
3.4222691478305423e-6,224.70077441723248,3503.76957318061,-0.08708955578469696,-0.05184244064188541,2.561378162104731e-6,365.2563379530254,3624.4103432185884,-0.053259369393463825,-0.04037792571573611,1.0840189289645195e-5,1068.9942495268558,1108.5181868275286,-0.011075092660276106,-0.03210580741846678,0.0005274984358232703,4312.59082276402,1333.2224713671408,-0.02587009317141419,0.10461039711676953,-255.99360856242177
3.4337016750347356e-6,224.7007744254759,3503.769573177169,-0.08525338172679851,-0.051683616959792525,2.5647015277286515e-6,365.2562763950672,3624.411220577411,-0.05185974352000919,-0.04031748543946833,1.2585437072009382e-5,1073.3074091433652,1075.4236634775705,-0.007539349789253066,-0.03333192304386574,0.0005359091644514781,4312.203950601231,1325.2932410433318,-0.024349334462813677,0.10129807597585813,-255.69786779668559
3.460032219896654e-6,224.7007744473266,3503.7695727670884,-0.08214242070456296,-0.05205752885194815,2.5720233932683067e-6,365.2561668881935,3624.41277871865,-0.04944182167577301,-0.04069509764285191,1.4997697343780548e-5,1077.6379714221298,1042.7402606113628,-0.0017019034753896838,-0.03599189876993986,0.0005449840688642109,4312.379264088564,1308.3847188034506,-0.02362929441743551,0.09664465659627165,-255.5096096639731
3.513532501391107e-6,224.70077451261022,3503.769570965965,-0.07658845312613033,-0.053412796207382075,2.587260111074954e-6,365.255947995266,3624.415891243525,-0.04505978392330029,-0.04187695534568089,1.850090575585633e-5,1081.9860065791133,1009.5843607780204,0.008727178101494409,-0.04109247684015965,0.000553076448872331,4312.55643547218,1275.0664160063286,-0.025096462659357242,0.08951946253110138,-255.57780656849488
3.6269863289868024e-6,224.70077473697725,3503.769563844281,-0.06559203237981642,-0.05654594878764165,2.621074910395277e-6,365.25544231954785,3624.423071667367,-0.03628782756677724,-0.04447724489766739,2.3941186391325422e-5,1086.3515851135824,974.563666385153,0.029291411215649148,-0.050539718932410736,0.0005500659802479293,4309.327682551383,1207.2895116467241,-0.03411016942040639,0.07705292814563053,-256.3678881393703
3.980799620916265e-6,224.70077568990828,3503.7695327793476,-0.03398368563731326,-0.0578038880274152,2.7398024687673666e-6,365.2539368565904,3624.4441369256288,-0.01101692113833041,-0.04543279781072467,3.251248636784214e-5,1090.7347778092567,932.8470422806126,0.08567457129926594,-0.06310978069136712,0.0005048074356948818,4286.410318234813,987.4108112995178,-0.0709299126752004,0.030942737633027316,-259.54870264242203
3.6155247630825977e-6,224.70077595576723,3503.7695246856633,-0.08668369598265079,-0.06453283908879072,2.5442330668698275e-6,365.2558570549897,3624.358931869046,-0.05330426852339308,-0.049900127896256016,6.426462332367707e-6,1095.1356557354488,880.7415717452188,0.07927609624852211,-0.09248960529460028,0.00040462109776781335,4234.080656042025,1442.0790462071047,-0.08728098503198815,0.12054239624727466,-264.9732666703011
3.5208846375709084e-6,224.70077587839248,3503.769527157117,-0.0960835705885502,-0.06438117287578746,2.5036494604864357e-6,365.25535647328155,3624.420797882224,-0.06066460270032594,-0.04964290342811188,9.164380963886606e-9,1099.554290248225,917.5700526343591,157.89279507359998,0.126996101038501,0.000396144393411448,4241.60198150778,1468.1982611203357,-0.08831625476296609,0.13018700160324767,-263.64694861167044
3.938093416229745e-6,224.7007751676509,3503.7695503616587,-0.04257661311938844,-0.07180254372412606,2.762764056042619e-6,365.25578286819086,3624.418419976625,-0.01811803257428935,-0.05631388405796301,1.8864126239237635e-5,1103.9907529915533,109.56667720960544,0.03434465200319931,-0.05113070324423263,0.0004658946653049275,4315.45228150699,1035.8295396978717,-0.07903646315615198,0.0513359802067252,-261.3120645066263
3.885209573800548e-6,224.70077492009761,3503.7695584585153,-0.044330389422928336,-0.07331539385377372,2.7582227647483177e-6,365.25606976904635,3624.4143155000834,-0.019531115530143275,-0.0575836411292778,1.4592955481970008e-5,1108.4451158984741,1181.3554748041568,0.02503423152751318,-0.04587386304765061,0.0004733699245770909,4332.486191101016,1021.6430821892218,-0.07347308816806054,0.053431979092762115,-259.92217876574824
3.909108454159964e-6,224.700774885311,3503.7695592315627,-0.039314041242639375,-0.07328896320300517,2.7875437260157294e-6,365.2562281236005,3624.4120215763865,-0.015545660169042467,-0.05762056250578687,1.1802824605314829e-5,1112.9174511922574,1145.2525653032367,0.020891965041758782,-0.03976624547426452,0.0004753029342772119,4339.033112704768,979.8358926946179,-0.07423327304849048,0.04722490360417202,-259.14863054966315
4.133705359219492e-6,224.70077828973697,3503.7694644133044,-0.014183964674253563,0.0034255405632030167,2.938207240528963e-6,365.2562627071226,3624.4113013831857,0.00429590301260499,0.005092651000427119,1.6169953116348565e-5,1117.4078313875827,377.8796388124037,0.02101435168813046,-0.004649408169631454,0.0013809905914080748,4250.035169940258,339.08923856972774,0.07480757582158305,-0.04251201897901831,-253.77276125644337
4.084602751970949e-6,224.70077820860013,3503.76946705481,-0.0131863636063009,0.003853299251640123,2.9481242233458496e-6,365.25632686059447,3624.4104333713026,0.005041938470554742,0.005386517445559237,1.495150512785992e-5,1121.9163292917065,349.6352281226123,0.016931508063863267,-0.0048343095545250025,0.0013398772619591728,4250.563571632868,341.62311495506225,0.07293640771741976,-0.04310432233609331,-251.64080578194947
4.029394047672747e-6,224.70077811771492,3503.769469972606,-0.012016643060243831,0.004204845710431908,2.9587049326766652e-6,365.25636480116293,3624.4099173645873,0.005922058796527601,0.005615359368568502,1.419303086727624e-5,1126.4430180056495,321.0185468519864,0.014299016586607588,-0.005151299996916628,0.0012957606158385455,4252.505263932242,343.2903617822819,0.07064598635903649,-0.04368850605479418,-249.79270473029018
3.968227531799608e-6,224.70077801458328,3503.7694731880492,-0.010699504785856385,0.0044442551625212675,2.9700959507006628e-6,365.25638950517765,3624.4095776013987,0.006919247807515384,0.0057557975960014374,1.375751475747802e-5,1130.9879709253798,291.9728345575394,0.012437247321939801,-0.005596301581908793,0.0012507563165488594,4255.360626027047,345.2099550633425,0.06795324802241622,-0.04419750474243444,-248.290158151774
3.901593680319342e-6,224.70077789855225,3503.769476667238,-0.009269801014223812,0.004528874031276267,2.9821994220580097e-6,365.25640675344704,3624.409336081293,0.008006331456030927,0.005777942556132821,1.356484700486192e-5,1135.5512617429986,262.4404959420637,0.010998581500868654,-0.006185325622169382,0.0012067831291770069,4258.647504392872,348.3859859546752,0.06489750351338908,-0.0445742831634555,-247.20261915326435
3.831262637306186e-6,224.70077777416702,3503.7694802498263,-0.007823931849522583,0.00443571597279305,2.9944047216368986e-6,365.2564194510876,3624.4091537170984,0.009103468035149664,0.005668590225114106,1.3552890875088757e-5,1140.132964447943,232.216582603949,0.009773866136991851,-0.006928866609527599,0.001167010878480474,4261.93923508915,353.25033695725017,0.06164376674912089,-0.04475175531085154,-246.61726627615494
3.762681051914407e-6,224.70077765692486,3503.769483510347,-0.006613660483727574,0.004194833638221123,3.0049342808833394e-6,365.2564292265695,3624.4090086147985,0.010004351790066715,0.0054626518309323765,1.3639252743430452e-5,1144.7331533281774,200.72516050894404,0.008622058996326962,-0.00781897485501244,0.0011378429486803064,4264.669580714854,359.53278750014294,0.05867378849749871,-0.044633141522520986,-246.64804689986926
3.709467606288242e-6,224.70077757750303,3503.7694856509956,-0.0061270785030630975,0.0039220373154365065,3.010171244604727e-6,365.2564370259421,3624.4088882708893,0.010317149172140674,0.005272997774541041,1.3676919625706878e-5,1149.351902971406,166.74369094292325,0.007490631735977967,-0.008881898095676345,0.0011306364031022987,4266.3373042439025,365.289752370965,0.056954730857268945,-0.04411097934262288,-247.40762868591452
3.696373989099111e-6,224.70077757111764,3503.769485731057,-0.0068418666942892245,0.003755630745530192,3.0062535072659513e-6,365.2564433662217,3624.408786720492,0.00967010137085322,0.005227182274095396,1.3449662470838211e-5,1153.9892882662741,128.3378714167952,0.0066212199936277845,-0.01033264380292325,0.0011569452761132203,4267.239698328597,366.4902153312619,0.05741787069507412,-0.04322559768105363,-248.88914837169864
3.7498110224511205e-6,224.7007776478492,3503.7694833321093,-0.008626026150736956,0.003718206429322965,2.993437574215309e-6,365.2564484946078,3624.408703432411,0.008185942682091244,0.005325298226899215,1.2821636702539892e-5,1158.6453844035907,83.35049011143738,0.0070817117674984425,-0.012551945624354246,0.0012165858006489927,4269.4876003767595,357.68690606111034,0.0597355279734943,-0.04235861127334675,-250.81592742707045
3.845510448532131e-6,224.70077615834663,3503.769519794235,0.020470088254114147,-0.02408361376775241,3.1762912761984434e-6,365.2564556916101,3624.408635064543,0.03083924478131146,-0.01801882482183435,1.272104052973078e-5,1163.3202668775386,690.3812481983966,0.023055416178361786,0.0072482860399808325,0.0005969311499621232,4368.145754410031,371.6484874286805,-0.03930563286628302,-0.05473561706953611,-256.6253583852811
4.006587783137e-6,224.70077744395255,3503.7694852432774,-0.004882157204889414,-0.0027593867431279255,3.0015095680657763e-6,365.2564589328764,3624.408564977234,0.011153735877183877,4.8602283582434384e-5,1.0095867100582302e-5,1168.0140114869089,617.5118223177934,-0.0020360187042099726,0.029460210798209055,0.0011082777989188588,4330.3849313009305,282.5154283406013,0.043657517079768116,-0.04832156993589191,-259.63699098358336
3.7770168959665052e-6,224.70077471335043,3503.7695546787354,-0.082102761603236,-0.0582407963994182,2.578189035885238e-6,365.2564607566576,3624.4085624487393,-0.04959038321667089,-0.045127878403946005,5.058499662782267e-6,1172.7266943363181,1071.0458856746168,0.03266823309182401,-0.006996367423688242,0.0004825678592511478,4313.744809239689,1303.6176735642364,-0.07509829274328418,0.12358780249221356,-262.2792193949497
3.872168817138434e-6,224.70077472749827,3503.7695515375453,-0.07897639446192098,-0.06063563244271929,2.5928399826657607e-6,365.256462310285,3624.4085537052315,-0.047013386767702836,-0.04698146016986367,5.700357856509577e-6,1177.4583918374528,1029.4029504143202,0.025244457141587132,0.0176244367443079,0.0004674198688101036,4310.774854367723,1293.0270959409265,-0.09096879776995194,0.1299441581905492,-261.7925189756701
3.954738951858636e-6,224.70077485165,3503.769546426048,-0.07543412404684213,-0.06215289595080678,2.6103173527206138e-6,365.25646249027136,3624.40856200372,-0.04416088279670305,-0.04814949740398972,6.159513235019689e-6,1182.2091807103045,993.1691486694525,0.015937039323525887,0.03463372450887589,0.00045181458907867785,4301.818000421813,1296.5832811351395,-0.10526484673045967,0.13797920700983704,-261.50833431401014
3.998262513470835e-6,224.70077511040566,3503.76953968351,-0.07347973577260716,-0.06290195092433512,2.621020026565007e-6,365.25646064983596,3624.408593591726,-0.04261001326200253,-0.048732933811050504,6.426241729721133e-6,1186.9791379844087,958.7934814392693,0.0036611927931865292,0.04490599288732727,0.0004344756161330363,4285.597377811772,1325.754642404127,-0.11387081940333081,0.14794527775435773,-261.64537283403297
3.980119621909766e-6,224.7007754298319,3503.769534592378,-0.07454940396819885,-0.06330153616759138,2.617247057672527e-6,365.2564569258644,3624.4086453761065,-0.04346699565717373,-0.04909593412091583,6.498982836749712e-6,1191.7683410001036,-270.33147431920287,-0.016747307896362734,0.044136747236428325,0.00041683131700670175,4266.251213739162,1378.0512674669365,-0.10906682986559955,0.15704352881930245,-262.23403076357044
3.8815001168388455e-6,224.70077558142,3503.769538739809,-0.0805744794756077,-0.06353463579157874,2.5890436016724893e-6,365.256452517314,3624.408702508764,-0.048248980383685344,-0.0493805608124807,6.426054503329575e-6,1196.5768674097744,876.3299784803799,-0.05151216976620181,0.02393774121983711,0.0004014411520400541,4256.5691604253625,1441.3955250753588,-0.0802042940496872,0.16282813227296317,-262.8332297743822
3.711629096745062e-6,224.70077543916878,3503.769553504853,-0.09213262999704334,-0.06338706168849917,2.5342641247357725e-6,365.2564496193721,3624.4087405710484,-0.057475962206699496,-0.049293201974479235,6.325263146857992e-6,1201.4047951791208,826.3009355407174,-0.09175791633033929,-0.01604846750587562,0.0003901426379390746,4268.574429856594,1484.0118833139463,-0.036314321561356895,0.15906553651036523,-262.7582855357569
3.6480510191365385e-6,224.70077528463383,3503.76955932915,-0.09401773904418931,-0.06441810430070083,2.523568470027174e-6,365.2564504461127,3624.408733518039,-0.058985074571020375,-0.0500574090770741,6.765330621546448e-6,1206.252202588413,763.6686736946059,-0.08493508977125358,-0.058399716866708515,0.00039897283442862026,4282.631070521299,1446.8071963197706,-0.029337118542566133,0.13644792999068156,-262.27818085313413
3.684694790431052e-6,224.70077519876958,3503.7695583919003,-0.08745949008673895,-0.06596456657358439,2.5513769775528403e-6,365.2564529455585,3624.408704634989,-0.053678052314132606,-0.051220421499295954,7.541217890238905e-6,1211.1191682337694,707.2814219526397,-0.04956045710436675,-0.07552873014569994,0.000417792501992838,4293.286150798196,1375.541606532106,-0.039338006148325035,0.11302135506863462,-261.9090278739226
3.7437106027425323e-6,224.70077519413684,3503.7695550005087,-0.07999163369893617,-0.06709867748275386,2.5843410925097304e-6,365.2564552700521,3624.4086759333923,-0.0476224767816925,-0.052027830697091715,8.080001345301826e-6,1216.0057710284227,664.132247057392,-0.02415303419624423,-0.07594257823927927,0.00042919100275912587,4299.793781509699,1313.9088876490134,-0.0504006498797852,0.09783572321411287,-261.7267622709059
3.8226130065551196e-6,224.7007752503462,3503.769550048264,-0.07140808922864164,-0.06780349616611152,2.6238257617240056e-6,365.2564569503875,3624.4086534979588,-0.04067008497544396,-0.052501654503864154,8.3889754245495e-6,1220.9120902040074,625.6056795150099,-0.005005310555916135,-0.07211623838695932,0.0004347469191497316,4302.355563206897,1254.7752510414714,-0.06178907148934248,0.08562695256980514,-261.7667151817292
4.737630888603945e-6,224.70077610316295,3503.76951330906,-0.0027671918123206235,-0.05445821788165487,2.9863928781383947e-6,365.2564622477191,3624.4085727483443,0.014676613364046643,-0.04189389516457663,8.345404022392289e-6,1225.8382053118357,580.7019790927532,0.08390626421584023,-0.038839365498738745,0.00043890601893488375,4299.879249285459,691.1776489747646,-0.08380619843082195,-0.04925757151241747,-261.345454889906
4.7547676197270195e-6,224.70077618570892,3503.7695102939815,-0.0017579866572255173,-0.053348486016093336,2.9946384191291698e-6,365.2564606016382,3624.4085907747663,0.015562291948942932,-0.04098298760390316,8.189969314924336e-6,1230.784196224196,549.9446802124621,0.0893135601416881,-0.031502243600569045,0.00043767007264403573,4294.525893972766,706.1726525090471,-0.08946303504247088,-0.04387117949850356,-261.5048067728199
4.774465547394096e-6,224.70077630907048,3503.769506326775,-0.0007343803649550979,-0.05183631402408951,3.0035869149001827e-6,365.25645831893485,3624.408614284105,0.016480542339791474,-0.0398492655751817,7.765312965765397e-6,1235.7501431356438,521.8523169289588,0.09711476678808874,-0.021129470143625335,0.0004420539365944834,4282.351777589831,729.3382941299471,-0.09140657298960228,-0.03910352617542406,-261.91876384385375
4.801780163127157e-6,224.70077649440503,3503.7695011326323,0.0004965641914816966,-0.04979058536986409,3.014220314476899e-6,365.25645598022214,3624.4086357243245,0.017596206856870807,-0.03840935987786407,7.09550523695143e-6,1240.7361265642985,497.53200125327095,0.11012451436565619,-0.005646132066432848,0.00045302085786998707,4263.251813822525,758.750895510875,-0.08818518280238294,-0.035836210027250764,-262.3465007294027
4.830440190634326e-6,224.70077674564837,3503.769494926456,0.0016714633535964076,-0.04729107830978216,3.0246830150249277e-6,365.25645408772823,3624.408650201412,0.01868666801054226,-0.036724397030941214,6.293736079691244e-6,1245.7422273531581,478.0814073840241,0.1313700476776326,0.016357585814255244,0.00047051909072683633,4238.061522090869,795.8209860232976,-0.07986632846297644,-0.03351618764008706,-262.55380944403464
4.839013114514779e-6,224.70077703394688,3503.769488691616,0.002073315618363007,-0.044722438413050604,3.0303682103379495e-6,365.25645303203027,3624.408655970881,0.01913015416526655,-0.035058887684121076,5.544553021718257e-6,1250.7685266713986,462.9609281395886,0.16197262194293077,0.04178989205586185,0.000493222334543828,4209.202803171509,842.5568786557911,-0.06811306608320078,-0.030842308383814666,-262.45746369167915
4.813668845547411e-6,224.70077738299986,3503.769482303677,5.436900941633091e-5,-0.04540981788547545,3.020741392909919e-6,365.2564532172583,3624.408657075621,0.017489473059223496,-0.036037130973856676,1.8652029481243216e-6,1255.815106015702,1224.6572584199519,0.5432719453507804,-0.21366123135985285,0.00047707037464270413,4177.999726555953,930.0593529079545,-0.07246212304730348,-0.022109743081598097,-262.0270361914028
4.768098907097681e-6,224.70077773627793,3503.7694741664864,-0.0004056086480937804,-0.04636129330037416,3.021095248345086e-6,365.2564549530877,3624.4086338450866,0.016888396237588126,-0.03711929245117478,2.2021582243776513e-6,1260.8820472115658,737.6502656626537,0.3598952081265039,-0.4162936065958238,0.00046391758891730473,4142.329045942719,1025.1038263564742,-0.0746211501484036,-0.015115144068597588,-261.541892086767
4.653295146975684e-6,224.70077767198478,3503.7694775460095,-0.0047456151210157225,-0.04749402326542632,2.9962803502451903e-6,365.25645578064695,3624.408636542466,0.013194751518278541,-0.03803347487624039,1.942728025028898e-6,1265.9694324146415,700.5855199399515,0.44225587908512937,-0.42683026585450323,0.00046938973780793726,4136.7349887441615,1050.1351571993591,-0.07086198336083871,-0.011742174423212872,-261.54618047683823
4.4990420650352095e-6,224.700777489566,3503.7694832822417,-0.011849643149533627,-0.05090943436288505,2.954786458293328e-6,365.25645704964353,3624.408632308861,0.007164030134448722,-0.04065378696325977,1.5764538150326874e-6,1271.077344112055,655.6726148497005,0.5113577234171828,-0.47233588442072766,0.00045643228857896324,4140.546235991455,1081.264978416283,-0.07742156553137318,-0.004639969718600254,-261.98613756400147
3.776622475158006e-6,224.70077712450254,3503.7694954215,-0.06982489135250812,-0.06497519002689785,2.6432378159895247e-6,365.2564610966903,3624.408576958871,-0.03982536440038429,-0.05140928030974935,3.392095996464245e-7,1276.2058651237553,-1406.164545932473,0.4617076627707135,-2.5106200641554333,0.00037447771506342884,4151.105776808921,1509.5854698969833,-0.09972482013872233,0.10366984997479439,-262.0986346886818
3.6687505972327263e-6,224.7007771903155,3503.7694935996014,-0.0798858764929143,-0.06511994769442167,2.595525662276941e-6,365.2564619173669,3624.4085706065935,-0.04797896155827176,-0.051239109897321576,2.7549313575502884e-7,1281.3550786038468,-473.44038104644596,0.4994715989031715,-3.2963703255273105,0.00034589196226217616,4148.784877362077,1576.2254489482018,-0.11204527465330111,0.1247518238575085,-261.4344126261562
3.6616637081046273e-6,224.7007774159978,3503.7694870572277,-0.08069276126519234,-0.06514204075418241,2.5944768086565425e-6,365.25646211257003,3624.408572177371,-0.048669933761908556,-0.050924425789827185,6.595526930202871e-6,1286.5250680419465,1171.4965592540204,0.12727028681434513,-0.06499886119188387,0.00031457578954624174,4144.223438804847,1605.0309692354172,-0.1366997895094423,0.1393991276478127,-260.6532016874349
3.6174272277430512e-6,224.70077744763336,3503.7694861133864,-0.08521555851379652,-0.06468959650937958,2.5707937638913505e-6,365.2564621494953,3624.4085758162855,-0.05232324585692141,-0.05036652653801605,7.792175973377745e-7,1291.7159172645338,278.58859110143277,0.7867998676828215,-1.2371630175476505,0.00029043382292320884,4143.866577711578,1634.2437119145884,-0.157212209012081,0.15559697718107435,-259.82345232508817
3.619522193452539e-6,224.70077759113965,3503.7694818835066,-0.08520476265080865,-0.0639258495669804,2.5708289497228443e-6,365.2564615560754,3624.4085875661053,-0.052331752378753794,-0.04947880633279171,1.493273665604785e-6,1296.927710436306,493.63140766574173,0.643126838845333,-0.5911582721956123,0.0002569956006871513,4144.095627084311,1648.9540648271598,-0.19845966123800918,0.1746845165499763,-258.90712756488483
3.6230481188233623e-6,224.7007777615807,3503.769476724294,-0.08498321643453499,-0.06272473012822788,2.5721008046422694e-6,365.25646056665585,3624.408602860394,-0.05216601386389707,-0.04821408554153448,2.394500868582245e-6,1302.1605320615513,549.299512872952,0.5221274314006541,-0.3509758206509817,0.00021459413672879427,4145.415940988846,1667.5011815695805,-0.27111069113598296,0.20427977165325065,-257.97200260656433
3.6179833230478935e-6,224.70077796983668,3503.7694703406046,-0.08553580550704264,-0.06111338483376239,2.570022986575e-6,365.2564592910245,3624.408618334426,-0.052614085375129065,-0.0466041803508287,3.4932982307792464e-6,1307.41446698551,552.0863478447719,0.4264015512805278,-0.25618385312195346,0.00016473336008654882,4146.911544928113,1710.2080928410658,-0.40494225767895253,0.25612549788857686,-257.21842929601
3.609209433162369e-6,224.70077821428075,3503.7694628880035,-0.0861109866592372,-0.05944259853604211,2.5682305622123532e-6,365.25645809904074,3624.4086268995893,-0.053055692919911426,-0.044985974429807445,4.4414991326682255e-6,1312.689600395759,530.1902496446593,0.3686768521869646,-0.23846014201122898,0.00011959289575755151,4145.758396972699,1815.4677840042152,-0.6190048797949781,0.345511292203446,-257.0724373435881
3.6131342866898904e-6,224.70077846053175,3503.769455421203,-0.08465148901378176,-0.058069463241468264,2.576591649667068e-6,365.2564574348931,3624.4086242333656,-0.05182445863885122,-0.04373269388905845,4.876262401389348e-6,1317.986017823584,494.7350042037397,0.3383670460309235,-0.26873135115901403,8.902599943236812e-5,4140.6279528025425,1997.5911721111818,-0.8797639227716038,0.4752997588498939,-257.9286425944261
3.76867690019804e-6,224.7007788091863,3503.769446363916,-0.06862355825877138,-0.05460090501256006,2.6555167497015867e-6,365.25645836774333,3624.4086045871854,-0.038975936675492644,-0.04100825229636757,1.1372077097225728e-5,1323.3038051453755,968.9355796300596,0.17568283398649878,-0.05415430319484888,6.449797475602126e-5,4144.727824775271,2287.4396028565366,-1.212841117870854,0.6819262577633446,-259.4324584873081
3.717918436423643e-6,224.70077873121758,3503.7694493240397,-0.07242566855474386,-0.05308645756866932,2.6381324202742194e-6,365.25645872216376,3624.4085891774525,-0.041927163616629945,-0.04008483744782507,1.1276539566254544e-5,1328.6430485840117,938.7539897520787,0.16359488841280564,-0.06008045638299218,9.545022827970116e-5,4141.299917189022,2030.2545413526198,-0.7680510661398599,0.4719615545159872,-261.7937128797119
3.6866952899304966e-6,224.70077746972675,3503.7694827547016,-0.07634568011218403,-0.05517400792438874,2.615658091905202e-6,365.2564563894664,3624.408620101677,-0.0450867407669575,-0.04222394677258654,6.7854602917973915e-6,1334.0038347102666,899.3525457677222,0.18866428626117812,-0.06667266303573187,0.00022067233586187587,4192.737198376411,1547.1810427047133,-0.27454594068681176,0.19005294684755175,-264.330649705911
3.6706046272040913e-6,224.70077600148022,3503.769523589268,-0.07792028922224209,-0.06018707100836695,2.6031868486246974e-6,365.25645288606046,3624.408676323242,-0.046509735120428095,-0.04635556221661572,3.4318453076000754e-6,1339.386250444203,1278.4690524189123,0.13470621783099318,-0.22122098684305097,0.0003369125065318369,4251.967584227901,1366.4309998933718,-0.13642117789825742,0.1298915462449214,-265.34190386358233
3.6630530568901627e-6,224.70077571097937,3503.7695327421184,-0.07974248374711639,-0.06135697188644265,2.5917029875905163e-6,365.25645258219606,3624.408684405978,-0.047988095048579996,-0.04741886994656446,3.1945793993524896e-6,1344.7903830565913,1263.7216576745395,0.07810899523097911,-0.19135858045793594,0.00037979552336510943,4263.846408368836,1357.7610099468864,-0.10308626669107007,0.12080428225068233,-265.8755747691765
3.658487032918789e-6,224.70077558449694,3503.769536984058,-0.08117241628848103,-0.062066808531184,2.5831731140914044e-6,365.2564524772757,3624.4086887697435,-0.04917232318719161,-0.04805780009496257,3.1893422426341204e-6,1350.2163201703208,1240.9393126279974,0.057243655130324346,-0.15272874972502964,0.0004016243746469694,4267.8675729847255,1359.7661270470528,-0.08858502640463761,0.11704348953132274,-266.1625447170709
3.6548124797197224e-6,224.70077553378445,3503.7695389224264,-0.08262117633068329,-0.06259768245384621,2.575031502627703e-6,365.2564523979918,3624.4086923778655,-0.050391184229337374,-0.04852570944112443,3.4416634067794732e-6,1355.6641497618157,1206.333285049059,0.05382923833562761,-0.10753058411832943,0.000413140134978912,4268.354273273617,1368.2910371404716,-0.08108872806655333,0.1159094913328739,-266.3122067057033
3.658900742317603e-6,224.70077557046017,3503.769536473065,-0.08228123038383603,-0.06370859657492282,2.5772112973811092e-6,365.2564521430556,3624.4086948044237,-0.05008840642525774,-0.04943024996944876,1.9190160706418474e-9,1361.1339601624718,388.2646163643506,227.4310159752876,-0.6324241636873692,0.00041835307061707317,4256.208387382668,1375.017233673322,-0.0827802964962998,0.11248782608577187,-266.30799264936906
3.6728784946774524e-6,224.70077558194808,3503.7695363498137,-0.08091494511348468,-0.06388035663910113,2.583419932209625e-6,365.256452083678,3624.4086965050637,-0.04904091101176065,-0.04956236055838694,2.977234772605757e-9,1366.625840060077,338.74114287690645,155.81126486855405,-0.6323953715634,0.0004252889247480104,4254.420644854079,1375.482386880099,-0.07925525464029048,0.11061313240010363,-266.2438931450598
3.685325467331329e-6,224.70077560816407,3503.769535813383,-0.07945556947608481,-0.0638457164887492,2.590285205797301e-6,365.2564520740677,3624.408697600895,-0.04789877068255425,-0.04952281755140161,1.5544450026165503e-9,1372.139878500261,295.8262451222997,314.29743448039414,-0.6226091430361591,0.0004309948804061799,4252.548407939763,1376.562177072996,-0.07630544002291324,0.10900793694914601,-266.1890498351702
3.6529921210086674e-6,224.70077577962525,3503.7695325858613,-0.08462382105999923,-0.06425470858839608,2.56379633337896e-6,365.25645345340416,3624.408681155776,-0.052359460940767294,-0.04989979720500099,5.735311984208852e-6,1377.6761648879274,974.8419865016159,-0.011863971967743848,-0.034256124951365235,0.0004207208471056594,4247.64743140835,1428.932326648336,-0.07562664016818413,0.11733903682578421,-266.0958533162486
3.647783293578044e-6,224.70077582695598,3503.7695314752964,-0.08515746871601523,-0.06421445501071397,2.560897052830858e-6,365.2564539458185,3624.4086736682875,-0.05285310977113378,-0.0498858894711836,6.303283378760412e-6,1383.234788988715,928.4273989699695,-0.024038399632591623,-0.03766418936845007,0.0004183220560845967,4245.501898480516,1438.248382696157,-0.07612741942865439,0.11860111886472686,-265.9671066053433
3.6389114182575384e-6,224.70077586575806,3503.7695306142978,-0.08620143257488001,-0.06418625034425167,2.5553917432126573e-6,365.2564544477561,3624.40866563803,-0.05376690993142139,-0.049893236838946246,6.899345473616429e-6,1388.8158409304422,881.355901430064,-0.03692552261488029,-0.042933983949988555,0.0004143200040723991,4243.6290566348625,1448.2933919065638,-0.07730011452799197,0.12043950899902639,-265.82150896175307
3.632081096419499e-6,224.70077589703686,3503.7695299482525,-0.08726885257090396,-0.064259032677561,2.5494164789186178e-6,365.2564548644448,3624.408658486708,-0.05472949550897674,-0.049999364480818785,7.573894918559382e-6,1394.4194112045782,831.0594401063424,-0.04868884394415034,-0.05182095795109698,0.00040955409821331174,4241.630826470216,1457.2841774827568,-0.0791326136396978,0.12220844406638023,-265.63937343539925
3.63531245400555e-6,224.70077591732556,3503.7695295703957,-0.08759699151641427,-0.06449143702184693,2.5463619488106964e-6,365.25645506906994,3624.408654211163,-0.05514414608002213,-0.050256803744953116,8.33984186993547e-6,1400.0455906677007,777.7981389495507,-0.056166633932409255,-0.06431075196929256,0.0004056374995926523,4239.552216665781,1461.7272863243834,-0.08126086605490448,0.12289305714491243,-265.4051762730239
3.878253827222887e-6,224.7007758061823,3503.769527067096,-0.05807407740489823,-0.06448417950763037,2.695979629071216e-6,365.25645537331917,3624.408644986443,-0.03058842899291663,-0.04955555043761079,6.772070793852604e-6,1405.6944705429785,1380.0284542458946,-0.05373717426823349,0.07338672166177887,0.00045210715463822555,4232.6321154115585,1259.5897772372086,-0.07917653872859365,0.07198740629711017,-265.08132122878055
3.947780180664995e-6,224.70077594244617,3503.7695229186884,-0.05360446565291238,-0.06471270403567604,2.71770220199096e-6,365.25645597863877,3624.4086344523894,-0.027217120262621474,-0.04969650979928485,6.186091783682872e-6,1411.3661424216452,1384.2227027957026,-0.07049463816963177,0.12241616155496306,0.0004455168330663358,4221.357769881217,1241.8632037076945,-0.08539212462927635,0.06462077864547083,-264.5839015406754
4.2700908851784206e-6,224.70077625924245,3503.769511988076,-0.028360236963185403,-0.06103217368348001,2.8506145681773803e-6,365.2564562300446,3624.408631010277,-0.007362498914539228,-0.046762402798789675,5.919485883110948e-6,1417.0606982644813,1397.9103778801054,-0.0738730553099341,0.20034195890439038,0.0004412176693330112,4209.903439372444,1053.8579852075306,-0.09884195063152844,0.0178688619939482,-263.8335950749234
4.459717409918763e-6,224.70077640807492,3503.7695075847623,-0.017467893481993412,-0.05713486117018105,2.9092885526368043e-6,365.2564560630437,3624.4086350361517,0.0009062340018164665,-0.043621561209577504,5.430262594619396e-6,1422.778230403315,1432.0026141086928,-0.061041376673529886,0.3084736896869449,0.0004452214721906713,4199.920116843531,973.7565043752815,-0.09750064396117121,-0.004635383504315837,-262.69570807388254
4.610572566241994e-6,224.70077647800193,3503.769506028922,-0.010600327903959051,-0.053724718382630286,2.944901150523866e-6,365.2564556801428,3624.4086448188164,0.005925309726964274,-0.040846939727093745,5.327678762776673e-6,1428.5188315425078,1455.1036238285124,-0.03515876638658726,0.4007412681726285,0.00045425517851139824,4192.023259373783,929.6659672931646,-0.09180134565432889,-0.017381290390915616,-261.24954997303735
4.745770760677752e-6,224.70077650081473,3503.7695060654046,-0.00530839490962808,-0.05061545065856519,2.970377487815542e-6,365.25645514067276,3624.4086593037837,0.009675153888375603,-0.03828932720793671,5.750903252907306e-6,1434.2825947604676,1455.6519540411514,0.002681889557192965,0.44731459063835466,0.0004655218567418136,4186.745231906595,900.4275125591926,-0.08483525813263247,-0.025072697529640104,-259.60206558057104
4.8649917293359315e-6,224.70077649340615,3503.7695071109692,-0.0011194344295739856,-0.04792980407271395,2.9881257493663497e-6,365.25645464878346,3624.4086743237067,0.012538768402425694,-0.0360528784653135,7.201024492268326e-6,1440.0696135111496,1423.974170854112,0.061216051605090194,0.41567170821546207,0.0004765782937296255,4183.728639155172,881.8302162282636,-0.07824890259082777,-0.02915305006318358,-257.8808584892356
4.965819630738479e-6,224.7007764676545,3503.7695087934026,0.002117382988687321,-0.04589350066019245,2.9985529403347863e-6,365.2564543086726,3624.408686774889,0.014595345234465332,-0.034314332804905624,1.0551188401225918e-5,1445.8799816255796,1369.179837302201,0.12073027670854707,0.3210999847045537,0.00048621488806890103,4181.328114141959,874.8746413740914,-0.07263019564691686,-0.03043264818539075,-256.1952771945628
5.038439533275378e-6,224.70077635717468,3503.7695132416998,0.003785980469046216,-0.044288904264634985,2.998254532263314e-6,365.25645348227795,3624.4087061264627,0.015352977041792665,-0.03297042185580725,1.4591547726246333e-5,1451.7137933133665,1326.566177662327,0.150449369224828,0.2598252167540359,0.0005083982056596749,4183.2591438018335,878.5359752045359,-0.06259132387844837,-0.02756776935101579,-254.73102412927514
5.070640011030692e-6,224.70077590603438,3503.7695303381884,0.0041026745808578294,-0.0408341055133295,2.9967248494081473e-6,365.25645109184404,3624.4086325109465,0.015235033659354788,-0.029600792667878184,2.695178498781183e-5,1457.5711431642394,1670.8963197080186,0.16530139110568848,-0.13585113101154117,0.0006079198422592029,4187.072463406684,879.435044473799,-0.0290719433918857,-0.02410207574223797,-254.587185955012
5.061561614425462e-6,224.7007761282226,3503.769525907018,0.002589849935416387,-0.038930665313960174,3.007722961263009e-6,365.2564518658247,3624.4087501240283,0.013428564994315984,-0.028497874862846617,3.08741271621164e-5,1463.4521261495715,729.4603374964497,0.1568208719217714,-0.09002635982511929,0.0006393823252519652,4196.759108235938,886.2845327130269,-0.020704773095265295,-0.018840810221690246,-254.33858109645806
4.929736519643184e-6,224.70077594313847,3503.769531149946,-0.0023425559112651914,-0.0354035425856083,2.9694923953752514e-6,365.2564537300379,3624.408709514041,0.010174893392939338,-0.025752762094226236,3.859593878916984e-5,1469.3568376239286,717.23036678026,0.0881512032690662,-0.029722243226620804,0.0007245090342437037,4186.848344725817,907.933618943284,-0.002520171384157073,-0.01722409970321808,-254.3813107753308
4.837659918363907e-6,224.70077596598458,3503.7695304994427,-0.004923806240317348,-0.033370294421933865,2.9562775787362586e-6,365.25645576501904,3624.4086670432125,0.008551484909535745,-0.023999033734044047,3.9348640394435746e-5,1475.2853733266118,684.4982811741687,0.07048629043791002,-0.019823238737429767,0.0007651919127330269,4173.1641392101,926.7254565548436,0.005023774805299387,-0.01779179277743859,-254.922870186783
4.749903142147274e-6,224.70077604742815,3503.769527738653,-0.007032474042354061,-0.033043996245519444,2.948739061233122e-6,365.2564577010685,3624.4086259119217,0.007317457827288836,-0.02358668075471736,3.767695792743153e-5,1481.2378293832046,648.0247249825672,0.060794302246214287,-0.020150741713906545,0.0007684924061340607,4162.378568918611,945.0453714563159,0.005650949136728869,-0.018236291508501923,-255.9644149360223
4.66978201872401e-6,224.70077613162817,3503.7695239360232,-0.00879440755410525,-0.03511296078867527,2.943092722433271e-6,365.25645895678167,3624.4085968506793,0.006403591329491117,-0.025137697822914154,3.466472788557283e-5,1487.214302307143,610.3876692787599,0.05067196976553808,-0.025770274831932668,0.0007259440997372806,4159.89214117171,958.1636672347555,-0.002453541579885254,-0.018008288518278306,-257.18780834497767
4.595807249233465e-6,224.70077617084334,3503.769520894142,-0.010706303915452624,-0.03914401132939485,2.935486413469095e-6,365.25645931486036,3624.408585303704,0.0053415017621166305,-0.028343480212680763,3.107372227874073e-5,1493.2148890012672,572.3372804164425,0.039433711363826035,-0.03528834767034445,0.0006610447499957013,4166.571549029227,966.8930801675252,-0.01724461311967678,-0.015984665071394094,-258.3299285611953
4.525821397764805e-6,224.70077615502774,3503.76951979863,-0.013183251758577985,-0.04356874617847863,2.9236547937091397e-6,365.256459055271,3624.40858720722,0.0037213828063388157,-0.03195186043708486,2.789256831122274e-5,1499.2396867594057,534.7152960487383,0.02912610249672143,-0.0455988425785603,0.0006072282695631885,4176.875225696922,977.9163825682625,-0.03230853849260164,-0.011664831799735712,-259.2979011611544
4.460130556344373e-6,224.70077610715975,3503.7695201927627,-0.016167931792952762,-0.047577636185285425,2.9082704817704075e-6,365.25645846956706,3624.4085966307366,0.0015872097152932966,-0.035291420601473944,2.5423931023955878e-5,1505.28879326794,498.256050682045,0.02076722664759643,-0.05407010414204308,0.0005703402076786311,4186.593926117369,994.6383417269719,-0.04447703633684547,-0.005655542498735265,-260.1399298823296
4.396259716739264e-6,224.7007760462844,3503.769521385918,-0.019699250304808756,-0.05117039666731616,2.8893048944046405e-6,365.2564577041055,3624.4086098249923,-0.0010637193826480702,-0.038338694681340456,2.3490703284342208e-5,1511.3623066074015,463.33840171698324,0.014189267937229749,-0.05926790406996904,0.0005441217060838214,4194.551630167551,1018.5327349750859,-0.05406885279549282,0.0017077250874826925,-260.9257669563819
4.324425949433213e-6,224.70077597809382,3503.7695231432062,-0.024485508324723352,-0.054655662308885675,2.8628122971920596e-6,365.2564568789611,3624.4086238779323,-0.004779060130892454,-0.04131877913516239,2.188194067001009e-5,1517.4603252540485,430.0097423886899,0.008865158948817547,-0.06025271644324473,0.0005228309075809716,4200.533918159924,1055.8896241852462,-0.062085737495636416,0.011547820098073215,-261.6834076539265
4.200276532065795e-6,224.70077587525256,3503.7695265395023,-0.03443130022020723,-0.058903415179752186,2.807207467791099e-6,365.25645612694007,3624.408636128074,-0.012689175756747183,-0.04488643881845199,2.0479238373700886e-5,1523.5829480814766,398.72308236108717,0.0024597566384347374,-0.05615140902382407,0.0005016433164478034,4204.61121313765,1139.744697007961,-0.0684205369264455,0.031037076043720194,-262.3803396061053
3.991585898710615e-6,224.7007757804723,3503.7695305047846,-0.05345774568369206,-0.06240030746648078,2.7050067590995865e-6,365.2564554195694,3624.408645522916,-0.0279225608180318,-0.04774226909191571,1.9069345076185566e-5,1529.7302743622079,1902.396169459167,-0.008068535040752394,-0.04197188862132368,0.00047705588288819066,4204.980131976041,1291.909448183028,-0.06982863269063662,0.06502668514930116,-262.90492206439325
3.883040917407067e-6,224.70077580770197,3503.7695301418516,-0.0642795429084918,-0.06305454643831007,2.6500302418094517e-6,365.2564550118317,3624.408649022779,-0.03653107602246782,-0.04830287252193739,1.7791653409722687e-5,1535.9024037693127,1884.8215764071933,-0.011505608797660624,-0.021311095079234885,0.0004572189609691479,4203.156987234223,1370.4530247751877,-0.07228086011272546,0.08355272581144685,-263.224894773953
3.824499737016761e-6,224.70077584323514,3503.769529213582,-0.07041483295544808,-0.06313379687297721,2.6199627209163196e-6,365.2564548318669,3624.4086494470976,-0.0413557516915977,-0.04839372828795427,1.6730546839920985e-5,1542.0994363780205,3411.1355271523703,-0.010235974822748595,-0.0003517049783815868,0.00044404951758976143,4202.572361828014,1410.3656394042387,-0.07477308174359112,0.09403521388447685,-263.4042349754382
3.793727258917637e-6,224.70077585698854,3503.769528778552,-0.07363496003857886,-0.0631543833283309,2.604647935501149e-6,365.25645473008365,3624.408649744629,-0.043830393106354885,-0.04843203112050622,1.5901539964939226e-5,1548.3214726673377,1854.8203155571491,-0.004067555276875273,0.017699735750312952,0.0004370034361998205,4204.1476412998145,1426.4357224027397,-0.07644559975973261,0.09945185144484968,-263.51170646461026
3.7791653203728437e-6,224.70077584476138,3503.7695290260995,-0.07492571735888846,-0.06327324605107473,2.598872351365052e-6,365.25645460187343,3624.408651713254,-0.044751906773022085,-0.048549042498002425,1.5315083636355713e-5,1554.568613521688,286.4578546202649,0.0075731338927498195,0.030197263221858308,0.00043460568628295876,4207.8464776143455,1426.6190336784464,-0.0772256529396303,0.10150657448150449,-263.6088979105713
3.7723162242970852e-6,224.70077581216904,3503.7695298338735,-0.07509022149821137,-0.06351371038960628,2.598707974045274e-6,365.2564543930972,3624.4086560792275,-0.04476807237624096,-0.04876800223910048,1.49268972615961e-5,1560.8409602325353,265.010253502694,0.023588489164097937,0.03539695447385576,0.0004351702962740156,4213.112540992927,1417.5564674138327,-0.07731068120796353,0.10166525542030397,-263.7409730249083
3.6595144347618074e-6,224.70077579000485,3503.7695292763487,-0.08513589561429007,-0.06415098621659088,2.5579072719698586e-6,365.2564536265859,3624.4086630153815,-0.0525956089092652,-0.04930832128914779,6.348599717289583e-6,1567.1386145000395,-256.0701837709865,-0.12103972636872155,-0.3283802460650042,0.00040993616247819937,4215.137390160779,1460.0985028530404,-0.08485738747105731,0.11571746083437551,-264.0216905129332
3.6623222944377613e-6,224.70077573046055,3503.76953113807,-0.08352343954133812,-0.06473710898191327,2.5664712192482004e-6,365.2564530456582,3624.4086751707105,-0.05122280890416054,-0.04985033734805892,6.628619456234323e-6,1573.4616784346915,1246.2244191981686,-0.03920110745240262,-0.338289360485694,0.0004147092493407343,4222.212275407822,1438.2637510268553,-0.08324915164831556,0.1125720898456513,-264.05358742868543
3.6664108413477058e-6,224.7007756863945,3503.769532680738,-0.08177599627654207,-0.06509875342330702,2.5755611659383795e-6,365.256452649444,3624.408684622777,-0.049773591948885934,-0.05023809516246375,6.841451357327222e-6,1579.8102545589832,-379.2547904467219,0.01432583722649461,-0.32702975577196924,0.00041991210056315946,4228.510026317657,1419.281464603179,-0.08120478776584424,0.10977743307616243,-264.1692822701676
3.6689073126143233e-6,224.70077566218663,3503.7695336947895,-0.08034028795457783,-0.06524106917251876,2.58307632143879e-6,365.2564524642183,3624.408690415894,-0.04860157415178919,-0.05045582189005057,6.9548730973197365e-6,1586.1844458090548,-421.6924507530392,0.04369102784895534,-0.30839192352982897,0.000424304143254014,4233.340166940305,1405.8022307068911,-0.07928912696336207,0.10786186954542877,-264.3776929412827
3.668201382659639e-6,224.70077565934625,3503.769534063068,-0.07949649754932142,-0.06517048411128261,2.587697210353814e-6,365.25645248565394,3624.408692193818,-0.04792496938150108,-0.05049336937886002,6.972563862978332e-6,1592.5843555363788,1134.2185269088802,0.05310963674278653,-0.28705101068520855,0.0004270686481127655,4236.369074549084,1399.0661549854947,-0.07786592129986065,0.10708211709690504,-264.67217391973577
3.663653116319874e-6,224.70077567751838,3503.76953373877,-0.07937879635836259,-0.06491939280736676,2.5888108125550805e-6,365.2564526877828,3624.408690111567,-0.047842087435590874,-0.05036488236746655,6.889206128428288e-6,1599.010087509422,1108.3470625042855,0.046032874347506476,-0.2642056640679115,0.00042770925666011966,4237.569066000632,1399.147506622118,-0.07717413406558378,0.10749901315658132,-265.0307182422106
3.6553668617128982e-6,224.70077571473138,3503.769532743235,-0.07999717995711311,-0.06454164169262966,2.586431277187858e-6,365.25645302871015,3624.4086847682697,-0.04835001732260821,-0.05010640023121207,6.69425396658977e-6,1605.4617459153387,-518.1957981756058,0.02556736564266348,-0.23842431136859388,0.0004260417565353885,4237.162497724026,1405.233039054903,-0.07734288698732258,0.10903585952754684,-265.4192571972779
3.6444110662988242e-6,224.70077576741886,3503.7695311623097,-0.0812128681670384,-0.06411853319336036,2.5812976423749572e-6,365.25645345307817,3624.408677159203,-0.04932673639386904,-0.04978200771863243,6.377063114580066e-6,1611.9394353616563,1073.058386372827,-0.005267304519511771,-0.20569343265700255,0.0004221592617438178,4235.57608128291,1415.5333234945053,-0.0784586077670248,0.11145944002658745,-265.79498774941413
3.6324588177913036e-6,224.7007758293627,3503.769529176963,-0.08279343465103794,-0.06374714786000368,2.574575333599921e-6,365.256453893581,3624.408668613132,-0.05057764401318914,-0.04947427692774679,5.968768866246642e-6,1618.4432608779655,1071.3487320533086,-0.042224830885974195,-0.15756876338706044,0.0004165043073143529,4233.387032019102,1427.6658560408498,-0.08049874135815169,0.11441311465244199,-266.1084872267837
3.574467909840528e-6,224.7007759718779,3503.769525294021,-0.09200049345612324,-0.06369138849598197,2.533312135772356e-6,365.25645436964334,3624.4086568372663,-0.05784153793870733,-0.049197637831637706,8.610073912722058e-6,1624.9733279176355,1291.0790895524035,0.04334864586552256,-0.03401131021204857,0.0003964142681524445,4226.316831129539,1482.7673694193827,-0.08608298695344231,0.12852262459213523,-266.233223115992
3.5511675639985317e-6,224.70077603344768,3503.7695238470556,-0.0948065659163161,-0.063527780152407,2.52164896194227e-6,365.2564545436423,3624.4086526709493,-0.06002253347351534,-0.048973304794326995,1.013090694906773e-5,1631.5297423595105,1260.7028159496235,0.09268205068342467,-0.05664153635077215,0.00039037032270501735,4224.1771618633,1499.7979855915114,-0.08747969144440176,0.13289615226528662,-265.9398929750943
3.541531010456177e-6,224.70077604641983,3503.7695237088633,-0.09584618937048545,-0.06365873876398825,2.5174383779476965e-6,365.256454470746,3624.408653503165,-0.060802114032352556,-0.049026187366674086,1.1509875030173424e-5,1638.1126105096387,1220.253473203575,0.12918185464595072,-0.0735816894351318,0.0003883537931130432,4225.042308903081,1502.2575219372966,-0.08805726084373844,0.13432240848586488,-265.40219109091726
3.5453260545313315e-6,224.70077600161534,3503.769525234829,-0.09489154506380651,-0.06390051408633142,2.5217063925339317e-6,365.2564540956238,3624.4086605056195,-0.06000098063829066,-0.04921567295638764,1.2658428835707773e-5,1644.7220391029841,1179.6126040478591,0.1613405925592484,-0.08630638665396585,0.0003920685573577775,4229.126720349951,1490.0261078214255,-0.08661381964689055,0.13242134345740192,-264.64100596252547
3.5613385582796395e-6,224.70077590762403,3503.769528201979,-0.09187665615935302,-0.06414993481046641,2.534972006761354e-6,365.2564534811612,3624.408672609371,-0.05757557698206077,-0.049464491077344165,1.360538396044948e-5,1651.35813530517,1139.9006118390826,0.19063352456563357,-0.09516830990048968,0.00040170981716509756,4235.776114307709,1464.3838583038726,-0.08309446097309926,0.12728647062447684,-263.7052281631283
3.58574161725603e-6,224.70077578839644,3503.769531925365,-0.08709518316852921,-0.0643143448873799,2.5563556879611262e-6,365.25645276372296,3624.4086872983657,-0.05376529367290252,-0.04969336444121319,1.4474180340522146e-5,1658.021006714202,2759.551478116281,0.21656504581418443,-0.10009123374927711,0.0004161281026401063,4243.589609563148,1429.0118835457251,-0.07822735859163306,0.1196864286094989,-262.6573877208832
3.6143364139570995e-6,224.70077567113836,3503.7695355955448,-0.08091494918095216,-0.06433179560498374,2.584704523208598e-6,365.2564520904702,3624.4087017797992,-0.04886423961108951,-0.04984078989185656,1.5430521211332777e-5,1664.7107613622284,1064.717821992228,0.23787404591934797,-0.10125447426569602,0.00043351516661231486,4251.076577506983,1387.5198256150813,-0.07305721284326264,0.11046515687568917,-261.55590650773786
3.6461055345692117e-6,224.70077557678232,3503.7695385254333,-0.07331028276555247,-0.06420548207452333,2.620746266212405e-6,365.2564515671391,3624.4087139698754,-0.04284971129072188,-0.04989768410522966,1.6673193403527806e-5,1671.4275077172756,1029.4786923040144,0.2536215389529998,-0.09929115517011022,0.00045206008474303036,4257.235711460963,1339.851207915496,-0.06872739717150385,0.09976573272079531,-260.4395466749322
4.168223045023585e-6,224.70077642796372,3503.76950858543,-0.014025004570103373,-0.053969026080019085,2.9491975509779354e-6,365.2564501539592,3624.4087273594446,0.004805475507790499,-0.04213839195003336,1.8326746142181217e-5,1678.1713546850208,2114.417988149361,0.3607097844309354,-0.06875770446723307,0.00047051648281729155,4242.538194673765,898.7952645063698,-0.08909324520605454,-0.0033857784611445096,-258.4153728247566
4.151658604051855e-6,224.70077655036383,3503.7695055665918,-0.005636298053070476,-0.04767917400045362,3.006812990387305e-6,365.2564483204774,3624.408759216875,0.01146075169245759,-0.037142229319756796,2.3006572059118103e-5,1684.9424116105522,2090.009781275815,0.3422028477609106,-0.039223133296441906,0.0004944840166008318,4245.882763297464,817.8142546468151,-0.07791690294895724,-0.018496212443915354,-255.96112268565383
4.078608414790752e-6,224.7007767390614,3503.7695013982943,0.0007993872857653185,-0.0380134195563016,3.0560721731446245e-6,365.2564463463535,3624.4087917652555,0.016560292928098446,-0.02939646366460135,2.8802373341612247e-5,1691.7407882801356,368.4704253971629,0.32336376103234954,-0.016739028223446393,0.0005445861444944821,4245.297225024028,734.8195577846096,-0.05640059545015459,-0.03278607627334871,-253.0589524870136
3.815350428178433e-6,224.7007782122462,3503.7694717407594,-0.010569804186303138,0.0016080651624162158,2.988570369922579e-6,365.2564410145412,3624.4088613044537,0.007272129079600044,0.0036391017472989055,4.066429868603541e-5,1698.5665949230086,313.99891722054474,0.27732977465605024,0.04118804976788519,0.001213092076197508,4244.594228453105,412.9767719108353,0.05937305336848841,-0.041765572477651364,-247.69651015306522
3.665189149446226e-6,224.70077821649954,3503.7694729078166,-0.009360071038397533,0.0026240187132083046,3.00131484193206e-6,365.2564416008783,3624.4088574264733,0.007887517782595868,0.004426451852005317,4.5118591884244054e-5,1705.4199422131517,279.7760308195132,0.28211688320657363,0.039441313541118496,0.0011878728882825798,4247.437007241176,409.2502108854254,0.0580777029269502,-0.04183221772549845,-242.18128172672502
3.4879517293071566e-6,224.70077817079357,3503.7694752366274,-0.00759796188061223,0.0030544100480299125,3.018683524579363e-6,365.2564426759266,3624.408846020362,0.008901637707173704,0.004724155618269988,4.942560236994809e-5,1712.300941271099,1959.4496281191073,0.28956694345851586,0.035287994830991105,0.001143251097270017,4250.196634165708,412.14532700487763,0.05531367634178752,-0.042189573342115816,-236.68815874682375
3.2710031469430216e-6,224.7007780798065,3503.769478679813,-0.005426359141860615,0.002752272464030297,3.0401063931315757e-6,365.2564440415152,3624.4088295141523,0.010188955025280378,0.0044421341126654945,5.434555505102299e-5,1719.2097036657237,1934.8889202066155,0.2971233722065762,0.028596415683535725,0.0010876939549192485,4252.6148717892975,423.2787996896196,0.05125679731611156,-0.042427747294716836,-231.722004371698
2.9143226053842776e-6,224.7007771715957,3503.769500158692,-0.00012085979452749732,0.0032639777155543453,3.077900501912601e-6,365.2564489534572,3624.408752127857,0.013738393306539008,0.0046210933668960575,6.898664073325841e-5,1726.146341416063,757.6037837927055,0.28016301684586703,0.012394220363754198,0.0008868894585415568,4233.207139758834,522.1894031492579,0.031570364408779944,-0.043825626378556186,-227.7814332153044
2.57241574284997e-6,224.70077679093606,3503.7695114038106,0.0019376174649298437,0.0007232126936714076,3.1007484949695425e-6,365.2564490669986,3624.4087506919795,0.014894304294278531,0.0027042050325646913,7.783393066027348e-5,1733.1109669931195,730.9101792068185,0.28393407228939455,0.008228633122867458,0.0008860412488566977,4243.3803924639815,563.4511340253183,0.028474344156167872,-0.036538419099276666,-225.15626924171096
2.283827996202237e-6,224.70077654955406,3503.7695189874644,0.0010825270353139972,-0.0011474227060845718,3.101962567012164e-6,365.2564495426596,3624.4087370431494,0.013857473602841983,0.001405143579068924,8.574743850720664e-5,1740.1036933216985,701.4576105599806,0.28267881727641747,0.003901776638820594,0.000936080350740062,4243.065945409891,606.2830904782445,0.03279528519721843,-0.029978107904081713,-228.1224169887953
2.2644321068807187e-6,224.70077667464992,3503.7695149158994,-0.0008443216156778638,-0.001174057712055726,3.0898767457113456e-6,365.25645141112005,3624.408695526364,0.012293992797762904,0.0015304197679806928,8.69848094774531e-5,1747.1246337822254,667.6464572355886,0.2764715296002223,0.0025244875565164564,0.0009533827372889097,4220.215078638057,650.0217272805121,0.03590672590659908,-0.029866526719317433,-237.29747098413466
2.6032399646746965e-6,224.70077716417828,3503.7695000373114,-0.003291731559992473,0.00041292399776754804,3.0672365032415713e-6,365.2564542250989,3624.408642350114,0.010803001175174886,0.0027961783766594864,7.782333240717583e-5,1754.1739022125967,627.0391430544624,0.26710590027562314,0.0017201269762050736,0.0009347139502468793,4192.147883410991,665.0056262548252,0.0371977050996874,-0.035447773408549293,-248.36675127054718
3.6426738519504883e-6,224.7007778037129,3503.7694822289286,-0.0067479340433354105,-0.0009426125103341245,3.018407640461681e-6,365.25645057781793,3624.4087058976074,0.009170414953989944,0.0015760454844678713,4.745182730234211e-5,1761.2516129100195,1746.4005238833008,0.24651477833169216,0.0607897941235878,0.0010977020178132245,4247.683951153964,443.2372481141613,0.05466464743282554,-0.042517841658908824,-257.2842096252365
3.851989708273245e-6,224.70077569319378,3503.7695361122974,-0.09821186917585721,-0.04679728984373095,2.5051793585894693e-6,365.25645184824384,3624.4087118555894,-0.061990337557989966,-0.036071005181951526,2.2071415569968343e-5,1768.3578806328605,935.5687656264105,0.25519485455529667,-0.08934521669193737,0.00045393305680465517,4256.095106301372,1502.299521689209,-0.045510881487782345,0.13230069810399867,-263.05053213519676
3.9194972082036085e-6,224.7007754988892,3503.769541472136,-0.09606064651425777,-0.051468933045244254,2.507504942907916e-6,365.2564509915252,3624.408729981923,-0.06022164250564551,-0.039884170296693944,2.2616573855962168e-5,1775.4928206025183,886.1055936930323,0.2578786860912472,-0.09460217684677176,0.0004491413186331686,4265.366960722611,1463.1745216616564,-0.051987585229624544,0.1289913526283201,-262.1704263850904
3.945480292852513e-6,224.70077536801745,3503.7695450123338,-0.09389267264749492,-0.05560490208571047,2.511445796873951e-6,365.2564505540816,3624.4087391249977,-0.058521028344491806,-0.043232633857512234,2.189108457366481e-5,1782.6565485052777,-943.9986893670489,0.2665403300534807,-0.09928701270127319,0.00044381752748948465,4269.782995814118,1435.6392252127903,-0.05802488548588136,0.12619333380172776,-261.46461537078284
3.944840242935494e-6,224.700775288531,3503.769547082454,-0.09215059524901022,-0.058946611057647334,2.515011345153488e-6,365.2564504553017,3624.4087410205693,-0.05720255002801786,-0.0459111262338939,2.057830195033332e-5,1789.8491804941998,791.5677810167302,0.2822955150788617,-0.10201412812532633,0.0004384328564483151,4270.052788378696,1419.9621839281192,-0.0632117821820806,0.12419439081554848,-260.91475067526875
3.9258553367865325e-6,224.70077524978785,3503.7695480566044,-0.0910883411499839,-0.061435633408126925,2.516894127274354e-6,365.2564506193454,3624.408737506619,-0.05644844662591065,-0.047877008510484834,1.9138880520474562e-5,1797.070833190991,745.0336751536126,0.3059550080333979,-0.10023142185502926,0.00043375810627398334,4267.028905565858,1415.2986956142947,-0.06712283743068587,0.12300889922264167,-260.4833725262071
3.892546089472207e-6,224.7007752460899,3503.769548188714,-0.09085649572577378,-0.06305931520586028,2.51621955192439e-6,365.2564509862083,3624.408730202252,-0.05636792976612748,-0.049125545150911,1.793957816875945e-5,1804.3216236879077,700.7250523800037,0.33522928000515095,-0.09062860650841753,0.00043046520337072124,4261.5993113463965,1420.5606576008681,-0.06936656733528597,0.12259760940726355,-260.1445324464652
3.847888248729045e-6,224.70077527272477,3503.769547692518,-0.09145324966827557,-0.06380039160080683,2.512750739635316e-6,365.25645149251176,3624.408720739779,-0.05695232396101384,-0.049651768615972314,1.730948107957948e-5,1811.6016695496414,660.5826815912217,0.36207674541171814,-0.07161693652763593,0.0004291138635362387,4254.995981387209,1433.6102804706918,-0.06965765515047624,0.12282869871878488,-259.89354626078136
3.794749013841606e-6,224.70077532392511,3503.7695467501903,-0.09278195686166195,-0.06367690708382934,2.50664551342764e-6,365.2564520687024,3624.4087106151032,-0.05811745399017473,-0.04948019810429506,1.743913801526221e-5,1818.9110888152386,624.4630751623104,0.3758756467729319,-0.046777757095926284,0.00042964091536035155,4248.637078430907,1451.6361881343098,-0.06810246993899148,0.12363586851463726,-259.7487806505246
3.7380076255339264e-6,224.70077539082368,3503.7695455445555,-0.09452222969910572,-0.06278201346608343,2.4990953020643013e-6,365.2564526419655,3624.408701050383,-0.05960048491405166,-0.048697416430167034,1.8224286226241263e-5,1826.2500000000005,590.0953615981772,0.3728638409119872,-0.02384888803855714,0.00043174660837842495,4243.818384773274,1470.7954853076556,-0.06514490564944712,0.12477647950509463,-259.74514515004756
