mu_1,P_1,t01,ecos1,esin1,mu_2,P_2,t02,ecos2,esin2,mu_3,P_3,t03,ecos3,esin3,tcos,tsin,dphi,lprob
2.53160700305072e-6,224.70077745451488,3503.7694944273435,0.000816093421074265,0.0012439938545121866,3.026999888700386e-6,365.25644672135405,3624.4087888350628,0.013954754141522292,0.0032859505668992113,0.0009799516144749917,4260.228345336057,493.7499190522208,0.03921520721582534,-0.036783758418724,9.893173780527548e-5,-0.0016339861884215217,2.25,-294.5797278170062
2.531554815807405e-6,224.70077745443845,3503.769494429799,0.000816655070395855,0.0012429446471989027,3.027003290661849e-6,365.25644672131386,3624.4087888357803,0.013955165839029619,0.003285138718329582,0.0009799586004111582,4260.229051229264,493.7628841274953,0.039215640338445816,-0.03678213030152328,9.893902877695438e-5,-0.00163401261943578,2.250401337792642,-294.21682964458876
2.5316193844349765e-6,224.70077745453264,3503.769494426833,0.0008160237410647604,0.0012445487420969046,3.0269989344688773e-6,365.25644672120427,3624.4087888375943,0.013954685242743643,0.0032863971575401137,0.0009799530880052697,4260.23012481608,493.739202657603,0.039215643634468056,-0.036784424383011424,9.893261970884222e-5,-0.0016339812117658378,2.2508026755852844,-293.8476146601681
2.5315675575792596e-6,224.70077745447503,3503.769494428591,0.0008162481347433207,0.0012429842514429567,3.027001124574433e-6,365.25644672164265,3624.4087888297827,0.013954853855793438,0.003285159912102014,0.0009799552286406915,4260.224387743332,493.7698952784097,0.039215304426159545,-0.03678248052182435,9.893863704865021e-5,-0.0016340031440014065,2.2512040133779263,-293.4797965480417
2.5316020238825214e-6,224.70077745450294,3503.7694944277864,0.0008161782373380077,0.0012441005537308163,3.027000037601905e-6,365.2564467211827,3624.408788838035,0.013954808846385353,0.0032860501290556568,0.0009799562285158693,4260.230560927452,493.744433383154,0.03921577177665116,-0.0367837044428552,9.89338206707046e-5,-0.0016339896798654345,2.2516053511705687,-293.1069658489337
2.5315923649032385e-6,224.7007774544921,3503.7694944279956,0.0008161755007126775,0.0012436027237239832,3.0270003751594906e-6,365.2564467213852,3624.4087888343324,0.01395480800521432,0.0032856436006241936,0.000979953127710097,4260.227580418689,493.75563783672544,0.03921525169208303,-0.03678335023933687,9.89343655097688e-5,-0.0016339925724800598,2.2520066889632107,-292.73303344345334
2.531556241867752e-6,224.70077745444345,3503.7694944294203,0.0008166136323956377,0.0012424958816555445,3.0270036850938387e-6,365.2564467216435,3624.4087888299323,0.013955147536312036,0.003284759061949915,0.000979949783765699,4260.224564743894,493.77581385149136,0.039214541350162474,-0.036782096735621474,9.893757361503746e-5,-0.0016340097574775551,2.252408026755853,-292.35766465845893
2.5316028287686965e-6,224.70077745451957,3503.7694944271757,0.0008160800746376416,0.0012438817140020177,3.0269998045944262e-6,365.25644672150526,3624.408788832285,0.013954733419849452,0.00328585992035035,0.0009799507414972178,4260.226211051437,493.7546397816153,0.03921520483437257,-0.036783766795085854,9.893387728670275e-5,-0.0016339873106262777,2.252809364548495,-291.97711252141664
2.5315721687787954e-6,224.70077745446613,3503.7694944286527,0.0008163923817592131,0.0012428725244132742,3.027002020297404e-6,365.2564467216482,3624.4087888297217,0.013954969881913795,0.003285056083120633,0.000979948847653203,4260.22468183171,493.7688471576298,0.03921459890823163,-0.03678281534046484,9.89375268535122e-5,-0.0016340016266208905,2.253210702341137,-291.5967542607178
2.5315719295095134e-6,224.7007774544906,3503.7694944280797,0.0008162735345519646,0.001243039487542706,3.027001550029062e-6,365.25644672176185,3624.4087888278264,0.013954877741908508,0.0032851850566351097,0.0009799494506604386,4260.222734141632,493.7730968634941,0.03921471269113325,-0.03678265868422059,9.893777468004589e-5,-0.0016340009616255887,2.2536120401337794,-291.21285772930275
2.5315891530828233e-6,224.7007774545091,3503.7694944275627,0.0008162841483017998,0.0012436899203226973,3.0270011787547896e-6,365.2564467215443,3624.4087888316258,0.013954885581215682,0.0032857043191513967,0.0009799498581885677,4260.224928908043,493.76173746313293,0.03921509068598079,-0.03678332871677925,9.893702453148115e-5,-0.001633994433949248,2.2540133779264213,-290.8260865293714
2.531589006735018e-6,224.7007774544763,3503.769494428321,0.0008161892440151559,0.0012432590433967196,3.0270004527957683e-6,365.2564467214692,3624.408788832725,0.01395481756139203,0.003285371330677268,0.000979952136055239,4260.227143734191,493.7582037428881,0.03921504613253324,-0.03678331882049017,9.893445910962723e-5,-0.0016339934557055098,2.2544147157190637,-290.4372637491975
2.5315499664173518e-6,224.70077745444232,3503.769494429395,0.0008165339299328166,0.0012422402073488292,3.027003373138799e-6,365.2564467217973,3624.408788827117,0.013955080170447427,0.0032845502512205737,0.0009799483295684734,4260.222474971381,493.7822553358486,0.039214268567678276,-0.036781943461876396,9.893925935808183e-5,-0.0016340112689282051,2.2548160535117057,-290.0473269746907
2.5315829577129823e-6,224.70077745446744,3503.7694944285968,0.0008162916241971241,0.00124316110626195,3.027000987336349e-6,365.25644672146075,3624.4087888329627,0.013954888994755861,0.003285295426295083,0.0009799519650323092,4260.227683581865,493.7579724421017,0.03921498492522274,-0.03678321934494274,9.893598235364452e-5,-0.001633997001355492,2.2552173913043476,-289.6525557041925
2.531581263981119e-6,224.70077745448512,3503.7694944282493,0.0008162216215928505,0.001243372107893109,3.0270008229253134e-6,365.2564467214785,3624.4087888327517,0.013954837084084,0.0032854610053623754,0.0009799533849827664,4260.226668279901,493.76058855255235,0.03921518000949396,-0.03678300561107995,9.893614701032484e-5,-0.001633997640575148,2.25561872909699,-289.2563374456453
2.531564745754249e-6,224.70077745445954,3503.769494429032,0.0008165008583898108,0.0012429265750902095,3.0270027077350257e-6,365.2564467215328,3624.4087888319077,0.013955053926105201,0.0032851069047642924,0.0009799524592462728,4260.226005261594,493.7680437809115,0.03921497641031223,-0.03678242940156472,9.893805442078008e-5,-0.0016340061519624063,2.256020066889632,-288.8582042459508
2.531583564470405e-6,224.7007774544736,3503.7694944283858,0.0008162446758465553,0.0012431198926637014,3.027000885306222e-6,365.25644672154806,3624.408788831412,0.013954855693236193,0.003285256550979306,0.0009799502335143115,4260.226471492319,493.76108866124366,0.03921477024620672,-0.03678321206410111,9.893582333602142e-5,-0.0016339960004208528,2.2564214046822744,-288.4562469919424
2.5315840578132343e-6,224.7007774545153,3503.769494427458,0.0008161322062598408,0.0012435216323927975,3.0270006451597696e-6,365.2564467216663,3624.4087888295376,0.013954774809627295,0.003285568345588529,0.0009799510228823765,4260.223127013989,493.7683012917337,0.03921508379547121,-0.036782933652560315,9.893656563582578e-5,-0.0016339952832435216,2.2568227424749163,-288.0523444598663
2.5315888051773225e-6,224.70077745449916,3503.769494427769,0.0008161310190581766,0.001243445154262026,3.027000261596098e-6,365.2564467215829,3624.4087888308036,0.013954770037787384,0.0032855169166362145,0.0009799519868000752,4260.225056884007,493.7620128976331,0.039215151506979656,-0.03678325793988104,9.893595788252968e-5,-0.0016339932583631924,2.2572240802675587,-287.64583290001644
2.5315917100229692e-6,224.7007774545001,3503.7694944278323,0.0008162235141508432,0.0012438151747982157,3.0270003250216415e-6,365.25644672137724,3624.4087888344557,0.01395483078542822,0.0032858194872477844,0.0009799548654126262,4260.227699560885,493.75290010591283,0.03921564962481726,-0.03678352504742447,9.893697364661836e-5,-0.0016339936798139142,2.2576254180602007,-287.23687291174076
2.531601987880207e-6,224.70077745452355,3503.769494427146,0.0008159231820784065,0.0012439232588357075,3.0269988332728567e-6,365.2564467215031,3624.408788832246,0.01395461160340642,0.003285903870039093,0.00097995525787415,4260.226191405855,493.7546678434297,0.039215640506415766,-0.036783596505433135,9.893418548348557e-5,-0.0016339869191700088,2.2580267558528426,-286.824834901739
2.5315769259866393e-6,224.70077745450254,3503.76949442785,0.0008161373115762384,0.001243346880414299,3.0270004905283083e-6,365.25644672167596,3624.4087888293216,0.013954769832332443,0.003285443429750705,0.000979954451590513,4260.223830524533,493.76767929136025,0.03921537180384801,-0.036782755586012156,9.89381110253815e-5,-0.0016339986522558708,2.258428093645485,-286.4115714819619
2.531570765496017e-6,224.70077745445928,3503.769494428857,0.0008164080450723844,0.0012428758878658278,3.0270020281936315e-6,365.2564467215777,3624.4087888309573,0.013954979737029792,0.0032850603140425353,0.0009799497934654918,4260.225841240362,493.7664213308305,0.03921461997123312,-0.03678279565488835,9.893757182812725e-5,-0.0016340026729264334,2.258829431438127,-285.99509157423046
2.5315755048348697e-6,224.70077745449822,3503.7694944278887,0.0008162396215611918,0.001243206163665872,3.027001224033819e-6,365.2564467217349,3624.4087888282784,0.013954850750903443,0.0032853227868675484,0.0009799507179938589,4260.222950187739,493.7708665662634,0.039214950472153974,-0.036782780521537696,9.893765685223591e-5,-0.0016339994614805087,2.2592307692307694,-285.57546586229495
2.5315922745744376e-6,224.700777454505,3503.769494427732,0.0008161655510689952,0.0012438267081677568,3.0270002237541406e-6,365.2564467213844,3624.408788834478,0.0139547929814017,0.003285825673997573,0.000979954302393586,4260.227725817271,493.75370249671187,0.03921548215313922,-0.036783391912881255,9.89360416585896e-5,-0.0016339930892194166,2.2596321070234113,-285.1529174129004
2.5315905157633745e-6,224.70077745447648,3503.7694944283107,0.0008162206162187908,0.001243332596015375,3.0270006418424074e-6,365.2564467214229,3624.408788833545,0.013954843128332098,0.003285426471460455,0.000979951094981412,4260.227242679219,493.7576349119096,0.03921493802745954,-0.036783371489624565,9.893419615753089e-5,-0.0016339931097678255,2.2600334448160537,-284.72824420338355
2.5315751737728423e-6,224.7007774544782,3503.76949442844,0.0008162773263699,0.0012431527763568295,3.027001403009288e-6,365.25644672155505,3624.4087888313693,0.013954885360400368,0.0032852807531789804,0.0009799517577630886,4260.224973069801,493.7676099575271,0.039214927601813936,-0.03678270515781552,9.893669683445978e-5,-0.0016340001012932774,2.2604347826086957,-284.3013938174828
2.5316081845719155e-6,224.70077745452312,3503.769494427102,0.0008160103599013527,0.001244100427937919,3.0269991649579167e-6,365.25644672139487,3624.408788834177,0.013954678322099378,0.003286041056903214,0.000979953147599619,4260.227551708711,493.7494515179542,0.03921550147846803,-0.03678393180959396,9.893381883025189e-5,-0.0016339851083593262,2.2608361204013376,-283.8702153507151
2.5316025000622177e-6,224.70077745452963,3503.76949442695,0.0008160234392954403,0.0012439531887557674,3.0269994719625635e-6,365.2564467215345,3624.4087888318,0.013954685028516699,0.0032859194905648435,0.0009799521800925462,4260.225758006613,493.7548655229115,0.03921538624889135,-0.0367837382849597,9.893401192157011e-5,-0.0016339871901429799,2.26123745819398,-283.4376082999547
2.5315992344170655e-6,224.70077745452244,3503.7694944271325,0.0008160425651940052,0.00124392011718001,3.0269995866045397e-6,365.2564467214994,3624.408788832403,0.013954696965613756,0.0032858903008121886,0.0009799513439724345,4260.226465901356,493.754300071395,0.039215199900338595,-0.03678371195374586,9.8935162499372e-5,-0.0016339889691304656,2.261638795986622,-283.00229137559
2.531584246022169e-6,224.70077745451476,3503.7694944274813,0.0008160840616695218,0.0012435978594057327,3.0270001197752165e-6,365.2564467216336,3624.4087888300664,0.013954729213358118,0.003285638361845211,0.0009799532402574723,4260.224082587067,493.7645778715974,0.03921531234907412,-0.03678303845388946,9.893759419557732e-5,-0.0016339953733860322,2.2620401337792644,-282.56461019067586
2.5315625886526184e-6,224.70077745447253,3503.769494428655,0.0008162758642087955,0.0012428530912663082,3.0270014681845497e-6,365.25644672170085,3624.4087888288227,0.013954873816063116,0.003285048058430696,0.0009799534292214448,4260.223705545697,493.7730277177898,0.03921502697764928,-0.036782347440086155,9.893956138229783e-5,-0.0016340052488625228,2.2624414715719063,-282.12445536473996
2.5315497000653093e-6,224.70077745445187,3503.7694944292366,0.0008164686296517948,0.0012426044928204496,3.0270025251960857e-6,365.25644672168875,3624.408788828945,0.013955010032057428,0.0032848504485425843,0.000979953103680942,4260.223808070617,493.7755778868571,0.0392149655948981,-0.036782150279624906,9.894204696999956e-5,-0.0016340120219597168,2.2628428093645483,-281.68129453067
2.531542814959017e-6,224.7007774544407,3503.7694944296322,0.00081654813962982,0.0012424927773537064,3.027002884535533e-6,365.2564467216636,3624.4087888293607,0.013955068432176622,0.0032847736940232668,0.0009799562020354074,4260.224067423266,493.77664480533235,0.039215315447703125,-0.03678188919571326,9.894323112766783e-5,-0.0016340156497602623,2.2632441471571907,-281.23512181942493
2.5315853034755393e-6,224.70077745449765,3503.7694944277773,0.000816255143548546,0.0012433685301295567,3.027000983764615e-6,365.256446721654,3624.408788829678,0.013954859487564645,0.003285451142405803,0.0009799491223434365,4260.224913376636,493.76267943968486,0.03921485694023092,-0.03678332477809439,9.893744760378515e-5,-0.0016339955248917853,2.2636454849498326,-280.7843500706447
2.531573549150308e-6,224.7007774544824,3503.7694944282584,0.0008161665524533612,0.0012428998263690615,3.0270008275100694e-6,365.2564467217646,3624.4087888275753,0.013954798817664184,0.0032850826306993377,0.0009799520136634053,4260.222693577297,493.77305635114186,0.039214926114850966,-0.036782641487105416,9.893718958417799e-5,-0.0016339992447177098,2.264046822742475,-280.3326280242651
2.531561674921347e-6,224.70077745444777,3503.7694944291534,0.0008164767621076517,0.001242511778191033,3.0270026127618165e-6,365.25644672171455,3624.4087888285176,0.013955032431470912,0.0032847698652310256,0.0009799483531187669,4260.223913522605,493.7741775379623,0.039214395394868234,-0.0367824818728818,9.89392720377028e-5,-0.0016340062670708133,2.264448160535117,-279.8783484091875
2.5315690191003908e-6,224.70077745446582,3503.7694944287928,0.0008163401510192269,0.001243050296149862,3.027001523983317e-6,365.2564467215375,3624.4087888316362,0.013954922604097168,0.003285208313921224,0.0009799533461099146,4260.225780775428,493.7659380273383,0.03921506196556983,-0.03678267337031521,9.893905078930501e-5,-0.001634003568209372,2.2648494983277594,-279.4204355525645
2.5315932623475825e-6,224.7007774545062,3503.7694944276154,0.0008159403683824871,0.0012436413837400573,3.02699898015114e-6,365.25644672150065,3624.4087888322156,0.013954621692778092,0.003285680488589195,0.0009799555732393265,4260.226265175515,493.75720734353536,0.03921549865527446,-0.03678334670807767,9.89355850178758e-5,-0.0016339906513280682,2.2652508361204013,-278.9589842934796
2.531608770855448e-6,224.7007774545364,3503.7694944267278,0.0008159573324682772,0.0012441473533199758,3.0269988216826855e-6,365.256446721518,3624.4087888320023,0.013954633034712215,0.003286074295370688,0.000979952281273702,4260.225817184397,493.75245342928105,0.03921549125651515,-0.03678398412051813,9.89349946033377e-5,-0.0016339842622591911,2.2656521739130433,-278.49516800637065
2.5315895159941065e-6,224.7007774544942,3503.7694944278796,0.0008162485513037208,0.0012434913962993917,3.0270009513869955e-6,365.2564467214993,3624.4087888323525,0.013954861436762353,0.0032855456028798866,0.0009799493539617444,4260.2262040596825,493.7597975611402,0.03921487761176053,-0.03678337737454652,9.893552988052065e-5,-0.001633993883148944,2.2660535117056857,-278.0297120527262
2.5315621512953533e-6,224.70077745448592,3503.7694944282907,0.0008163585456514341,0.0012428313564627833,3.0270022325222e-6,365.25644672185086,3624.4087888263,0.013954944291460937,0.0032850208778456625,0.0009799499348060125,4260.221164851547,493.77972932792295,0.03921476443996045,-0.036782260474396804,9.893945602290276e-5,-0.0016340053911759567,2.2664548494983277,-277.5616218601702
2.5315714358648866e-6,224.70077745447878,3503.7694944283426,0.0008162657740850229,0.0012428480771994536,3.02700147583838e-6,365.25644672176446,3624.408788827644,0.013954875944162575,0.003285034683481626,0.0009799497155647437,4260.222700078698,493.77411912336834,0.03921467709662746,-0.03678261940157177,9.893745477544153e-5,-0.0016340007033191772,2.26685618729097,-277.08936702285223
2.5315558375289465e-6,224.70077745444743,3503.7694944291875,0.0008166805138237409,0.0012423229722612478,3.0270042825743638e-6,365.2564467218266,3624.4087888268073,0.0139551948397799,0.003284603362476775,0.000979942963187944,4260.221707385669,493.7818489425023,0.039213830359687986,-0.03678223516597065,9.89381956719349e-5,-0.001634009466503513,2.267257525083612,-276.6151992437018
2.5316081429910075e-6,224.70077745452022,3503.769494427142,0.0008159513590266185,0.0012440319441360684,3.0269987980703673e-6,365.25644672139424,3624.4087888341,0.013954631823577968,0.0032859869335243597,0.0009799536410401855,4260.227993610191,493.7489297736094,0.03921549490559614,-0.03678395314302564,9.8933525077865e-5,-0.0016339845240276388,2.2676588628762544,-276.1355760756717
2.5316093984012446e-6,224.70077745449922,3503.7694944276545,0.0008162478658667101,0.00124404301267811,3.0270002707708914e-6,365.2564467212145,3624.4087888373633,0.013954856898392671,0.0032859939361197794,0.000979950605941975,4260.230720837762,493.74172238828555,0.03921522606576721,-0.036784262000749746,9.893314419346704e-5,-0.0016339863485144881,2.2680602006688964,-275.6550584298936
2.5315834534995174e-6,224.70077745449206,3503.769494427984,0.0008161303570851517,0.001243242441579426,3.027000406875949e-6,365.2564467216216,3624.4087888301815,0.013954770153358345,0.003285353271842043,0.00097995179192858,4260.224799060155,493.7649464622109,0.03921500507991145,-0.036783018742031416,9.89358443508928e-5,-0.0016339953124754091,2.2684615384615383,-275.1723622903468
2.5315821968681027e-6,224.70077745447068,3503.769494428484,0.0008162859639190447,0.001243083177408393,3.0270012427425138e-6,365.25644672153203,3624.4087888317094,0.013954892365275372,0.0032852234926477124,0.0009799497866094028,4260.226393367324,493.762702609228,0.039214716185344715,-0.03678310322100748,9.893546352526445e-5,-0.0016339967732015538,2.2688628762541807,-274.6860539178973
2.531586625955411e-6,224.70077745448606,3503.769494428258,0.0008162249241902825,0.0012435833823698495,3.027000616472668e-6,365.2564467213602,3624.4087888348763,0.013954840984702675,0.0032856340126328123,0.0009799546571959946,4260.227993959748,493.75571887819,0.039215391539531755,-0.03678314657059375,9.893599490364119e-5,-0.0016339957765335866,2.2692642140468227,-274.196565912421
2.5315759626659486e-6,224.70077745447605,3503.7694944284335,0.0008164511396223417,0.001243229407856138,3.0270022383978364e-6,365.2564467215146,3624.4087888321856,0.013955009243036824,0.003285335775725297,0.000979948254654934,4260.226123979753,493.7633158526068,0.03921464870671474,-0.03678304301775749,9.893745731281256e-5,-0.0016340009890770805,2.269665551839465,-273.70472233374517
2.5315914890050195e-6,224.70077745452906,3503.7694944270534,0.0008160503657839899,0.0012437524878644432,3.0269999688153373e-6,365.2564467216575,3624.4087888296826,0.013954707373394918,0.003285755731375698,0.000979951803483294,4260.223657235745,493.76372742206286,0.03921526082865963,-0.03678324623710847,9.89363110362009e-5,-0.0016339917900082877,2.270066889632107,-273.20882589518953
2.5315904478951417e-6,224.70077745449694,3503.7694944278505,0.0008162441447424002,0.0012435195406773365,3.0270009835769013e-6,365.256446721499,3624.4087888324466,0.013954860501424896,0.003285568024830631,0.0009799500484426774,4260.226041947432,493.7599634178496,0.03921495770453032,-0.03678329759593466,9.89346320630003e-5,-0.0016339934231436588,2.270468227424749,-272.7107482915336
2.5315797513198667e-6,224.7007774544864,3503.769494428241,0.0008162307993377901,0.0012433537866304194,3.027000910118996e-6,365.2564467215079,3624.408788832298,0.01395484325428526,0.0032854460541605914,0.0009799532718092125,4260.226257444716,493.76186595151216,0.03921516409098306,-0.036782924733432615,9.893663441749536e-5,-0.0016339982802817921,2.2708695652173914,-272.21004621964846
2.5315559536304447e-6,224.70077745445934,3503.76949442894,0.0008164357482619803,0.0012426306519739843,3.0270023522424404e-6,365.2564467217472,3624.4087888278914,0.013954988468969805,0.00328486569500549,0.0009799504710546,4260.22292022656,493.77618358111926,0.039214715794345816,-0.036782358623851,9.894173382163638e-5,-0.0016340086496992854,2.2712709030100333,-271.7069669129697
2.5315852914869437e-6,224.7007774544784,3503.769494428179,0.0008161491178926885,0.001242930152962138,3.0270006450156185e-6,365.2564467216741,3624.4087888291238,0.013954792813965361,0.003285097715641064,0.000979948864114746,4260.224741131499,493.76647937126484,0.03921456911739227,-0.03678312832633053,9.893339325009505e-5,-0.0016339937530116346,2.2716722408026757,-271.1987039065778
2.5315828365335922e-6,224.70077745448083,3503.769494428239,0.0008161913555225339,0.001243156463289536,3.027000636343957e-6,365.25644672159365,3624.4087888306103,0.013954816328591463,0.003285288340082117,0.000979951643606172,4260.225463448426,493.7633480283112,0.03921497752577633,-0.036783102560278426,9.893612577451338e-5,-0.0016339959669966916,2.2720735785953177,-270.68893126220127
2.531569223867108e-6,224.7007774544497,3503.7694944290583,0.0008164799768087825,0.0012427644252660107,3.0270023494908763e-6,365.2564467215866,3624.4087888308,0.013955031502688595,0.003284972853126548,0.0009799481747277412,4260.226155201058,493.76606547080985,0.039214434419517386,-0.03678287857242074,9.893875974782035e-5,-0.0016340036621174862,2.27247491638796,-270.1766615361966
2.5316099886078303e-6,224.7007774545595,3503.769494426307,0.0008158890145951498,0.0012445011583033542,3.0269987040794614e-6,365.25644672145626,3624.408788833224,0.013954586800857639,0.003286357749945371,0.0009799556013755579,4260.225270384831,493.7532918950099,0.03921599296292603,-0.036783736540309774,9.893401130127093e-5,-0.0016339837504058168,2.272876254180602,-269.6590825066498
2.5315701569397413e-6,224.70077745448336,3503.769494428345,0.0008162322922281892,0.0012430451158626408,3.0270010030308137e-6,365.25644672170125,3624.4087888287127,0.013954842898314257,0.003285208682352869,0.0009799551177459554,4260.223476602902,493.77081921180286,0.03921539172638191,-0.03678256783234075,9.893864085715544e-5,-0.0016340018035102626,2.273277591973244,-269.14184815950944
2.53158892103357e-6,224.70077745454608,3503.7694944266887,0.000815987029787671,0.0012439170498122613,3.0269997121769204e-6,365.2564467217184,3624.408788828693,0.01395465508186241,0.003285886646253516,0.0009799525678233026,4260.22236642197,493.766503465078,0.03921539044723248,-0.036783104589576066,9.893769462957081e-5,-0.001633992828403819,2.2736789297658864,-268.6193424169705
2.5315753035011575e-6,224.70077745447855,3503.7694944284217,0.0008164226760509123,0.0012432260179030402,3.027002047986196e-6,365.25644672153936,3624.408788831747,0.013954989745435074,0.0032853391947731954,0.0009799504314221674,4260.225771684884,493.7643734959022,0.039214909698555504,-0.03678290965231273,9.893810482056308e-5,-0.001634001114529599,2.2740802675585283,-268.0953215779601
2.5316033100608555e-6,224.70077745450862,3503.7694944275363,0.0008161869176944864,0.001244100709168284,3.0270001131632845e-6,365.25644672126055,3624.408788836562,0.013954809553147063,0.0032860410285518813,0.0009799528534466884,4260.229180415273,493.7468487467983,0.03921547308855042,-0.036783901025454334,9.893478757707051e-5,-0.0016339887700057873,2.2744816053511707,-267.5666450621122
2.5315429869243117e-6,224.70077745444257,3503.7694944294058,0.0008164816180846634,0.0012420758821503407,3.0270032452735525e-6,365.25644672191174,3624.408788825047,0.01395503673914057,0.003284420267169135,0.0009799490389606662,4260.2209990524725,493.7873164746735,0.03921429319909859,-0.036781715323703765,9.89409358096154e-5,-0.0016340136956033197,2.2748829431438127,-267.0383190899779
2.5315876018264753e-6,224.70077745450055,3503.7694944278314,0.0008160986488522097,0.0012436339232430279,3.0269997755470487e-6,365.256446721485,3624.4087888324902,0.013954733975681335,0.0032856787589717992,0.0009799561232401964,4260.22636671043,493.7576832801268,0.03921566950480393,-0.036783273716285064,9.893728226035221e-5,-0.0016339943218756942,2.2752842809364546,-266.50322325228177
2.531612952120031e-6,224.70077745452377,3503.769494427003,0.0008160568549119558,0.0012441056531615514,3.0269995944887194e-6,365.2564467213851,3624.408788834462,0.013954721400394771,0.003286032935891504,0.0009799489916179648,4260.227777115009,493.7488507095654,0.03921499802578333,-0.03678408040992067,9.89320358957005e-5,-0.0016339831014067707,2.275685618729097,-265.9658863926439
2.5316009490974825e-6,224.70077745449757,3503.7694944278114,0.0008160756807247177,0.001243848184099635,3.0269995449991796e-6,365.25644672127896,3624.408788836163,0.013954728273998521,0.0032858434151330305,0.0009799545385019322,4260.2293131389815,493.74818155417137,0.03921544158547476,-0.036783703568641316,9.893345842378927e-5,-0.0016339887089385277,2.276086956521739,-265.4271288988653
2.531609501760145e-6,224.70077745453767,3503.7694944267264,0.0008159307649313564,0.0012441920084916044,3.026998836241745e-6,365.2564467214285,3624.4087888336367,0.013954617844206763,0.0032861109945607064,0.0009799534768859016,4260.22711738916,493.7496533053388,0.039215549270601294,-0.03678395041808465,9.893270256351302e-5,-0.0016339840319885663,2.2764882943143814,-264.8846576649694
2.531603500790401e-6,224.7007774545187,3503.7694944271934,0.0008160117230419234,0.0012438561478466017,3.0269994444944492e-6,365.25644672149485,3624.40878883244,0.013954682239890626,0.0032858391650779687,0.0009799512489231511,4260.226379420692,493.75455766740805,0.03921519355056368,-0.03678373652414575,9.893371186099314e-5,-0.0016339864848166864,2.2768896321070233,-264.34000942253465
2.531587758666593e-6,224.70077745449535,3503.7694944278833,0.0008161501151429999,0.0012434549426532371,3.0270004208881664e-6,365.2564467215319,3624.408788831807,0.013954784801141559,0.0032855207920216042,0.0009799512370850345,4260.2260473198485,493.7602105283336,0.03921497817955415,-0.036783242759563704,9.893577150373481e-5,-0.0016339940867378547,2.2772909698996657,-263.7928891290672
2.531607368117012e-6,224.7007774545183,3503.769494427267,0.0008161989729893955,0.0012442758018255035,3.0270000499120407e-6,365.2564467212612,3624.4087888366525,0.01395481520608104,0.003286177879524611,0.0009799517670146126,4260.229380431,493.74430372079365,0.03921545199642319,-0.03678410628103088,9.893482297695973e-5,-0.001633987257499276,2.2776923076923077,-263.24169623988126
2.5315872000197466e-6,224.7007774544954,3503.76949442789,0.000816174792975927,0.0012434516581121952,3.027000527011722e-6,365.2564467215386,3624.408788831663,0.013954803102033108,0.0032855198509138053,0.0009799514436948963,4260.225744573198,493.7609156513442,0.03921504616173008,-0.03678322949234929,9.893631074838203e-5,-0.0016339943917034945,2.2780936454849496,-262.68907771975717
2.5315782761627663e-6,224.7007774544978,3503.769494427868,0.0008162278568382648,0.0012432537981976759,3.02700107227004e-6,365.25644672170563,3624.4087888288122,0.013954840694153038,0.0032853603070951078,0.0009799502821187505,4260.223571365446,493.7680932562619,0.039214898181342654,-0.03678293012695824,9.89379489131968e-5,-0.0016339982676698405,2.278494983277592,-262.1333622813861
2.5315594558324682e-6,224.70077745446721,3503.769494428786,0.000816281562249337,0.0012427649583610584,3.0270014434577318e-6,365.256446721709,3624.408788828606,0.01395487352945566,0.003284976154810959,0.0009799534621196004,4260.223530706793,493.7739565746253,0.0392149954227834,-0.03678231310484519,9.894001583912813e-5,-0.001634006552721985,2.278896321070234,-261.5753083847775
2.5315771083608996e-6,224.7007774544799,3503.769494428389,0.000816245765339075,0.0012432372953394889,3.027000949394312e-6,365.2564467215273,3624.408788831844,0.01395485359392566,0.003285356487289563,0.0009799535560243585,4260.225985815348,493.76304867870823,0.039215177787401787,-0.0367829003130476,9.893772564211248e-5,-0.0016339993702028442,2.2792976588628764,-261.01322985055685
2.5315829160846846e-6,224.70077745449203,3503.769494428063,0.0008161064662051749,0.0012433737014263904,3.0270000438236805e-6,365.2564467215526,3624.4087888313115,0.013954748271796352,0.0032854707014563136,0.0009799558508822464,4260.225477430999,493.76234275142946,0.03921551379310552,-0.03678299540400716,9.893694817738896e-5,-0.0016339959333172287,2.2796989966555183,-260.4489022624045
2.531566263877322e-6,224.7007774544685,3503.769494428793,0.0008164491584737466,0.0012432875680029876,3.0270017475456566e-6,365.25644672143767,3624.4087888332688,0.013954990167004456,0.003285407803818281,0.0009799566894256114,4260.226996733769,493.7610044268184,0.03921572434088981,-0.03678287618239246,9.894189652637466e-5,-0.001634005952200321,2.2801003344481607,-259.8830694061003
2.531559208175165e-6,224.70077745444195,3503.769494429343,0.0008163896520146721,0.0012424524998121713,3.027002085012246e-6,365.25644672167545,3624.4087888291324,0.013954964000210882,0.003284728439021379,0.000979950889170216,4260.224468302846,493.7735778980329,0.03921453043237439,-0.03678233718550372,9.893868063494701e-5,-0.001634007047933127,2.2805016722408027,-259.31398923484227
2.5315840822254417e-6,224.70077745447628,3503.769494428376,0.0008162757832613418,0.0012432692637724622,3.027001141083496e-6,365.25644672145523,3624.408788833103,0.013954881336981185,0.003285372051489057,0.0009799503643795515,4260.2268443886,493.7599908709594,0.03921480718870735,-0.03678318052106561,9.893531790648475e-5,-0.0016339963474813802,2.2809030100334446,-258.7413245554176
2.531595339417044e-6,224.70077745449936,3503.7694944276036,0.000816276875551004,0.0012434528003815812,3.0270013383714667e-6,365.2564467215815,3624.4087888309755,0.013954891872297537,0.0032855001246457705,0.0009799440035242995,4260.225213878362,493.7614340319721,0.039214267363565765,-0.03678358798189738,9.89342773100119e-5,-0.0016339909225496826,2.281304347826087,-258.16679045549057
2.5315978675270116e-6,224.70077745449223,3503.7694944279774,0.000816160467461421,0.0012434999545572658,3.0270007505210684e-6,365.2564467214156,3624.4087888339645,0.013954821588909178,0.0032855617267605252,0.000979952291708677,4260.227611279189,493.7572960603793,0.03921506311328095,-0.03678319452881575,9.892991845340576e-5,-0.001633989897789371,2.281705685618729,-257.59002342361083
2.5315651811711924e-6,224.70077745447196,3503.769494428574,0.0008162832599729822,0.0012426946252696869,3.0270016646569343e-6,365.25644672179965,3624.408788827002,0.013954888177533917,0.003284917903120103,0.0009799510952404984,4260.222270759921,493.77700918467934,0.039214779850616444,-0.03678237590460108,9.89382699381895e-5,-0.0016340034408627352,2.2821070234113714,-257.0125872912476
2.5315445263097275e-6,224.70077745444738,3503.7694944293175,0.0008163836750077898,0.0012421179803757565,3.0270026327464162e-6,365.25644672192345,3624.4087888248355,0.013954962109532452,0.0032844593345311307,0.0009799512687367683,4260.220818428005,493.7872375327135,0.039214526945459446,-0.03678164926216536,9.89404082225671e-5,-0.0016340125102805446,2.2825083612040133,-256.4322994736936
2.5316269457377986e-6,224.70077745453392,3503.769494426732,0.0008160012389352876,0.0012442598302820178,3.0269996929202002e-6,365.2564467213296,3624.40878883579,0.013954708804820484,0.003286148627904245,0.0009799470178371767,4260.228895202847,493.74607295317975,0.03921468494187313,-0.036784096491580494,9.892609864085976e-5,-0.001633976780091408,2.2829096989966553,-255.84577253237188
2.5315848527968417e-6,224.7007774544736,3503.7694944284376,0.0008162066542976352,0.0012431640354963298,3.0270007507489334e-6,365.2564467214923,3624.408788832386,0.013954832014720165,0.0032852906982436788,0.000979951559100322,4260.226418929677,493.76157110514595,0.03921488935910902,-0.03678308695163226,9.893439987968436e-5,-0.00163399531353781,2.2833110367892977,-255.26219136683702
2.531554954307686e-6,224.70077745445408,3503.769494429141,0.0008163599428748406,0.001242477869574238,3.0270021593976145e-6,365.2564467217539,3624.4087888278245,0.013954943196074949,0.0032847497090628523,0.000979952930946189,4260.222938107365,493.7785000289909,0.039214841208105373,-0.036782023559237854,9.893902690523891e-5,-0.0016340085141201795,2.2837123745819397,-254.6760191038674
2.5315731488395956e-6,224.70077745447017,3503.769494428564,0.0008163626102936911,0.0012429538968077004,3.0270020345356797e-6,365.25644672159297,3624.4087888307963,0.013954950643235944,0.003285112294766766,0.0009799476900157974,4260.225201156268,493.7681033843998,0.03921437519163146,-0.0367827738622679,9.893630527898758e-5,-0.0016340011027038703,2.284113712374582,-254.0860830382943
2.531585694045253e-6,224.70077745449288,3503.7694944281193,0.0008162614325048623,0.001243668281922401,3.027000830078297e-6,365.25644672137673,3624.4087888345935,0.013954867093947018,0.0032857023646035233,0.0009799551414352101,4260.227496739233,493.7566930094658,0.039215530628010094,-0.03678312186764972,9.893637806722991e-5,-0.001633996629885886,2.284515050167224,-253.49457036346985
2.5315532818172994e-6,224.7007774544586,3503.7694944289187,0.0008164385321032648,0.001242367029299866,3.027002796093779e-6,365.25644672188804,3624.4087888254653,0.013955001606688965,0.0032846475966310717,0.0009799478261131047,4260.221101107023,493.78333193507723,0.03921431996781851,-0.03678211537191977,9.894011925206705e-5,-0.001634009082485248,2.2849163879598664,-252.90302659447298
2.531598633662446e-6,224.70077745451195,3503.7694944274426,0.000816010070830676,0.0012438481629445928,3.0269992762612587e-6,365.2564467214392,3624.408788833342,0.013954674234525217,0.0032858424089235393,0.0009799543756403148,4260.226996528668,493.7535029652034,0.03921550368765572,-0.036783609281313884,9.893499251471318e-5,-0.0016339890639593697,2.2853177257525084,-252.306859017
2.5315716359668154e-6,224.70077745448236,3503.7694944282453,0.0008163083683428292,0.0012428405279195011,3.0270018556899046e-6,365.2564467218163,3624.408788826823,0.013954911691949451,0.0032850255012699565,0.0009799481632661346,4260.222089406871,493.77589649921885,0.03921453487140283,-0.03678259068070187,9.893706069625568e-5,-0.0016340007757327506,2.2857190635451503,-251.7120080220912
2.5315940732899568e-6,224.7007774545028,3503.769494427751,0.000816155228607716,0.0012438525264689495,3.026999972326732e-6,365.2564467213665,3624.408788834665,0.013954779967322079,0.003285849610578986,0.0009799549310732572,4260.227952040791,493.75196864960566,0.03921560540696829,-0.0367835484009502,9.893608590429067e-5,-0.0016339922806036368,2.2861204013377927,-251.11395561920332
2.5315732696291726e-6,224.70077745451408,3503.7694944275513,0.000816205922223625,0.0012433603358310821,3.0270009722671336e-6,365.2564467217973,3624.408788827328,0.013954814354705206,0.003285448865420997,0.0009799518940049813,4260.222235191123,493.7707582669204,0.03921515396684866,-0.03678275732444958,9.894001152130886e-5,-0.001634000575774172,2.2865217391304347,-250.51624954614198
2.5315697951904544e-6,224.70077745446238,3503.7694944287773,0.0008161916016397103,0.0012427746395856562,3.0270007603888773e-6,365.2564467216488,3624.4087888295103,0.013954813002532993,0.00328498910609598,0.0009799534395107843,4260.22476042027,493.76912386822164,0.039214950477360955,-0.03678264466790415,9.893771893467331e-5,-0.00163400142990675,2.286923076923077,-249.91677904786192
2.5315673367073425e-6,224.70077745447807,3503.7694944284767,0.0008162092763399845,0.0012429844215437636,3.0270009060158803e-6,365.2564467216712,3624.4087888292934,0.013954821188649314,0.0032851524846625006,0.0009799538514486208,4260.224032378207,493.77028021478765,0.039215105941521874,-0.03678253817313335,9.89393470866604e-5,-0.0016340028980520401,2.287324414715719,-249.3163606532575
2.5315895666599607e-6,224.7007774544908,3503.7694944279997,0.0008162402506927062,0.0012435058176923515,3.027000854624264e-6,365.25644672144847,3624.408788833278,0.013954855482446885,0.0032855612191000773,0.0009799506888151773,4260.227005199017,493.7578610765488,0.03921497287975715,-0.03678333664771755,9.893521435244363e-5,-0.0016339940016851854,2.2877257525083614,-248.71421384814892
2.5315973453992774e-6,224.7007774544942,3503.7694944278605,0.000816122566571183,0.0012436778755938642,3.026999965811489e-6,365.25644672137065,3624.4087888345543,0.013954764399001535,0.003285702344034843,0.0009799520827456275,4260.22816208471,493.7523949220607,0.03921513407659315,-0.03678361794548593,9.893416742344403e-5,-0.0016339901584367454,2.2881270903010034,-248.11197112987423
2.5315920623285783e-6,224.70077745448071,3503.769494428206,0.000816165896340405,0.0012434187337292248,3.027000319933748e-6,365.25644672139543,3624.4087888340373,0.013954800560558494,0.0032854948213401998,0.0009799518470198446,4260.227798104773,493.75567232264297,0.03921500649931111,-0.03678342468778803,9.89341861266235e-5,-0.0016339923557148143,2.2885284280936453,-247.50978332413808
2.531575519687128e-6,224.70077745448756,3503.769494428248,0.0008162941660898443,0.0012432437204205915,3.027001325276794e-6,365.2564467215979,3624.4087888306703,0.013954893557489736,0.0032853604113941216,0.000979953624390341,4260.224530935251,493.76727880118693,0.039215294905160625,-0.03678272446179096,9.893749600663128e-5,-0.0016340001141496004,2.2889297658862877,-246.907769638687
2.531589226927827e-6,224.70077745449333,3503.769494427945,0.0008162594373708017,0.0012435649692275424,3.0270009627306107e-6,365.2564467214521,3624.4087888332288,0.013954868291430316,0.0032856095348202143,0.0009799507995410072,4260.226966128677,493.7574064831152,0.039215034994193744,-0.03678337239091437,9.893604381470211e-5,-0.0016339943896582717,2.2893311036789297,-246.30458240848426
2.531608959374911e-6,224.70077745452494,3503.7694944270816,0.0008159210980312373,0.0012441165047524256,3.0269986018650683e-6,365.25644672139117,3624.4087888342083,0.013954610739549846,0.0032860595669048733,0.0009799553778363293,4260.227587090455,493.7490796074827,0.03921572035801988,-0.036783870007817195,9.893376539669306e-5,-0.0016339842622353818,2.289732441471572,-245.70122026057945
2.531585110825255e-6,224.70077745449942,3503.7694944278674,0.0008162361138478666,0.001243696604585007,3.0270005916183884e-6,365.2564467214591,3624.408788833037,0.013954838559747487,0.003285721443092316,0.0009799534461166976,4260.226586274348,493.75784917947266,0.03921540137939593,-0.03678330132719914,9.893875153033096e-5,-0.0016339965326600172,2.290133779264214,-245.0999958659646
2.531609248904591e-6,224.7007774545299,3503.7694944269324,0.0008158106447168706,0.001244037313903957,3.0269981581300787e-6,365.25644672146706,3624.408788832894,0.013954530435537408,0.003285991958987028,0.000979954911320667,4260.226707687912,493.7519030893502,0.03921556062374219,-0.03678375983461831,9.893272907025195e-5,-0.0016339832055221187,2.290535117056856,-244.49729746861738
2.5315675910626846e-6,224.70077745447398,3503.7694944284804,0.0008163000649923321,0.0012427722945248275,3.027001711023552e-6,365.25644672177197,3624.4087888274826,0.01395489858789523,0.0032849735092545162,0.0009799497309351886,4260.222604886717,493.77517222024545,0.03921466403227049,-0.03678254952216884,9.893844008582596e-5,-0.001634002555834434,2.2909364548494984,-243.89811213367983
2.5316065966397964e-6,224.7007774545216,3503.769494427135,0.0008159472104955087,0.0012440105196452047,3.0269988658883406e-6,365.25644672142454,3624.408788833616,0.013954629704747052,0.0032859691994721794,0.0009799535718766634,4260.227181390708,493.7509803290352,0.03921547516222772,-0.03678383990752356,9.893369510893003e-5,-0.0016339852257674613,2.2913377926421403,-243.29691030328985
2.53158760039811e-6,224.70077745449828,3503.769494427831,0.0008160613049337652,0.0012433824924221366,3.0269999584876585e-6,365.25644672159075,3624.4087888307445,0.013954719036504483,0.0032854682498163913,0.0009799532256551202,4260.225206748044,493.7623339181906,0.03921518674211565,-0.03678311041179767,9.89349348380806e-5,-0.0016339933439494126,2.2917391304347827,-242.6991616929779
2.5316285412466184e-6,224.70077745453375,3503.769494426656,0.0008159351899368441,0.0012440806778994274,3.026999548356071e-6,365.2564467214161,3624.408788834198,0.013954666367667387,0.003285998583163443,0.0009799454284470867,4260.2276996229175,493.7500830362659,0.03921443734516358,-0.036784047114387215,9.892420781288713e-5,-0.0016339749961045184,2.2921404682274247,-242.10075378244565
2.5315744151034465e-6,224.7007774544839,3503.7694944282475,0.0008162352902848282,0.0012430777256677988,3.02700112883399e-6,365.25644672167056,3624.4087888292975,0.013954848359671704,0.003285222193218828,0.0009799515291354355,4260.2237721109595,493.7696477427503,0.0392149309540682,-0.0367827456953423,9.893781903371581e-5,-0.0016339998183855036,2.292541806020067,-241.50803010464696
2.5315595099294548e-6,224.70077745445963,3503.7694944289406,0.0008164688882971564,0.0012426761835045146,3.027002672290018e-6,365.25644672170955,3624.40878882864,0.013955025675841453,0.0032849034736261535,0.0009799504104487126,4260.223560083598,493.7751142511601,0.03921472489745758,-0.03678235128176336,9.89396748783421e-5,-0.0016340074197858457,2.292943143812709,-240.9159153783667
2.5316038976267066e-6,224.70077745452897,3503.7694944270816,0.0008160606408418027,0.0012442738459458997,3.0269995657827038e-6,365.2564467213234,3624.408788835539,0.013954715288581335,0.0032861779870944044,0.0009799543318559653,4260.227713339627,493.74992049093936,0.03921566166095086,-0.03678372781003845,9.893460624340385e-5,-0.0016339878082885812,2.293344481605351,-240.32412533367616
2.53158177113313e-6,224.7007774544916,3503.7694944279165,0.0008161578924462135,0.0012431178239039522,3.0270005676609504e-6,365.2564467217174,3624.4087888283707,0.01395478824279991,0.0032852535741594137,0.0009799503760656541,4260.223536322146,493.7678395499498,0.0392148776030597,-0.0367830904747945,9.893650980539124e-5,-0.0016339958299560109,2.2937458193979934,-239.73761361441404
2.5316038207996854e-6,224.70077745451604,3503.7694944271643,0.0008158076310449405,0.0012432801893935588,3.0269990596967274e-6,365.2564467217261,3624.408788828397,0.013954551559789646,0.0032853666752478018,0.0009799496234657854,4260.223668740247,493.765317490913,0.039214699600135475,-0.03678330148868161,9.892641113783148e-5,-0.001633983171384256,2.2941471571906353,-239.15242719952482
2.5315798661849467e-6,224.70077745450467,3503.7694944276254,0.0008161614514148111,0.0012432627083656608,3.0270008529739643e-6,365.25644672176355,3624.408788827782,0.013954791426541633,0.003285359552910407,0.0009799484286525631,4260.222996405666,493.76947432699245,0.03921466901858874,-0.036783006774260836,9.893785530493623e-5,-0.001633996953054913,2.2945484949832777,-238.573007975189
2.531590560013151e-6,224.70077745449876,3503.7694944278746,0.0008160628789305325,0.0012435940227331764,3.026999645991253e-6,365.25644672146836,3624.4087888328186,0.013954716070069815,0.003285647004212223,0.00097995641330421,4260.226589585298,493.75741697948285,0.03921563021667731,-0.03678322304058672,9.893534136261934e-5,-0.0016339927026214522,2.2949498327759197,-237.99596762217126
2.5315739167551285e-6,224.70077745450357,3503.769494427709,0.000816154581934808,0.0012431338762633492,3.027000845010311e-6,365.25644672182955,3624.408788826547,0.013954785156283194,0.003285261838857017,0.0009799503140915469,4260.221768645716,493.7738346610562,0.03921488504924129,-0.03678275518748676,9.893894811638585e-5,-0.0016339992528389405,2.295351170568562,-237.4242264616516
2.531584842310117e-6,224.7007774544925,3503.7694944279606,0.0008162297319329577,0.0012433834417950485,3.0270010000441256e-6,365.2564467215528,3624.4087888315116,0.013954845700193267,0.0032854597879576272,0.0009799494009726816,4260.225770990376,493.76193503375595,0.03921475909266886,-0.03678317655315753,9.893635098421031e-5,-0.0016339957071139963,2.295752508361204,-236.85624320854467
2.5315862576108806e-6,224.70077745449294,3503.769494428055,0.0008161437205014193,0.0012436156512870378,3.027000033999754e-6,365.25644672141163,3624.4087888338145,0.01395477282406167,0.0032856629330210918,0.0009799560259509776,4260.227293508185,493.7566045169336,0.03921558207008384,-0.036783196664326986,9.893740939509437e-5,-0.0016339953651119663,2.296153846153846,-236.2937183620909
2.5315637354214627e-6,224.70077745447088,3503.7694944286523,0.0008163038664705739,0.001242822022692764,3.0270015710285046e-6,365.25644672171353,3624.40878882855,0.013954894737490509,0.003285020228127762,0.000979952265640398,4260.223343321157,493.7733165441806,0.039214926851366516,-0.03678244490800068,9.893939172341142e-5,-0.0016340047032805422,2.2965551839464884,-235.7374642768666
2.5315843864271116e-6,224.70077745447068,3503.7694944285295,0.0008163348258656611,0.0012432273074112553,3.027001519917222e-6,365.2564467214398,3624.40878883339,0.013954933552448716,0.003285340904022864,0.000979950259856764,4260.227085842772,493.76032320811476,0.03921480034449443,-0.036783124354897036,9.893455977358957e-5,-0.0016339966136174617,2.2969565217391303,-235.18583295244846
2.531601702851465e-6,224.70077745451107,3503.769494427429,0.0008160745805693943,0.0012438819087263724,3.0269996675026634e-6,365.256446721407,3624.408788833975,0.013954728592784614,0.0032858644862482334,0.0009799522733750286,4260.227467992617,493.75218293511546,0.03921528545266607,-0.036783722428787406,9.893425612643469e-5,-0.0016339880914750609,2.2973578595317727,-234.64081036730062
2.5315706685419473e-6,224.70077745448305,3503.769494428251,0.0008162084310697736,0.001242848769815432,3.027001178555379e-6,365.25644672180937,3624.408788826859,0.01395483035745586,0.003285038406565555,0.0009799506082483914,4260.222115347139,493.7754736515327,0.039214770335679244,-0.036782546450985804,9.893740357017542e-5,-0.001634000683043782,2.2977591973244147,-234.10415021620847
2.531581788181142e-6,224.7007774544932,3503.7694944279315,0.0008162804793931063,0.0012432262300594067,3.02700140720891e-6,365.2564467216635,3624.408788829545,0.01395488517219604,0.0032853317169395328,0.0009799482496676165,4260.224054996866,493.7670376859535,0.03921467800841163,-0.03678305898325238,9.89363446335879e-5,-0.0016339968226073988,2.2981605351170566,-233.57366979840984
2.5315754212298125e-6,224.70077745448972,3503.7694944281093,0.0008161598314552718,0.0012432306753823198,3.027000455818518e-6,365.25644672164407,3624.408788829693,0.013954781890641392,0.0032853502479081526,0.000979953484811717,4260.22428366104,493.76692907520317,0.03921520824484111,-0.0367828741652684,9.89394976328249e-5,-0.0016339992809744279,2.298561872909699,-233.05162347754438
2.5316243257346385e-6,224.7007774545351,3503.769494426678,0.0008160008759322528,0.001244437463942817,3.0269990409308785e-6,365.2564467212751,3624.4087888363815,0.013954679893408001,0.003286299852333364,0.0009799503379086985,4260.229209210067,493.7416467328804,0.03921533332272706,-0.03678447910642872,9.893005533979002e-5,-0.0016339781335665525,2.298963210702341,-232.53628533216823
2.5316036054819663e-6,224.70077745451178,3503.7694944274376,0.0008159740082238887,0.0012439316875207283,3.026999004005313e-6,365.25644672136474,3624.408788834693,0.013954649985128,0.0032859065356399494,0.0009799544159738273,4260.228040253592,493.75018110640195,0.03921546687372468,-0.036783710990414005,9.893354278979556e-5,-0.0016339868324566384,2.2993645484949834,-232.03195350901098
2.5315676467259265e-6,224.70077745445695,3503.769494428817,0.0008163951476662577,0.0012421235805074834,3.0270033471536873e-6,365.2564467219433,3624.4087888247777,0.013955013414845728,0.0032844332441341784,0.0009799415652980456,4260.22069507634,493.7868093806089,0.039213377495815396,-0.036782023928409735,9.893128937875116e-5,-0.0016340014767392136,2.2997658862876253,-231.53735303680466
2.5316065511805114e-6,224.70077745452343,3503.7694944272203,0.0008161544990855607,0.0012443602045639679,3.0269998343171787e-6,365.2564467212438,3624.408788836992,0.013954783907785605,0.0032862535397790004,0.0009799548905947617,4260.229532497524,493.74408241873346,0.03921581467695618,-0.03678395587019823,9.893451068648827e-5,-0.0016339877068555482,2.3001672240802677,-231.05098918790247
2.531603115762874e-6,224.70077745452016,3503.7694944272557,0.00081590341059892,0.0012439880930922693,3.026998625948881e-6,365.25644672141465,3624.4087888337654,0.013954596796922075,0.003285955555638584,0.0009799562146578522,4260.227140117989,493.7525470594089,0.039215710152675935,-0.03678360449311472,9.893398602187755e-5,-0.0016339865338851542,2.3005685618729097,-230.57612528964174
2.531595527393171e-6,224.7007774544678,3503.769494428518,0.0008161767883420627,0.0012433988677544806,3.027000290132947e-6,365.2564467212591,3624.4087888363574,0.013954814953062366,0.003285479342563593,0.0009799523469232374,4260.229558318861,493.75196346140575,0.039215019222266806,-0.036783507748443994,9.893201773834608e-5,-0.0016339909378523154,2.3009698996655517,-230.1125033315329
2.5315874171115937e-6,224.70077745449373,3503.7694944280515,0.0008162586530244399,0.0012437739939713803,3.027000537402456e-6,365.25644672133944,3624.4087888351855,0.013954855084436965,0.0032857886056300778,0.0009799552835075176,4260.228353103238,493.75261530815766,0.03921561477330938,-0.03678339104419303,9.893764479939663e-5,-0.0016339959921344287,2.301371237458194,-229.66062588574056
2.531576760930287e-6,224.7007774544938,3503.7694944279274,0.0008160914888173204,0.0012430732572504975,3.0270004321704657e-6,365.2564467217614,3624.408788827695,0.013954737304559066,0.0032852153073539606,0.0009799507846895276,4260.2230109369875,493.77079260474704,0.039214801142308076,-0.03678282153928543,9.893738023736593e-5,-0.0016339977005430824,2.301772575250836,-229.22090704463994
2.5315822682978766e-6,224.7007774544885,3503.769494428094,0.0008162124467618879,0.0012432938135563656,3.02700085210439e-6,365.2564467215665,3624.408788831149,0.013954833120857841,0.0032853939601339833,0.0009799515663212292,4260.225341374337,493.7638443279797,0.03921500072001739,-0.03678303610245393,9.89360569942177e-5,-0.0016339966548958654,2.3021739130434784,-228.79365902772338
2.5315866605932627e-6,224.70077745450703,3503.76949442764,0.0008162293908220467,0.0012435854802227402,3.027000922400175e-6,365.25644672158245,3624.4087888310046,0.013954844175153604,0.0032856234171459065,0.0009799509148610795,4260.224804419855,493.7627442601317,0.03921512708478965,-0.03678319460307724,9.893675308905463e-5,-0.0016339951392109228,2.3025752508361204,-228.37984123447052
2.5315796304649703e-6,224.70077745450178,3503.7694944277555,0.0008163189690778436,0.0012432828655783417,3.0270018006426834e-6,365.2564467217182,3624.408788828676,0.013954915080924132,0.003285373013291398,0.0009799471674198786,4260.222575162581,493.770618250548,0.03921465312357912,-0.0367829411640101,9.893691287069382e-5,-0.0016339979550396512,2.3029765886287628,-227.98018743750427
2.531584057434281e-6,224.7007774544857,3503.769494428107,0.0008162399201006405,0.0012430732277900816,3.027001397008778e-6,365.25644672166067,3624.40878882958,0.013954869172316418,0.0032852099974219158,0.000979948371994283,4260.224162215333,493.76860615007405,0.03921455971221137,-0.036782906484596235,9.893363818983654e-5,-0.0016339953140583757,2.3033779264214047,-227.59478685703834
2.5315876027787928e-6,224.70077745450072,3503.7694944278173,0.0008160869470851071,0.0012435648614043354,3.026999854443094e-6,365.2564467215249,3624.4087888318813,0.013954730913285121,0.003285620619697396,0.000979954967879247,4260.225955309387,493.7591675253522,0.03921547629796002,-0.036783208803449555,9.893663155965405e-5,-0.0016339940567674535,2.3037792642140467,-227.22457234077265
2.531603250275224e-6,224.70077745450692,3503.7694944275,0.0008159913384598146,0.0012439058326358375,3.026999109213355e-6,365.25644672135354,3624.4087888348668,0.01395466055367993,0.0032858853353852015,0.000979952905125071,4260.228759831394,493.74832465308145,0.039215246114289455,-0.03678385233167691,9.89341811988541e-5,-0.0016339871934380505,2.304180602006689,-226.86975165551988
2.531602890136351e-6,224.70077745452159,3503.7694944271807,0.0008161819900776053,0.0012439789525436511,3.0270006428768633e-6,365.25644672141584,3624.408788834002,0.013954818835632238,0.0032859254125481786,0.000979948502859678,4260.226390786228,493.75560896726716,0.03921498936080348,-0.03678366655505718,9.893288283780437e-5,-0.0016339879489093178,2.304581939799331,-226.5314099227791
2.531568345105992e-6,224.7007774544769,3503.769494428452,0.0008163178742577299,0.0012427990837340702,3.0270020117108883e-6,365.2564467217521,3624.4087888279105,0.013954920324931092,0.0032849906768649957,0.000979949105168838,4260.221945775971,493.77754742105526,0.03921459720649328,-0.03678239215550049,9.893704930213692e-5,-0.0016340021817439676,2.3049832775919734,-226.21040259659515
2.531588274369567e-6,224.70077745449066,3503.7694944281743,0.000816271568919204,0.0012438603568893454,3.027000481538918e-6,365.25644672125344,3624.4087888366744,0.013954862655629749,0.0032858631681240407,0.0009799573283171225,4260.229463716783,493.74910883388924,0.03921587633164181,-0.03678343029975703,9.893768660568063e-5,-0.0016339960733057787,2.3053846153846154,-225.90579765449164
2.5315832303638777e-6,224.70077745448538,3503.7694944282903,0.0008160629304737641,0.0012432353920687415,3.0270001083334175e-6,365.2564467215214,3624.4087888320205,0.0139547295293627,0.0032853567925936154,0.0009799564169142986,4260.22603236552,493.76359949901206,0.039215374330296565,-0.03678269064820095,9.893303105282495e-5,-0.0016339954261451522,2.3057859531772573,-225.61924584676194
2.5315861465191566e-6,224.7007774544947,3503.769494428003,0.000816193763991054,0.0012436808214101754,3.0270002511467554e-6,365.2564467214038,3624.408788833958,0.013954806381905514,0.0032857158252500773,0.000979955751785672,4260.227522408449,493.7549958164435,0.0392156320027464,-0.03678331992704047,9.893787914136827e-5,-0.0016339959001143466,2.3061872909698997,-225.35104154094097
2.5315914083403368e-6,224.70077745452278,3503.7694944272203,0.0008161024828861802,0.001243832598264407,3.0269998142432166e-6,365.25644672161206,3624.4087888305185,0.013954733444755035,0.0032858321152779138,0.0009799534875384135,4260.22553303947,493.75699447793517,0.03921551542578049,-0.03678350159669034,9.893832327950528e-5,-0.0016339929387110853,2.3065886287625417,-225.1015014958927
2.531592269549606e-6,224.70077745450857,3503.769494427626,0.0008160912664158087,0.0012436497128507666,3.027000194604909e-6,365.2564467214876,3624.408788832646,0.0139547479081472,0.0032856757287744085,0.0009799535213257243,4260.225749096555,493.7603683996787,0.039215302837827336,-0.0367831315920223,9.893315408669627e-5,-0.0016339918671318615,2.306989966555184,-224.87116080312998
2.5315928443618054e-6,224.70077745449115,3503.7694944280065,0.0008161447980297757,0.0012433802015165518,3.02700068393602e-6,365.25644672148263,3624.4087888327854,0.013954802468629818,0.003285458827674706,0.000979951227935583,4260.226680451776,493.76050164142373,0.03921487502360142,-0.03678308753657427,9.893110321100492e-5,-0.0016339917221744624,2.307391304347826,-224.6605449548786
2.531554754916772e-6,224.70077745446045,3503.769494428918,0.0008164011263221888,0.0012424542321524906,3.0270025568286065e-6,365.25644672185354,3624.4087888261115,0.013954976792223064,0.0032847204211441587,0.0009799490968690594,4260.221230674719,493.7828280054855,0.03921442325062068,-0.03678203906397385,9.893948064812678e-5,-0.0016340085733463283,2.3077926421404684,-224.47038340285772
2.531579013953897e-6,224.7007774544924,3503.7694944280042,0.0008161777301639695,0.0012432156731898689,3.027000824772125e-6,365.2564467216625,3624.408788829555,0.013954804673781695,0.003285329770982006,0.0009799507814562316,4260.224363973741,493.76691418489264,0.03921485394410226,-0.036782902680068376,9.893691613712176e-5,-0.0016339977069668142,2.3081939799331104,-224.3000359926987
2.5316115537975276e-6,224.70077745450718,3503.7694944275663,0.0008160469529248931,0.0012442834018923134,3.0269990223849943e-6,365.25644672110116,3624.4087888393583,0.013954702436902179,0.0032861930680888377,0.0009799556262649121,4260.23176008048,493.7383471463443,0.03921569238208691,-0.03678412403229421,9.893291663788786e-5,-0.001633984821628217,2.3085953177257523,-224.15046621900638
2.531580801929705e-6,224.70077745448154,3503.7694944283194,0.0008161915745540354,0.0012430435341149017,3.0270010769186806e-6,365.2564467216273,3624.4087888301815,0.013954834211498141,0.0032851988461419807,0.0009799523200186382,4260.224694517253,493.7683643230812,0.03921493830215018,-0.036782658541902276,9.893385243389301e-5,-0.001633996712664578,2.3089966555183947,-224.02241593794065
2.5316010943949642e-6,224.70077745452082,3503.7694944272057,0.0008161983066744709,0.0012438890319632335,3.0270007852701317e-6,365.25644672147155,3624.4087888329964,0.01395483257110361,0.003285856730129569,0.0009799491718962955,4260.225686501376,493.7576606743483,0.03921506587223357,-0.03678357573455975,9.89327139784384e-5,-0.0016339886319638598,2.3093979933110367,-223.91545352803652
2.53159250275756e-6,224.70077745451238,3503.769494427516,0.0008160914347082846,0.0012437894475394067,3.0269997738093285e-6,365.25644672149565,3624.4087888323934,0.01395473326568599,0.003285799967746603,0.000979955360844781,4260.226067054201,493.75700921308,0.039215685488314375,-0.036783386094115814,9.893636446480931e-5,-0.0016339921949511274,2.309799331103679,-223.8302622895387
2.5315597856701913e-6,224.70077745447037,3503.76949442863,0.0008164025660079559,0.0012426409099307596,3.0270023511297677e-6,365.2564467218459,3624.408788826319,0.013954970713229752,0.0032848717467054813,0.0009799489543414167,4260.221822024647,493.7781401478704,0.03921455856520998,-0.03678235373933077,9.894021310471526e-5,-0.00163400659530075,2.310200668896321,-223.7669304031307
2.53160014211217e-6,224.70077745451343,3503.76949442739,0.0008160543146100545,0.0012437987047077645,3.0269997464747604e-6,365.2564467214771,3624.4087888327344,0.013954718106498077,0.00328579547644295,0.0009799523976225728,4260.22629196004,493.75672468955855,0.03921527262119549,-0.03678350553978988,9.893365327939466e-5,-0.0016339882241349763,2.3106020066889634,-223.72540316655122
2.5315783416874965e-6,224.7007774544926,3503.769494427865,0.0008162404533676808,0.0012429811657156795,3.0270014056538035e-6,365.256446721828,3624.408788826522,0.01395485751756618,0.0032851313035970227,0.0009799462809658153,4260.221788511764,493.77408514181855,0.039214405793038976,-0.03678293729710055,9.893662270242695e-5,-0.0016339973199561817,2.3110033444816054,-223.70611260925992
2.531579622510661e-6,224.70077745449447,3503.7694944280474,0.0008162388873924551,0.0012434659639362626,3.027000986410359e-6,365.25644672152515,3624.4087888319755,0.013954849440572,0.003285534233481929,0.000979952820206054,4260.225319354617,493.76376972448827,0.039215185430548714,-0.03678290898711195,9.893780975214409e-5,-0.0016339984525222478,2.3114046822742473,-223.70899412038258
2.5315998219051395e-6,224.70077745453602,3503.7694944269074,0.0008160943911470574,0.0012442555550763671,3.0269996896071215e-6,365.2564467214385,3624.4087888336694,0.013954730239718586,0.003286165956169853,0.0009799536912731548,4260.227199918048,493.75014672076003,0.039215663444717046,-0.03678378157808253,9.893709710319592e-5,-0.0016339899664831376,2.3118060200668897,-223.7341597981554
2.5316024327456037e-6,224.7007774545468,3503.769494426548,0.0008159665718486712,0.00124417013570039,3.0269992353023076e-6,365.2564467215689,3624.4087888312333,0.013954640582954893,0.003286089974751323,0.0009799523718358883,4260.22471607111,493.7565448821431,0.03921550157112719,-0.03678371380084166,9.893561396757146e-5,-0.0016339871772414324,2.3122073578595317,-223.781577544754
2.5315894435172372e-6,224.70077745449996,3503.7694944278765,0.000816181654312584,0.001243682873701192,3.027000417789345e-6,365.25644672143534,3624.4087888335703,0.013954807083199251,0.0032857106518497216,0.0009799542776594416,4260.226898044799,493.7570204024038,0.039215435694185494,-0.03678322266895161,9.89356598212714e-5,-0.0016339941719212317,2.312608695652174,-223.85115922624698
2.53155874763763e-6,224.70077745444274,3503.7694944297546,0.0008169224570996356,0.0012436379901311894,3.027003788050658e-6,365.256446720997,3624.40878884136,0.013955338890946946,0.0032856958570464307,0.0009799598475013504,4260.2329693361135,493.7472110328189,0.03921621947943089,-0.03678286418255769,9.894283695629866e-5,-0.0016340143214430241,2.313010033444816,-223.94275694534218
2.5315851563459553e-6,224.700777454509,3503.769494427538,0.0008162180649358387,0.0012435063786579961,3.027000754191381e-6,365.2564467216852,3624.4087888292265,0.013954826757066142,0.00328556338172051,0.0009799501931387765,4260.224532222184,493.7626455476774,0.039215022796336575,-0.03678328787328605,9.893807476281701e-5,-0.0016339956741671662,2.313411371237458,-224.0566406453283
2.5315963046755738e-6,224.70077745449095,3503.769494427958,0.0008161507883867481,0.0012436351772670445,3.0270001178004892e-6,365.2564467213648,3624.4087888346367,0.013954787355526839,0.0032856689657070376,0.0009799525019463802,4260.228150258081,493.75293083500713,0.03921519450819932,-0.03678356964101495,9.893402220174241e-5,-0.0016339906883871798,2.3138127090301004,-224.1923567917287
2.531578006185085e-6,224.70077745448106,3503.7694944282866,0.0008162789583356378,0.0012430867402333152,3.0270014003485528e-6,365.25644672162974,3624.4087888300674,0.013954886919286473,0.003285226115975045,0.0009799501170291898,4260.224485942596,493.7678982639714,0.039214778314514746,-0.03678285344106228,9.893606562313563e-5,-0.0016339984779117397,2.3142140468227423,-224.3495137176156
2.5315404721228347e-6,224.7007774544362,3503.76949442965,0.0008166041361116217,0.0012421881194441525,3.0270036503436903e-6,365.25644672180306,3624.4087888269687,0.013955123068377661,0.003284513272955787,0.0009799500907370555,4260.222113412188,493.78454178591517,0.03921444119188352,-0.03678170838173884,9.894274816840867e-5,-0.001634016236480468,2.3146153846153847,-224.5278719052258
2.53158480725045e-6,224.70077745450212,3503.7694944278082,0.000815995862141337,0.001243454485475685,3.0269994743478057e-6,365.25644672158666,3624.4087888308036,0.01395466375187698,0.003285530771814508,0.0009799558478330607,4260.225155094307,493.7625076342916,0.03921546482039743,-0.03678298000888049,9.893637904032116e-5,-0.0016339945239501898,2.3150167224080267,-224.72813493317898
2.5315825970585112e-6,224.70077745450754,3503.7694944276327,0.0008160708692563416,0.0012435023627765977,3.026999744918315e-6,365.25644672166595,3624.408788829535,0.013954707328911263,0.003285571663228315,0.0009799542461050176,4260.225383572355,493.76035963582325,0.03921535466361908,-0.036783188501961155,9.893897427485886e-5,-0.0016339963057368499,2.315418060200669,-224.9487771544508
2.5315757208129416e-6,224.7007774544974,3503.769494428044,0.0008165011778463589,0.0012434956107611477,3.027002529444147e-6,365.25644672157307,3624.4087888313265,0.0139550506087846,0.0032855571266774356,0.0009799511752001159,4260.224666061854,493.76606684169747,0.03921524738442922,-0.036782844174904246,9.893843406941983e-5,-0.0016340018482224464,2.315819397993311,-225.18991439072445
2.5315790017989206e-6,224.70077745449103,3503.7694944280465,0.0008162530150344993,0.0012432477701906043,3.0270011422012894e-6,365.2564467216248,3624.4087888301397,0.013954864057211188,0.0032853578221372,0.0009799511336734707,4260.224387964434,493.76684281708197,0.039214995006609014,-0.0367829337021571,9.893707543855948e-5,-0.00163399812289709,2.316220735785953,-225.45126149752411
2.531562321695529e-6,224.70077745446787,3503.7694944287405,0.0008164416008922641,0.001242753713700304,3.0270025118675056e-6,365.256446721749,3624.408788828007,0.013955004956954347,0.003284963394788227,0.0009799501565798492,4260.222543227125,493.7764663992795,0.03921473999975097,-0.03678235425166527,9.893892735604804e-5,-0.0016340061100213524,2.3166220735785954,-225.73208030058544
2.531563723435113e-6,224.70077745446898,3503.769494428628,0.0008163153414075259,0.0012426107775456623,3.027001931088952e-6,365.25644672182113,3624.408788826612,0.013954913132745553,0.00328484398732192,0.000979949445034321,4260.221753925708,493.7790348206901,0.03921456957158561,-0.03678234228979765,9.893825509737028e-5,-0.0016340040335243295,2.3170234113712374,-226.03240647522657
2.5315678711460696e-6,224.70077745447148,3503.769494428566,0.0008163249437447402,0.0012428210432461348,3.0270018333075324e-6,365.2564467217112,3624.4087888286435,0.0139549187351272,0.0032850127756723214,0.0009799491045464667,4260.223365231209,493.7734607970344,0.03921455739583977,-0.03678255431909756,9.893815928306485e-5,-0.0016340028921110674,2.3174247491638797,-226.351613957524
2.5315981236911726e-6,224.70077745451252,3503.7694944274444,0.0008160617199412155,0.0012438553678107305,3.0269996194928224e-6,365.25644672144944,3624.4087888332406,0.013954714839191643,0.0032858464556704318,0.0009799535747660579,4260.226927075927,493.7540201440598,0.03921543261434655,-0.036783577057176074,9.893506414230209e-5,-0.0016339896324359744,2.3178260869565217,-226.6895821317075
2.531580934915834e-6,224.70077745448566,3503.7694944282102,0.0008162228449483424,0.0012432793596076387,3.0270008733050823e-6,365.25644672154573,3624.4087888315185,0.013954840705955589,0.003285386404785347,0.000979952685005931,4260.225440626013,493.7639731649058,0.039215120625660266,-0.036782943905118166,9.893649306433933e-5,-0.0016339973285098368,2.318227424749164,-227.04470088059423
2.5315652894868345e-6,224.7007774544674,3503.7694944287796,0.0008163691645746275,0.0012429666468596963,3.0270017121497476e-6,365.25644672159615,3624.408788830577,0.013954941422382355,0.003285141292960227,0.0009799539468905007,4260.224937779608,493.76872411995873,0.03921520437821011,-0.03678256546489581,9.893958731042757e-5,-0.001634004951588052,2.318628762541806,-227.41714128296715
2.53156811428337e-6,224.70077745450243,3503.769494427827,0.0008162650528608404,0.0012430805181305488,3.027001544397082e-6,365.2564467218686,3624.408788825961,0.01395486728919567,0.003285221597619778,0.000979950503133822,4260.221063502876,493.7770466635883,0.039214952429602705,-0.03678252310188539,9.893976984923492e-5,-0.0016340025136574025,2.319030100334448,-227.80669203855544
2.5315995262749454e-6,224.70077745450834,3503.769494427513,0.0008160752401533567,0.0012438723470128911,3.0269997079583414e-6,365.2564467213884,3624.408788834274,0.01395472796689081,0.0032858550181500763,0.000979952412272556,4260.227859971371,493.7524946809578,0.03921525663231607,-0.036783653388579515,9.893484483345151e-5,-0.0016339891336903485,2.3194314381270904,-228.21302819532644
2.5316030185092987e-6,224.70077745451502,3503.7694944272776,0.0008160482385692574,0.0012438255801698315,3.026999574173107e-6,365.2564467214933,3624.408788832441,0.01395470812080148,0.0032858151865806373,0.0009799507587672951,4260.2262165320135,493.75492538180384,0.03921512930557062,-0.03678374764844173,9.89339604814884e-5,-0.0016339869452066265,2.3198327759197324,-228.63457151956257
2.5315728552415343e-6,224.70077745448157,3503.7694944282794,0.0008163511987718911,0.0012429914004771306,3.027001897844721e-6,365.25644672172507,3624.4087888284234,0.013954938097612014,0.003285148256215389,0.0009799486952522863,4260.223233747638,493.7717574646677,0.039214666335554725,-0.03678275926248573,9.893806317107851e-5,-0.0016340008901690743,2.3202341137123748,-229.07062604964005
2.5315670407591667e-6,224.70077745446275,3503.769494428839,0.0008163796686961187,0.001242786990933772,3.0270022423157297e-6,365.25644672161934,3624.408788830374,0.013954965875009443,0.0032849831831738502,0.0009799492872166764,4260.224856044703,493.7712589024293,0.03921448726271925,-0.036782459317650944,9.893643467255121e-5,-0.0016340038511756187,2.3206354515050167,-229.52177067693188
2.5316104494488048e-6,224.700777454522,3503.769494427117,0.0008160332801537063,0.0012441702645489576,3.0269992923135555e-6,365.2564467213243,3624.408788835515,0.013954697254300628,0.0032860902611729506,0.0009799515867920132,4260.228605676734,493.74663926693825,0.039215275175718586,-0.03678402734468229,9.893309766853473e-5,-0.0016339844483554235,2.3210367892976587,-229.98772964416622
2.5315793965482635e-6,224.70077745448407,3503.7694944282102,0.0008162442874217535,0.0012432157209903586,3.027000989998604e-6,365.2564467215877,3624.4087888306917,0.013954853399408107,0.0032853360081770183,0.0009799521213233527,4260.225018154535,493.76504298579886,0.03921508590114791,-0.03678299567819867,9.893690429904042e-5,-0.0016339979894301223,2.321438127090301,-230.46567914962995
2.5315721963537607e-6,224.70077745446756,3503.769494428575,0.0008163192389282858,0.0012427570241685263,3.027001870425576e-6,365.2564467217044,3624.408788828738,0.013954919313524959,0.0032849549938616437,0.0009799469730779767,4260.223736286332,493.7723982285099,0.03921425320972556,-0.036782700232281924,9.893646679136094e-5,-0.0016340006234842714,2.321839464882943,-230.9569249927648
2.531601769524285e-6,224.7007774545161,3503.7694944272253,0.0008160251781643308,0.0012437247708478659,3.0269996029498484e-6,365.2564467215559,3624.408788831327,0.013954695194001401,0.00328573323231611,0.0009799500312142131,4260.225402490967,493.75777842111506,0.03921500698183962,-0.0367836622302594,9.893369123577218e-5,-0.0016339870525067675,2.3222408026755854,-231.46115709970482
2.531588743721637e-6,224.70077745448853,3503.7694944280306,0.000815996477252613,0.0012430777941868502,3.027000114708768e-6,365.25644672162076,3624.408788830167,0.013954691737835557,0.0032852151401078266,0.0009799517317077033,4260.224633429879,493.7678156409813,0.039214773392261,-0.03678281046706494,9.8930534664548e-5,-0.001633991612274253,2.3226421404682274,-231.97632771558614
2.5315867963740464e-6,224.70077745449026,3503.7694944281448,0.0008161920967549269,0.0012435639371724538,3.0270004501587354e-6,365.256446721392,3624.4087888342915,0.01395481731048335,0.003285619128960779,0.0009799552174195876,4260.227588416634,493.7566552144568,0.039215457376581164,-0.036783120961258325,9.89355843577441e-5,-0.0016339953250286588,2.3230434782608698,-232.50259732929027
2.5315872161675023e-6,224.70077745444522,3503.769494429127,0.0008163164872217885,0.0012430508495656298,3.027001363381777e-6,365.2564467212685,3624.4087888362606,0.013954927059300029,0.0032851963529440527,0.000979950147729704,4260.22951509318,493.7563184732546,0.03921458114121005,-0.03678317632240119,9.89318838382815e-5,-0.001633995070456697,2.3234448160535117,-233.03955764238805
2.531567068122888e-6,224.7007774544632,3503.7694944287296,0.0008164456479170088,0.001242658366577992,3.027002682560348e-6,365.256446721734,3624.4087888282725,0.013955017072054507,0.0032848758611888364,0.0009799463673780967,4260.2232940732965,493.7749393667939,0.039214215284128745,-0.03678254532293025,9.893732186046812e-5,-0.0016340035524235277,2.3238461538461537,-233.5859155169634
2.531569127788938e-6,224.70077745449518,3503.7694944280197,0.0008161672824010995,0.0012430160087127738,3.027000901760954e-6,365.2564467218214,3624.40878882671,0.013954792897879747,0.003285176026308647,0.0009799527206636905,4260.221801298988,493.7753194892371,0.039215084458023436,-0.0367824818267834,9.893900882257612e-5,-0.0016340014603577987,2.324247491638796,-234.1422449545193
2.5315702454128117e-6,224.70077745450132,3503.7694944279147,0.0008162050753797635,0.0012431713921077512,3.0270010882386656e-6,365.2564467217904,3624.4087888273407,0.01395482326436977,0.003285301299749924,0.0009799536190864598,4260.222156927417,493.77380208797103,0.03921528442905696,-0.03678249920955828,9.893897542394974e-5,-0.0016340016533264224,2.324648829431438,-234.70745135654332
2.5316075655523776e-6,224.70077745452798,3503.769494426986,0.0008160609639148153,0.0012441453849700202,3.0269995864614207e-6,365.2564467214211,3624.4087888338404,0.013954718497880825,0.0032860701458319454,0.000979951364821224,4260.227267606886,493.75048851101263,0.03921536285413532,-0.03678392619175443,9.893386203534691e-5,-0.001633985642952521,2.3250501672240804,-235.28177766231164
2.531593903365209e-6,224.7007774545031,3503.769494427685,0.0008159705852779269,0.001243654561977752,3.026999096363834e-6,365.25644672146626,3624.40878883283,0.013954644569119799,0.0032856915445473494,0.0009799554514985456,4260.227150805117,493.7550442880597,0.03921546974651379,-0.036783412294771285,9.893562547450521e-5,-0.0016339906301267811,2.3254515050167224,-235.86277525678975
2.5315657236232044e-6,224.70077745446255,3503.769494428945,0.0008164566794665035,0.0012430813351053808,3.0270021386599648e-6,365.25644672147587,3624.408788832766,0.013955008441281697,0.0032852344918874975,0.0009799542258205325,4260.2266792378105,493.7644042219265,0.03921525483194502,-0.03678263745103265,9.893958606539766e-5,-0.0016340058252007075,2.3258528428093643,-236.4507918711512
2.531590086263868e-6,224.70077745447887,3503.7694944284353,0.0008163001620194825,0.0012434019621509844,3.0270015368810113e-6,365.25644672134683,3624.4087888352983,0.013954926462146687,0.0032854846771536014,0.0009799527664957944,4260.228753977286,493.75712049198467,0.03921503422179665,-0.03678294142113623,9.893088640174656e-5,-0.0016339945132322416,2.3262541806020067,-237.04694144847937
2.5315595174590174e-6,224.70077745446366,3503.7694944288523,0.0008162990610847274,0.0012426354827366553,3.027001694413804e-6,365.25644672175315,3624.4087888277945,0.013954895230419423,0.0032848757775004044,0.000979953030580684,4260.222927792973,493.776506125357,0.03921493410836575,-0.036782230060661225,9.893924466601037e-5,-0.0016340062588942545,2.3266555183946487,-237.6478249718577
2.5315798494118576e-6,224.70077745451263,3503.7694944275613,0.0008162097155745839,0.0012435251555990938,3.0270009044962316e-6,365.256446721667,3624.4087888295808,0.013954823807124693,0.0032855780831921714,0.000979951887245164,4260.223916174844,493.7661617842325,0.039215192790330415,-0.036782954304451394,9.893825422722211e-5,-0.0016339979960713759,2.327056856187291,-238.25590421842185
2.5315724656811127e-6,224.70077745447006,3503.7694944286313,0.0008163645871880318,0.0012429209553497793,3.0270020341063458e-6,365.2564467216216,3624.408788830242,0.013954958346218177,0.0032850982726128964,0.000979950858317237,4260.224855530918,493.76976542101977,0.03921479777357543,-0.03678259720643134,9.893622635999401e-5,-0.0016340014542882155,2.327458193979933,-238.86878487823762
2.5315689684912818e-6,224.7007774544692,3503.769494428648,0.000816403442447943,0.0012429285218271847,3.027002175469203e-6,365.2564467216271,3624.4087888301683,0.013954976946895901,0.0032850990851147482,0.0009799493865001222,4260.224637651748,493.76981792959356,0.03921463164614186,-0.03678265295772782,9.89382245696346e-5,-0.0016340032172093247,2.3278595317725754,-239.4866302006579
2.5316014055096033e-6,224.70077745450598,3503.769494427641,0.0008162156605518793,0.0012440633391045859,3.0270002791578893e-6,365.25644672124974,3624.408788836815,0.013954833320664078,0.00328601341122164,0.0009799535013053304,4260.2295490860115,493.7466139029482,0.03921551231587221,-0.03678380603110721,9.893501290027739e-5,-0.0016339898061025282,2.3282608695652174,-240.10988398844114
2.5315854273004322e-6,224.7007774544743,3503.769494428428,0.000816153771129618,0.0012432418317708154,3.027000331784619e-6,365.2564467214357,3624.4087888333165,0.013954791841304319,0.003285357569468013,0.0009799533029676245,4260.227243235171,493.75909782220884,0.03921506778125794,-0.036783132399145387,9.89349187590346e-5,-0.0016339949918419841,2.3286622073578593,-240.73613837254362
2.531567754557613e-6,224.70077745447276,3503.7694944285317,0.0008161801768270912,0.0012427674177705658,3.027000988578727e-6,365.2564467217349,3624.4087888280837,0.013954807827154437,0.0032849759795825786,0.0009799520136492765,4260.223231750471,493.7738488154199,0.039214808305710114,-0.036782479770996954,9.893782414523257e-5,-0.0016340019102062523,2.3290635451505017,-241.36603407595695
2.531578902179208e-6,224.7007774544944,3503.76949442797,0.0008162694593528667,0.0012432638205295036,3.0270013050493125e-6,365.25644672165225,3624.408788829642,0.013954876675372445,0.003285368500165234,0.0009799506536708504,4260.223435176826,493.76913518881645,0.039215012842326015,-0.03678289592598138,9.893747802279319e-5,-0.001633998138870273,2.3294648829431437,-241.99993025019387
2.5315837922621094e-6,224.7007774545077,3503.7694944277364,0.000816184610767478,0.0012435606294026887,3.0270008964779115e-6,365.256446721558,3624.4087888314884,0.013954818444788596,0.003285605101510923,0.0009799531422513337,4260.224345456167,493.76589429329954,0.03921529115404948,-0.03678282439760085,9.8935352291091e-5,-0.0016339961015250186,2.329866220735786,-242.63677683800088
2.5315608742731815e-6,224.7007774544732,3503.7694944285586,0.0008162170005514645,0.0012425755980319136,3.02700135762902e-6,365.2564467218858,3624.4087888254617,0.013954834946621041,0.003284822644124516,0.0009799517759669918,4260.221123458218,493.78075107075284,0.03921478891126806,-0.036782191217052895,9.893897052756524e-5,-0.0016340046862356494,2.330267558528428,-243.27534976706102
2.531579113162468e-6,224.70077745449157,3503.7694944280224,0.0008161276931835606,0.001242943939830895,3.027000918904867e-6,365.2564467217985,3624.4087888272006,0.013954785919180968,0.0032851107623665505,0.0009799503963631604,4260.222483432216,493.7742883269371,0.039214703502155356,-0.03678255453378672,9.893448705224599e-5,-0.0016339965053662807,2.3306688963210704,-243.91730127091753
2.5315908130341274e-6,224.70077745448583,3503.7694944281097,0.0008162274910084053,0.001243471530717531,3.027000594874408e-6,365.2564467214418,3624.4087888333497,0.0139548421851586,0.0032855403963837656,0.0009799518692245237,4260.22762629096,493.75549054944963,0.039215103774979,-0.03678343137536332,9.893515108402614e-5,-0.001633993412767812,2.3310702341137124,-244.56093249855388
2.5315784727636153e-6,224.70077745449657,3503.769494427921,0.0008162626196219078,0.0012432902618483913,3.0270012504737617e-6,365.25644672167215,3624.4087888294603,0.013954865029334962,0.003285387692465497,0.000979950090808637,4260.223982488031,493.766983910076,0.03921488452590481,-0.03678294657094832,9.893754746444957e-5,-0.0016339985944960889,2.3314715719063543,-245.2056823512244
2.5316069542034417e-6,224.7007774545157,3503.769494427347,0.0008160172559401023,0.0012438987319433256,3.0269996173438685e-6,365.2564467214058,3624.4087888342096,0.013954702982235502,0.0032858769476140893,0.0009799524936982536,4260.227703813812,493.75244618760706,0.03921521776952693,-0.03678355995611318,9.893103749844886e-5,-0.0016339854742241761,2.3318729096989967,-245.8527420552339
2.5315802737604894e-6,224.70077745447637,3503.7694944285035,0.0008162922486544207,0.0012431602911892059,3.027001470641121e-6,365.2564467215138,3624.4087888321883,0.013954907039089526,0.00328529613509208,0.0009799534036969517,4260.226227127594,493.76429667810646,0.03921512848253111,-0.03678273543193812,9.893414305778612e-5,-0.0016339981132299551,2.3322742474916387,-246.4995416414278
2.531577492449009e-6,224.70077745448216,3503.7694944283185,0.0008162124043085338,0.0012429517248701747,3.027001367839577e-6,365.256446721689,3624.408788829101,0.013954851350755287,0.003285116580811335,0.0009799514317357704,4260.223547427359,493.772872755838,0.03921480134570497,-0.03678247220824827,9.893332636475404e-5,-0.0016339979167096122,2.332675585284281,-247.14760694268926
2.5316060262340006e-6,224.70077745453148,3503.7694944270233,0.0008160476892699838,0.0012443630032458045,3.02699931296057e-6,365.256446721291,3624.4087888361037,0.013954702013111253,0.0032862556082798124,0.0009799557041950293,4260.228165705166,493.74715546719517,0.03921589909694508,-0.036783856745670175,9.89344628284949e-5,-0.0016339870965323704,2.333076923076923,-247.796774492652
2.5315786788369194e-6,224.70077745447517,3503.769494428536,0.0008162801601152257,0.0012430846125999573,3.027001494831181e-6,365.2564467215417,3624.4087888317213,0.013954899852901477,0.0032852326977804015,0.0009799530902193986,4260.225841419479,493.7659495132954,0.039215040586691265,-0.036782642904592405,9.893397386434886e-5,-0.001633998577566403,2.333478260869565,-248.4450780248282
2.5315731546364625e-6,224.70077745446946,3503.7694944285226,0.0008162955951742605,0.0012428164573003474,3.0270014115578853e-6,365.25644672171717,3624.408788828501,0.013954892877943065,0.0032850135799634902,0.0009799491655273762,4260.224380180054,493.76879080875057,0.03921458817530741,-0.03678287256366597,9.893767093472633e-5,-0.0016340003874171748,2.3338795986622074,-249.09361242161617
2.531593485838419e-6,224.70077745452147,3503.7694944273517,0.0008161398518258981,0.0012438913182392702,3.0270005175536623e-6,365.2564467214595,3624.4087888332474,0.013954784087465949,0.003285866310568587,0.0009799531783077657,4260.225328411729,493.75979706781317,0.03921540321071808,-0.036783167256503616,9.893374391574796e-5,-0.0016339920188839251,2.3342809364548494,-249.74285176576925
2.531582146984834e-6,224.70077745448776,3503.7694944281775,0.00081625669937651,0.0012435145299918044,3.0270007411212774e-6,365.2564467214421,3624.4087888333206,0.013954854645119998,0.003285578324572213,0.000979954040349822,4260.226996214283,493.7579783104785,0.03921538588437745,-0.03678319493806865,9.893771637013513e-5,-0.0016339976966737852,2.3346822742474918,-250.39064621116412
2.531551904770986e-6,224.70077745445656,3503.769494429092,0.0008162593058464034,0.0012423895168630942,3.0270016273867557e-6,365.2564467218327,3624.4087888263684,0.01395486425191075,0.003284683207163541,0.000979954574083909,4260.221894196224,493.7814998990862,0.03921498075137204,-0.03678187498764857,9.894014533770395e-5,-0.0016340089965943504,2.3350836120401337,-251.03750422828364
2.5316358300075786e-6,224.70077745455743,3503.7694944261084,0.0008157438412403332,0.001244826652607378,3.0269972663029058e-6,365.25644672123235,3624.4087888370855,0.013954484414649516,0.003286619641086847,0.0009799544227365126,4260.2297085924365,493.7363633975293,0.039215836948342596,-0.03678470466278898,9.892934364242883e-5,-0.0016339722599901475,2.335484949832776,-251.68590534274355
2.531571509545595e-6,224.7007774544797,3503.7694944283094,0.000816345669927482,0.0012429407080084016,3.0270017539305964e-6,365.2564467217439,3624.408788827943,0.013954930143791908,0.003285109951170796,0.0009799495605301387,4260.222805942835,493.7727093188603,0.0392147913853123,-0.03678277397017936,9.893852868329158e-5,-0.0016340013236425875,2.335886287625418,-252.33013945062518
2.5316011278467805e-6,224.700777454503,3503.769494427677,0.0008162453162571231,0.0012439637306272725,3.0270006308829962e-6,365.25644672128334,3624.408788836305,0.013954858711940821,0.0032859257069633527,0.0009799506472448767,4260.229242941051,493.74828452159664,0.03921512020831761,-0.03678378942274793,9.893421265544825e-5,-0.0016339898468979662,2.33628762541806,-252.97525340528964
2.531572838681919e-6,224.70077745446582,3503.769494428786,0.0008163834759087914,0.001243100297394107,3.0270017605795226e-6,365.25644672150145,3624.408788832405,0.013954959426605226,0.003285245844705417,0.0009799522217796143,4260.226496388186,493.7637351558098,0.03921497058380526,-0.0367827739578673,9.893791563164871e-5,-0.0016340021651930394,2.3366889632107024,-253.61769905972739
2.531579414007261e-6,224.7007774545068,3503.769494427621,0.0008162210736113875,0.0012433215612819017,3.027001126216465e-6,365.25644672175036,3624.408788828034,0.01395483641070645,0.003285409366615429,0.0009799491546659668,4260.222664708134,493.7699448479513,0.039214837792634134,-0.03678296233090933,9.893800559429786e-5,-0.001633997619488507,2.3370903010033444,-254.25926122020547
2.531594212335806e-6,224.70077745448043,3503.7694944281634,0.0008161502050380996,0.0012434199860621266,3.027000195696829e-6,365.25644672139856,3624.408788833976,0.013954787348713086,0.0032854931022328828,0.000979950610604664,4260.227869712167,493.75484688726465,0.03921485705117969,-0.0367835405286675,9.893457381328393e-5,-0.0016339911152753437,2.3374916387959868,-254.89936374746893
2.5315856749186377e-6,224.70077745450075,3503.7694944277882,0.0008160032064057811,0.0012434594917976238,3.026999429049131e-6,365.2564467215757,3624.408788830876,0.013954666122941996,0.0032855340665189896,0.0009799552655948018,4260.225233574687,493.7616683226182,0.03921543933057277,-0.036783129325822755,9.893701430825654e-5,-0.0016339940917087356,2.3378929765886287,-255.5371875796975
2.531600128434712e-6,224.70077745451587,3503.769494427375,0.0008161123911496568,0.0012440537094237938,3.026999636430674e-6,365.25644672138077,3624.408788834439,0.013954745956389512,0.00328600748626885,0.000979954297867924,4260.22773263408,493.75010260655824,0.03921565276436377,-0.03678377894168031,9.893630388921207e-5,-0.001633989472318969,2.338294314381271,-256.17350166795495
2.5315934784818795e-6,224.7007774544918,3503.769494427995,0.0008162086339627805,0.0012436787924992704,3.027000563012568e-6,365.2564467213411,3624.4087888351983,0.013954831599791209,0.0032857013591780903,0.000979951977175529,4260.228465511591,493.7528363243281,0.03921511552816172,-0.03678347063293833,9.893466824751989e-5,-0.0016339926043048094,2.338695652173913,-256.807399660697
2.531578167401297e-6,224.7007774545034,3503.769494427748,0.0008162229603877353,0.0012434022633332363,3.027000713256687e-6,365.2564467217162,3624.408788828695,0.01395482364898197,0.0032854890310455415,0.0009799522610462155,4260.224478646689,493.7637036317546,0.03921518828692737,-0.03678309808335216,9.893971822922353e-5,-0.001633999039470837,2.339096989966555,-257.4387405928429
2.5315934044870853e-6,224.7007774545042,3503.7694944276527,0.0008159863459593663,0.0012436115111402173,3.0269992735592037e-6,365.25644672150446,3624.408788832139,0.013954657772836422,0.0032856546779043588,0.0009799547346481196,4260.226145264478,493.7576454143855,0.03921543009016155,-0.03678337123977104,9.893560362057468e-5,-0.001633990750609438,2.3394983277591974,-258.0684818067935
2.5315838147610595e-6,224.70077745449396,3503.7694944279915,0.0008161776450006155,0.0012434191722613564,3.027000511614538e-6,365.2564467215412,3624.408788831578,0.013954804138420073,0.003285499831308761,0.000979953574538857,4260.225516944736,493.7622772638726,0.039215296655443065,-0.03678306761769996,9.893646017201893e-5,-0.0016339959869157263,2.3398996655518394,-258.6953711614405
2.5315939841270073e-6,224.70077745450078,3503.769494427743,0.0008161861380928821,0.0012436749366483847,3.027000453836763e-6,365.2564467214443,3624.4087888333993,0.013954813232625663,0.0032856962008951966,0.0009799511327143707,4260.226986617038,493.75594524494556,0.039215080956466454,-0.036783461502022885,9.893479726103405e-5,-0.0016339919503450032,2.3403010033444818,-259.32006734152503
2.531587927685413e-6,224.70077745450544,3503.7694944276745,0.0008161786263099299,0.0012436267610555062,3.0270004630006904e-6,365.2564467215453,3624.4087888316876,0.013954801121030595,0.0032856623452061427,0.0009799521370052087,4260.226003785757,493.758731398436,0.03921521599451158,-0.036783307393035876,9.8937067420961e-5,-0.0016339946250151613,2.3407023411371237,-259.94181433376315
2.5315821737699505e-6,224.7007774545177,3503.7694944273862,0.0008161179701192843,0.0012434890682383253,3.0270005205457943e-6,365.2564467217192,3624.4087888285594,0.013954758097133695,0.0032855453780195262,0.0009799513360917269,4260.222489358678,493.76940948776877,0.03921511326677882,-0.03678292875634229,9.893711131419554e-5,-0.0016339960141428115,2.3411036789297657,-260.56092832149926
2.5315651243665266e-6,224.70077745447463,3503.769494428495,0.0008163193415280339,0.0012427570393478327,3.027001962651076e-6,365.25644672178356,3624.4087888273784,0.013954916245105019,0.0032849589555876903,0.0009799486161894964,4260.222183063207,493.7772517644986,0.03921449148272685,-0.03678241230151053,9.893849628130497e-5,-0.0016340038160650987,2.341505016722408,-261.1770435257126
2.5315921741195234e-6,224.70077745450678,3503.76949442761,0.000816016279967456,0.0012435607218669825,3.026999584417956e-6,365.2564467215669,3624.408788831145,0.013954684181380935,0.0032856119289192557,0.0009799539490097937,4260.225315418054,493.7605090109429,0.039215341281320926,-0.036783234804821534,9.893503218891951e-5,-0.0016339913248469677,2.34190635451505,-261.7910835526492
2.5315930050590356e-6,224.7007774544817,3503.769494428165,0.0008162097817570342,0.0012434394965387893,3.0270005243304837e-6,365.25644672141124,3624.4087888337394,0.013954834007963702,0.0032855119462960347,0.000979951341122205,4260.227426729324,493.75608919205456,0.03921503104101399,-0.036783485896311634,9.893426965926476e-5,-0.0016339921492171683,2.3423076923076924,-262.40176310343435
2.531576266545082e-6,224.70077745448748,3503.769494428156,0.0008162706583063304,0.0012431526857428219,3.027001390599103e-6,365.2564467216559,3624.408788829658,0.013954877519619421,0.0032852770483895962,0.0009799500936210656,4260.223921158994,493.7691432149322,0.03921481037121758,-0.036782798694460425,9.893719750289279e-5,-0.0016339992986334185,2.3427090301003344,-263.0091648623896
2.531562666192333e-6,224.70077745446574,3503.7694944287778,0.0008163830896308189,0.0012427128238293652,3.027002297508273e-6,365.25644672172587,3624.408788828451,0.013954964863747175,0.003284928454310545,0.0009799499594117772,4260.223446285912,493.77512029599154,0.039214604871663436,-0.03678233224838835,9.893851075307618e-5,-0.0016340054778129145,2.3431103678929768,-263.6135856995239
3.890943598144808e-6,224.70077535641022,3503.76954424271,-0.09798556182553401,-0.05980075276860768,2.507768229025562e-6,365.2564515680086,3624.408736502645,-0.061870255963265265,-0.04651712560041191,0.0004383597535125424,4274.055148938476,1445.241441591199,-0.058282519058380736,0.1293666525239398,-0.0005118584856527299,-0.00020615993917906395,2.3435117056856187,-281.2647385619687
3.890940541007289e-6,224.70077535648335,3503.7695442408553,-0.0979866322372565,-0.05980025294883612,2.5077630011665456e-6,365.25645156833326,3624.4087364974034,-0.061871093124615056,-0.04651670599445759,0.00043836013270299795,4274.04971181366,1445.2592982636852,-0.0582803384887808,0.1293678703151738,-0.0005118663928431777,-0.0002061500304604257,2.3439130434782607,-281.2568177945716
3.890929724560278e-6,224.7007753564983,3503.769544240296,-0.0979869744668016,-0.0598006409872183,2.5077617484733132e-6,365.25645156840875,3624.4087364959573,-0.06187137696879254,-0.046517000588600296,0.0004383549926317649,4274.048237175544,1445.2649289690175,-0.05828232398018835,0.12936971991840188,-0.0005118599305772086,-0.00020615694631879645,2.344314381270903,-281.2476475198956
3.890912733194626e-6,224.70077535648522,3503.769544240638,-0.0979885060836112,-0.059801703876164514,2.5077542628685936e-6,365.2564515683587,3624.4087364967927,-0.061872588987276655,-0.04651781028594096,0.00043834862168362886,4274.050287885343,1445.265000678009,-0.058284791221431036,0.12937184105056593,-0.0005118558794995952,-0.00020616530646173792,2.344715719063545,-281.23778873057836
3.8909406453550206e-6,224.70077535653982,3503.7695442391478,-0.09798375057243017,-0.05980081890359165,2.5077762418063293e-6,365.2564515687426,3624.4087364902557,-0.0618688766445778,-0.04651717977967311,0.00043836046143050155,4274.046935738489,1445.2524073738414,-0.05828183634133302,0.12936553930355754,-0.0005118384908084558,-0.00020617864578080774,2.3451170568561874,-281.2269552110057
3.8909216796837655e-6,224.70077535644162,3503.7695442421755,-0.09798804679744401,-0.05980030545750304,2.507756817126783e-6,365.2564515680505,3624.4087365023556,-0.061872213813801535,-0.04651672842598739,0.00043835676925671544,4274.052678643364,1445.2623044591996,-0.0582806541317206,0.1293703848647664,-0.0005118633490820724,-0.00020615646364244446,2.3455183946488294,-281.21659448381007
3.8908466601132605e-6,224.70077535647388,3503.7695442408317,-0.09799684184995977,-0.05980135352065884,2.507717185437268e-6,365.25645156799976,3624.4087365016458,-0.06187913432734378,-0.04651740558020799,0.0004383297867508548,4274.050997251475,1445.3005226304365,-0.05828853604477173,0.12938353874832237,-0.0005118731072259189,-0.00020615050460411088,2.345919732441472,-281.2049872896798
3.890935829211388e-6,224.70077535649153,3503.7695442404183,-0.09798493500635741,-0.05980086405303038,2.5077705853842237e-6,365.2564515684669,3624.4087364947745,-0.06186979174787756,-0.04651720828441386,0.0004383591852199893,4274.0492518228875,1445.251110374495,-0.058282401442752735,0.12936631684072608,-0.000511845438319423,-0.00020617311071317163,2.3463210702341137,-281.19139899838274
3.890911374454581e-6,224.70077535652968,3503.7695442393406,-0.09798738051424859,-0.05980109871606226,2.5077598509372633e-6,365.2564515685825,3624.4087364924494,-0.061871726483667296,-0.04651734180201209,0.0004383509280292877,4274.047436973406,1445.266322676693,-0.058284202635411037,0.12937065048901644,-0.0005118439163904548,-0.00020617583092164934,2.3467224080267557,-281.1780066574788
3.890904858445152e-6,224.7007753564543,3503.7695442415893,-0.0979892136702715,-0.059799672333867904,2.5077521382564174e-6,365.25645156806024,3624.40873650126,-0.06187313953918801,-0.046516217577994894,0.000438354339350448,4274.05239133346,1445.2656625087654,-0.05828196585236439,0.1293717463042568,-0.0005118600017381032,-0.00020615862565684945,2.347123745819398,-281.1644762226694
3.8908848826584905e-6,224.70077535651544,3503.769544239607,-0.09799354630590097,-0.059800644269059386,2.5077324339533868e-6,365.25645156825857,3624.4087364979378,-0.06187652015644511,-0.046516907450367614,0.0004383374778183935,4274.0486206602,1445.2919156618539,-0.058286837961028064,0.12937945259939787,-0.0005118806928249141,-0.00020613665543288285,2.34752508361204,-281.1498507496824
3.890908636506483e-6,224.70077535653124,3503.7695442390827,-0.09798970387279941,-0.059802208952428035,2.5077487419085206e-6,365.2564515685588,3624.4087364934053,-0.061873518637923626,-0.046518190190620916,0.00043834087859675205,4274.047738208027,1445.27378754884,-0.05828787287517589,0.12937437686113604,-0.0005118633513338939,-0.00020615623639636346,2.3479264214046824,-281.13343917704185
3.890847998926441e-6,224.70077535649233,3503.7695442403256,-0.09799685966680723,-0.05980073097026955,2.5077175531373466e-6,365.2564515680637,3624.40873650057,-0.06187914354597831,-0.046516920050849724,0.00043833181436904104,4274.049280586364,1445.3050997600587,-0.058287358350006,0.12938337068656391,-0.0005118768587683833,-0.0002061448055589036,2.3483277591973244,-281.1178265519204
3.890950441276586e-6,224.70077535651262,3503.7695442397608,-0.09798177891027797,-0.0598021577081096,2.5077842666456397e-6,365.2564515687315,3624.408736490409,-0.061867338339698895,-0.046518253337078166,0.0004383600228904512,4274.048117005429,1445.2391790955305,-0.05828378780112497,0.1293632513909055,-0.0005118246959442594,-0.00020619632000540468,2.3487290969899663,-281.0989353050739
3.890963955446887e-6,224.70077535648647,3503.7695442406894,-0.09798251733493368,-0.059800916440438855,2.5077813733908896e-6,365.2564515685151,3624.408736494658,-0.06186787710357907,-0.04651728870134589,0.0004383656752548015,4274.049693183409,1445.2404549022826,-0.05828042793758526,0.12936274682442986,-0.0005118486924618874,-0.00020616790328758185,2.3491304347826087,-281.08164257220216
3.890980839312635e-6,224.70077535644498,3503.7695442419704,-0.09798070214033307,-0.05980086273976786,2.5077892984950885e-6,365.25645156834594,3624.408736497982,-0.06186644650319524,-0.04651728080806508,0.00043837100818934277,4274.053171128741,1445.226129326752,-0.05827941247729495,0.12936017883830417,-0.0005118475331734018,-0.00020616998972124867,2.3495317725752507,-281.0629106026542
3.890920973342952e-6,224.70077535649278,3503.769544240466,-0.09799089948103983,-0.059800402527795005,2.5077444899542636e-6,365.25645156821395,3624.408736499386,-0.061874423265571674,-0.04651675382805469,0.0004383464179234124,4274.050599299628,1445.2769391974025,-0.05828405298746676,0.1293754048462084,-0.0005118877197657183,-0.0002061267669448007,2.349933110367893,-281.0445240700066
3.890912313133944e-6,224.7007753565682,3503.769544238303,-0.09798910481430805,-0.059800449367005,2.5077531517665546e-6,365.25645156869706,3624.4087364907828,-0.06187305261955972,-0.046516812974469544,0.0004383499617351036,4274.044102755377,1445.282647237899,-0.05828282471551528,0.12937272630152338,-0.0005118643380751428,-0.00020615066130325648,2.350334448160535,-281.0238030183657
3.890944884902407e-6,224.70077535647047,3503.7695442409217,-0.09798469053089907,-0.059800832194242357,2.5077716720805047e-6,365.25645156835577,3624.408736496689,-0.06186958514676695,-0.04651719285443641,0.0004383590243099588,4274.0515662030475,1445.2449501098604,-0.05828318953805606,0.12936624370917998,-0.0005118513735447115,-0.00020616635407174735,2.3507357859531774,-281.00246857649
3.890931524465427e-6,224.7007753564632,3503.769544241201,-0.097986358560372,-0.05980089895943071,2.507764214162731e-6,365.2564515682688,3624.4087364980683,-0.06187089805263808,-0.04651721527027307,0.0004383561982236804,4274.051756235349,1445.2520734505374,-0.05828323386721145,0.129368226636841,-0.0005118541663066666,-0.00020616504021493724,2.3511371237458194,-280.9808606995772
3.890928418436505e-6,224.70077535646737,3503.7695442410472,-0.0979870711515406,-0.05980162447480009,2.5077606593730787e-6,365.2564515683066,3624.408736497736,-0.06187145364043537,-0.04651777348223016,0.00043835154031245224,4274.050730079514,1445.2575282416494,-0.05828464470578857,0.12936994316410366,-0.0005118572687264681,-0.00020616255207595507,2.3515384615384614,-280.9582951856043
3.8909425737642e-6,224.70077535656105,3503.769544238448,-0.097986311217349,-0.05980097578626901,2.5077649896034766e-6,365.2564515687574,3624.408736490457,-0.0618708485508464,-0.046517268160413086,0.00043835231306508203,4274.0455568827165,1445.2668692315538,-0.058283689192013634,0.129370000076348,-0.0005118647433119979,-0.0002061487038629958,2.3519397993311038,-280.9351512179474
3.890943988321802e-6,224.7007753564733,3503.769544240877,-0.09798470104353395,-0.05980176763895138,2.507771105693315e-6,365.256451568418,3624.408736495976,-0.061869597336812646,-0.04651792347607381,0.00043835642575390196,4274.051590349464,1445.2441702414678,-0.05828420209344004,0.12936645502029298,-0.00051184868404775,-0.00020617114901172736,2.3523411371237457,-280.91080915685376
3.890893276842938e-6,224.70077535654312,3503.7695442390173,-0.09799044672929488,-0.05980059034851386,2.507747451816599e-6,365.2564515685322,3624.4087364932825,-0.06187411773145638,-0.046516907008562335,0.0004383470116463116,4274.046013339188,1445.284845920129,-0.058283541367630975,0.12937447736432076,-0.0005118596694663751,-0.000206157917139096,2.352742474916388,-280.8865580590439
3.890939037546724e-6,224.70077535648082,3503.7695442409226,-0.0979849767764551,-0.05980048960519312,2.5077706521586063e-6,365.25645156838766,3624.40873649635,-0.06186982086502122,-0.04651691156581669,0.000438362043043628,4274.050252298004,1445.2514100239339,-0.05828054716390479,0.12936613875190286,-0.0005118494239019245,-0.0002061685356063562,2.35314381270903,-280.8607696377193
3.8909085784498125e-6,224.7007753565128,3503.7695442397085,-0.09799053101177935,-0.05980107145139684,2.507746551885345e-6,365.25645156838146,3624.4087364961665,-0.06187415818094978,-0.046517285792817456,0.00043834333791293825,4274.048485578381,1445.2782970940073,-0.05828590058733397,0.12937533597044978,-0.0005118728036483522,-0.00020614335980259513,2.3535451505016725,-280.83482288303327
3.890985135004667e-6,224.7007753565062,3503.7695442403005,-0.09798147345479802,-0.059800461745276125,2.5077865782780506e-6,365.2564515686263,3624.408736493362,-0.061867038929146516,-0.04651694683143341,0.0004383706115141098,4274.048414475652,1445.2402490116551,-0.05827819603421328,0.129361338894708,-0.0005118596786034414,-0.00020615258798925361,2.3539464882943144,-280.8073841997432
3.890922356587847e-6,224.700775356494,3503.7695442402796,-0.09798800311371691,-0.059801307552237684,2.507756604995756e-6,365.2564515683838,3624.408736496398,-0.06187217865404619,-0.046517513729219515,0.0004383502253391547,4274.049664736355,1445.2636523023964,-0.0582846390533339,0.1293709214092184,-0.0005118619570581272,-0.00020615701679923916,2.3543478260869564,-280.7797187075085
3.890935180974614e-6,224.7007753565335,3503.7695442394056,-0.09798314336276354,-0.05980162289188237,2.5077785678614933e-6,365.256451568792,3624.408736489525,-0.061868421543604925,-0.04651781185378507,0.00043836070145811273,4274.046369860123,1445.2501200293234,-0.0582817768907212,0.12936446121558817,-0.0005118256604251073,-0.0002061954313920932,2.3547491638795988,-280.75046081094507
3.890940645931343e-6,224.70077535647584,3503.769544240984,-0.09798442274680966,-0.0598012864989038,2.5077726626658413e-6,365.25645156841983,3624.4087364958887,-0.06186939061747305,-0.04651754326031766,0.00043836030130348623,4274.050429314513,1445.247599628592,-0.058281961220210086,0.1293656569987767,-0.0005118439363187521,-0.00020617622424557567,2.3551505016722407,-280.7214932836602
3.8909467354925515e-6,224.70077535645393,3503.7695442415315,-0.09798094302238726,-0.059801156865453994,2.507788320069601e-6,365.2564515684246,3624.408736494617,-0.0618666998151894,-0.046517476108505595,0.000438368346162893,4274.051009464634,1445.23027166355,-0.0582808737518165,0.12936074552460164,-0.000511812116664363,-0.00020621078327839694,2.355551839464883,-280.6909783336446
3.890906855015403e-6,224.70077535651052,3503.769544240305,-0.09798949792108998,-0.05980000863766673,2.507750283503218e-6,365.2564515683636,3624.408736496868,-0.06187336659251994,-0.04651646354142582,0.00043835415803240147,4274.048356298142,1445.2775259424043,-0.058280291197045905,0.12937244256113759,-0.0005118635486622932,-0.00020615496755780203,2.355953177257525,-280.6611874407818
3.890929503602016e-6,224.7007753565235,3503.7695442394975,-0.09798544383635074,-0.05980115450423812,2.5077685065733137e-6,365.2564515686223,3624.4087364920647,-0.06187020042562614,-0.04651741878232247,0.0004383557568010415,4274.0470763943285,1445.258086899619,-0.05828324138307437,0.12936766506437256,-0.0005118432085002117,-0.00020617524223808206,2.356354515050167,-280.62892541214876
3.890919494724308e-6,224.70077535649048,3503.7695442402046,-0.09798682049548244,-0.05980111098268731,2.5077621223275633e-6,365.25645156840733,3624.4087364952225,-0.06187127051927798,-0.04651737310271527,0.00043835204669814435,4274.0494297029645,1445.2576369762617,-0.058285176670131535,0.1293693750301221,-0.0005118473525364307,-0.000206172171471555,2.3567558528428094,-280.5966673263405
3.890917503853535e-6,224.7007753565362,3503.7695442393187,-0.09798701197440716,-0.059801137386354376,2.5077612293882136e-6,365.256451568635,3624.4087364921916,-0.06187143139769807,-0.0465173801345738,0.0004383530587495077,4274.046605689279,1445.2685052524944,-0.05828274416461941,0.12937013550824814,-0.000511847878207062,-0.00020617160979018306,2.3571571906354514,-280.5635332294835
3.890958130590824e-6,224.7007753565435,3503.7695442390327,-0.09798298898995185,-0.05980075939996425,2.5077796786056304e-6,365.25645156876897,3624.408736490344,-0.061868257001064,-0.04651714919454815,0.0004383615261723673,4274.046990971913,1445.2500465446492,-0.05828169048586632,0.12936516311213972,-0.0005118483913571583,-0.000206166550882457,2.3575585284280938,-280.5295153965011
3.8909106695819954e-6,224.7007753565141,3503.769544239698,-0.09798653614010189,-0.05980266114222278,2.507762864477908e-6,365.2564515686322,3624.408736491864,-0.06187108098239443,-0.04651857213136389,0.00043834772520172225,4274.047334748608,1445.2625005975922,-0.05828618473016229,0.12937022815550928,-0.0005118329674076572,-0.00020619109202508305,2.3579598662207357,-280.49455321937137
3.890942172958117e-6,224.70077535647897,3503.7695442405525,-0.09798722957485567,-0.05980202967115497,2.5077598581620783e-6,365.25645156836026,3624.4087364971465,-0.06187155018718963,-0.04651809389262923,0.0004383477998886252,4274.05122427132,1445.2563153930396,-0.058286679232589546,0.1293708153382013,-0.000511871009450013,-0.00020614593929316167,2.358361204013378,-280.4596132245262
3.890965932206528e-6,224.7007753565166,3503.7695442398094,-0.09798253928930935,-0.05980156526269788,2.5077810955119697e-6,365.2564515687023,3624.4087364918005,-0.06186789720630975,-0.04651779192096259,0.00043836277462113555,4274.047816088668,1445.2441679624756,-0.05828160949976431,0.12936352076258345,-0.0005118498927508157,-0.00020616696997017667,2.35876254180602,-280.42315183654244
3.890940130757687e-6,224.70077535652706,3503.7695442393615,-0.09798722926773676,-0.059801746928416,2.507760218331548e-6,365.25645156860963,3624.408736492998,-0.061871559568233044,-0.04651786306635161,0.00043835001762619635,4274.04699443548,1445.2661522735923,-0.05828466704905651,0.12937054068602363,-0.0005118695046552706,-0.00020614608531225272,2.359163879598662,-280.38650507451075
3.89087733944883e-6,224.700775356547,3503.7695442388854,-0.09799036200929528,-0.05980087287842724,2.507746705868558e-6,365.256451568555,3624.408736492754,-0.06187408151486942,-0.046517122431586844,0.0004383435994479463,4274.046507831789,1445.2838981297007,-0.0582852442927372,0.12937555140782342,-0.0005118435126408947,-0.0002061779334811977,2.3595652173913044,-280.3488859695111
3.8909497420321836e-6,224.70077535654204,3503.7695442388253,-0.09798337700666841,-0.059802345472322896,2.5077770584940827e-6,365.25645156886156,3624.4087364885863,-0.06186857081623954,-0.04651838633070121,0.00043835574758360437,4274.046594742369,1445.2476707036026,-0.05828495712789798,0.12936515311929708,-0.0005118409133951281,-0.00020617830398167924,2.3599665551839464,-280.3098839568031
3.89095237898552e-6,224.7007753565044,3503.769544239951,-0.09798449720731876,-0.05980159268251344,2.507772230615593e-6,365.2564515685711,3624.4087364937477,-0.06186942222456966,-0.04651779388631679,0.0004383565592029034,4274.049381795656,1445.247738024173,-0.058284063351472244,0.12936622061190955,-0.0005118568174895659,-0.0002061599533263838,2.3603678929765888,-280.27099527172095
3.890924548948143e-6,224.70077535649668,3503.769544240439,-0.0979845308497967,-0.05980079456016778,2.507772431666434e-6,365.25645156849316,3624.4087364943007,-0.06186950197268648,-0.04651715112619516,0.00043836006016007825,4274.049534692027,1445.2508774801902,-0.05828166870999454,0.1293662340673514,-0.0005118309537993655,-0.00020619062384933724,2.3607692307692307,-280.23106181959713
3.617681027448294e-6,224.7007757145509,3503.7695329293156,-0.08551171404406692,-0.06347710286870693,2.5642234447366746e-6,365.25645376810905,3624.408676389688,-0.05257604239065703,-0.04919326021051524,0.0004213058596269955,4244.44967118051,1431.883676903568,-0.07507058982282286,0.11823890197376667,5.576740578074193e-5,-0.0001297901241203871,2.361170568561873,-266.9326794389646
3.890874824931384e-6,224.70077535656196,3503.7695442382906,-0.09798974796827269,-0.0598010516030713,2.5077495810375057e-6,365.2564515686668,3624.4087364904954,-0.06187361019327948,-0.046517271095724545,0.00043834277523134877,4274.045263242171,1445.2823587900878,-0.058286400013653324,0.12937495337974164,-0.0005118351989887666,-0.0002061864780946086,2.361571906354515,-280.1489934562333
3.890930234952385e-6,224.70077535650324,3503.769544240194,-0.09798639726026419,-0.059800780469132536,2.5077642371362157e-6,365.25645156847406,3624.4087364948496,-0.061870932027939425,-0.046517117810496805,0.00043835685077270287,4274.048409857118,1445.2605784462585,-0.058281998422642395,0.129368374789877,-0.0005118543942698765,-0.0002061633941490281,2.361973244147157,-280.1069038424218
3.890893581490612e-6,224.70077535648258,3503.7695442410595,-0.09799074587998517,-0.05979963833823207,2.507745212214784e-6,365.25645156814585,3624.408736500296,-0.06187434560330819,-0.046516163008042566,0.00043835180746279234,4274.050577018752,1445.2793146917825,-0.058280878785009475,0.12937432739910001,-0.0005118647774937031,-0.00020615379973521942,2.3623745819397994,-280.0644196233241
3.890940576453856e-6,224.7007753565448,3503.7695442390805,-0.0979850278677138,-0.05980174063980432,2.507770019948254e-6,365.256451568769,3624.408736490597,-0.061869862611158885,-0.046517883461972234,0.0004383552935464947,4274.045731399486,1445.261236659835,-0.058282660378844574,0.1293677521172219,-0.0005118496749158294,-0.00020616854890006126,2.3627759197324414,-280.01995080023437
3.8908810554430405e-6,224.70077535659013,3503.7695442373824,-0.09798809810009183,-0.059802541670112674,2.507755528620928e-6,365.2564515689579,3624.408736485847,-0.061872332414246785,-0.046518452904573196,0.0004383405619471901,4274.042800887755,1445.2785727959176,-0.05828838191509222,0.1293734503968892,-0.0005118223453279548,-0.0002062024758795649,2.363177257525084,-279.97527443959837
3.890901657381754e-6,224.70077535658874,3503.769544237335,-0.0979875674401749,-0.059802551852591104,2.507758612744555e-6,365.25645156896076,3624.4087364859047,-0.06187189302896534,-0.046518467441558804,0.00043834134885167473,4274.043232616967,1445.2734595003794,-0.05828871404976901,0.12937259654680738,-0.0005118344814077801,-0.00020618700592938078,2.3635785953177257,-279.930118069103
3.890905653662039e-6,224.70077535650208,3503.769544240442,-0.09798904563767295,-0.05979972783252723,2.5077528871655588e-6,365.25645156833934,3624.4087364969173,-0.06187301692114775,-0.046516255004195185,0.0004383563106191826,4274.048081444562,1445.274315733325,-0.058280053221226244,0.12937112604549575,-0.0005118592348245726,-0.0002061585638123353,2.3639799331103677,-279.8849883756914
3.890959535283605e-6,224.7007753564493,3503.769544241732,-0.09798422183464678,-0.05980128065268176,2.507773335731924e-6,365.25645156828585,3624.408736499042,-0.06186919456012558,-0.04651756226856674,0.00043836148573654865,4274.0527183195945,1445.2418060668554,-0.05828172544353232,0.1293651047158197,-0.000511862173505113,-0.0002061558181809251,2.36438127090301,-279.8378712410675
3.89093202059516e-6,224.70077535649233,3503.7695442404506,-0.09798607858483922,-0.05980112640537523,2.5077655192051966e-6,365.25645156841847,3624.4087364958973,-0.06187068135891269,-0.046517393381845275,0.0004383549445517915,4274.04942224899,1445.258222410306,-0.05828305206099297,0.12936876353225796,-0.0005118525649957653,-0.00020616597174049885,2.364782608695652,-279.7904645897372
3.890914435154682e-6,224.70077535651754,3503.769544239589,-0.0979882132213317,-0.0598004068360495,2.5077564176265047e-6,365.25645156845405,3624.4087364945776,-0.06187235561671902,-0.04651679767805746,0.00043835082042872664,4274.0486860428655,1445.2677160908477,-0.05828420609832728,0.1293716475399335,-0.0005118571339068871,-0.0002061598341547624,2.3651839464882944,-279.74250837671934
3.89095986388538e-6,224.70077535647013,3503.7695442410627,-0.09798334672192605,-0.059801481154111824,2.5077772671599217e-6,365.25645156842245,3624.4087364962825,-0.061868523978674074,-0.04651772150005238,0.00043836144478664335,4274.051064170481,1445.2404429052929,-0.058282219776508076,0.12936429296811325,-0.0005118515862917734,-0.0002061668195439457,2.3655852842809364,-279.69326277351274
3.890930135934548e-6,224.70077535646868,3503.7695442411164,-0.0979868450094628,-0.05980103724855376,2.5077620340346446e-6,365.25645156827034,3624.408736498465,-0.061871273079358996,-0.04651731715769799,0.0004383538820220012,4274.050965363501,1445.257884545239,-0.05828326999055743,0.12936955042220796,-0.0005118581862551628,-0.0002061607218683857,2.365986622073579,-279.64386859004793
3.890901973373818e-6,224.70077535655963,3503.7695442385843,-0.09798862407068432,-0.05980043334760062,2.5077549274165073e-6,365.25645156864994,3624.4087364913057,-0.06187270471230832,-0.04651679259428602,0.00043834903307711975,4274.044414115093,1445.282185426812,-0.05828319471043553,0.12937331533877364,-0.0005118492342238137,-0.00020616844451499394,2.3663879598662207,-279.59357332105037
3.617673134863328e-6,224.70077571456045,3503.769532929166,-0.08551281548923308,-0.063476539179767,2.5642186904782464e-6,365.25645376801793,3624.408676391215,-0.05257691147365879,-0.0491928061368708,0.0004213071125583896,4244.447870752695,1431.894602253489,-0.07506866201813421,0.11824028226414594,5.575677124600736e-5,-0.00012979535330837554,2.3667892976588627,-267.2360143260456
3.6175264401550636e-6,224.70077571467291,3503.7695329257817,-0.08552853464042037,-0.063476567504657,2.564146277185638e-6,365.2564537683456,3624.408676382788,-0.052589374614303706,-0.04919256266619142,0.00042127118291877,4244.439537934595,1431.9903448994594,-0.07507668196843485,0.11826503490814866,5.575906710239184e-5,-0.00012979333395813115,2.367190635451505,-267.25743741822663
3.6175461908109486e-6,224.7007757146313,3503.769532927149,-0.08552631878867854,-0.06347589245981555,2.564156648767258e-6,365.2564537680817,3624.408676387575,-0.05258761506177273,-0.04919207637027524,0.0004212799744251228,4244.443092857311,1431.9726138656433,-0.07507355938109779,0.11826088544374361,5.576778648074868e-5,-0.00012979004980460536,2.367591973244147,-267.27861388956825
3.6176795104127453e-6,224.70077571462065,3503.769532926965,-0.08551263864641023,-0.06347833980365745,2.5642189041712623e-6,365.25645376831875,3624.4086763864184,-0.05257675864416885,-0.04919421544737554,0.0004212943367110184,4244.445018758189,1431.8955407368446,-0.07507626135395541,0.11824205467752259,5.5727187233842014e-5,-0.00012980692069295243,2.3679933110367894,-267.29996620332685
3.890903268327026e-6,224.7007753565218,3503.7695442396375,-0.09798945962012982,-0.059800616381875116,2.5077506623011447e-6,365.2564515684374,3624.408736495223,-0.06187334167746268,-0.046516938827778936,0.0004383476847759221,4274.048069726378,1445.276158032052,-0.05828409661308001,0.12937384402792707,-0.0005118586022962237,-0.0002061599232091359,2.3683946488294314,-279.33090499091725
3.8909526654929234e-6,224.70077535650546,3503.7695442398826,-0.0979812646914045,-0.05980206525143916,2.507786584316304e-6,365.25645156872207,3624.4087364902853,-0.06186693616314318,-0.04651819090720926,0.00043836180810332445,4274.048263153637,1445.235649877584,-0.05828370371682962,0.1293621786672464,-0.000511822289183208,-0.0002061976702768094,2.3687959866220734,-279.27554884589296
3.890916470664645e-6,224.70077535654303,3503.7695442387376,-0.09798610131808032,-0.059802727449944686,2.5077649425715686e-6,365.25645156878494,3624.408736489337,-0.06187073800532449,-0.04651863052636872,0.0004383451640207256,4274.046340201264,1445.2625364428684,-0.05828781458482713,0.12937091962398936,-0.0005118342455515822,-0.0002061881154958318,2.3691973244147158,-279.22018502795754
3.890939094724883e-6,224.70077535654391,3503.769544239273,-0.09798367341080953,-0.059800691477971485,2.5077764060303904e-6,365.2564515687788,3624.4087364900747,-0.06186881881444173,-0.04651708056868588,0.0004383639890882213,4274.045281314336,1445.2569553695882,-0.05827931234960698,0.1293647334113757,-0.000511837363654879,-0.0002061811777628777,2.3695986622073577,-279.16437701041735
3.8909081932318065e-6,224.70077535651663,3503.769544239855,-0.09798753400332895,-0.059800438847762365,2.5077594858464903e-6,365.256451568475,3624.408736494071,-0.06187185044581551,-0.04651681957201454,0.0004383541050068152,4274.048296772124,1445.2664861272783,-0.058282476125728164,0.12937039587248042,-0.0005118428557742285,-0.00020617632165521893,2.37,-279.10773363224234
