mu_1,P_1,t01,ecos1,esin1,mu_2,P_2,t02,ecos2,esin2,mu_3,P_3,t03,ecos3,esin3,mu_4,P_4,t04,ecos4,esin4,tcos,tsin,dphi,lprob
2.542775869847375e-6,224.70077836696103,3503.7694883477466,-0.0006173813580144591,0.00309954099854119,3.0061801492042578e-6,365.2564479857876,3624.408786735057,0.01223420816503148,0.005338449378394309,1.1438285879648238e-7,657.4500000000002,-49.39712830275505,0.18735709441183745,0.1363505112013903,0.0010010811522197594,4266.615003108821,456.70642130864474,0.04447686102511361,-0.036244760695391315,0.00014703332551035996,-0.00161038070884842,2.3120905607789353,-216.87588300007036
2.554068833751988e-6,224.70077880836413,3503.769475121203,-0.00011983233599493977,0.0039053753665001887,3.0108218126963284e-6,365.25644911282814,3624.408772982414,0.012738668624544909,0.005945885105669622,1.46906650317891e-7,658.5741784420212,586.1464994548505,0.10703536192167781,0.15275113482628921,0.0009857670456690103,4273.763977075807,438.3654763238341,0.044892963061778146,-0.03693630588644043,0.00015450504442823609,-0.0016097961638402937,2.3116944681381617,-215.72876527264756
2.5797985363554638e-6,224.70077924275964,3503.7694596269757,0.0006466003544383803,0.0047034361663993,3.0177622397948477e-6,365.2564505246642,3624.4087546003366,0.013506462089921789,0.006520138455527873,1.87346795514225e-7,659.7002791247747,559.8236805723309,0.04696462636101184,0.1410972900549501,0.0009669743227255564,4281.251600030393,419.9130857584306,0.04549240937554249,-0.0379957993121102,0.00015794110393909869,-0.0016073239999987105,2.3109332842275965,-214.75413087993624
2.5976378863970568e-6,224.70077978760506,3503.769439099386,0.0016202224961746785,0.005395136966601037,3.025849689407368e-6,365.256451836449,3624.4087368791,0.014420254900306559,0.006986012760541725,2.222871703589403e-7,660.8283053351137,536.5964780286517,0.021288892401039494,0.12560735933924413,0.0009467348864506925,4287.129466832896,406.2425058808415,0.04603166931451318,-0.039015857291105224,0.00016764208921143077,-0.0016099479781353176,2.3104879046022666,-213.99366213665633
2.6038385261080443e-6,224.70078049504033,3503.7694121998793,0.0027005479807375747,0.005983472753426063,3.0342831673755854e-6,365.2564528318555,3624.4087229619317,0.015383390436192444,0.00735968751107001,2.492260961454873e-7,661.9582603655115,516.7083522696206,0.011704133330239288,0.11504240611662732,0.0009270184125318781,4290.778325793305,398.7873386402266,0.04648635029803007,-0.03976439651082006,0.0001841753487993691,-0.0016167030624527822,2.3104566636030195,-213.50149313998892
2.599499047703052e-6,224.70078142721448,3503.7693771882955,0.0037909289190810633,0.0064882249648972115,3.042489455365492e-6,365.25645339345397,3624.4087144661225,0.016318836696811778,0.00766708208568898,2.66955017260218e-7,663.0901475140713,499.3633350396242,0.009944744830981036,0.11020164634278677,0.0009094323755498917,4291.776485069435,398.3994879687454,0.046854180112258496,-0.04007098670915759,0.00020697262894544814,-0.0016247324595680109,2.3108162592419093,-213.3059208329312
2.586765044815069e-6,224.70078267258046,3503.7693313036707,0.004813104026310687,0.00692992933959625,3.050104743940552e-6,365.25645347717864,3624.408711984113,0.01717140325061166,0.007930477374021331,2.744161261590621e-7,664.2239700845358,483.98879099776235,0.012588190267077064,0.11129862246629643,0.0008954034723023721,4289.915919509538,405.55986330447627,0.04713180218378151,-0.03978833632737487,0.00023543928821314703,-0.001630894833222921,2.311505457050354,-213.40777373911837
2.568004861347425e-6,224.70078435992056,3503.769270094249,0.005701631233230701,0.007318770828598069,3.056890753592893e-6,365.25645309670244,3624.4087153318683,0.0178997797203433,0.008160898079040317,2.701262067768715e-7,665.3597313862961,470.30611646117677,0.017994132343846694,0.11982428705801537,0.0008866629527229007,4285.127390226271,420.60826271731355,0.047324847090370784,-0.03878327466652026,0.0002691308693899992,-0.0016318807606151345,2.3124445257111415,-213.79369097847837
2.545718728281342e-6,224.70078665659423,3503.7691866612076,0.006382633661908561,0.007628195130202206,3.0625940868602133e-6,365.2564523042234,3624.4087238107936,0.01845708818263886,0.008338996521910827,2.520440493342089e-7,666.4974347344037,458.3162774766857,0.02346811152568856,0.14049195145532392,0.0008861392007064085,4277.444826770956,443.91762730322864,0.047451308980011035,-0.03693195868529171,0.00030744137693227547,-0.001624179250543132,2.3135180901743,-214.45082053561288
2.522653098070061e-6,224.70078973606795,3503.7690695171473,0.006684173986217413,0.007726822434075677,3.0664431136097506e-6,365.2564511689205,3624.4087364182087,0.01871540258346205,0.008365066030660435,2.1901759969142956e-7,667.6370834495771,448.02139178340815,0.014048941944685603,0.18556804468904467,0.0009006765695630812,4266.830920497754,476.4143094825427,0.047535647636574516,-0.03407308836717409,0.0003498248089444795,-0.0016040744054315376,2.3145377857310208,-215.37758704921055
2.7600654823547852e-6,224.70079387832052,3503.7686834065103,0.011330052687041098,0.006757501777992106,3.0974041415779847e-6,365.25644920091014,3624.408767748051,0.022530312535973953,0.007345571841543345,3.2513531262710517e-10,668.7786808582133,-22334.96059579372,-182.1534864350233,-107.50128589837468,0.0006826285397074297,4351.182776220133,299.4022856488568,0.025622561103824493,-0.05129118443237669,0.00044193527318529016,-0.0015063853018297093,2.310886184691283,-216.32513329263367
2.698821579697561e-6,224.7007942329576,3503.7684044055572,0.012195488910294377,0.005238500747492979,3.1020693491458006e-6,365.25644831998716,3624.4087775635608,0.023058723864560416,0.006072358040713961,4.5138367901385094e-10,669.922230292397,-14216.678522253716,-153.49626903010036,-69.21416419424797,0.0006384333593679057,4349.302695832536,313.00219694607256,0.0228767989946788,-0.05205105740413518,0.00047242511571870914,-0.0015586226028855383,2.3112098644032835,-217.49646440431303
2.59522375996186e-6,224.7007833567669,3503.7683144267435,0.006681192184560026,0.0024841214995852175,3.0653772102171577e-6,365.256447192101,3624.408782563222,0.018415850246676614,0.003952086457161632,1.7061353623635006e-9,671.0677350899107,-2405.7730992962097,-37.14537274320966,-13.805177528817483,0.0007014339193565312,4307.3099745792815,376.00761418901936,0.03128898657396321,-0.04533463186083801,0.0004223266056552474,-0.0016894796835038273,2.3115253835667886,-219.31667969489155
2.6625814034523746e-6,224.70075016124062,3503.7686488130294,-0.0030717798732007974,0.0009750241305205574,3.0056741836221994e-6,365.25644807937,3624.40875347326,0.010684408909803038,0.003081592297173338,2.2878213174538499e-7,672.215198594244,510.77950640048783,-0.28191292033867654,-0.20661795566634794,0.00107739957168082,4235.655503925839,446.8338009013464,0.04995356670555766,-0.03092248290351792,0.00031078682426230643,-0.001898408531502833,2.3108520015944727,-219.9836183494392
2.650918684050668e-6,224.70074929367198,3503.767018376492,-0.006661127086077428,0.0005734212266167225,2.985436518654808e-6,365.2564493161746,3624.408739939888,0.007973544188680511,0.0029719709726390093,3.1398166998215183e-7,673.3646241546039,495.08378949583033,-0.1468109805457358,-0.18758094397874844,0.0011811961893358168,4235.031626151859,455.542593075089,0.047295372985599264,-0.028536858030504222,0.000335474901114584,-0.0018469116612983437,2.313023450974167,-220.36988703358423
2.554268079065446e-6,224.7008040033756,3503.7638366282276,-0.01593871353842314,0.0014063489099264517,2.940216667483242e-6,365.25645423571655,3624.408674669977,0.0005949304534701204,0.00390583624796183,2.3487430437142327e-8,674.5160151259237,-26.50642133248568,-0.5545603359053216,2.8246453866462287,0.001124489435317097,4201.5816789329565,568.4373957263069,0.03631182680917516,-0.02828340003544718,-0.00012180089968553466,-0.0012759242900312075,2.2996904348050404,-218.0125192256991
2.5894354724054608e-6,224.70080443549776,3503.7674779140734,-0.0162542014884622,0.0016961402305550538,2.9409056122486555e-6,365.2564570363669,3624.4086407644977,0.0004936632379602831,0.004175713490246553,2.1651181395064185e-9,675.6693748688738,6956.408517583342,-5.532491702248919,32.21957902426191,0.0011431164656472129,4203.564504878296,561.982580698862,0.03618065816798484,-0.028311246451294667,-0.00016729992419618764,-0.0012634731337872434,2.2962444287386115,-214.20497861811913
2.602955738150609e-6,224.70080221427875,3503.768205278299,-0.01488860634725068,0.0020549755684968426,2.9492949014153578e-6,365.25645867115344,3624.4086216823043,0.0016973795350749428,0.004409184216250156,5.008278701078795e-10,676.8247067498706,27704.42948532373,-44.5952446616798,125.42479829700196,0.0011455799371363677,4211.565231151279,551.2285249278627,0.036423439195861475,-0.02909316447090368,-0.00015922644429911253,-0.001301480772597407,2.2959143859960625,-211.42510082709296
2.611759287541215e-6,224.70079893725804,3503.7685723393206,-0.012967477903461302,0.0024316641139544345,2.959791722302191e-6,365.2564596390909,3624.40860943114,0.0033013160629332206,0.004600173938878861,4.1590117852797664e-10,677.9820141410875,27488.556916646976,-74.73590394359412,124.30694979475327,0.001141254152741668,4220.523314043183,538.8838267985182,0.037021861665594555,-0.030208339461666043,-0.0001332871251958605,-0.0013510514849370723,2.29690816169672,-209.70259059131482
2.6171636671878216e-6,224.70076538194567,3503.7693929777197,-0.008900281879924183,-6.373233263574679e-5,2.9728243010182905e-6,365.2564568277162,3624.408644051236,0.006357166223437756,0.003367148561080458,3.303535702958024e-7,679.1413004204629,447.3274319320212,0.13038767732480436,-0.08822334867569671,0.0015278335872615564,4343.679408658455,331.1205929047691,0.04129493688219033,-0.02941965938255994,3.516182260071783e-5,-0.0015912383122876194,2.311122410654638,-207.18077963885855
2.584519237864808e-6,224.70076637868573,3503.769483890625,-0.008322381686633231,-0.00018732537941493774,2.9757325234452243e-6,365.25645730906376,3624.4086357063557,0.006751325758506505,0.003255620848227139,3.1392832363961873e-7,680.3025689717122,434.4392961056798,0.11270619299320561,-0.11424094933539823,0.001494668477881729,4355.531066307833,310.2358132239941,0.041182894144542195,-0.030317271465944727,6.628225948972532e-5,-0.0016115838149353887,2.3121216443722843,-204.260526145502
2.5440249191258598e-6,224.70076787613255,3503.7695330485726,-0.007580521629935191,-0.0002801442369532399,2.9793281024600313e-6,365.2564573391422,3624.4086330963555,0.007257634683316488,0.0031347405519890612,2.9137014650885366e-7,681.4658231843354,422.3947008189398,0.09347847022993519,-0.13249613056126847,0.001442789101517282,4361.309904631513,300.86681416141425,0.041010055615850007,-0.03125030836885726,9.248804552908613e-5,-0.0016298085771608713,2.3129006528876097,-202.15257966954255
2.5028874924649793e-6,224.70076953308305,3503.7695539205506,-0.006725333486865497,-0.0003185169388720898,2.9833214168064805e-6,365.2564570511616,3624.408634906398,0.007840800488700039,0.003036911900098855,2.6463676455071555e-7,682.6310664536303,410.71921323875193,0.07575331371876608,-0.14737350994249543,0.0013845536611682037,4362.523116089511,299.62158679444786,0.0408701764754867,-0.03216408054226083,0.00011042717356573271,-0.0016451189023437415,2.3133861378800766,-200.7157069625801
2.4646212023405116e-6,224.7007710979523,3503.769559258948,-0.0058023118171567295,-0.00028724217147649896,2.9875386518323817e-6,365.2564565773145,3624.408639869048,0.008469028172066309,0.002980775314143071,2.363280116337004e-7,683.7983021806986,399.0981468766132,0.05804602594166823,-0.16310458232725242,0.0013276431495455765,4360.644405248412,303.3149905854266,0.04083669339336572,-0.0329758022796388,0.00012102794623751586,-0.0016581410828527606,2.313619718040342,-199.7289939305837
2.429811525267497e-6,224.7007724680597,3503.7695571962668,-0.004851647337214159,-0.0001977954906758182,2.991842384606059e-6,365.25645601044465,3624.4086471100754,0.009113772977115473,0.0029582517950697772,2.0896832115715198e-7,684.9675337724578,387.6291309920308,0.03674793141980078,-0.18153941678769972,0.001275982056407037,4356.705278021011,310.0076413506742,0.04094862754822653,-0.0336003823095907,0.0001260794234878668,-0.0016696639648748058,2.313651676480464,-198.99512613657083
2.3989431841528682e-6,224.70077362176215,3503.769552343025,-0.003919277882211268,-8.573894854681839e-5,2.996079504146967e-6,365.2564553736382,3624.408656329226,0.009746930957328823,0.0029402058783833097,1.8529744891024197e-7,686.1387646416514,376.89063220669715,0.00856300022565249,-0.20029720458541894,0.0012319128851136006,4351.38916621393,318.7702248362578,0.04122803643647949,-0.03394717613888115,0.00012696325893257822,-0.0016797421952535585,2.3135069420042815,-198.3945159675818
2.3736392447900108e-6,224.70077453540196,3503.7695477342495,-0.0030562188758606226,1.1293995284213154e-5,3.000109527548386e-6,365.2564545746823,3624.40866832391,0.01034356428996223,0.0029014561595805373,1.6903037358459022e-7,687.3119982068581,368.11133938161066,-0.026571552448140925,-0.21147607018141026,0.0011971506562786739,4345.589948233415,328.53452860693847,0.04166754486431016,-0.03393842679665065,0.00012498797106122022,-0.0016877517315684592,2.313226296502528,-197.91033364348783
2.3538291801375507e-6,224.7007752057063,3503.769544717102,-0.0022926739519301973,7.244811821878308e-5,3.0038692411475094e-6,365.2564534599094,3624.408684582832,0.010890108824719838,0.002837007756358527,1.6287443554475386e-7,688.487237892502,362.43520425944206,-0.06298734234998721,-0.20687490354665275,0.001171454339047642,4340.231589922913,338.26141661680214,0.042202800340365755,-0.033550623988658206,0.00012133768742257391,-0.0016939061637393927,2.312885689329897,-197.6006963551539
2.337395309184379e-6,224.7007756874786,3503.7695428271372,-0.0016331656074695612,0.00010441849442862264,3.0073540112671905e-6,365.25645194880497,3624.408705871144,0.011382601075893159,0.002761291503634827,1.6629497602106826e-7,689.6644871288627,359.26978959518846,-0.09250026691682903,-0.18720070966709396,0.0011527128873538663,4335.700073076068,347.58697307241545,0.042745351759239256,-0.03280922129083649,0.00011649282664386451,-0.0016993153306358597,2.3125448130167467,-197.526738849152
2.322911154784722e-6,224.70077604982748,3503.7695411186555,-0.001069813122535379,0.0001237822168137906,3.0106080603113694e-6,365.25645006490953,3624.408731784889,0.011825479266231611,0.0026909455546462627,1.768262405921606e-7,690.8437493520854,356.5556656531997,-0.11069790079357358,-0.16038835470098536,0.00113854964591192,4332.019078978637,356.5265234237674,0.04322392298748582,-0.03175528149410036,0.00011041370439649513,-0.0017046285002376262,2.312233190457999,-197.72422568866057
2.3110430952726046e-6,224.70077633984673,3503.7695389432047,-0.0005748270506293208,0.00014898324060654504,3.013798014922324e-6,365.2564478960574,3624.4087611966756,0.012241812571071854,0.002640973438798783,1.9210193510980756e-7,692.0250280041907,352.4635973229938,-0.1180179041839105,-0.13354911462380273,0.001126595511764451,4329.214018598035,364.87525042363643,0.04358991292037248,-0.030468107900116337,0.00010271418321298313,-0.001709425180949776,2.3119533738013147,-198.2239334741276
2.3043034843672117e-6,224.7007765884245,3503.769535819569,-8.360428857591865e-5,0.00020499416136248228,3.0172981293305413e-6,365.25644557284534,3624.408792505893,0.01268524194736285,0.0026280984155067507,2.1001098293627282e-7,693.2083265330847,345.9766986216392,-0.11695054109942706,-0.11033597364934518,0.0011140524954393514,4327.38440589139,372.0352324250565,0.04380162187748476,-0.029098584353691805,9.237900043193815e-5,-0.0017126162813031953,2.3116658625106465,-199.0626721937414
2.305604796836221e-6,224.70077681564678,3503.7695314473503,0.000508966161491441,0.0003082800200736308,3.0216980245683475e-6,365.2564432368664,3624.408824044638,0.013240304309866986,0.0026573987931661353,2.2850737771967732e-7,694.393648392569,336.7665249114912,-0.1100931216308752,-0.09178442191811105,0.0010978294436957562,4326.649180542674,377.25882875267587,0.04380146903509185,-0.027857735567884376,7.796465394494065e-5,-0.0017134555444191836,2.3113005818495167,-200.26534200901006
2.317037446205456e-6,224.7007770266375,3503.769525957979,0.0013236825379627567,0.0004638579914099862,3.0276370720873188e-6,365.2564409631702,3624.408855188314,0.013999811807229751,0.0027210668308455155,2.453118781504162e-7,695.5809970423512,324.914219245912,-0.09956296148782635,-0.07776095061437337,0.0010755052114089407,4327.167100058795,379.6419807921817,0.04350240485143518,-0.02698642779117382,5.860801686624987e-5,-0.001712169139000597,2.310797774457321,-201.8181506053627
2.3384312796944865e-6,224.70077720471735,3503.7695201257166,0.002435490221238536,0.0006481768495933096,3.0354334491600675e-6,365.2564386817955,3624.4088874712015,0.015013576902116604,0.002790747832793248,2.567899425976785e-7,696.7703759480536,310.61689069976785,-0.08705052601486478,-0.06818312679115535,0.0010468753993690798,4328.992694644852,378.63172183420124,0.0428086468651223,-0.026691672312345434,3.5541046194440516e-5,-0.0017100627141995964,2.310177113263903,-203.65868696945225
2.3680086522560107e-6,224.70077731795982,3503.769515116004,0.003811151230975741,0.0008394212719774845,3.044718994549404e-6,365.2564361881048,3624.408924390826,0.016239247870145766,0.002849459991903883,2.564936918758812e-7,697.9617885812268,293.75242954750024,-0.07359693464207129,-0.06369864860195926,0.0010145630092898564,4331.893361964477,374.15307023566754,0.041690102336119174,-0.027131661984938524,1.2483734748747137e-5,-0.0017082490528214274,2.30954415298069,-205.67492662813265
2.4032171142604433e-6,224.70077734843122,3503.769511712697,0.005315042908333594,0.0010502990392917122,3.05451011374287e-6,365.25643327133344,3624.408969324584,0.017550496793581886,0.002919066456658357,2.3837877440574e-7,699.1552384193551,273.3021435860513,-0.05846756942005308,-0.0653589599075007,0.0009823519773734324,4335.173823424344,366.8085654148794,0.04026879330502917,-0.02841126264855417,-6.325225202448593e-6,-0.0017066149714103208,2.3090060837391597,-207.69542199701078
2.4458515283042204e-6,224.7007773328109,3503.769509190207,0.006998760899503864,0.00133107558100865,3.0649302833815247e-6,365.2564297791976,3624.4090243456617,0.018977621747218794,0.003045610273323999,2.1322839704688102e-7,700.35072894587,245.71587468188488,-0.033748178570558826,-0.06978163435347207,0.0009485470467833102,4338.110843103563,356.63327155951407,0.03870101150934512,-0.030939295873476,-2.1144031860079827e-5,-0.0017028993729384708,2.3084706816249474,-209.5070182590856
2.5310721610138536e-6,224.70077706366456,3503.7695083739777,0.005453586673836865,0.0018924462509517497,3.0561574183352188e-6,365.25642527978164,3624.409096323035,0.01782812077679648,0.0035103408177107965,3.348245119839221e-7,701.5482636501588,167.96387118397433,0.00972012824679712,0.005788321108136234,0.0009757445714173635,4336.980999271915,340.26947108242217,0.03841488120089832,-0.036171078011063375,-7.753430196514139e-6,-0.0016682363683869226,2.3081965700817624,-210.33748790099477
2.5546345513278756e-6,224.70077707323853,3503.7695057910746,0.004806637160075515,0.0014940161767253582,3.0512790974410668e-6,365.2564210345592,3624.4091607462415,0.017320917040458555,0.0032219970564661836,4.405103465256184e-7,702.7478460275757,161.61337167757475,-0.0023191659099699876,-0.0012222004590744437,0.000983883031848167,4333.642565222664,342.49510640160275,0.03868309594384428,-0.03839972255125616,-1.463699959170697e-5,-0.0016523887561334812,2.307593260234975,-210.24932258621178
2.572502546029169e-6,224.70077707585762,3503.769504485269,0.003534518238920922,0.0013838245969345906,3.0425442229908373e-6,365.2564168342421,3624.4092218755077,0.016298479187190153,0.003195643940908932,5.378893073650014e-7,703.9494795794518,148.89582479308885,-0.009277544355980247,-0.0009299555903763863,0.0010053775280123474,4329.4831683367165,345.55314820266125,0.04007536196959461,-0.03949109492409867,-1.1409007619165336e-5,-0.0016358100857040538,2.307282713061732,-209.84321082337337
2.5866665859157074e-6,224.70077709552373,3503.7695035794354,0.002311538922158092,0.001422020181467085,3.0339649378808836e-6,365.25641265638205,3624.409279768757,0.015306534295547214,0.0032893597545253406,6.134017322263043e-7,705.1531678131048,134.776670944078,-0.01277489067306399,-4.0561573875845357e-5,0.0010275378420963879,4325.581048388463,348.49307024179825,0.04173612180698055,-0.039963153567952624,-4.884273006106405e-6,-0.0016208252784416267,2.3071100886457354,-209.3603379191887
2.5989682674690227e-6,224.70077713460174,3503.7695027135633,0.0012964545582744237,0.0015947317361775812,3.026593465958016e-6,365.2564084983185,3624.409334498751,0.014480078479073418,0.0034818309174598364,6.706041214884233e-7,706.3589142418498,120.18501025647144,-0.014249903669699712,0.0009825269492501532,0.0010463166771560325,4322.13747044965,350.88341449368187,0.04337729870188237,-0.04003314915391745,2.2788154965032777e-6,-0.0016078283116762707,2.307010324839749,-208.98685142799755
2.6115464754297515e-6,224.7007771924981,3503.769501620178,0.00045961169424170174,0.0019154700884128472,3.020290508491083e-6,365.2564043724934,3624.4093860995627,0.013799615323335217,0.00378295326925382,7.143083781244389e-7,707.5667223850091,105.49078617575155,-0.0145330327692882,0.0021886547098532144,0.0010612190132022446,4319.059054579123,352.29693214563997,0.044949254019687565,-0.039891597544373575,8.816989857452254e-6,-0.0015960333633139878,2.3069257910381524,-208.84239975046594
2.626478740788929e-6,224.70077726882357,3503.769500127641,-0.0002508152321619465,0.0024193711017791563,3.014755873372736e-6,365.2564001990279,3624.4094362053734,0.013224255749123877,0.004221427066486809,7.470905941094478e-7,708.776595767923,90.95884894123544,-0.014056541728695193,0.0036797655606378246,0.0010724750498556984,4316.266762595527,352.11391945502345,0.04646331259551042,-0.039699618567431004,1.4163203327909634e-5,-0.0015845026349056194,2.306806974882684,-208.9951193834157
2.6452485729945887e-6,224.7007773621389,3503.769498183015,-0.0008406176677933758,0.0031556552969165094,3.0099853629008704e-6,365.2563956129235,3624.4094912256915,0.012747825870761183,0.004834654771355787,7.690296598329634e-7,709.9885379219596,76.85666797022384,-0.012921126099673125,0.005542278760472748,0.001079649001743343,4313.849850189171,349.4799181675331,0.04789698450694021,-0.03958987900299884,1.8110174137405292e-5,-0.0015728543313325016,2.3066216052212445,-209.47373360606608
2.668018931462825e-6,224.70077746650588,3503.769495909443,-0.0012458580318947267,0.004170228839286299,3.0064553748405557e-6,365.2563896808929,3624.409567071824,0.012419312391897681,0.0056532126907205445,7.78735466957855e-7,711.2025523845255,774.7053704443813,-0.010931606110536054,0.007792615017658226,0.001081123103258595,4312.148507578819,343.40361433738457,0.04914172221416891,-0.039670922171228896,2.0708853326837782e-5,-0.0015617584181972354,2.3063685400067357,-210.26275153488334
2.45121396760694e-6,224.70077703714657,3503.7695062711296,0.00444429210230046,0.00011169842240137923,3.044558944058632e-6,365.256337481428,3624.410293699654,0.01671705084639686,0.0022043343453250815,1.907225375892086e-7,712.4186426990757,294.3762469926901,-0.007141248385297059,0.0888483334559906,0.001008519003692567,4329.007100737081,360.01885826784496,0.04346250458809922,-0.038023811135061265,-1.693373034276886e-5,-0.0016775108330395433,2.3086473022722274,-210.9933700234312
2.461768343404144e-6,224.7007771006948,3503.7695051993824,0.004980625085747904,0.00037567185981678407,3.047735795651182e-6,365.2563089169163,3624.410674635601,0.017159036082839862,0.0023782120387162435,1.5677598276160503e-7,713.6368124151236,297.58484692345144,0.02221067249549322,0.11470283717617633,0.0009984217309364943,4330.136172173207,355.25245343744166,0.043250262649206915,-0.03841690130405763,-2.102079231921528e-5,-0.0016772258506748175,2.308416889564803,-211.12927766420088
2.4721460091370863e-6,224.70077716571794,3503.769504129683,0.005523315934076641,0.00045593407169262066,3.050891187385438e-6,365.25626831724026,3624.411212378523,0.01760668268281604,0.0024041409692351448,1.1359027785104447e-7,714.8570650882542,307.73465762069674,0.08261958127269163,0.160638059535097,0.0009885035368652959,4331.008390063589,352.1743818896489,0.042965011628954636,-0.03884618850326175,-2.5399816885934078e-5,-0.001676422486336498,2.3082030617742015,-211.25220805401707
2.4816680720163373e-6,224.70077724398124,3503.7695027148184,0.005885471481068008,0.0005962327435506399,3.0528884585190735e-6,365.2562135215572,3624.411936898426,0.017908243928266447,0.0024862761531096412,9.253314350864125e-8,716.0794042801299,313.078568261535,0.1637801666051091,0.19430330146876204,0.000980922044126797,4331.3418083531815,349.5916170879922,0.04281274650847151,-0.03922332662689369,-3.06338673825242e-5,-0.0016748188365812331,2.307917176387746,-211.34415235870352
2.4912435680723765e-6,224.7007773308841,3503.769501070609,0.0061464858676046905,0.0008921852838222555,3.054080389408735e-6,365.2561417048375,3624.4128922163827,0.018127552378181765,0.0026969550852912628,9.767206894643875e-8,717.3038335585039,304.9628226992825,0.21328198735411172,0.17990092984832873,0.0009741825897372737,4331.522830115215,346.236948980987,0.04268440105580497,-0.03957811921819228,-3.599770025074277e-5,-0.001673116880789091,2.3075825587490266,-211.39874891822885
2.5011271207803462e-6,224.70077742010346,3503.769499347571,0.006396440030587708,0.001307532469125161,3.0548488865666376e-6,365.2560462985006,3624.4141765324684,0.018334896879856923,0.003002463532556616,1.2565202975033378e-7,718.5303564972301,288.7752036822128,0.21537641458501275,0.13588351229488108,0.0009670089746439144,4331.76612264027,342.01638031871573,0.04247528556853773,-0.039960977469478444,-4.0958451948205514e-5,-0.001671735624749791,2.3072431390578125,-211.40170366646473
2.510798778249008e-6,224.70077750575487,3503.7694976636176,0.006702756063265454,0.001800367342909668,3.0554010408347696e-6,365.25591693429834,3624.4159482202426,0.018580282534522853,0.0033660312135832607,1.7907087500222415e-7,719.7589766762733,271.96592162171356,0.19247259484124488,0.09218786295245275,0.0009585571858376189,4332.18317165181,337.09887542861776,0.04210948170470078,-0.040403963201743165,-4.5145555041155265e-5,-0.0016710887974975019,2.3069400311060257,-211.32524425287008
2.5900560936374993e-6,224.70077723277896,3503.769503775812,0.013994844789793856,-0.0028805886784639616,3.1123262645329767e-6,365.2560725739035,3624.413581322674,0.024428133295279753,-0.0006965600568927529,1.6672042519616536e-6,720.9896976817195,759.9434254391304,0.034011236557373314,-0.008422703107603973,0.0008444434483087613,4340.8146332868655,362.26407515705705,0.028191112439159893,-0.041381166545960725,-7.639951780603039e-6,-0.0016723186879357517,2.3103205241589677,-210.9615428479415
2.5786852043848347e-6,224.70077720643602,3503.769503981439,0.012598127446256614,-0.0022152962847423723,3.103577485014624e-6,365.2559203189423,3624.4154757516035,0.023301583547616432,-0.00012641383444826588,1.8164419649554744e-6,722.2225231057868,747.3461765213316,0.03338618279561399,-0.00743643513115461,0.0008642710606073322,4339.174334975802,361.2183553380949,0.030628079302371884,-0.04075556920898104,-4.716112032824133e-6,-0.0016722199199604322,2.3102875016115094,-210.5629689666414
2.5709563853376363e-6,224.7007771550615,3503.7695045799524,0.011352682850705884,-0.0014137952206033136,3.0961224085244636e-6,365.2556754489346,3624.418546350561,0.022287777938920183,0.0005533712071709551,2.0042901043414908e-6,723.4574565468356,735.1223821546484,0.03284458766774637,-0.006292091441789564,0.0008818156340401065,4337.38779321338,359.01752125855086,0.0327456591217699,-0.04035342085321352,-2.114163368752212e-6,-0.0016713368254584998,2.310185698742496,-210.1661732300362
2.5359247650099354e-6,224.70077765585802,3503.7694942818034,0.009956926446064081,0.004044530655661476,3.0581267679424645e-6,365.2544257343706,3624.4373542111334,0.0210129912282692,0.004919998890480441,8.980808026792886e-7,724.6945016093794,218.84263563186246,0.11187242146519549,0.02476525336992006,0.0008961794874606474,4338.303452684466,311.6623868059761,0.03738345236824734,-0.043273639594280565,-4.7720404530236224e-5,-0.0016848250008528966,2.30675593650875,-209.35602094346527
2.5385509000581657e-6,224.70077757148093,3503.7694957212775,0.010418699537423786,0.004582475490359768,3.0522844056350783e-6,365.25329522251843,3624.4538918346493,0.021296418253010308,0.005283051406490543,1.2834443159460373e-6,725.9336619040945,205.7179911876403,0.10492711054603988,0.022366444619430124,0.000887100597278629,4339.233863094756,307.7380210342149,0.036465304298843766,-0.043651014101612054,-4.0281723249108e-5,-0.0016886237589651095,2.307080762811703,-208.28849930904076
2.5350887916297603e-6,224.7007773706496,3503.769499371812,0.009210148189033497,0.004812898509625061,3.0362630687554724e-6,365.251037494601,3624.487483682766,0.020250214390056462,0.005468969536753234,1.705828157653429e-6,727.1749410478316,192.9417076629489,0.10032675723861637,0.020422469574203794,0.0009036540994300654,4337.074741132783,311.0816324982066,0.03772575768235976,-0.04284997340905819,-2.7726542146933014e-5,-0.0016867003410125688,2.3075671100658863,-207.10307108893076
2.5232066179701018e-6,224.70077705819963,3503.7695045031787,0.006269221008646458,0.004931574675464575,3.008498810747025e-6,365.24463213410667,3624.5850959212403,0.017777779560784673,0.005667849374237767,2.2442300731140303e-6,728.4183426636258,181.94423085389522,0.09685981544475589,0.01713916387086479,0.0009462265020261895,4329.079335226694,324.8673081547662,0.041065177521418694,-0.04115251034499846,-9.904605452318117e-6,-0.0016797104236210454,2.3081513409695593,-206.03445066095367
2.5184865368487393e-6,224.70077657395277,3503.769510772612,0.0010846352241136762,0.006523671553904775,2.96253161322063e-6,365.20334099323793,3625.230036179902,0.013344549150753797,0.007302824529759227,3.0820586403928043e-6,729.6638703807072,175.07871488648448,0.09462431718869806,0.012135950698589118,0.0010042635651012631,4298.375728020864,369.39378449756276,0.045428362671230016,-0.03986260835860738,2.1596870138206928e-5,-0.0016645067869690323,2.308367606425432,-207.69657397924405
2.499888880194755e-6,224.70077659985532,3503.769505940383,0.0006246957323131514,0.0011439520937057948,3.0233043782475483e-6,365.2061715511638,3625.2274766148143,0.013414239980646527,0.0036569740312661606,2.5061313505859e-6,730.9115278345108,677.5658972751767,0.08046037240804972,0.030763463331445483,0.0010218325872364414,4273.5821823709975,462.77020847816055,0.044186477993138226,-0.035682402154912134,6.27692347699886e-5,-0.0016655321888424557,2.3105346546556054,-216.4730098635858
2.540820285811773e-6,224.7007767886814,3503.769507307332,0.004409403862425247,0.002369228229527801,3.038209254025174e-6,365.24256994291454,3624.6305881539442,0.016664363632282648,0.004231334654317886,9.624264514092645e-7,732.16131866669,668.54626206576,0.1515454672148532,0.06547373190447647,0.0009856553404699495,4311.288031428376,375.09279236997105,0.04354115102161613,-0.03813207273843583,1.594859505621128e-5,-0.0016702496665548163,2.308685492450122,-212.54677239469794
2.5435770602902243e-6,224.70077677680095,3503.7695109792708,0.00526789621985859,0.0018076354097057415,3.0460606245871224e-6,365.2512110323783,3624.4940232301965,0.017476007067950237,0.003603499851905114,6.749670766313033e-7,733.4132465251231,650.4377037946549,0.15001069828146932,0.06482510808207531,0.0009708349514402901,4318.271432092673,366.5527758916506,0.041989828576227815,-0.03832166015078047,4.577709237541321e-6,-0.0016722781909750285,2.30838093141542,-212.75166594575626
2.602330511474597e-6,224.70077665947065,3503.76951788651,0.008382130272925756,0.0014025669951087834,3.0658646531576194e-6,365.25400279001013,3624.4397871835063,0.02006300747806468,0.0028431962904694697,2.9340586628888394e-7,734.6673150639264,322.4810659411791,0.14898311853621482,-0.1351183774221348,0.0009124882872448964,4332.869536698592,344.86146207957665,0.036103079644758854,-0.04038534324163892,-6.59922203915079e-6,-0.0016461386647154174,2.3087296819050684,-212.38667031769734
2.5997179714807576e-6,224.70077663778537,3503.7695179936964,0.008495927753210685,0.001282634298249285,3.0674690116269257e-6,365.25502704210396,3624.426376744659,0.020132611601586463,0.0027797564559183625,4.0864095840193806e-7,735.9235279434645,322.21253193460785,0.11988122562254526,-0.06758905528893844,0.0009132471876680021,4332.831799267776,345.21458313953946,0.036197950882138064,-0.04041052920262101,-6.510648347202991e-6,-0.0016464551485543503,2.3087624675409466,-211.98242373748806
2.5989732449328378e-6,224.70077661310356,3503.7695183508877,0.008600295438634742,0.001082485018753919,3.069110304245935e-6,365.2555443212047,3624.4195935475045,0.02019883566503064,0.002642462264202955,5.082141414114652e-7,737.181888830361,312.65268389794136,0.10904329420916062,-0.03763300483445507,0.0009139372227688035,4332.772575352018,346.16643096883143,0.036164109710945566,-0.04046816778271588,-6.365255143119596e-6,-0.0016454957825361312,2.308776487355229,-211.49845629911997
2.5993368303665144e-6,224.70077659438007,3503.769518597556,0.008665240685198788,0.0008064218494906785,3.0705553419557936e-6,365.2558417184566,3624.415687982975,0.020232232634510097,0.0024430089138775327,6.039484152241155e-7,738.442401397509,299.9653088223381,0.1039712061732204,-0.0209726067511255,0.0009154846105813051,4332.546516759808,347.82333921748307,0.03609447703367795,-0.040569730179096486,-5.808544884714063e-6,-0.0016430753187864535,2.308782352472416,-210.88469364664735
2.598738330905591e-6,224.7007765931329,3503.7695183841884,0.008608973583773332,0.00043464388683048596,3.0712023439004096e-6,365.2560294375172,3624.413251218787,0.020164749996159775,0.0021743504227629755,6.953707466588296e-7,739.7050693240819,286.30761329152745,0.10114019108719993,-0.011096400785155306,0.0009195101866176628,4331.949151396235,350.6670832342083,0.03612078107559486,-0.04067208360520232,-4.8434443265674165e-6,-0.00163945653646746,2.308780179951567,-210.12610690469543
2.594149922000783e-6,224.70077661800053,3503.7695174895507,0.008326068757398223,-6.096658867011095e-5,3.070311383462343e-6,365.2561558410863,3624.411667161503,0.019912269691839436,0.001821008815440931,7.756266092994386e-7,740.9698962955441,272.5309791653592,0.09920376307605114,-0.005335678762888474,0.0009278823323417319,4330.846822084561,355.2773802768217,0.036377445173979416,-0.040673879966059735,-3.618677144303429e-6,-0.001635458864643635,2.308777825311247,-209.26001807987788
2.5830096993877935e-6,224.70077667019416,3503.7695159024556,0.0077469116572475615,-0.0006864083617353348,3.0673784303582534e-6,365.25624333278375,3624.4106401256167,0.0194218821730586,0.0013805514904299914,8.350193973299956e-7,742.2368860036619,258.865108092913,0.0975772225035789,-0.002355624643180087,0.0009417410996982328,4329.257612620332,361.96101162561604,0.03693161656684983,-0.04046056608030597,-2.1684859845643514e-6,-0.001632238851208903,2.308800045155906,-208.3811888713497
2.565155403275859e-6,224.7007767424066,3503.769513822295,0.006895941248793595,-0.0013827633841611096,3.062505925649424e-6,365.25630338432586,3624.4100008717433,0.018716541406123974,0.0008962455319689662,8.673300560986115e-7,743.5060421465141,245.28525162857218,0.09607753885596602,-0.0012651007833274159,0.0009605794327037864,4327.384419409801,370.19412699655936,0.03773764748948469,-0.03999791338531764,-2.5611274565766104e-7,-0.0016306724432249011,2.3088751042286995,-207.60754137032865
2.542964013454645e-6,224.7007768225207,3503.7695115489005,0.0058908019074165215,-0.002055176932942496,3.0564115828880894e-6,365.2563432765157,3624.409629609491,0.01789228182436756,0.00043560528340777824,8.725266359685833e-7,744.7773684285029,231.68256504082208,0.09480295893718883,-0.001395772613042864,0.000982206872326862,4325.502991765933,378.8564648320434,0.03864514919007323,-0.039363544910027075,2.3636148124286695e-6,-0.001630952742200724,2.3090148533302908,-207.02556900213702
2.5197783162362783e-6,224.70077689910346,3503.7695093528578,0.004874670654273519,-0.0026247552576933765,3.050001735772175e-6,365.25636864078143,3624.4094342044023,0.017063635935255013,5.32048466589907e-5,8.554700030428553e-7,746.0508685603646,217.93963688930134,0.09394675725448527,-0.00229040284875745,0.0010039340298249068,4323.868546337635,386.7567673171566,0.039492753495289974,-0.03868722917731169,5.684444275015132e-6,-0.001632695555937255,2.309209078145469,-206.66164440609253
2.498259727226074e-6,224.70077696424045,3503.7695074161356,0.003958851673836189,-0.0030602352587343657,3.043998244369924e-6,365.25638394053465,3624.4093477002343,0.01631855426956304,-0.00023190289969233854,8.225200464614306e-7,747.32654625918,203.9440558520856,0.09367116647863735,-0.003719478630263394,0.0010235888558518362,4322.63644177491,393.1364368920824,0.040171053614928995,-0.03808229336053114,9.443702760117048e-6,-0.0016353677980859424,2.309436628368791,-206.49259291380505
2.4799681137037783e-6,224.70077701392947,3503.769505832477,0.0032032708288317756,-0.0033666572696997603,3.0388128019291e-6,365.2563927477967,3624.409322043699,0.015703940597706932,-0.0004266235125752647,7.80173474131306e-7,748.6044052483877,189.61534250864875,0.09403427495095083,-0.005585107032121588,0.0010399197914443706,4321.862539437893,397.6901626384999,0.040636317514094925,-0.037621523743055114,1.3293200877358809e-5,-0.0016385091106852925,2.3096746415107505,-206.47282807395726
2.4655948012399427e-6,224.70077704724747,3503.769504628973,0.002624220068936481,-0.0035652338397065254,3.034590391481978e-6,365.2563977536411,3624.4093244251835,0.015232438875567425,-0.0005484711064448691,7.342789432873937e-7,749.8844492577911,174.906068074115,0.09500159959265762,-0.007833726328900684,0.0010525225472503993,4321.548720790401,400.38149029771836,0.0408937582024925,-0.03734139731886541,1.6915201287362036e-5,-0.0016417779001201011,2.3099028721892316,-206.5569211960558
2.455183661427497e-6,224.70077706543418,3503.769503787278,0.0022033792278451777,-0.0036838373070529618,3.0312839080921866e-6,365.25640104628314,3624.409331040476,0.014890295974921012,-0.0006185028584224736,6.905830784194566e-7,751.1666820235716,159.86678409573736,0.09641877428522083,-0.010358190838826763,0.001061665083224623,4321.6369063708635,401.4553561914982,0.0409682007031316,-0.03723493793875643,2.01514593997483e-5,-0.001644953135815676,2.3101108569734268,-206.71183867210877
2.5772346502419653e-6,224.70077712171792,3503.769501436532,0.003011327772082962,0.0014584274674395911,3.0367610898453483e-6,365.2564166825082,3624.409179834585,0.01573993692620637,0.003390228398186555,7.531433167985485e-7,752.4511072882996,339.7519144907082,0.08674205582785498,0.016905124772104617,0.001039136744139279,4326.3363089942295,353.12002596836015,0.039574092131744225,-0.03891862225055644,4.058496010362529e-5,-0.0016336990486879362,2.30855753109637,-206.8661360516395
2.569425872941707e-6,224.70077711547845,3503.7695016629896,0.002525389990978891,0.0013717855694117805,3.0338228501435778e-6,365.25641484106615,3624.40922261168,0.015347155677272146,0.003341731785756503,7.1240753062626e-7,753.7377288009445,323.7159345986045,0.087227224856905,0.01958990068768632,0.0010478251585618933,4326.1486076300935,353.1473716127546,0.039735940537689154,-0.03897964497198428,3.313131147664069e-5,-0.001635268693008394,2.3083082009316316,-207.0854316618201
2.5611367118261525e-6,224.7007771012737,3503.769502069476,0.0021874415466353117,0.0012280929509252262,3.0318629003766068e-6,365.25641444261714,3624.4092398370362,0.015076287871493396,0.0032370029828174083,6.774829057570777e-7,755.0265503168863,307.7119477047991,0.08790548655109762,0.022114802905491133,0.0010531470516447143,4326.141293084734,353.4427060754098,0.03967274137156509,-0.03907754787974338,2.3841198334815776e-5,-0.0016376267673587938,2.3080393276496847,-207.42267901586592
2.552312358099586e-6,224.70077708289372,3503.7695026085516,0.00198811300251703,0.0010543355721064124,3.0308949329776737e-6,365.2564152264996,3624.4092364459466,0.014922652076019617,0.003097457600187633,6.445622472240687e-7,756.3175755979263,291.90515120754344,0.08881317200596262,0.02457962010587619,0.0010551366485360046,4326.2968577396905,354.0117289326608,0.039415593727702154,-0.03914053032696066,1.3262212776828076e-5,-0.001640856708504581,2.3077659797174257,-207.88648532028535
2.4556486558269323e-6,224.70077701209811,3503.769503426057,0.0014995839887783022,-0.0034090492288216907,3.024754915030267e-6,365.2564168174341,3624.4092138924916,0.014410003794127867,-0.00041223169875004024,5.66795281162399e-7,757.6108084122983,83.66272843670373,0.10523322924715511,-0.022537989087194364,0.0010718915795344815,4325.932304145863,391.1033112035192,0.039416253751816156,-0.03792781673925975,2.7980802235949864e-5,-0.0016568336236250135,2.310693985008854,-208.4848741323943
2.465567009446334e-6,224.70077698813358,3503.7695040890035,0.0016656112093361864,-0.002986612377949628,3.0261790733083913e-6,365.25641998551845,3624.4091738104635,0.014596622996130985,-0.00011197096790265405,5.30453294935362e-7,758.9062525346791,68.98685054730153,0.10738885949508169,-0.025446358346450943,0.001065504825155192,4327.473733498794,385.5923482896143,0.03887569664676688,-0.037911325418565484,2.561877849537029e-5,-0.0016595540818171216,2.3105899399016074,-209.16864000453353
2.4764416519825922e-6,224.70077696893705,3503.769505160435,0.0019993236689497956,-0.0022390028529244233,3.0293113988950076e-6,365.25642299089213,3624.4091325347476,0.014931299661742569,0.0004326059099090408,4.610957212172263e-7,760.2039117462,815.6533914731285,0.10933552728191107,-0.030519282670913642,0.0010550392280344449,4329.374736549621,378.15797485387134,0.03843476872305474,-0.03743939047024321,2.0922401531318456e-5,-0.0016637592979112576,2.310325750402631,-209.95529379668375
2.494704227308115e-6,224.7007770214619,3503.769507558594,0.002645321718251678,0.0009834013252565867,3.0386324364818838e-6,365.2564248091448,3624.409104176406,0.015564667166369082,0.0029123992701407227,3.256302945427331e-7,761.503789834458,245.13988491545746,0.09483857939899268,0.05666506364539488,0.0010352462288453171,4331.651387680027,356.53384917138476,0.03814201829554096,-0.03461815333061022,-9.426292925136322e-6,-0.0016724326291325305,2.308056279848306,-210.56576559402623
2.481295375993284e-6,224.70077700087302,3503.769510989509,0.004570362694634038,0.0017361952459994888,3.05103624073189e-6,365.2564279362303,3624.4090540050556,0.017099056535195778,0.003434540519506573,3.025235105217531e-7,762.8058905935259,862.5231441755005,0.06423746946615652,-0.018758019278689364,0.000993803643448823,4336.992091913995,348.28679094311923,0.04008892086322688,-0.032409323525181284,6.664271769838265e-7,-0.0016840397794432795,2.3089319361791367,-210.62418859013374
2.4770097896916486e-6,224.70077703640706,3503.769511530051,0.004762992156520896,0.002480562026609442,3.0529474486579813e-6,365.25643163293023,3624.4089960524957,0.017218567991957118,0.004058563794113731,4.815597330098134e-7,764.1102178239646,92.99664682365085,0.08267486595903682,-0.004108453746337099,0.0009876875759333634,4336.7862542357325,345.80716736622134,0.04163877253285706,-0.03103566632793495,5.748616905474662e-6,-0.0016822557831462396,2.3089335550900687,-209.55230884676942
2.4645475782255055e-6,224.70077708170635,3503.7695111376465,0.004287602880857738,0.0028479422711018766,3.0499658560592693e-6,365.25643517084154,3624.4089419634465,0.016764962378778784,0.004436563125401829,6.278996734603984e-7,765.4167753328326,79.81011372236708,0.09043963242747963,0.0007364981596120501,0.000995710023339297,4334.764068512306,347.5949002331029,0.04322251633663475,-0.02997649507734725,1.6353015959791618e-5,-0.001679419470091893,2.3091295397203364,-208.08170416256783
2.4493390464884504e-6,224.70077712108082,3503.76951021358,0.0034305818234334536,0.002873892684580446,3.0438882213453465e-6,365.2564382612427,3624.4088964442753,0.01598682647378949,0.004569038611612026,7.252041624694199e-7,766.7255669337002,65.25647902798535,0.09305825939989665,0.002532989554830773,0.001012871313801355,4332.22052703407,350.7659899104984,0.044475979575365185,-0.02955639410011017,2.877237908267904e-5,-0.001676474172251845,2.309409797208615,-206.5587906943405
2.433377230843604e-6,224.70077714317446,3503.769509249334,0.0024499148212176556,0.002662437719645861,3.0366144804331234e-6,365.25644084376825,3624.408859914866,0.01510840795420643,0.004513875340457199,7.802352061129104e-7,768.0365964466566,818.0808161254774,0.09324070939411026,0.002763681959540238,0.0010345878344177432,4330.30602049396,353.33035100810906,0.04523650794385869,-0.029611992468969263,4.0379119344384826e-5,-0.0016750754457318688,2.309714281834999,-205.24618345740035
2.4176289892551e-6,224.70077714657444,3503.7695085082296,0.00152413176493085,0.002335019230843776,3.029541114406971e-6,365.2564430249852,3624.408830087192,0.014282191050859108,0.00435367916443423,8.085566158047398e-7,769.3498676983238,34.51139760315042,0.09235826517306306,0.002181924624197494,0.0010568454920547572,4329.460158909747,354.4290057332893,0.04554258972640504,-0.029936396059603458,4.972137869231684e-5,-0.001675970297159052,2.309994987796783,-204.24229843500234
2.4026502029753613e-6,224.70077713579465,3503.769508025678,0.000719044164193153,0.001976859642521236,3.023265413710951e-6,365.2564449455401,3624.408804318111,0.013564867580022644,0.004152786662301615,8.239677325881341e-7,770.6653845218666,789.555118564549,0.09107191069023533,0.0012526669056025657,0.0010774754818862421,4329.607264536956,354.08491493110034,0.04550521987677204,-0.03038476525037913,5.631998036055011e-5,-0.0016789860409510877,2.3102207020482863,-203.53798883394686
2.389048464649281e-6,224.70077711617049,3503.769507735915,3.482179006627706e-5,0.0016308804813562389,3.017895361675805e-6,365.25644670441983,3624.4087807606056,0.012958826937822656,0.003946908443872881,8.348422681260069e-7,771.9831507570044,775.3337735886404,0.08963921672982551,0.0002590045107274212,0.0010958268382705051,4330.544823853538,352.5978562101561,0.045220318185982336,-0.030873669555510293,6.01550511818175e-5,-0.0016834443544217629,2.310373958072831,-203.09101111902393
2.3776246656903246e-6,224.70077709225146,3503.7695075419674,-0.000554421959520342,0.0013171633631307144,3.0133407494105958e-6,365.2564483492717,3624.408758434849,0.012445810648162732,0.00375463995993942,8.448260133037227e-7,773.3031702500222,761.3228709587748,0.08808971552384506,-0.0006206474076957242,0.0011121197926192798,4332.073433336367,350.3397788622052,0.044752503657843314,-0.03134991305701069,6.141175877742009e-5,-0.0016884386956482408,2.3104477057661668,-202.86456871532346
2.3693641544508637e-6,224.7007770671901,3503.7695073525565,-0.001081207751640314,0.0010383531162766165,3.0094557060194117e-6,365.2564498914982,3624.408736958961,0.012002977204018994,0.0035802504546636215,8.544839656350904e-7,774.6254468537816,-27.007987839267173,0.08631739079631623,-0.0012807802333729976,0.0011270459656932855,4334.002151693997,347.757102060107,0.04414714665279599,-0.03176916929890782,6.0441518181140845e-5,-0.0016929224428822902,2.310445679886931,-202.83575256132883
2.3654881225639663e-6,224.7007770435338,3503.769507077352,-0.001581016283897163,0.0007916151009941055,3.006063834572738e-6,365.256451321942,3624.408716358123,0.01160528261600093,0.003423270030324215,8.630191657249379e-7,775.9499844277324,734.3101687270614,0.08414476481084192,-0.0016382226894650315,0.0011415717188049976,4336.0958796565465,345.37184116406365,0.04345103604700138,-0.03208976212084694,5.783690253924964e-5,-0.001695673306971732,2.3103805656905636,-202.98925586922957
2.367239846187247e-6,224.70077702335394,3503.76950663477,-0.002090787436310237,0.0005709388919387153,3.0029493467406098e-6,365.2564526205208,3624.4086969889427,0.011225242178789684,0.0032809277792844095,8.69859321703415e-7,777.2767868379236,-55.788539643736854,0.08139913812592472,-0.0016153090515344127,0.0011568365271858617,4338.046381420633,343.7547999717231,0.04272507597990363,-0.032274502431651364,5.446026373422126e-5,-0.0016954185703515106,2.310272465722036,-203.3071560941175
2.3755811646852353e-6,224.7007770083608,3503.7695059601137,-0.0026452416329976135,0.00037268149434908053,2.999865788807926e-6,365.25645376462904,3624.4086794545947,0.010834656308065948,0.00315291854134626,8.758160454814376e-7,778.605857957015,709.2420239192402,0.07799988339128282,-0.0011212529127827262,0.0011739383637717753,4339.495564272282,343.3943682543279,0.04204196418688983,-0.03230114466446847,5.133772051328914e-5,-0.0016911063076640225,2.310144479907727,-203.76333808208736
2.3909724746737448e-6,224.7007769997104,3503.769505018687,-0.003268029856555644,0.00019792020873724497,2.9965944999001913e-6,365.2564547358035,3624.4086644362033,0.010411611707679215,0.0030428383040552887,8.83334172599195e-7,779.937201664288,697.6526763503343,0.07403448050040232,-5.799803474289077e-5,0.0011936341919881368,4340.105384121535,344.5601433641007,0.04146829414626097,-0.03217142404825327,4.942809257387521e-5,-0.0016821837119634796,2.3100169479062767,-204.3276305329177
2.413358116747857e-6,224.70077699808166,3503.7695038074066,-0.003966196866048833,5.257000077325112e-5,2.993004016525065e-6,365.25645552440704,3624.4086524780087,0.00994597338472739,0.0029572472379841134,8.957132350239706e-7,781.2708218456572,686.7657037910215,0.06976959692370578,0.001645157554885009,0.0012161484905750689,4339.611842870132,347.28119012460206,0.04104937592321701,-0.03190990529045515,4.939673650564373e-5,-0.001668689592295472,2.3099032012709735,-204.97671095078277
2.4420731646307392e-6,224.70077700396763,3503.769502346524,-0.0047289924205793496,-5.958976825183971e-5,2.9890902490781007e-6,365.2564561326953,3624.408643803607,0.009441378471677524,0.002899107321921075,9.154013125304671e-7,782.6067223936813,676.562092525106,0.06555716448272422,0.0039768825155383864,0.0012410478501800142,4337.790861371846,351.5835395270167,0.040800477780601814,-0.03155187782102023,5.1582945926847093e-5,-0.0016512590112215916,2.30981333323192,-205.70338048405816
2.475733775305144e-6,224.70077701852114,3503.769500657281,-0.005535831660145039,-0.0001389230419273894,2.9849391309981147e-6,365.25645657298855,3624.408638296722,0.008908616797320636,0.002866441199175724,9.427266697482509e-7,783.944907207577,666.9523803643195,0.06169003955944406,0.006827560913006038,0.0012672761763410864,4334.41253686316,357.63935534417493,0.04071447935856067,-0.031136042064469842,5.611234467237141e-5,-0.001631055933433042,2.3097577564203755,-206.5185543931573
2.512001472068537e-6,224.70077704424153,3503.769498746023,-0.006364640074534398,-0.00019582825446622825,2.980687005210793e-6,365.25645686077513,3624.4086356201374,0.008359103860633186,0.002848585969782703,9.748761394303706e-7,785.285380193226,657.8775702488822,0.058282661212764264,0.010076458949165427,0.001293138093996157,4329.15758557626,366.03538381514403,0.040767605842591925,-0.030691959846881736,6.323830359654477e-5,-0.0016097732514332227,2.3097578837994246,-207.44554430265845
2.547926800550217e-6,224.70077708460866,3503.769496615369,-0.007199221376644937,-0.0002460390889380688,2.9764583201554774e-6,365.2564570001006,3624.408635509287,0.007799368564062202,0.002831285187508944,1.0074759305253385e-6,786.6281452631896,649.4545537109832,0.05536901870955611,0.013750390693299686,0.0013164621251114733,4321.717745378081,377.4640102100587,0.04092894484389457,-0.030244218164062798,7.360047252890163e-5,-0.001589457244848615,2.3098474050428486,-208.50868436905515
2.580360926348721e-6,224.70077714330395,3503.769494287169,-0.008028649715152826,-0.0003076818031577567,2.972354442654256e-6,365.2564569773981,3624.4086379176197,0.007232221962508501,0.002798897998482155,1.0369902480179264e-6,787.9732063367189,642.0764220836153,0.053172851615131814,0.018113297731824265,0.0013345492446633972,4311.820123993742,392.59075890935105,0.0411657549846847,-0.029820027763083228,8.842120299142093e-5,-0.0015723979523287837,2.3100737854536972,-209.72042142577084
2.7167300134064137e-6,224.70077771636423,3503.76948344612,-0.009496770327519563,0.002262656000755374,2.969650969108697e-6,365.2564597809143,3624.4086108341403,0.006133174498319491,0.004350796480075001,7.723196909115378e-10,789.3205673397671,-15197.914914218045,-63.53117186622204,-61.22268127180004,0.001232726248474322,4270.653637477428,451.21033296678763,0.040230469758094606,-0.030522280813415688,6.743043798594628e-5,-0.0014944952976693377,2.3089834012985455,-210.78864504685734
2.7202374580195304e-6,224.70077778159694,3503.7694817702823,-0.010516810243071438,0.0023237697133917236,2.96408209242109e-6,365.25645920917765,3624.408620712555,0.005316712682353621,0.004434589938724625,6.208778687685015e-10,790.6702322049997,-22786.852972325436,-76.84564097093752,-91.1972973003422,0.0012419821304626227,4265.199088974855,459.7620650973831,0.039546265020221114,-0.02968475657393094,5.1083260892893686e-5,-0.0014897033940102307,2.3088285586770714,-211.8715038255485
2.7153863686787897e-6,224.7007778479424,3503.7694801896837,-0.01140448819677655,0.0023395115329791216,2.959268035076282e-6,365.2564582185662,3624.4086350248795,0.0045896037365268354,0.004472098107935155,8.735987713530974e-10,792.0222048718073,-18794.6797145492,-51.446368754963146,-75.13267831642436,0.0012469673123784186,4259.228982311365,469.7355323436171,0.03878358186451686,-0.028893451037665153,3.2680822315381714e-5,-0.0014896150937002165,2.3087402342166974,-213.2778558411325
2.700519756413514e-6,224.70077791060683,3503.769478925589,-0.012007551694019273,0.0023337067969301023,2.9560938227004164e-6,365.2564567571618,3624.40865438738,0.004072179998798415,0.004474030088405118,1.8797123918364874e-9,793.3764892863162,-9754.933480466741,-21.007305589800882,-39.133627094084545,0.0012442462327446604,4252.839451712309,481.0514595911372,0.0380171123935797,-0.028210537909945595,1.4328474777419315e-5,-0.0014956676158804471,2.3087448914983675,-215.0504488512125
2.784470743767836e-6,224.70077798040333,3503.7694808439087,-0.011567178794164865,0.003392005740020408,2.958183072916617e-6,365.2564547130327,3624.408686738994,0.0046387066837037284,0.0049994816015596945,5.32590738666118e-7,794.7330894014002,823.9022373910392,0.22323828590394615,-0.09305104416507715,0.001156302688813953,4242.682087631915,478.1130340687158,0.03687591946891428,-0.028084906851935515,-3.3611140904389116e-5,-0.001491881795798487,2.308368991179566,-217.13150695731358
2.7552267347199523e-6,224.70077797331805,3503.76948264913,-0.010675318967386369,0.0036023133409700896,2.9627406784967543e-6,365.25645246332357,3624.4087142593885,0.00528081181928452,0.005058602929845079,5.831241807961153e-7,796.0920091766924,813.7026610871198,0.232192154278121,-0.05389248230897517,0.001105917364293688,4238.809276571376,481.67393955950183,0.03614465584273328,-0.028204290516252173,-6.108686325107085e-5,-0.0015215197559964953,2.3085459248196987,-219.20105159001164
2.60364072566037e-6,224.70077750148138,3503.769492882055,-0.005905028080901995,0.00041365587296534077,2.9862130647769717e-6,365.2564490683833,3624.4087507188615,0.008949904119550947,0.0028878942122925015,1.1359394359974762e-6,797.4532525785962,580.6967880727977,0.09958827080630771,0.014118457660482222,0.0011298813685584337,4246.104522733618,486.7931696197944,0.04165360586228801,-0.030509928863178264,0.00011121044220580675,-0.0016826143645519752,2.3110989534083446,-221.09512978070424
2.612051176549519e-6,224.70077745982067,3503.7694976118637,-0.0021704599135573452,0.0019161448202015172,3.006657326694229e-6,365.25644754169997,3624.408771071752,0.011892496715769791,0.0038676840191374977,9.977809688063516e-7,798.8168235802974,561.529492915129,0.11712627819885753,-0.005215752860196252,0.001056509913516525,4251.919008692068,471.68928521190134,0.04337732678036818,-0.03016297117950205,5.630209284969786e-5,-0.0017064484207879476,2.310483645739565,-222.01563245441093
2.597023817476653e-6,224.70077744221433,3503.769501762809,0.0015024423858561076,0.003386171977679261,3.027545002750273e-6,365.256446818723,3624.4087811767045,0.014718195607501908,0.004903253749609832,7.60469618044836e-7,800.1827261617755,543.200849046098,0.1344667206492662,-0.03607278617625242,0.0009863472053180853,4258.534495527931,461.5868425955774,0.04540714713210998,-0.029641992866493844,2.876430750633118e-5,-0.0017209778185597875,2.3104293955483954,-222.22564998589226
2.451608686999187e-6,224.7007775675652,3503.76950561949,0.008229048594996936,0.006408800781608013,3.0732470373035448e-6,365.2564467099234,3624.408789803542,0.019968763545297814,0.007344335351957653,2.993995419913096e-8,801.5509643098143,1283.9395438568606,1.8236644807024207,1.894067655496462,0.0008495076957725009,4283.177003348092,467.8820650639246,0.04613349095879604,-0.027900730360908673,0.00020306148346861861,-0.0018269119664239158,2.313031210347437,-221.1880126839612
2.468557420941309e-6,224.7007775517526,3503.769506995795,0.010855360039882645,0.0067977566777265635,3.0872049182435263e-6,365.2564484261556,3624.4087700688196,0.022044549021826426,0.0076716299805008005,1.483258538826587e-8,802.9215420180177,2180.6371416233214,2.9903108613810754,5.478621480608356,0.00081813595656495,4290.62731948547,451.1147714119921,0.048666568244162836,-0.030789379362523742,0.00020639607221940886,-0.0018418443476867082,2.3121596645660496,-219.67562350987515
2.4948326468735094e-6,224.7007775398932,3503.7695067261047,0.011503470438354318,0.006736480150534681,3.0892244771525707e-6,365.25645020009773,3624.408749409644,0.022554992111030014,0.007663546769194437,5.7390159322218185e-9,804.2944632868152,4941.765406726148,5.530532896424526,16.326499239229445,0.0008118600373434183,4294.940740156669,437.0259134480962,0.04994883762898514,-0.03373423296726355,0.00019181057960987425,-0.0018333975898222638,2.310989433393915,-218.36549950397614
2.524911931508313e-6,224.7007775255386,3503.7695056986886,0.01105369055572777,0.006457147981849045,3.0848949238537717e-6,365.2564517067748,3624.408731987604,0.022193246676288424,0.00749540304428145,3.85410379862202e-9,805.6697321234781,7150.1700387587725,7.152489965255971,24.96048489201717,0.0008214008472784502,4296.120530341984,428.29121622351715,0.05040122857359637,-0.03604012888330835,0.00017458011654214104,-0.0018087201574616281,2.30985589645956,-217.3920633859048
2.5580977668064e-6,224.700777508122,3503.769504431409,0.010141072333378368,0.006127944228305621,3.078076144714144e-6,365.2564528598849,3624.4087187289824,0.02146063988400131,0.007294215420481828,2.6536503073110445e-9,807.047352542129,9810.50878242398,11.223195647847996,35.30925947604392,0.0008364681289060828,4294.9287632636315,424.1698484505655,0.05029601546081532,-0.0377391959258703,0.000161011849985175,-0.001774509950327573,2.3089228177881482,-216.7390295722958
2.5914898129696393e-6,224.70077749140447,3503.7695032038837,0.009069286276415962,0.005824547977007332,3.070497839952471e-6,365.2564536523502,3624.4087097224206,0.020602639260857012,0.00711477778656384,2.276740020569032e-9,808.427328563755,10903.156437606236,14.650575139637601,39.5288919250671,0.000851021781895471,4293.25580946606,421.4056533123469,0.049845442731229817,-0.03899483512131474,0.00014898765135978772,-0.0017393312558263584,2.3081689726613117,-216.36252981838047
2.620503628306125e-6,224.70077747953,3503.7695020656115,0.007880853536976259,0.005548510219147285,3.0623842195981706e-6,365.25645407461514,3624.4087051941824,0.01965411618207424,0.00695485760082983,2.343423090682957e-9,809.8096642162184,10268.082571219671,15.031405969278707,37.03849309350229,0.000865139839203026,4292.101015953028,418.45839643015256,0.0492499639713705,-0.03981207200369498,0.0001356779514287127,-0.0017079900938396005,2.307541151323425,-216.2329443653632
2.642056676098985e-6,224.70077747232168,3503.769501037651,0.006632339600322941,0.005264584328026766,3.054078205869446e-6,365.256454140159,3624.4087051480583,0.018657689012276407,0.006783499597516709,2.187702875815952e-9,811.1943635342687,10685.184547649027,15.692750431177634,38.641329053529844,0.0008801458762938598,4291.621035575597,415.43853286259525,0.04864511390398562,-0.04019535053810906,0.00012027522911498834,-0.0016820682288501887,2.307022535229573,-216.33150773667555
2.6554707738528605e-6,224.70077746748572,3503.7695001261454,0.005366942949623258,0.0049448417299777885,3.0458518912161264e-6,365.2564538534557,3624.4087095694763,0.017640933842359815,0.006579006672270649,1.8740241554145624e-9,812.5814305595546,12003.776218150027,17.389543165351814,43.7285591514825,0.0008970768714161528,4291.102073113628,413.85216258584126,0.04807292739615482,-0.04015252532561588,0.00010489888259595412,-0.001660382145203539,2.3066667709986657,-216.6380031294243
2.6206394584228005e-6,224.70077736211127,3503.7695022703206,0.005286603716063196,0.004426691641986931,3.046789099443234e-6,365.256453609817,3624.40871297413,0.017488953364814024,0.006201989027849871,8.160448419252099e-7,813.9708693406357,501.08821248387244,0.09757705538521422,-0.04165999331939891,0.0008947535009202699,4296.564728511039,405.2686328229083,0.04574053821539779,-0.04008695473639198,0.0002092258314459937,-0.0016071613128731729,2.3122216198768273,-217.051321758106
2.617290856386339e-6,224.70077737331118,3503.7695011764354,0.003971082301507097,0.004036139075254778,3.0382416303529616e-6,365.2564528503534,3624.408722967878,0.016408826688931098,0.005951490731576397,7.904720817578942e-7,815.3626839329938,488.1667030563092,0.09589797512228496,-0.03792386078699493,0.0009170207563626573,4291.8851167101675,414.19222925229917,0.045581993841374326,-0.03928104827582379,0.00020200901528850287,-0.0015994231018239208,2.312419924642865,-217.4870924586522
2.609426064657715e-6,224.70077738644633,3503.769500201378,0.0027946412785736794,0.003623430798010408,3.0305907875718772e-6,365.25645189890344,3624.4087356219143,0.015429488746907652,0.005673924183100902,7.498702642507863e-7,816.7568783990458,474.37610623164085,0.0933150163349497,-0.035012875766732385,0.0009389625185575403,4287.53190410488,423.40530835772717,0.04544395872089978,-0.03839608921450118,0.00019084891218681228,-0.0015967013738568965,2.3124839221243563,-218.03786451230184
2.5964204396716793e-6,224.70077739795272,3503.7694994117423,0.001807486794094479,0.0032040641643481193,3.0241921111836127e-6,365.25645083800276,3624.408749960592,0.014594331948118487,0.005378518665899327,6.936816659551364e-7,818.1534568081547,459.7877371546083,0.0894482726788918,-0.032941498596568336,0.0009596812879227992,4283.699268384082,432.5215083707825,0.04529101507171365,-0.03750186381827025,0.00017678237496598125,-0.0015986528798652908,2.312439390416897,-218.65628143059448
2.510553962694176e-6,224.7007773763251,3503.7695003247904,0.00027139944928778923,0.0027638840284422944,3.016407710294432e-6,365.2564483185937,3624.4087846024436,0.013308764360557732,0.0050922146710017015,1.1525175956607951e-7,819.5524232366416,817.6100692481859,-0.36280076717792775,-0.17180783990673612,0.0009941824185061084,4279.381100644075,448.1444796990966,0.04534695302594363,-0.034830933910103536,0.0002134165081048801,-0.0016211242209687616,2.314889536690699,-219.28845297307262
2.4878486321087026e-6,224.7007773728547,3503.7694999301852,1.971394467529273e-6,0.002378138841394041,3.0145122716261533e-6,365.25644793002857,3624.40879004684,0.013072557692433115,0.004802198463442772,1.1241219134301308e-7,820.9537817677972,824.440008591748,-0.3705704128525913,-0.11231690671301818,0.000999813350783838,4277.861166325715,453.76547540845786,0.04470145853393077,-0.03473294117834874,0.00019132685087701136,-0.0016383220094737419,2.3144071325685607,-219.65533007050976
2.4651423390771637e-6,224.70077736667022,3503.769499636709,-0.00018551836903655305,0.002005307528869003,3.013148851653044e-6,365.2564475485047,3624.4087950839985,0.012896936561308053,0.0045115947321011035,1.0506980570793534e-7,822.3575364918964,855.6638996903428,-0.39710895636172233,0.012713722169819693,0.0010041152800733635,4276.320810822654,459.1914362901766,0.044062077555114355,-0.03466768788148669,0.0001711340857895589,-0.0016545261382847334,2.314001188889855,-220.05069278457148
2.4465317260107453e-6,224.70077736355623,3503.769499113627,-0.00025628608720892454,0.0016468051574279636,3.0126054778905667e-6,365.2564472147525,3624.408798716176,0.012819453695148522,0.0042187346187942875,1.6769164630859234e-7,823.7636915062059,959.9338028774376,-0.044649764140669713,0.26485330836013543,0.0010050630665333438,4273.444066440175,466.6726585140299,0.043253819877588195,-0.03474960346671413,0.00014892641265809752,-0.0016684659999203996,2.313485820673988,-220.4572888299601
2.422524662540175e-6,224.70077735731178,3503.769498913318,-0.00028645765842061615,0.001306136915133184,3.0124590820969073e-6,365.256446910799,3624.408801971333,0.012770920842154173,0.003930543104510596,1.4935049320278796e-7,825.1722509149988,131.19965768497187,-0.03432906603400544,0.2968204094582528,0.0010058009493228697,4271.710858258773,472.3889570439199,0.042551375150232607,-0.03475659519337826,0.00013156846688262586,-0.0016839100412589093,2.313219307522687,-220.87335662467285
2.4013038017278625e-6,224.70077735173314,3503.7694987405357,-0.0002509532387663973,0.0010155232802984482,3.012806727037625e-6,365.2564466561017,3624.4088043388706,0.012778504690179517,0.0036697557671179176,1.321336720044976e-7,826.5832188295667,127.66356099493734,-0.01644971351981596,0.3326672572314873,0.0010055708252150767,4270.221544970894,477.21058173111777,0.041909354272050926,-0.03481777729053424,0.00011616332565250258,-0.0016974944246861035,2.31298430953764,-221.29380003315015
2.3839818968809417e-6,224.70077734709926,3503.769498590111,-0.0001546194734173449,0.0007813799161245538,3.0136330244761094e-6,365.2564464551618,3624.4088057889535,0.012839513630485544,0.003441689016535389,1.1416454382517705e-7,827.9965993682306,126.15317838150513,0.006218729872209385,0.3761166342076709,0.0010045458461885562,4269.003595504002,481.06161717190776,0.0413383736213117,-0.034928391393106446,0.00010348839451769859,-0.001708603314026136,2.3127931673907716,-221.71208409211465
2.37218279144364e-6,224.70077734420715,3503.7694984394466,-6.548532645373598e-6,0.0006116417358919871,3.0148979378139006e-6,365.2564463145441,3624.4088062491396,0.012948641676057289,0.0032533880841046857,9.396090139542714e-8,829.4123966563536,129.1186023398478,0.03214226605422082,0.4370725173573165,0.0010028583130844266,4268.039914795621,483.9438145965121,0.04084665839608887,-0.03508530794072849,9.408871270213748e-5,-0.0017164069612779303,2.312644216004085,-222.12142925529872
2.3890293302624458e-6,224.70077725574055,3503.7695008173123,0.0006993773155102776,0.0009636011296104164,3.01904194509117e-6,365.25644577470433,3624.4088191793094,0.013495013959484024,0.0034981995349074014,2.9995398918849993e-7,830.8306148263531,262.06536494031155,0.08000614843187881,-0.0863016545235962,0.00099997099687323,4279.517010690307,460.26027730192044,0.04022459533768371,-0.03545041457668734,0.00011928110371873094,-0.0016953494739783334,2.313178070295194,-222.46972390000133
2.383835025259388e-6,224.70077725570928,3503.7695006237955,0.000855914169317955,0.0008951713011656716,3.0207427209566014e-6,365.2564457964192,3624.408816576859,0.013634303789901044,0.0033873208062713167,2.82355039719964e-7,832.251258017712,242.51631096491644,0.08498387978111702,-0.08479392455438053,0.000995594310335927,4278.561296206082,462.43133637893266,0.03971859766692076,-0.03570197858589438,0.0001233012227550141,-0.0016996127443613684,2.3134065018810714,-222.76852638657888
2.3879133088735544e-6,224.70077727001012,3503.769500057756,0.000991511825225381,0.0008768681967337587,3.02253811816902e-6,365.2564459189447,3624.408812015035,0.013771523765875102,0.0033009019382429458,2.5737646131537045e-7,833.6743303769916,222.6408479331168,0.09099188232539969,-0.08156739037712006,0.0009913766263169408,4276.546658489294,466.28372801277544,0.03936103850911486,-0.03596144752740609,0.00012567510215866372,-0.0016995196840817552,2.3134840736802444,-223.04695069312703
2.4018163341256275e-6,224.7007772997196,3503.769499082178,0.0010937993912677826,0.0009162605354827189,3.0243682395524695e-6,365.2564461422203,3624.408805616784,0.013898768553655835,0.003245558931839824,2.2812600109925626e-7,835.0998360578436,201.88999945525873,0.10051575596604588,-0.07407702023686064,0.0009871638373966558,4273.27916313803,472.0970713877132,0.0391413925555529,-0.036235494325936216,0.00012617933691143825,-0.0016943561358411657,2.313397376599027,-223.2830367800689
2.4246726437737737e-6,224.7007773439414,3503.7694977204014,0.00115108384225261,0.0010202544743381932,3.0261379264054326e-6,365.25644645773315,3624.408797716826,0.014006500577109128,0.0032295431509882172,2.0053549961546772e-7,836.5277792210219,179.97039965397974,0.11496120866174107,-0.056995037377842755,0.0009828719924977504,4268.776058911408,479.71261750970694,0.03904824393718833,-0.036533511891570974,0.00012562386284359323,-0.0016841006771661528,2.3131774617763607,-223.45376913462127
2.4721717992515536e-6,224.70077736684914,3503.769497149102,0.0010896386022181518,0.0006230085383339892,3.027382952908448e-6,365.25644701067404,3624.4087855098037,0.013926279530692347,0.0027640609038364294,1.0520955879535914e-7,837.9581640343948,714.4919797098498,0.114913238710757,0.1622860870137083,0.0009825266096498283,4261.792334393168,497.7066686101012,0.03925164265424892,-0.03616388279558271,0.00010692166893260214,-0.0016583949195588207,2.312068125370095,-223.49845100292413
2.502961039266427e-6,224.7007774279865,3503.7694953891846,0.0008932770454742698,0.000775030109000217,3.028638952603083e-6,365.2564476198203,3624.4087731836903,0.013863005477280463,0.002759290024732751,9.7190242223068e-8,839.3909946729566,729.8847582266751,0.31383537126633276,0.1816727020292967,0.0009784398217780182,4254.568110065943,510.31084545384516,0.0394451120131742,-0.03641347190599455,0.00012079006039727105,-0.001638084072502052,2.312269231578993,-223.32977396803787
2.532914681625098e-6,224.70077750421945,3503.7694932325758,0.0006344876687510063,0.000856508961767006,3.0293376131246417e-6,365.2564484736854,3624.408757153435,0.01375357779790242,0.0027049475955416664,8.557564168841042e-8,840.8262753188429,713.1183767336457,0.5468349415704791,0.1174403090530982,0.000971646470318281,4244.6908331143895,528.2268597292689,0.03952787239998601,-0.03672360636710967,0.00013526528087561446,-0.0016185897354164527,2.3125006139322153,-222.98197769009565
2.5590743985199608e-6,224.70077758899905,3503.7694909216316,0.00028835274832049234,0.0008371771370616405,3.0292014853809987e-6,365.2564495137185,3624.408738705479,0.013568090905164613,0.002582857276908928,5.997963546458316e-8,842.2640101613379,668.6338037063003,0.9771247732951927,-0.0342876605896543,0.0009642638176872499,4232.937902311485,550.6629879668253,0.039621837167267325,-0.036959046338480406,0.00014947446874795356,-0.0016011664418423843,2.3127657770732464,-222.46750351843917
2.5780802411560156e-6,224.7007776742026,3503.7694887214566,-0.00015648786507977154,0.0007166047033862954,3.0280290340092845e-6,365.2564506554163,3624.4087194527683,0.013286678270400464,0.002400535433476509,2.0836874912287098e-8,843.7042033968897,456.6403114351961,3.148159729512382,-0.8013385867573816,0.0009582886391772446,4220.341186733525,575.926961788764,0.03984548211309465,-0.03702638066655372,0.00016266426694250952,-0.0015873907190411074,2.3130661554140826,-221.81457438744187
2.5808941857686253e-6,224.70077773840896,3503.7694872455863,-0.0007658355079415396,0.0003978795080363108,3.0253356036550793e-6,365.2564517558801,3624.4087014901766,0.012833328726779272,0.0021129838208016646,9.036640308150609e-9,845.1468592291224,-40.08408647701829,8.372165143600855,-2.596127365438604,0.0009575751303571325,4208.562873638791,602.092947596269,0.04037278047599919,-0.03669127009656691,0.00017338862757316275,-0.001581588176630134,2.313440506161498,-221.0741958305076
2.575272816436055e-6,224.70077779116673,3503.769486186175,-0.0014559878940575565,-1.621462865472279e-5,3.021709342071228e-6,365.25645284605633,3624.4086841637086,0.01228703999801743,0.0017816536253318952,6.220260121811866e-9,846.5919818688474,-203.95151580884584,14.254605898798806,-3.122251364173984,0.0009597570805006997,4197.29710122791,628.8882598405557,0.04105627151107016,-0.03611435981532935,0.0001810609621855065,-0.0015802758375719913,2.3137751735692196,-220.3144398288308
2.576511299800358e-6,224.700777851152,3503.7694849511518,-0.0021764425198932667,-0.0003434221308032057,3.017715105563049e-6,365.25645395648894,3624.4086670166057,0.011714757939127105,0.0015223524735645114,4.8349131015309e-10,848.0395755340764,452.9869045903475,213.4908515330767,-0.5724854683328742,0.0009618166933583235,4185.707471782287,655.8524878835896,0.041768665418267466,-0.03557306740088417,0.00018564886746841376,-0.0015751705258864716,2.3138895023685935,-219.55046250650966
2.6217702027051216e-6,224.70077804731434,3503.7694788005233,-0.0014552547315907559,0.0002729879594308316,3.0262557642497737e-6,365.2564552953692,3624.408648344247,0.012364920157392082,0.0018958985496380335,1.1803974826643505e-6,849.4896444500337,313.3877569207728,0.11417246717142444,-0.07664145987802884,0.0009015611951638277,4171.960901948845,669.1811349642813,0.03751838882089876,-0.038965817411998026,0.00018590575661063454,-0.0015383911452840654,2.3125360602869245,-218.529563097632
2.595613559687646e-6,224.70077813964525,3503.7694772941495,-0.003248421301366982,0.0003419752635583628,3.0156751444852976e-6,365.25645599161834,3624.408638377869,0.010911982993262043,0.0019640657542171476,1.386233938010376e-6,850.942192849168,296.4059424251794,0.12165008800158923,-0.07635841987394562,0.0009375429780832216,4160.228385950725,692.6424145453042,0.04180662682953895,-0.037595239843663496,0.00019358274599641002,-0.0015416927363039066,2.3127869087970345,-217.37722174121572
2.5672526846604255e-6,224.70077818840068,3503.769476998121,-0.004882386776583445,0.0005313761366612115,3.0051318049035076e-6,365.2564560521507,3624.4086390284215,0.009566226555209797,0.0021397664208257835,1.506166332521032e-6,852.3972249711654,281.24686641561067,0.123798130727807,-0.07556960382942797,0.000983759314154011,4154.4584476298105,703.7505683182394,0.04633391390411367,-0.036049178489730764,0.00019268985055722414,-0.001551051768528311,2.312759479139454,-216.531892910582
2.5453154408461877e-6,224.70077818822932,3503.7694776746503,-0.005946953254583183,0.0007418879662289021,2.997225485254445e-6,365.2564555413879,3624.408649479376,0.008664678047337412,0.0023371297394580636,1.4877544288942885e-6,853.8547450629612,268.108249862836,0.11877780349249731,-0.07589193207347446,0.0010210677501983464,4155.698703623689,700.7297730557431,0.04930752402914682,-0.03493282301891836,0.00018495453660411867,-0.0015625009278822954,2.3124992322857856,-216.18410814857376
2.5319233887735914e-6,224.70077815199733,3503.7694788354656,-0.0063841280847251845,0.0008433324602312023,2.9928372509329392e-6,365.2564548300062,3624.40866375535,0.00826341364961843,0.002451496134336896,1.3646765140689192e-6,855.3147573787528,258.05755729520047,0.10489078103013544,-0.07649594712290048,0.001035105571483114,4161.363246939987,689.647556035673,0.04995292130091688,-0.034521479271689276,0.0001779047989551477,-0.0015717120091005346,2.3122747950986846,-216.22656009846006
2.525363010251282e-6,224.7007780988644,3503.7694800901686,-0.006387094165668834,0.0007682837714156465,2.991156661780768e-6,365.2564542739266,3624.408675865364,0.008208133703647464,0.0024312168473538238,1.2277108309504413e-6,856.7772661800117,253.1914686809614,0.08261990730283937,-0.07228212137182288,0.0010248862777484634,4167.837742976155,678.3378863566277,0.04854390181906614,-0.034731225692018954,0.00017714684621978496,-0.0015763357399240334,2.31226553430809,-216.38967253000766
2.5254185360047886e-6,224.70077804856365,3503.769481118576,-0.00623275747704368,0.0005502259160277599,2.990520855174385e-6,365.256453976293,3624.408683652696,0.00827552929142243,0.00230430419657955,1.1595967348089966e-6,858.2422757354963,253.33804225531662,0.06133326046081438,-0.05809766505252531,0.0010000961811352902,4172.80519838913,671.1253347413914,0.045907914355821304,-0.03529470015855595,0.00018091137439237535,-0.001575420314753805,2.3123604715843498,-216.4944827290335
2.5329356734017812e-6,224.700778015303,3503.7694817157876,-0.00619464119813792,0.0003094906225078345,2.9892342786945134e-6,365.25645379587377,3624.408688947552,0.008255447828113457,0.0021634271690439116,1.1724570161780393e-6,859.709790321263,252.06503344401517,0.05152059492131177,-0.041052227876942196,0.0009746898056911219,4175.787908966799,667.5730944693379,0.04317813004665777,-0.0359093506897633,0.0001830882356380468,-0.001569218980709596,2.3123051236282004,-216.52355500528262
2.5463879994671743e-6,224.70077799715222,3503.7694819596545,-0.006328283438892544,0.00010160247568459543,2.986949265475095e-6,365.2564536170481,3624.408693661767,0.008107307360092597,0.0020496562725253946,1.2235562856934116e-6,861.1798142206829,246.47016123281594,0.04913141345297069,-0.028031149618971286,0.000952653522828705,4177.481723340004,665.594359428908,0.04070312141099365,-0.03651389039866752,0.0001816987182600692,-0.0015593528682222647,2.312044757776078,-216.5265067299784
2.563946082723171e-6,224.70077798912243,3503.7694819471612,-0.006596936149277408,-5.9246801651984095e-5,2.9839403330647044e-6,365.2564534023433,3624.408698529299,0.007860950014591342,0.0019737873527478364,1.2853186895410956e-6,862.6523517244483,237.71395316960133,0.048775295549504556,-0.018692936288352193,0.0009327588852011978,4178.451728530331,663.6305542064234,0.038391515557398954,-0.03719990466217021,0.000177073676295795,-0.00154725158866352,2.3116084592953454,-216.54221469093426
2.5832988396126835e-6,224.7007779888467,3503.76948170034,-0.006974554429010502,-0.0001666215834397319,2.9805456688629594e-6,365.25645315046455,3624.4087036508463,0.007540141121427357,0.0019416160043875651,1.3451704282503674e-6,864.1274071305893,227.20315692975947,0.04788738158033781,-0.011209088463165264,0.0009133384850904709,4178.863419210508,660.7345587110144,0.03611287161867363,-0.03810593109559501,0.0001699855981396868,-0.0015343908173066478,2.311039009048686,-216.5916868858558
2.600284861316553e-6,224.7007779967324,3503.7694811536057,-0.007450648517723905,-0.0002154437006093679,2.9771957389902743e-6,365.2564528851806,3624.408708720658,0.0071598879326401545,0.001959890569039076,1.3946722943458866e-6,865.6049847444851,216.1119849453508,0.04493996406042126,-0.003781576032329746,0.0008922139363292168,4178.587260712444,656.2008860983669,0.03368000574405685,-0.03944707646158054,0.0001619052271432056,-0.0015231181969559498,2.3104212694577075,-216.681258271304
2.606409871126213e-6,224.70077801694106,3503.7694801193943,-0.00803863435783346,-0.00020373139580796983,2.9744869002500987e-6,365.25645266260517,3624.4087129319882,0.006721496182733994,0.0020377206654715175,1.4251286515752965e-6,867.0850888788766,205.82274768667077,0.03835116951339289,0.005764956455216359,0.0008662439919197265,4177.118047071729,649.7064787777582,0.030777567556173814,-0.041558975297516856,0.00015569641825637334,-0.0015178858922482291,2.309939839119415,-216.80111530335563
2.5845804839970736e-6,224.700778058777,3503.769478243181,-0.008778860614847775,-0.00013957169601104167,2.973321965000475e-6,365.2564525828481,3624.408714773498,0.0062126528381260945,0.0021866687942751124,1.4277386644391232e-6,868.5677238538793,1067.3923791897228,0.026498292043461824,0.02144685519598787,0.0008309262372810246,4173.462045749823,641.6008490770697,0.026846128876448917,-0.04496842631607135,0.00015650161252999116,-0.001527479153924479,2.309965056720088,-216.91881942745877
2.5003095107514084e-6,224.70077813889873,3503.7694749175953,-0.009726832591512595,-4.7319210403551216e-5,2.9753360170437533e-6,365.2564528013181,3624.408711674109,0.005624627922232652,0.002427656559207293,1.4063138787443013e-6,870.0528939969957,201.17447337774726,0.011607621433453593,0.053253701568682726,0.0007799766279150403,4165.956787669812,633.4819148920342,0.020825768351618357,-0.05056187561039662,0.00017329640751690626,-0.0015699644147136498,2.311175318293513,-216.97067892321243
2.290098526135845e-6,224.7007782611736,3503.7694699053914,-0.010861317054500226,3.527908339280407e-5,2.983453876745403e-6,365.25645336215996,3624.4087016769026,0.005031942915713964,0.0027859100457091925,1.4235474531664884e-6,871.5406036431277,221.67508838060138,0.019794892426506946,0.11285312961548433,0.0007177906055352874,4154.7567779379215,625.7279509073813,0.012631200421805771,-0.05890205018624091,0.0002191608357941147,-0.001680509433411518,2.3145232678766257,-216.87469850227868
2.0728515143749694e-6,224.70077830459286,3503.7694676865895,-0.01167432072697465,-0.00033867185144611454,2.9902996393124794e-6,365.2564534985982,3624.4086966087443,0.004618096628167891,0.002731702892627327,1.5006038533271955e-6,873.0308571345896,230.6888729419396,0.049741004766501375,0.14543412057327454,0.000692279837865276,4152.261396365487,619.3309954974648,0.008588232864501276,-0.0630366605459555,0.000255043657335985,-0.0017973850755193643,2.317519651028022,-216.72803629809462
1.9589213200229112e-6,224.70077827692475,3503.7694681805992,-0.011936151799853606,-0.001037201051270795,2.99245368027468e-6,365.2564532335988,3624.4086981451605,0.004461131598149626,0.0023004847501193622,1.5510204802993345e-6,874.5236588211206,222.88355055298896,0.0635838273930551,0.15044194290253404,0.0006863615624101947,4156.771788376696,620.562933074858,0.006193098619932507,-0.06243652843362424,0.00026192592481133736,-0.0018589955908594573,2.318804429119995,-216.7902520622403
2.33705513176784e-6,224.70077831074593,3503.7694659727263,-0.005809483951659613,-0.0030782230645937493,3.0086231423706677e-6,365.2564538792926,3624.4086924951025,0.009128195081046783,0.0014603245525220303,2.1795898940776328e-9,876.0190130598979,-21975.223017258148,114.92792736887169,-81.70372038726069,0.0005002342972032482,4140.981744111051,629.1888619127766,-0.03951739751476075,-0.08296470250137501,-2.8061169606603702e-5,-0.001702542603272655,2.3075096985212507,-217.05419769204383
2.224977205475883e-6,224.70077819734135,3503.7694692432297,-0.0064995959600330725,-0.0032127205840292473,3.0081568715375786e-6,365.2564531264773,3624.4087021763735,0.008625947582526562,0.0013057652873580301,5.2182393873927e-9,877.5169242155486,-10223.014129191737,42.0439689179093,-39.481138331257654,0.0005411579298553545,4152.774953674023,634.4550086962324,-0.029279517463953134,-0.07299529627431997,-3.648903627766527e-5,-0.0017691594575225847,2.308437439520812,-217.5806165613958
2.0246228705740027e-6,224.70077802676147,3503.769475487663,-0.010352021943054934,-0.0025703160794117107,2.990090753140696e-6,365.2564514363918,3624.408719805416,0.005487545385529635,0.0011848902778294713,1.546482567898021e-6,879.017396660162,168.8677124844743,0.06622575308330118,0.1273938734088504,0.0007149642531575269,4182.280108462875,621.5290814241093,0.005962954992659703,-0.05313550985793694,0.00017728532920356665,-0.0018301215973981965,2.316852540753299,-218.34332335369808
2.0730845687704858e-6,224.7007779286074,3503.769478503735,-0.00871081132589439,-0.002301698411862251,2.9955594197006526e-6,365.2564505547676,3624.4087309193883,0.006727694206681205,0.0013689328186699498,1.4994750420791475e-6,880.5204347733065,153.26795655973996,0.07721889506959773,0.11771802578862937,0.0007409321142232218,4194.755457759803,614.6166841658944,0.00895965957803069,-0.048978665787743486,0.00015118551274969836,-0.001809877431878547,2.3161292182923012,-219.08149823931916
2.104207498552977e-6,224.70077785101148,3503.7694813558314,-0.006317647423391788,-0.0014999710336126933,3.0071200948135296e-6,365.2564495138709,3624.408744678466,0.008593607244964444,0.0019319839757348377,1.447062342839743e-6,882.0260429420359,140.6254356949526,0.09578061604275621,0.10072021568783811,0.0007775053651258397,4209.867185669025,609.9250984591756,0.01319980301479421,-0.043418133893835066,0.0001417573993275518,-0.001798995593809627,2.3160782078663247,-219.78876978133178
2.136519590840972e-6,224.70077779708,3503.769483998636,-0.0036745999384454257,-0.0005514431505783167,3.0205198007635345e-6,365.256448493366,3624.408759514744,0.010669909343376454,0.002581602852782811,1.3938875239983108e-6,883.5342255609067,127.55221499410735,0.11142696318019239,0.07470962470849667,0.0008235220614516461,4224.823637816103,604.8690989697145,0.01865421942878961,-0.03788842249133732,0.00013876583919082886,-0.0017874949623549548,2.3161706830111224,-220.36590406297734
2.177326759741514e-6,224.70077776244918,3503.7694861953732,-0.001501208376741447,0.00022530129292569755,3.0308927974874832e-6,365.2564477519552,3624.408771577306,0.012376997726683162,0.0030917927022295535,1.3279670633516232e-6,885.0449870319894,113.31058331378068,0.11849752524643248,0.04734955772971503,0.0008703068357640999,4236.111756413345,597.7762540363667,0.024216584361424476,-0.03398393469133643,0.00013502425067965146,-0.0017709901894952338,2.316056361488809,-220.78031016429637
2.26371104495974e-6,224.7007776297286,3503.76948930155,0.005032455198636375,0.0012922582270151748,3.064829243592644e-6,365.2564479520944,3624.408777099922,0.01769675274600501,0.0038027944310268405,2.840545181635251e-8,886.5583317648819,-603.4999274718433,2.7862783669506714,-3.705267679065312,0.0009377226251462334,4247.631569756988,579.1202382924138,0.0327105850373507,-0.030951202794701458,0.00011491057720770075,-0.001794465689288148,2.313113331305606,-220.91461468674183
2.282206210159762e-6,224.7007776002119,3503.7694901984974,0.004907598313147395,0.0013184248726799432,3.0627175859519613e-6,365.25644787277537,3624.4087802443555,0.017580516559918567,0.0037550834613246133,1.4003325241908104e-8,888.074264176722,-978.0539552656454,7.386819858839837,-4.9228763966074744,0.0009603366800194625,4248.628770362873,570.4779499576122,0.03547354178010138,-0.03109425072819722,0.00012093486380400611,-0.0017797016824334163,2.313100188907776,-220.90678654754444
2.312057140949978e-6,224.70077757015574,3503.769491018286,0.0048261719109625135,0.0012991778622411842,3.060520037975907e-6,365.2564478159252,3624.4087827632584,0.017491092896668513,0.003678638131908784,3.3639536022576386e-9,889.5927886922003,78.02840857542216,34.74191990534111,-1.0476003938423013,0.0009800264506193803,4248.847615341486,561.5930187813863,0.037903509055651645,-0.03152699189987945,0.00012901895760252763,-0.001756785404899492,2.3131422034932094,-220.9645503687332
2.3267051573186526e-6,224.70077755285064,3503.7694915831084,0.004397427673031224,0.0012754784582266973,3.0567229406268955e-6,365.25644761095793,3624.408786666254,0.017119935092259595,0.003619800374126628,3.8113806717439345e-10,891.1139097435732,377.570908794207,297.24392117702985,0.0649847438724581,0.0009910966891621335,4249.489143174811,558.7149026626123,0.039008296150889646,-0.03141670192414077,0.00012953367193703342,-0.001745923568314118,2.3129835266460588,-221.03856161927777
2.3417816846281992e-6,224.70077753466447,3503.769492159512,0.003974144926103653,0.0012661402335202728,3.0530375141679185e-6,365.25644737019223,3624.4087907111298,0.016753178789790463,0.003573153109219989,5.09734519027268e-10,892.6376317706762,315.5976981555804,215.73920609420682,-0.10395374356161631,0.0010000929191270914,4250.547888019456,554.8460763741717,0.039873761895434436,-0.03137629068134141,0.00012927352572741362,-0.0017356135636372545,2.312815841716252,-221.1676169119159
2.358157951785303e-6,224.7007776661284,3503.769490853267,0.0038661795259303453,0.00190478071791322,3.05136953608003e-6,365.25644824585174,3624.4087758652227,0.01658595680643508,0.004025605355424856,9.11297792240399e-7,894.163959220936,942.6606701443776,0.06688184753498673,-0.06254592999896798,0.0010151251883889613,4245.763358906671,573.7829601041884,0.0412256531493428,-0.029873254297821526,0.00014150229057922363,-0.0016927633182554772,2.314926980644693,-221.2822829548442
2.372020326475367e-6,224.7007776528711,3503.76949094173,0.004154897658582463,0.0019073565901780633,3.0516384323284444e-6,365.2564486139754,3624.408771608442,0.016802615975436683,0.004010464766987057,9.093436617984814e-7,895.6928965493844,937.3233505914471,0.051651077632362194,-0.06690898812601255,0.0010209440494290227,4242.902250672929,575.9215964030288,0.042067417560020554,-0.030136704868427955,0.00014506993228909624,-0.001687946967897923,2.3148503582974387,-221.17984755222216
2.3829446866889205e-6,224.70077764024458,3503.7694910234854,0.004327378417356578,0.001892770897888506,3.051284656226466e-6,365.25644894248217,3624.4087676222266,0.016925004867678003,0.003991259458094961,9.249500371176841e-7,897.2244482186707,930.412551994139,0.03993062166125474,-0.068921462520561,0.001023857142906934,4240.050687994698,578.3232386389667,0.042600992477032265,-0.030445255967127806,0.00014779593231038944,-0.0016844724145475018,2.314799248040066,-221.06477224710585
2.391325453764354e-6,224.70077762820026,3503.7694911272647,0.004419558409545152,0.0018758029741693086,3.050534183250575e-6,365.25644923036214,3624.408764031066,0.016983062521620608,0.003975375882128263,9.54551967019108e-7,898.7586186990748,921.5706248249832,0.03156680001822472,-0.07055146689545624,0.0010249151068784596,4237.457458934923,580.5896607103492,0.04292780274856381,-0.0307579603976611,0.00014991175931206415,-0.0016819746035267352,2.314772642967282,-220.950938550893
2.3977645341140983e-6,224.70077761599524,3503.769491277929,0.004459422404868629,0.0018626866530697943,3.0495228172970573e-6,365.25644948164035,3624.4087608516843,0.016999685133228703,0.003964906194028596,9.979586354877584e-7,900.2954124685195,910.88122126059,0.025924170503424597,-0.07282655130791844,0.0010248262259016784,4235.232834179428,582.5030912595356,0.04311684579213983,-0.03105551165499549,0.00015168545286691748,-0.0016801656104642293,2.3147676452999746,-220.84764053348744
2.402852543529734e-6,224.7007776027712,3503.7694914975245,0.004462813555757,0.001857965110031657,3.0482929156549842e-6,365.2564496980661,3624.408758106763,0.016987638399275046,0.003961543458900973,1.058210810468321e-6,901.8348340125876,898.4789156044937,0.022640413813279435,-0.0761767135681983,0.00102397883980253,4233.447803478214,583.8870152811736,0.0432060945877259,-0.03133141357908807,0.00015335631190934346,-0.0016788285864801208,2.3147827591660364,-220.7613784994704
2.4071617834630814e-6,224.7007775875938,3503.7694918101515,0.0044368225373968345,0.001867630638876798,3.0468139968982528e-6,365.256449878004,3624.408755858836,0.016952457437612988,0.00396868309993221,1.1421807692700318e-6,903.3768878245287,884.4645039025904,0.021756264648809354,-0.08069583683590464,0.0010225683714617,4232.172153872026,584.5384773170085,0.04321529733019637,-0.03158635287817336,0.0001552055672942177,-0.0016777783104374854,2.314820445285975,-220.69763778020734
2.4113345485717312e-6,224.7007775693015,3503.769492246199,0.004381035061186233,0.0018989115233510935,3.044973937285765e-6,365.2564500152328,3624.4087542327557,0.016893343783354293,0.003990886876396617,1.262583344548121e-6,904.9215784052761,-35.965038776746695,0.023679446880425115,-0.08611607531426668,0.0010205949167089452,4231.503036965067,584.1634807437185,0.04314629624825838,-0.031830663859452206,0.0001576871456129511,-0.0016768363739698875,2.314891134323316,-220.66260429486871
2.4163635199363303e-6,224.70077754645368,3503.7694928447795,0.004285887321521863,0.001965383797833479,3.0425365415298818e-6,365.2564500972402,3624.4087534461914,0.01680158707892032,0.004037557169491033,1.4422862807629138e-6,906.4689102634599,852.1633986195068,0.029106277115462226,-0.09166263517148703,0.0010177778064437446,4231.598646361859,582.2324246467631,0.04297759427775511,-0.03209364079831815,0.0001616116889545622,-0.0016757373346929247,2.3150175026596895,-220.6657844309493
2.4241900659371012e-6,224.70077751665352,3503.7694936663324,0.004124840680129685,0.002085718269940651,3.039028527563237e-6,365.25645009752293,3624.408753881688,0.016653589292485053,0.004121606499315657,1.721011043608068e-6,908.0188879154189,834.5862751792585,0.0385820034313962,-0.09575301348077889,0.001013309159047945,4232.731147679713,577.7061036870632,0.042646710237180564,-0.03245170588720977,0.0001684851220624325,-0.001673984598623028,2.3152433762165257,-220.7263677598327
2.4388724929440858e-6,224.70077747678317,3503.769494779825,0.003820962545564761,0.0022892235458144717,3.0334601088064863e-6,365.2564499513294,3624.4087562605464,0.016382717846492076,0.004262207653037815,2.1641301470779685e-6,909.571515885215,817.1589714404612,0.0525602889241426,-0.09509391582240555,0.0010049756241665023,4235.524711908556,568.1597428752927,0.04197231223830527,-0.03310178291415661,0.0001808421270104482,-0.0016705692144211254,2.315636421902368,-220.89266757417693
2.467537677421245e-6,224.70077742984776,3503.7694960699455,0.003103964310661693,0.0025365137351042594,3.0236784390907505e-6,365.256449457926,3624.408761619617,0.01576474342068533,0.004418093009524095,2.830763427708755e-6,911.1267987046455,802.7514163887872,0.07465857989425938,-0.07504004613939717,0.0009866100418021622,4241.563562773256,548.1485779657021,0.040359650910289535,-0.0345263411904641,0.00020020916034987687,-0.0016640313420920414,2.3162018626633554,-221.29112045246484
2.5150453006636474e-6,224.70077745134577,3503.7694956153623,0.0018050106417391316,0.0019943948826875516,3.0096107335223972e-6,365.2564484208603,3624.408759298575,0.014699981125544449,0.0039531704397989705,3.1942583051082245e-6,912.6847409132567,-97.61900666183269,0.07983581974142764,0.09625710856583204,0.0009560717229669794,4248.360031234216,522.4218295985312,0.03736864647172517,-0.037152499724595195,0.00019668906957338002,-0.0016538742488602762,2.3158162290053284,-221.63070184364756
2.608978368769959e-6,224.70077747236707,3503.7694947478863,0.0036556256614853075,0.0020581958699143754,3.0132862615895862e-6,365.25644922383134,3624.4087409127214,0.016180985386774448,0.004098663183541876,2.7302542112843248e-6,914.2453470583571,823.2505841820245,-0.051289497270602405,0.24524471562720324,0.0009887455541834748,4232.761309073545,526.4283312459655,0.042716861124122575,-0.03923256452799549,0.00019634668433401726,-0.001624996668867011,2.3152964770444804,-220.60106509115772
2.5416143905518897e-6,224.70077755829712,3503.7694914658696,0.004355981530454621,0.002319866467158593,3.042185019949895e-6,365.25644834055106,3624.4087841471505,0.016936381096235065,0.00427830722759274,2.8950524082914185e-6,915.8086216950308,567.7135505246183,0.12155289526687027,-0.0853029144648394,0.0010078024979180897,4232.81459846007,552.1120337250622,0.04303766700198387,-0.035497588314768035,0.00011248281873378513,-0.0016548557483810715,2.312488062556735,-220.57916339258202
2.454299411171402e-6,224.70077772203067,3503.7694871824933,0.005108864137596547,0.0016702200245162517,3.059950804291422e-6,365.25645073357714,3624.408743216648,0.01748995207673856,0.003825390538464884,4.429175346225166e-9,917.3745693861504,-218.86237359440204,75.39926601059773,-0.5317020874002949,0.0010189489691022659,4220.60894019497,590.8927873905251,0.04390403684284617,-0.03360551661375401,0.00011782870686923952,-0.0016696857908663123,2.312656054546054,-220.43523344087885
2.415657023715161e-6,224.7007777074826,3503.769487981267,0.005056839771706877,0.001853973896898273,3.062503206079353e-6,365.25644980386335,3624.408763826632,0.01750739304398805,0.003949222950503752,1.208681110074812e-7,918.9431947023908,369.7527305963039,1.6867760930195046,-1.771827671065527,0.0010377360481502189,4225.708750099651,593.1502353903276,0.04483607446870636,-0.031519283330660654,0.00011634017412450507,-0.001683373348333494,2.3124704648961267,-220.4966298922807
2.415920863870564e-6,224.70077766281136,3503.769489263731,0.0051093075090505695,0.001953908451267209,3.0603178934528087e-6,365.25644975348314,3624.4087607565352,0.017540759607921893,0.004007899444352917,2.872093423657282e-7,920.5145022222423,744.1162356593591,0.7663306894814137,-0.39693993210559875,0.0010355192517190208,4228.65559852441,588.5426826890044,0.04453628153727091,-0.03142445489236355,0.00012272327244495433,-0.0016863348520630554,2.3128081380619228,-220.73138491376807
2.412841090154259e-6,224.70077763273093,3503.769490225167,0.005096065080915231,0.0020803780797964797,3.059010549229188e-6,365.25644943948737,3624.408762970898,0.01753345443797153,0.004086431612263265,3.692324279144338e-7,922.0884965320231,783.9323691447815,0.5588654264617456,-0.20162207667471083,0.0010357367588216578,4232.540333774666,583.2087233932565,0.04434096244518691,-0.03110880750227147,0.000125445453206354,-0.0016903197067219382,2.3129444044422436,-220.99590597385333
2.409532451759769e-6,224.70077760965762,3503.769491037179,0.0050349871979556305,0.00221636705488591,3.0578580765757054e-6,365.25644902047765,3624.4087669438086,0.017489713522484962,0.004172078414254817,4.166227205428486e-7,923.6651822258963,792.402528946774,0.462463345579063,-0.12146383940580788,0.0010358536018981058,4237.065649187106,576.868138855847,0.044092616197861145,-0.030763317962345885,0.00012701381576635736,-0.0016944829421386004,2.3130250107403234,-221.29810168426926
2.4062754578238674e-6,224.70077759169823,3503.7694917490735,0.0049046394944706724,0.0023527152422251666,3.056554497671441e-6,365.25644851691874,3624.408772188987,0.017389653085737027,0.004258401356746289,4.3856938093047053e-7,925.2445639058777,791.5077174430722,0.41015317385823535,-0.07838182854962575,0.0010353513118173333,4242.208476602056,569.4956413928537,0.04374946874128865,-0.03041622888687078,0.0001279792194889267,-0.0016986071731495593,2.313080302642913,-221.63775172613438
2.403516890367871e-6,224.7007775781897,3503.7694923708164,0.004672660214907366,0.0024788151863059764,3.0548213250526407e-6,365.2564479467995,3624.4087784111343,0.017204590111799742,0.004338181722781445,4.3602192158502447e-7,926.8266461818533,787.1047323427409,0.38278778620046167,-0.052104930581463635,0.0010335875908081577,4247.899886813871,561.0783297017425,0.04326049124327665,-0.03010691685758004,0.0001284494890287742,-0.0017022599339733728,2.313116320521168,-222.00892430305996
2.4019055080285657e-6,224.70077756876947,3503.769492888225,0.004290950290417362,0.002570042943177601,3.0523179985607064e-6,365.25644734520375,3624.408785130393,0.016892631101349042,0.004393630215788574,4.0709253601737213e-7,928.4114336715915,781.5424599974696,0.3743307804641142,-0.035957611439835314,0.001029690182054709,4253.869605678808,551.9023572723414,0.04255916189821106,-0.029895520243733525,0.00012837252223841264,-0.0017047149654195208,2.313130366786345,-222.39737517090947
2.465876170770312e-6,224.70077755601483,3503.7694937624133,0.0035029835904068743,0.0028084217146825898,3.0448086741167694e-6,365.2564461329263,3624.4088049631323,0.016278698332002465,0.004534002417038586,7.357301794497304e-7,929.9989310007563,468.4544581107094,0.166650682544231,-0.010148913317328666,0.0010262359628081278,4265.169506374098,520.5185513315461,0.042112130511760056,-0.03102072960197098,0.00011319692103849836,-0.0016779497223858672,2.312836764785827,-222.75040794701795
2.4667959092708215e-6,224.70077755636188,3503.769493779145,0.002731551260994382,0.0027481557657048758,3.039848137622195e-6,365.25644596005606,3624.4088064139173,0.01564221949772193,0.004492076906382734,6.896275215051007e-7,931.5891428029217,463.2780335949181,0.15106648871896983,-0.004118156329214296,0.0010183562241785832,4268.191053709572,514.0463103741853,0.04119086348541017,-0.03129280358003002,0.00011152644972536094,-0.0016754450570857877,2.3126711864115053,-222.97110751731861
2.478275574644921e-6,224.70077755470905,3503.7694935165523,0.0014137746371987406,0.0024802812234641903,3.031160602452247e-6,365.2564460104619,3624.4088046381376,0.01454796127238235,0.004296239623513406,6.376643185320524e-7,933.1820737195845,466.0465226456908,0.12158921948222201,0.00947776250002139,0.0010024696112811173,4268.513801782196,507.6737131996001,0.03977548863778227,-0.03243762450320864,0.00010794811290365477,-0.0016653481346811762,2.312331087086683,-223.10263946076952
2.609390973656085e-6,224.70077752392697,3503.769491989109,-0.003164254121178672,0.00038313350256775035,2.998949434456014e-6,365.2564475808718,3624.408778789082,0.010690949307035805,0.0026247020543553323,7.746375927607188e-7,934.7777284001778,550.07162430501,0.13185602430305418,0.06503922997147284,0.0009516686504039883,4254.257645099434,476.6925978107348,0.03788588309841348,-0.041379891068087295,0.00010090382381876916,-0.0015844504365100853,2.3109172409572074,-222.86453251213848
2.6461570759148985e-6,224.7007776402001,3503.7694885637698,-0.007002679636677019,-0.0009887429259255991,2.975363567917337e-6,365.2564488704271,3624.408761803205,0.007558786480729285,0.0015504445961404606,1.2133010401243585e-6,936.3761115020851,538.8577004629369,0.15858483340924182,0.05268806795855736,0.0009162667979705619,4236.937534408097,491.99229835321904,0.0355348882722272,-0.04535461634017688,9.570022034664906e-5,-0.0015479191635450037,2.310548821912067,-221.95381639642045
2.6443891495752696e-6,224.70077781069645,3503.7694846575987,-0.010317689904816848,-0.0016005021795266097,2.9561235230704463e-6,365.25645022198995,3624.4087456139946,0.004880640828391317,0.0011039772418106543,1.574715520224514e-6,937.9772276906533,519.5457393700511,0.16268173369188094,0.041553618042083275,0.0008836350763691234,4216.543645921261,532.4878704835738,0.03238351613140041,-0.04693242363396983,0.00010631900686033151,-0.0015321240231422032,2.311012757136066,-220.72388531545727
2.641309996357003e-6,224.70077791510582,3503.7694825308668,-0.011407215367257839,-0.0014349593739061506,2.9501229410087757e-6,365.25645107763665,3624.4087371367227,0.004012064429015726,0.0012591145904906225,1.7136593026238776e-6,939.5810816392068,502.3160815722298,0.16282187831455286,0.038545897841210354,0.0008703130063810637,4202.826392901328,564.7997622349259,0.03108552999055512,-0.04684296862849001,0.0001206229476757883,-0.0015273555468920945,2.311556347479774,-219.5834433143946
2.535029882789821e-6,224.7007779234362,3503.769482576742,-0.011182504320942099,-0.0011190531033000253,2.958790324919705e-6,365.25645084365874,3624.408743421965,0.00430830376950376,0.0015649703531358781,7.250670817025701e-7,941.187678029061,165.15927511199106,0.3694579031264443,-0.04347714504448358,0.0008805248098972561,4196.379438017082,597.9381711363858,0.031012991297595733,-0.04319776257024268,8.218957783441493e-5,-0.0015605011685446955,2.308877557881349,-218.75839061563295
2.5354317734338467e-6,224.70077795902895,3503.769481817168,-0.010274355806652915,-0.0005140759745281871,2.9641592488635407e-6,365.25645140621214,3624.40873687478,0.005054025753287112,0.002022224837007065,6.737520228769994e-7,942.7970215495347,147.9129516780049,0.3838741533694362,-0.04633214429252056,0.0008839772133443632,4191.554369496201,611.8279863048451,0.03170159315697524,-0.04230011933957649,0.00010596547942072436,-0.0015638655721126635,2.309743988754966,-218.0556391465016
2.5360561004160797e-6,224.70077798090244,3503.769481328733,-0.00912617328314706,7.187200864334498e-5,2.9707670951286234e-6,365.2564518897826,3624.408730438221,0.005989546159744115,0.0024499817181306443,6.086397706832292e-7,944.4091168979684,129.49617696284957,0.40368485924933417,-0.0546522091524675,0.0008879665422941534,4188.5035045098375,621.8777197862831,0.03246031070555277,-0.041462174555465706,0.00012821215337016002,-0.001568227526284605,2.3106093403311054,-217.59402478318236
2.535068334826903e-6,224.70077799226164,3503.7694810569437,-0.007909097503648778,0.0005738120466076656,2.977651742073738e-6,365.2564523303973,3624.4087238763364,0.00697671294969022,0.0028026399454680545,5.379689789649165e-7,946.0239687797309,109.42861435871126,0.43137814800408303,-0.07022415365607092,0.0008912232329043305,4186.603870804821,629.2525589861513,0.033142198627341704,-0.04075417148997138,0.00014778026019135885,-0.0015738791029809524,2.3114313977264787,-217.30934294806758
2.5313045132986934e-6,224.70077799457448,3503.769480977558,-0.006684260804666725,0.0009709281144948922,2.9844545562589374e-6,365.2564527449913,3624.408717146303,0.007966403818955293,0.003068065691067259,4.628650552221617e-7,947.6415819082387,86.63832282091204,0.4723539417296485,-0.09698552945503564,0.0008931794232693426,4185.530908144319,634.6393809849986,0.03368087290100625,-0.040191818289482636,0.0001643490990809185,-0.0015814043685402003,2.3122007163132072,-217.15345554018396
2.5242678030008427e-6,224.7007779888822,3503.769481069068,-0.005470799342692726,0.0012574701063600817,2.991059755340355e-6,365.2564531412306,3624.4087102687163,0.008943564480041393,0.0032448059667767254,3.8257299775195174e-7,949.2619610049669,58.899375468799654,0.5366578384099747,-0.14280973339247177,0.0008935610803591152,4185.040550154898,638.5362017726383,0.03404466783838085,-0.03977616773358393,0.0001778704236263665,-0.0015911992458801263,2.312913878800075,-217.09704701695955
2.514415470982896e-6,224.70077797576636,3503.7694813135013,-0.004272513517762226,0.001433310113940038,2.9974548524271526e-6,365.2564535116968,3624.408703415252,0.009905648811513885,0.0033351798518511276,2.9632876914575223e-7,950.8851107994644,21.075971454978827,0.6463076750934388,-0.22489382448645162,0.0008922676378741217,4184.981221010182,641.2067235426133,0.03421603532163798,-0.039508393897834275,0.00018831885811784117,-0.0016031587607039362,2.3135586512924093,-217.12654955272527
2.503050477052682e-6,224.700777956525,3503.769481672957,-0.0030921919651580895,0.001512584215822969,3.00363380199371e-6,365.25645383876866,3624.408696874872,0.010851093853368856,0.0033530491149412704,2.0252246978839818e-7,952.5110360293672,-43.05012844144348,0.8708160655446229,-0.3969398193155332,0.0008893448374748313,4185.233870479193,642.7330983641541,0.034191720688111785,-0.039391572573341006,0.0001958122609470529,-0.001616731640842988,2.314118079442058,-217.24009207727119
2.493356091201999e-6,224.70077793248174,3503.7694821055325,-0.0019490438469610492,0.0015085607895680103,3.0095746768749096e-6,365.25645409495394,3624.4086910347078,0.011765176081076616,0.0033097917923457514,1.0518449003479608e-7,954.139741440412,-203.00671779952427,1.5237801337934995,-0.8857489036741542,0.0008849678377073632,4185.66765547547,643.1431343062685,0.03397741401186891,-0.039437009583560376,0.0002003274095343627,-0.0016299984968552532,2.3145467824332893,-217.44358264405196
2.4905076638941827e-6,224.70077790741007,3503.7694825215513,-0.0009029231238438338,0.001457867894547189,3.015286129435494e-6,365.2564542557935,3624.4086862361514,0.012602306001333203,0.003225236993972377,3.112011141320748e-8,955.7712317864502,-899.6821230218954,4.7912597390648735,-3.131025893828781,0.0008797510586955726,4186.172478984305,642.3461053270574,0.03363714867309924,-0.039644329401962275,0.00020108629314164942,-0.0016388533314693693,2.3147446118566632,-217.74723125812758
2.4952930260836157e-6,224.70077788492685,3503.7694828767494,-1.7966403528686232e-5,0.001404906217139593,3.020833220355098e-6,365.2564542899974,3624.40868301883,0.013318707998511061,0.0031157844162471885,1.6641164437759494e-8,957.4055118294622,-1645.5910896585167,8.769649725503116,-5.521311612609052,0.0008753114917375816,4187.287270495072,639.6215521796651,0.03332304921502163,-0.03990019645342619,0.00019634595923561952,-0.0016409649284059211,2.3146505797931263,-218.17131168593644
2.311079411166652e-6,224.70077779407157,3503.7694846316613,0.002514134800870102,0.0006398371413822147,3.039554109342478e-6,365.2564535003058,3624.4086959697947,0.015498793023286597,0.002767725349964678,1.2131414103237459e-6,959.0425863395707,259.5998678801802,0.013560242706843877,0.1072841629647838,0.0008572516089536678,4204.85485810181,618.9740976741834,0.029994933088893824,-0.03930868262803912,8.087810468432144e-5,-0.0017397232155459234,2.314471617122718,-218.6168745607656
2.282778983534334e-6,224.70077776540157,3503.7694849459795,0.0033861952899317347,0.0004513211508428305,3.044099946053969e-6,365.2564533797481,3624.4086955034772,0.01621171828794802,0.0026442675022781813,1.2956404419424506e-6,960.6824600950549,236.87845497429325,0.00854204226354386,0.09364355158972665,0.0008465647531543919,4206.8344668528025,614.5365233234994,0.028535329125445937,-0.039856931722730575,6.871599220450319e-5,-0.0017595801516200917,2.314616923735269,-218.94971198037553
2.2577774920769494e-6,224.70077773537622,3503.769485254225,0.004191785653705308,0.00032229293209938884,3.0481257103577587e-6,365.2564530806316,3624.408697734789,0.01687481813866485,0.002581537059532419,1.3790503708458514e-6,962.3251378823644,214.13762097243446,0.005140238126447602,0.07997753753686329,0.000835443845226522,4209.6979361614485,607.2362192456904,0.026877778807667542,-0.040566961838971266,5.572258647651608e-5,-0.0017779566679397801,2.314697755458707,-219.374960473862
2.2315848122770966e-6,224.700777702176,3503.7694856406893,0.0049076001609119025,0.000278861111983734,3.051518041749704e-6,365.256452596873,3624.4087030228443,0.017466699893373083,0.0026003327601958432,1.4646332732259818e-6,963.9706244961332,190.41446826186515,0.003016093827584891,0.06594258246824802,0.0008249141741553399,4213.970997804147,596.1784197396186,0.02513794946061492,-0.04139378121710794,4.2566867571177075e-5,-0.0017967657049366397,2.3147657722936636,-219.877004812493
2.1961377936207623e-6,224.70077766275907,3503.769486240839,0.005493473532961733,0.00034045245903919455,3.0540867574282648e-6,365.2564519345493,3624.4087116929923,0.01795078683226121,0.002714892721517642,1.5614490934040522e-6,965.6189247391927,1130.3358441649702,0.0027948437294639723,0.05135444927573369,0.0008166251393843759,4220.278960343734,580.3516596831244,0.023544031690260498,-0.04225509917190691,3.0135431977870018e-5,-0.0018194256743027637,2.314911520385094,-220.4226839323497
2.1405684042603394e-6,224.70077761430952,3503.769487207734,0.005875952224627821,0.0005254792243759403,3.055521247614191e-6,365.25645110869203,3624.408724056095,0.018263819481624623,0.0029353973991000926,1.68907302834984e-6,967.2700434225897,136.61244018520006,0.005857111424825494,0.03721839453334449,0.0008131868914364228,4229.246664391455,558.7495629807465,0.02249828092711864,-0.04301223888264875,1.9565529295295693e-5,-0.0018502760635284725,2.315256263505281,-220.95867246966841
2.0566415540759396e-6,224.70077755858213,3503.7694885896967,0.005924055230240873,0.0008471655647877824,3.05528882222035e-6,365.2564501526664,3624.408740047668,0.018299249021309805,0.003263094880883088,1.8728145698547847e-6,968.9239853655944,1076.1634618338467,0.01274612161323157,0.02651636455840088,0.0008182879135258481,4240.954443997437,531.3674935466398,0.022586544083806098,-0.04345722827495225,1.217071395633604e-5,-0.0018917288633915241,2.315898028316425,-221.41633408370183
1.9549974213260228e-6,224.70077750682708,3503.769490138516,0.005491152388694652,0.0012876821103566325,3.0526903878465607e-6,365.2564491388704,3624.408758371006,0.01794076080062297,0.003673969191666711,2.1082739753668812e-6,970.5807553957186,79.49515868907405,0.02095284317620111,0.021919616953771568,0.0008347165452573007,4253.814481479196,501.2508320894677,0.02424103050204062,-0.04341563328587498,9.352589546542426e-6,-0.0019371613980580374,2.3167674778725527,-221.73698906755723
1.8730537791528501e-6,224.70077747470418,3503.7694913651508,0.004577492728798453,0.0017881387396749035,3.0475143785012316e-6,365.25644817383005,3624.4087763471066,0.01719069317684905,0.004119859540989928,2.3249695656032283e-6,972.2403583487285,1027.605776237905,0.027341234916470055,0.02188416255227682,0.000860597388897384,4264.71470713093,474.2621553785081,0.0271635505866196,-0.04294194254319921,1.2093627680809526e-5,-0.0019687194480187986,2.3175621993536257,-221.91194686283723
1.8547080006370679e-6,224.70077746693474,3503.7694920182694,0.0033818900767620835,0.0022839214022316204,3.0404292721840514e-6,365.2564473437894,3624.408791557139,0.01620755151278895,0.004557486290440528,2.4161857650912942e-6,973.9027990686593,1008.7248630386614,0.0321564608024878,0.02310780491894879,0.0008900797433146937,4271.502676716021,454.70989109042404,0.03051922989529272,-0.042263131699330006,2.0375254865848943e-5,-0.001967134744487354,2.3179004694497993,-221.98531703965816
1.9186576429526523e-6,224.70077747092247,3503.769492399226,0.0021694720216927257,0.0026822172550846858,3.0325850582981427e-6,365.2564467003952,3624.4088029608415,0.015195005935754374,0.004921886006612386,2.309833300734663e-6,975.5680824078287,992.7450528993559,0.03787977933571813,0.023910595028131768,0.0009181374112360013,4274.531034900673,443.19233955741294,0.03364675799442456,-0.04148413233483067,3.338090737004498e-5,-0.001925952781067435,2.317554708570777,-222.00142965122515
2.045126917378001e-6,224.7007774674263,3503.7694930669186,0.0011678935823642002,0.0028699712557996465,3.025235253398838e-6,365.256446287656,3624.408810370326,0.014325798857008978,0.0051258499744712945,2.016594979347146e-6,977.2362132268518,979.0779737442676,0.047409889421428146,0.023622270232943225,0.000942149595637959,4275.611978232096,438.25686410705725,0.036238806699649045,-0.04055420301372114,4.988501893898036e-5,-0.0018575471349905903,2.316591111496189,-221.96085241945298
2.195550463029566e-6,224.7007774459849,3503.7694943305546,0.0005036025089227787,0.0028110707223135134,3.019330991612497e-6,365.2564461409799,3624.4088137858316,0.013704153561711115,0.005136225836212146,1.6107155159835458e-6,978.9071963946545,967.0813709188725,0.0642658297351822,0.02069989626052954,0.0009609092494702393,4276.3619848661965,437.9020235297829,0.03823194671772405,-0.03945370030520648,6.833155322598032e-5,-0.0017825498928565105,2.3152878112396476,-221.83064069079128
2.3377598762542293e-6,224.70077741004445,3503.7694960751633,0.00017849830781064419,0.002576686589560434,3.0152263273102862e-6,365.256446276229,3624.4088131915,0.013349485758724263,0.005001526063045115,1.1806763853904949e-6,980.5810367884885,955.2569014275834,0.09371051953253848,0.010234703583618431,0.0009742118226205909,4277.550414201828,440.0271157884687,0.03974365877798698,-0.03827654552747007,8.68207062002291e-5,-0.0017165593872921776,2.3139500919808,-221.5802735269751
2.454466745833706e-6,224.70077737167802,3503.7694979230146,0.00011654585796178331,0.002295022647909884,3.0128534261987718e-6,365.25644668540167,3624.4088086509482,0.013222838945574774,0.004814072655280736,7.941114488808793e-7,982.2577392939448,939.4351531528529,0.14395628385889478,-0.020177163957255394,0.000982664002527477,4279.217712006651,442.78321011499787,0.04099105978423754,-0.03718490814885382,0.00010359352010635502,-0.001666215840013795,2.3127912831096396,-221.2030453922329
2.538497666402786e-6,224.70077734330644,3503.7694995065904,0.000187996238315387,0.002084168607476013,3.0119236226226944e-6,365.2564473163181,3624.4088007694504,0.013233116503668861,0.00465746893553689,4.84047073157995e-7,983.9373088049687,910.1199705106518,0.23350782295199443,-0.09262424548748166,0.0009886798921720965,4281.066218184107,444.83956740295395,0.04230294133763607,-0.03627888798353221,0.00011799343985335099,-0.0016319779926408974,2.3119294928173315,-220.71633310199226
2.592013397005535e-6,224.70077732864667,3503.7695007551197,0.00026424575467890723,0.001969964291467557,3.0122504555239258e-6,365.25644808377297,3624.4087906227483,0.013270303973708713,0.004542726003490405,2.3842482065035534e-7,985.6197502238732,849.6262363698826,0.4862823849493789,-0.24036792240514254,0.0009961624868102914,4282.649172674241,446.356687243613,0.044022187681158335,-0.03548278173067137,0.00013101170210931141,-0.0016097510613615673,2.311356168718265,-220.14922723197714
2.6226538273526294e-6,224.70077731652725,3503.769502125985,0.0002122153244574966,0.001808448799441776,3.0143235271213065e-6,365.25644886808874,3624.408779819675,0.0131916902124731,0.0043425288015212695,5.5558557859252446e-9,987.3050684613531,1179.8460182471194,24.40447719329016,0.9469103798518754,0.0010123458332585201,4283.5083738199255,449.84020022576846,0.046566288091164795,-0.03438520921334259,0.0001444491329883373,-0.0015915934118561387,2.310931289007789,-219.52505337579063
2.644746910476771e-6,224.7007773136063,3503.7695027015666,0.0009148517922737753,0.001993037486315407,3.018222942361079e-6,365.25644983699897,3624.4087661898043,0.013783269385832417,0.004480256358926844,3.4556107936427572e-9,988.9932684365032,815.5312273343318,43.16490406314166,-0.1671004536418259,0.000995383572531695,4284.917832794092,446.75769058137735,0.04690213985067564,-0.0348457805202308,0.00014867168657020218,-0.0015862891994819707,2.310796744535176,-218.87974048681536
2.6610644998728788e-6,224.7007773065704,3503.7695034749518,0.0018019566458851762,0.002169978995886028,3.023463354426289e-6,365.2564507960635,3624.4087524309207,0.01451059820756465,0.004590066617298118,2.5577370212759905e-9,990.684355076826,782.6453959396842,63.771714142530485,-0.22152691789722556,0.0009763146582215572,4286.461037201296,443.5479030296301,0.04729505439291935,-0.035362128426487595,0.0001522346614581063,-0.0015843524015398884,2.310708167618933,-218.25415195045068
2.6717763363288094e-6,224.7007772961269,3503.769504440113,0.0028836818437597547,0.00234845599811202,3.029979603920821e-6,365.2564516798947,3624.408739433034,0.015379833087334913,0.00468149498401303,2.222653345327391e-9,992.3783333182511,1004.3723593646076,79.80049928383646,0.5296590957128868,0.0009549866763156343,4288.021670656449,440.37704203992763,0.04771271859772621,-0.03590936574786828,0.00015507812099199795,-0.0015860964136147667,2.310666722456044,-217.67834227885973
2.6771573330403138e-6,224.7007772833195,3503.769505586312,0.004165771981361562,0.0025424134234651274,3.037673577518394e-6,365.2564524153547,3624.4087281863067,0.01639500972904589,0.004768305298544499,1.695672441300501e-9,994.0752081051477,720.2696915644127,113.09822141557312,-0.325699671195596,0.0009313303625962234,4289.524186972141,437.3524087092658,0.048112740102626304,-0.03644161295600666,0.00015710484435759424,-0.0015918300166197256,2.3106707975571568,-217.1903620352136
2.6760692174293095e-6,224.7007772711713,3503.7695068695975,0.005572364892772185,0.0027813109438826634,3.0462911137590125e-6,365.2564529032667,3624.4087199947294,0.01749660071967423,0.004874454869729559,1.7542395871710113e-9,995.7749843903396,651.5904951770051,117.31335638060135,-0.4994698084466712,0.0009073410959735388,4290.7544651529,434.78489178920694,0.04858952059789239,-0.03681014811687129,0.0001586623736313457,-0.0016011400095121875,2.3107338503919794,-216.83626093536753
2.667755769918031e-6,224.70077726264208,3503.7695082349433,0.007014902554827928,0.003090385490196954,3.0554664923626222e-6,365.2564530603786,3624.408715917848,0.01861837428146401,0.005022545504684309,4.327395515959628e-9,997.4776671351194,1016.3748686028193,50.59660083055415,0.6933783563345679,0.0008846392629673499,4291.449408033064,433.25130265888833,0.04917926164136341,-0.03683654537369565,0.00016011647515391082,-0.001613549326302823,2.3108711687331,-216.66780611851797
2.640119034694693e-6,224.70077727489956,3503.769509273453,0.007665530254894082,0.0035472114935278746,3.06300253744481e-6,365.25645265524196,3624.4087184995756,0.019117529315300946,0.0052664429219222205,2.090437588311897e-8,999.1832613092631,2284.50265089386,9.81106381205988,4.7887556593497,0.0008798314508181778,4289.149184948556,436.8597624365808,0.05097786044136681,-0.03571088660390946,0.00016555275473136794,-0.0016214719548291441,2.311262390105599,-216.722179380068
2.614794582347729e-6,224.7007772879521,3503.769510326369,0.008476232398390052,0.004049174939289842,3.070510274938104e-6,365.2564519392824,3624.408725105311,0.019751739068752903,0.005552056232823136,1.9452913679268428e-8,1000.8917718910444,3202.862715909082,9.359526046745497,7.737513899964719,0.0008699268304295615,4287.058784898937,440.76259692252046,0.05200218531605333,-0.034356314461648094,0.00016846054831888292,-0.0016337534851174364,2.3116033107102822,-217.07698497819888
2.5869483657589218e-6,224.70077731074426,3503.769511001881,0.009002273397458823,0.004594492359375341,3.0764453781742054e-6,365.2564508355571,3624.408736765689,0.020181452615050423,0.005877891327848234,1.7100129123026462e-8,1002.6032038672498,4224.739893996305,8.688564987913598,10.994727669363916,0.000863027521938136,4284.34808573791,446.1080422582426,0.052474143627890386,-0.03257580380164694,0.00016938196780732717,-0.0016467897981301645,2.311944431405608,-217.7967274489292
2.558636437947293e-6,224.70077734460543,3503.769510878069,0.00896991571470262,0.005043574167102012,3.078917244873652e-6,365.256449411466,3624.408752960083,0.020197127696912186,0.0061451368261302665,1.3344912031397776e-8,1004.3175622331921,5621.611955997418,8.23637137284002,15.406494743375097,0.0008624473677234416,4281.002500004622,453.00707908798427,0.05195556387735331,-0.030636629252856266,0.00016649677195294688,-0.0016588664708651756,2.3122151850168002,-218.9262251614196
2.506219217245439e-6,224.7007774109907,3503.7695077786807,0.0045500262338854245,0.0035240651037943406,3.0590684484458315e-6,365.25644776790904,3624.4087700226896,0.01671565678533715,0.004934572733137245,1.2666127011695314e-6,1006.0348519927262,440.7399726891468,0.06968472688471415,-0.12202106764350977,0.0009452992623227327,4265.926353852914,497.10790840123946,0.05056943291905369,-0.025855436191163258,0.00014089062006843867,-0.0016163938882436078,2.312865131054982,-220.28310911743245
2.470241112281402e-6,224.70077751843354,3503.769502053908,-0.00029226786301043506,0.002470266565346185,3.0336886872222098e-6,365.2564473788322,3624.4087701710164,0.012914571895828826,0.004191863587646128,1.4365280080650872e-6,1007.7550781582629,471.98759660705633,0.04001095841025051,-0.07058629156580809,0.001035467236738872,4250.957858663086,529.1039309534644,0.048505730266024755,-0.024165465668261946,0.00013659900344256605,-0.0015994368325916782,2.313115509434483,-221.38757898095164
2.4356789022868936e-6,224.70077763931116,3503.769494088093,-0.005929346591011903,0.000760597678366427,3.0042199162630344e-6,365.2564488796616,3624.408744615693,0.008435299824993041,0.003052545658192792,2.0215248410052917e-6,1009.4782457507837,497.25863102706626,0.05946372449956873,-0.023236215684721197,0.0011708368761070218,4234.410271540833,566.646426173765,0.04664574003025048,-0.023588726221406644,0.00014969912149739292,-0.0015619315977618133,2.314164074535035,-221.56210446375775
2.4134657043190197e-6,224.70077766516982,3503.7694888866263,-0.00930172906139947,-0.0005884568103254309,2.9856800303924577e-6,365.2564513732869,3624.4087085157817,0.005724665165169353,0.0022254176590410127,2.541750761297084e-6,1011.2043597998545,497.2084564845082,0.080845423268391,-0.007494457148446394,0.0012790247601341717,4229.71902065647,580.7245517700183,0.04512420362784537,-0.02400048025195753,0.0001734410304603381,-0.0015354044297447229,2.315501459050093,-220.5164908629509
2.405567853122289e-6,224.70077760729166,3503.7694870696605,-0.010717667119633893,-0.0013298067748010343,2.976111507259139e-6,365.2564537535579,3624.4086761043704,0.004581764573713181,0.001834109120216409,2.758068819703032e-6,1012.9334253436444,488.03993177071936,0.09485504902852183,0.00043332100824377894,0.0013407696318513851,4236.147432059123,570.4362956742976,0.04389257380309722,-0.024708956722987906,0.00019438185262141987,-0.0015262282644583679,2.3164083068653003,-218.68297949027112
2.408377318878791e-6,224.70077751752294,3503.769487231647,-0.011062002777046238,-0.0016505191904467008,2.971714519951816e-6,365.2564557702895,3624.4086490537834,0.00431421230609984,0.0017085058025189405,2.760320311958177e-6,1014.6654474289344,476.0600209816913,0.10497186431952427,0.00636181340937533,0.001368039341872312,4247.512754916881,547.9399753391017,0.043024815056486726,-0.025540546302682866,0.00020795145208129962,-0.001526402297220032,2.3168087553980645,-216.5511563885059
2.416906237843652e-6,224.70077742630713,3503.7694883890213,-0.010795742749311922,-0.001723872622715065,2.970751159866107e-6,365.25645735594566,3624.40862734862,0.004548302595826006,0.0017114900841995215,2.6501114880047413e-6,1016.4004311111357,463.14231816164613,0.1122436443377271,0.011046431061086702,0.0013711419336292477,4259.687755145147,522.2309747673509,0.04250618723646747,-0.026484661350370014,0.00021424755942341076,-0.001530889366185277,2.3168499939148073,-214.46539224092683
2.4270420882740037e-6,224.700777346936,3503.7694899594767,-0.010164290546063878,-0.001666993360723981,2.9722096593336764e-6,365.2564584681419,3624.4086112274276,0.0050792577940911195,0.0017630317461593316,2.492996145933104e-6,1018.1383814543041,449.93550092629465,0.11711534891382815,0.01447549143005361,0.0013578504385518418,4270.641434445839,498.1652659133553,0.04223939072743516,-0.027515997134640247,0.0002147998028192927,-0.0015374810719897913,2.316684517348471,-212.62355712624202
2.43658481379749e-6,224.7007772826266,3503.769491627952,-0.009319927534737055,-0.0015464208211887398,2.9753138788820263e-6,365.25645910782913,3624.4086007018723,0.005779565831530333,0.0018275870182965631,2.3259703093541686e-6,1019.8793035311543,436.64775418058855,0.12008845084196829,0.016740571564881953,0.001334571512834395,4279.778029835259,477.4616314706316,0.04210961595420342,-0.028579732748481787,0.00021141091468260964,-0.001545090727688355,2.3164171146903936,-211.1021780724254
2.4448343551068037e-6,224.70077723202542,3503.7694932512,-0.008362153050047054,-0.001392881089920362,2.979469809378083e-6,365.2564593217711,3624.4085953340755,0.00656770626571881,0.0018957775319029192,2.1664460740847276e-6,1021.6232024230748,423.3085003697347,0.12174388474403702,0.018122980518801398,0.001306171300042417,4287.233709604215,460.1266065550786,0.04202767456932349,-0.02961324923344086,0.000205582659838412,-0.0015531105025649592,2.3161052880690276,-209.90001111505492
2.4519264450040567e-6,224.7007771922271,3503.769494787384,-0.007351776522223,-0.0012153994320872163,2.984272726239793e-6,365.25645917501583,3624.408594514922,0.007395404304306091,0.0019707528644204515,2.0203109108286493e-6,1023.3700832201431,409.873122911447,0.12262948596069372,0.019011692505090428,0.0012758622354638878,4293.442766716289,445.3889194067233,0.04193725920019595,-0.030569537669407298,0.0001982976081457784,-0.001561200111036259,2.315772155681963,-208.98187511954575
2.457814746470495e-6,224.70077721148272,3503.7694955010184,-0.00634197796331678,-0.0008370889917820501,2.9790259735193564e-6,365.2564591853124,3624.408593916391,0.008229974768857132,0.002206542289546529,6.123469869555147e-7,1025.11995102114,693.3661050772332,0.12637751281200812,-0.34348139926652627,0.0012505966591198367,4301.313722652111,428.1271110108385,0.041919253112724236,-0.030720523538064672,7.539384327174127e-5,-0.0016622933767102429,2.3102418747308238,-208.2957552255323
2.4618924064111306e-6,224.7007771751534,3503.7694971860496,-0.005258360105135691,-0.000688417672040131,2.985814877796232e-6,365.2564585407055,3624.4086004912315,0.009108962944890683,0.002240315636179586,5.8545016642044e-7,1026.8728109335648,682.1807502431346,0.12867902739647846,-0.3351842733914789,0.0012207432065292774,4306.624243478649,416.5959658203911,0.04172993284664091,-0.03142961103678563,7.171980098699497e-5,-0.0016623027566717368,2.310234801668121,-207.79489076231633
2.465693908956891e-6,224.7007771461342,3503.7694987283858,-0.004191255730820417,-0.0005187586848997608,2.9925827982262857e-6,365.256457649236,3624.408610723228,0.009975188982638274,0.002291583967956738,5.60336533485174e-7,1028.62866807365,670.7087648175751,0.13062522703887422,-0.3273068612471791,0.0011922674658623553,4311.293631078281,406.2863260476269,0.04152421502256377,-0.0320470137238508,6.79347202489114e-5,-0.0016631037334854713,2.310220818342814,-207.4884773739603
2.469174033605509e-6,224.70077712283162,3503.76950014601,-0.0031506921225212974,-0.00033121914830101427,2.9992675003845124e-6,365.2564565415147,3624.408624396619,0.010821200320752995,0.0023594252073668776,5.368085918114274e-7,1030.3875275663768,658.7605900071546,0.13338293222007935,-0.3197535170765189,0.0011654229997232661,4315.442374169409,396.997529128417,0.04130078587747678,-0.03257063166639838,6.399375596530767e-5,-0.001664580607396448,2.310197050335153,-207.34903271896127
2.472301558151819e-6,224.7007771039227,3503.769501452776,-0.0021436565367289736,-0.00013056856889675364,3.0058103738627923e-6,365.2564552376457,3624.4086414210537,0.011641398656261586,0.0024410246082891144,5.148102793255061e-7,1032.1493945454893,646.2678591404268,0.13733539470710682,-0.3124242848656879,0.0011403251658922147,4319.156180453595,388.5894294783371,0.04106146244734987,-0.03300718430163424,5.9849190654524214e-5,-0.0016666477866881444,2.3101612738991273,-207.3522448047076
2.4750367407816207e-6,224.70077708829578,3503.7695026584033,-0.0011762097019628276,7.487443904396925e-5,3.0121526794875713e-6,365.25645374993366,3624.408661774757,0.012430524754462541,0.0025305361866677432,4.938718063165923e-7,1033.91427415351,633.1312937100479,0.1425237640772493,-0.3055714781491505,0.0011170293760106211,4322.477046121515,381.0180078855932,0.04081032885159418,-0.03336768278178206,5.549822168866866e-5,-0.001669202447187898,2.310113767639225,-207.47540752948262
2.4773707381862186e-6,224.70077707521844,3503.7695037639737,-0.0002549795907255636,0.00027861425991772607,3.0182226518607933e-6,365.2564520819652,3624.4086855048763,0.013182557265323056,0.002623431203958983,4.7471740212315457e-7,1035.6821715417532,619.5122936861632,0.14866996551353345,-0.2987258199267818,0.0010955907675467083,4325.429932877187,374.2410765537737,0.04055553064269301,-0.033668199788673935,5.092195854344891e-5,-0.0016721548014360496,2.3100544485300465,-207.69630884134267
2.4792387514809953e-6,224.70077706408074,3503.769504769076,0.0006132302008202325,0.0004707907233237375,3.0239488807306072e-6,365.25645023173064,3624.4087126670966,0.013891262666836983,0.002712453311029671,4.5788968754835225e-7,1037.4530918703451,605.5642713145972,0.1551860320816073,-0.29168786310385897,0.0010760411719167781,4328.006344534117,368.3069277532385,0.0403048339182481,-0.033923389078407654,4.613368884807697e-5,-0.001675421432475774,2.3099854160740425,-207.9929429270153
2.4806720170749466e-6,224.7007770545813,3503.7695056686835,0.0014211421248058504,0.0006467398475928063,3.0292566502074604e-6,365.25644818990554,3624.4087433673203,0.014550106820808966,0.0027943438147696197,4.4469447747537483e-7,1039.227040308232,591.597086713051,0.1612132677987034,-0.2838354902679353,0.0010584142461824257,4330.2147425126495,363.1747795930513,0.04006855321716454,-0.03415034918091359,4.1126170715746836e-5,-0.0016788939151279171,2.309906836201234,-208.34396872337828
2.4817229070846098e-6,224.7007770464875,3503.769506459797,0.0021635071841117925,0.0008014295487094728,3.034095206283527e-6,365.2564459427768,3624.4087777215614,0.015154380676120408,0.002865351783968462,4.352401282676649e-7,1041.0040220331996,577.6635800084811,0.1659610613913955,-0.2755513711832864,0.0010426679754623734,4332.050353091024,358.8499075432053,0.03985217174825666,-0.034362870671038714,3.593067566189636e-5,-0.0016824286030276087,2.309819598654252,-208.72957139672448
2.482429671770306e-6,224.70077703947825,3503.769507146302,0.002836537969639929,0.0009302620350057752,3.0384315813361612e-6,365.25644347008483,3624.4088159073817,0.015700761848250852,0.0029218256115623713,4.2998079101759e-7,1042.7840422318868,563.8570667489265,0.1692351085639856,-0.2667450365454132,0.0010287552586301988,4333.5267844412365,355.3064796833575,0.039660618691208266,-0.03457024319776177,3.055546519007789e-5,-0.0016858938978495405,2.3097244993058133,-209.13233992572495
2.4828475787612376e-6,224.70077703367312,3503.769507725877,0.003437921593193114,0.0010354058929169549,3.042245178193686e-6,365.25644074576314,3624.4088581730994,0.016187305247876177,0.002965388192050377,4.295113746392022e-7,1044.5671060998018,550.2874630747542,0.17039362001671535,-0.2575571680937768,0.0010165981462799333,4334.654837668202,352.49237505591134,0.039499912500317313,-0.03477928008819976,2.5008156253074554e-5,-0.0016892005463958564,2.3096211156808653,-209.5378810612816
2.483055777868702e-6,224.70077702880963,3503.7695082086143,0.0039692510927628166,0.0011151876710289769,3.0455514711772475e-6,365.25643773750903,3624.408904855878,0.01661538569414438,0.0029943209349978825,4.332529376047008e-7,1046.353218841336,536.8046393883379,0.16982981632057773,-0.24859728976353984,0.0010060530959124117,4335.46226433183,350.3643811785303,0.039368333976874524,-0.03499255169902163,1.930615075535578e-5,-0.001692232819835991,2.30950959202024,-209.93505883585698
2.483156498438352e-6,224.70077702478727,3503.769508603684,0.004432906949060204,0.001172648865780241,3.0483707784354016e-6,365.25643440370317,3624.4089564417427,0.016987152692604934,0.003010575688361458,4.412513597913909e-7,1048.1423856697804,523.3830357075028,0.16785849358765387,-0.24001519711033467,0.0009969927125773848,4335.992320610509,348.8191530929683,0.03926672857359771,-0.03521120025641509,1.343363111650116e-5,-0.0016949123679774816,2.3093883371386745,-210.3158869680905
2.483192727040399e-6,224.70077702146216,3503.7695089226745,0.004833728160244147,0.0012088902203796414,3.050742754792814e-6,365.2564306949941,3624.4090135461847,0.017306740159547116,0.0030144917977939618,4.5316165348558644e-7,1049.93461180734,509.92322062302145,0.16509914844945933,-0.23203846124641375,0.0009892591858329935,4336.277551254489,347.8046625383301,0.03919247021578338,-0.03543265804970625,7.3812867188540805e-6,-0.0016972038867742617,2.3092568797525486,-210.6751761129745
2.48332102873117e-6,224.7007770188472,3503.7695091740216,0.0051774022434869825,0.0012296832115196103,3.0527122153676787e-6,365.2564265502203,3624.4090769786703,0.017578973070739582,0.0030101027060662634,4.681857948200449e-7,1051.729902485149,496.25894815204623,0.16230014998376002,-0.225045575252836,0.0009826868247318616,4336.3623136203705,347.2044601910177,0.039143191256887755,-0.03565689322065732,1.1563096936995043e-6,-0.0016990384752501454,2.3091131809103476,-211.0100542380025
2.4835408545014526e-6,224.70077701657007,3503.7695093764924,0.005470471114274276,0.001235151286945412,3.054329091140711e-6,365.2564218915758,3624.4091478151313,0.01780945142049318,0.002996871255855733,4.865648072205259e-7,1053.5282629432868,482.392149202768,0.16018823839953097,-0.21859688406861527,0.0009771399359316552,4336.297901865386,346.95039714628206,0.0391149944867698,-0.03587802767460871,-5.3188323789076375e-6,-0.001700445677925297,2.30895568178963,-211.31945672205057
2.4839008753804406e-6,224.7007770146971,3503.7695095362733,0.005718841776586036,0.0012294170114091952,3.0556356798055215e-6,365.2564166269836,3624.4092273538963,0.018003096632250748,0.0029776464168972503,5.07922682284372e-7,1055.3296984307926,468.22966984632944,0.15924489087245497,-0.21278030715851703,0.000972474986488132,4336.109263449009,346.97975688160864,0.03910547995419993,-0.03609394439366624,-1.2047227061316657e-5,-0.00170143819783537,2.3087835074835454,-211.60365104371834
2.484416543666178e-6,224.70077701308728,3503.769509663832,0.005928846123798893,0.0012140265770330958,3.0566748001637225e-6,365.25641064065485,3624.4093172579164,0.018165231577670315,0.0029531943391865913,5.323454493443708e-7,1057.1342142056812,453.7525584057348,0.1597485954913922,-0.20747442296587634,0.0009685525052466421,4335.827653258904,347.2406951823551,0.03910966368394504,-0.03630195288755009,-1.9062129046044502e-5,-0.0017020550544784418,2.308595631270242,-211.86382853346004
2.4832514174869146e-6,224.70077697355686,3503.769510268945,0.006226154274174108,0.0014437640485324824,3.0604065066232172e-6,365.2564039982868,3624.409413823632,0.018420338654942605,0.0031505953771156976,1.2441836193935847e-6,1058.9418155349567,1153.7544693355555,0.11730203627241659,0.04317570649599344,0.0009529380302326731,4334.036224388117,346.18122094844017,0.03810676382910181,-0.037258596056569185,6.234866100851372e-5,-0.0016478325046889307,2.3114295418045354,-212.09367611416528
2.48578727788805e-6,224.70077697265268,3503.7695103318238,0.006382454692039435,0.0014382790049931073,3.0608590507198714e-6,365.25639609089535,3624.409531143086,0.018538718462917044,0.003136992895685509,1.3143779648595912e-6,1060.7525076946329,79.1150446402919,0.11751567364739687,0.04099515807572291,0.0009500325668156007,4333.749783944697,346.24528480753213,0.03812396829774501,-0.03749565690785771,6.289731602276037e-5,-0.0016444079167216557,2.311471354434131,-212.28512258389324
2.488602676783067e-6,224.70077697223408,3503.7695103762576,0.006515755741369758,0.001430783476239865,3.0611199388747584e-6,365.25638687287795,3624.409667322083,0.01863849499811909,0.0031229121561893083,1.3936159288813732e-6,1062.5662959697413,1126.2082777071737,0.11840093898345146,0.03875100510036835,0.0009476416497610026,4333.473874679759,346.33191281641,0.03815481247755386,-0.037716593798131054,6.365502116726752e-5,-0.001640723837452662,2.3115151297732015,-212.4572832336162
2.491571092430191e-6,224.70077697220268,3503.7695104092113,0.006629978202232535,0.0014216526332724556,3.0612064141973826e-6,365.2563760259719,3624.40982701307,0.018722916086608365,0.003108471815665276,1.4835308773752108e-6,1064.3831856543522,1112.7430719668055,0.1199484078777098,0.036462182982910735,0.000945696735117391,4333.226949823767,346.4148354066346,0.03819707146027954,-0.037918723772927904,6.462135018327935e-5,-0.0016368950723862044,2.3115623357086745,-212.6129014713106
2.4946291642562297e-6,224.70077697252748,3503.769510433269,0.0067275013606592545,0.0014113574373777616,3.061122175722645e-6,365.2563631330736,3624.410016307685,0.018794021555344202,0.0030939419309941986,1.586729073607765e-6,1066.2031820515874,1099.4328463015656,0.12213136195354043,0.03412970580459488,0.0009441290590595261,4333.014824205768,346.4737168415068,0.0382481619008723,-0.038102912435717395,6.585256312813217e-5,-0.0016329748674036699,2.3116159248660564,-212.75452036905185
2.4976520232769827e-6,224.70077697337769,3503.769510445975,0.006810088997893622,0.0014019262656994802,3.060863947464094e-6,365.2563476322271,3624.4102434034735,0.01885327708264864,0.003080904268900103,1.7071208532523447e-6,1068.0262904736371,1086.2343662519957,0.12491062527268458,0.031752433534232134,0.0009428839319646682,4332.824141414176,346.5268492637538,0.03830719044266033,-0.03826877132678086,6.748145190343915e-5,-0.0016290206162698473,2.3116821697712684,-212.88446052740036
2.5005764699753613e-6,224.7007769746867,3503.7695104491604,0.006877919831211175,0.001392499422347072,3.0604094391113154e-6,365.2563287587245,3624.410519447505,0.018900970060472578,0.003068739693367839,1.8500990669948432e-6,1069.852516241775,1073.1042323818917,0.128242413753097,0.02934138072787246,0.0009419289401474141,4332.660214375082,346.55238085971604,0.03837282635837871,-0.0384181812127143,6.967492856450344e-5,-0.001625030419334111,2.311768579229898,-213.00488185595972
2.503289920245194e-6,224.700776976666,3503.7695104375716,0.006932332029175674,0.0013842999117658374,3.059736420816427e-6,365.2563054387953,3624.410860065776,0.018938193434601087,0.0030584430351369447,2.0237011294382836e-6,1071.681864686373,1060.0013029670615,0.1320654560398487,0.02690001768800619,0.0009412010373590354,4332.498821801685,346.58754220669834,0.03844211231927574,-0.03855271990298475,7.270343820348398e-5,-0.0016209923534206312,2.3118872656599874,-213.1179407429291
2.5057848578359163e-6,224.70077697962137,3503.7695104024674,0.0069708184978295095,0.0013800922647345497,3.058782527671188e-6,365.2562761584211,3624.4112872652313,0.01896307043355633,0.003052449387512407,2.2396106482371648e-6,1073.5143411469182,1046.8873947034824,0.1362822956455971,0.024441829532809548,0.0009406927747397175,4332.3266955049685,346.6181311927413,0.03851668454343943,-0.03867631397565966,7.694303166510433e-5,-0.0016167882773471616,2.312053023825426,-213.22607501986195
2.484190875241353e-6,224.7007769796093,3503.769510824265,0.006755893439947727,0.0008549159738423243,3.0561430900023053e-6,365.256237350185,3624.411860360754,0.018755632158785455,0.002617709027639906,4.7080150856270127e-7,1075.349950972027,743.0696578163859,0.668997895121988,0.25421691519767387,0.0009530125202789696,4331.869464787935,353.9528634550332,0.039519445413106535,-0.03769471130115741,-4.001112345720443e-5,-0.001696254085839473,2.307457790734979,-213.319877896715
2.4941876207856114e-6,224.70077699006055,3503.7695106478336,0.006779256945743705,0.0009231871645874012,3.0549040755053524e-6,365.25618912428786,3624.412566702545,0.018774791599646724,0.0026699153211783328,6.647258617620693e-7,1077.188699519462,708.2771566497772,0.5686123320766215,0.18633193954770413,0.0009523121568643059,4331.895981437811,353.1115344922644,0.039579142592883726,-0.03784257000569875,-4.9070547219650116e-5,-0.0016928982621473693,2.3068898877123876,-213.41329149648962
2.507778275752338e-6,224.7007770055108,3503.769510363739,0.006792287551454938,0.0010203828992738407,3.053194099485961e-6,365.2561257516292,3624.413496252527,0.018787887708255856,0.0027458517525802014,9.668377649821938e-7,1079.030592156147,678.4900085214156,0.4766567449551623,0.13367344152572427,0.0009515357562971914,4331.972415346045,351.9970666243237,0.03962791551568958,-0.03799818629360502,-6.003611057704995e-5,-0.0016886672105725874,2.3061528719585,-213.54167330687005
2.5136563269256435e-6,224.70077701254365,3503.769509687063,0.006907992757321446,0.0014459927944759012,3.049754570194356e-6,365.25603374471115,3624.414813885447,0.018894817982525593,0.0031124739633799988,4.0510517238472264e-6,1080.8756342581823,993.7953306895384,0.15401239446619036,0.015231394669526126,0.0009400530878540718,4330.7161087698405,347.48613318074246,0.03882161175085576,-0.039170780560169934,0.00011960489664969086,-0.0015932523216788009,2.3137426896055193,-213.71160461839847
2.515787740703357e-6,224.7007770330581,3503.769509151446,0.006798699302620617,0.0015122057122584013,3.044795058749476e-6,365.25590528651946,3624.4166778649965,0.01880468476732593,0.003175481280528645,5.044713615064686e-6,1082.7238312108614,980.3049877421183,0.1574187030251858,0.013322019058768623,0.0009399677360342235,4329.615677134156,348.3693096511488,0.0388764780482984,-0.0393482113231127,0.00014312858591276838,-0.001582841305929713,2.314679671982972,-213.91880206584892
2.5188137264170553e-6,224.70077706555816,3503.7695082458295,0.006612014903652253,0.001618087227676015,3.0374757302108112e-6,365.2557172485574,3624.4194016613487,0.018653312562636637,0.003277094192397753,6.54014050831005e-6,1084.5751884086849,966.7272819489135,0.15962927271668068,0.011709989917186298,0.0009395929697030799,4327.63062749282,350.4219154752136,0.03888245105212601,-0.03958664684609253,0.00017648299337032127,-0.001568308247292118,2.3160103681200144,-214.25473662048435
2.5242152989336354e-6,224.70077711959482,3503.7695066416345,0.006290871198940495,0.001784327795240129,3.0264572174007278e-6,365.2554387909546,3624.4234266007893,0.018394552097890243,0.0034383475228371187,8.84015005588889e-6,1086.4297112553804,953.0693638171957,0.16002480824092624,0.010508313401108884,0.000938423254492786,4323.7240745981035,355.4568138111088,0.038761180640445286,-0.03992217636761428,0.00022261344991619203,-0.00154779794311816,2.317842028564609,-214.88486330366266
2.5346959001679764e-6,224.70077721309067,3503.769503670553,0.005683468566923806,0.0020098372881531047,3.0104239403357804e-6,365.2550579914997,3624.4289182542107,0.01790486325507537,0.0036674976300766033,1.2179978132245267e-5,1088.2874051639126,939.3387622873021,0.15769229240340643,0.009872984699439986,0.0009359344770267566,4315.176050949166,369.08732555567553,0.038347642681295854,-0.04032901580096943,0.000278250182724414,-0.0015222549848955401,2.31997670662211,-216.2004006590707
2.5517358012615716e-6,224.70077736732654,3503.7694984370137,0.004260691963757318,0.0021731361410663366,2.992537954130492e-6,365.2547741863804,3624.433020150946,0.016754069784385924,0.0038859772913981665,1.5173208994812311e-5,1090.1482755565025,925.5332624227896,0.1508019038507347,0.01005052438304317,0.0009371627063936527,4296.263386211982,404.99835660353256,0.03779023794266742,-0.04030818184861791,0.000307041957495939,-0.0015106006879095813,2.3206458492903694,-218.82283203678935
2.564892820669475e-6,224.70077751531966,3503.769493176902,0.0017587489548443504,0.002032957274840494,2.9924212725059743e-6,365.2552427665555,3624.426599817983,0.014730849072330044,0.003883163576263104,1.1928969497669826e-5,1092.012327864643,911.7021102505051,0.13695914533908135,0.012385727346405953,0.0009572050387890032,4269.986363128901,461.6562524014252,0.03839730179627867,-0.03878195308113765,0.0002237278757289547,-0.0015544844726239164,2.3162154776524466,-222.0381319238123
2.571420001378294e-6,224.70077749263243,3503.7694934242186,0.0009939521155197695,0.0018167414808457497,3.019318686344804e-6,365.2562072118485,3624.416577466529,0.014131716423238912,0.0037212820127006745,3.375506873117892e-6,1093.8795675291144,900.5278110477935,0.0946700786602909,0.03418475480848714,0.0009680086138699889,4261.390543895027,485.79395167007146,0.038624779039480625,-0.037359492286697646,8.665332491087888e-5,-0.001609102697659167,2.3102326207708903,-223.30885648955953
2.5730875624929583e-6,224.70077741703224,3503.7694946908905,0.001327712575307724,0.0012062639253600403,3.0437365264131423e-6,365.25698418677985,3624.273005530819,0.014366094635148981,0.0031622376380139898,2.911496814546952e-6,1095.7499999999998,694.4403049671342,0.2241705813467581,-0.09626749750854129,0.0009658298567368906,4260.588812815683,494.04712728402,0.03792087546718935,-0.03724499969959174,6.42179672503587e-5,-0.0016191398333559397,2.3091574552761376,-223.1126273800438
